# author: headus 3D tools
#  using: ply2obj v1.8
#   from: uvlayout v2.09.04
mtllib SpaceShip4.mtl
# 1269 vertices
v -31.864000 -0.822000 -39.069000
v -31.864000 -0.629489 -39.069000
v -31.864000 1.263411 -49.356464
v -31.864000 1.263411 -53.013697
v -31.864000 0.974728 -57.684394
v -31.864000 0.974728 -63.042368
v -31.864000 0.723775 -63.042368
v -31.864000 0.199915 -61.532178
v -31.864000 -1.767615 -53.013693
v -31.864000 -1.767615 -49.356460
v -31.614985 0.789833 -61.532180
v -30.369791 1.263411 -53.013697
v -30.369791 1.263411 -49.356464
v -31.739077 -0.629489 -39.069000
v -31.739077 -0.822000 -39.069000
v -30.369791 -1.767615 -49.356460
v -30.369791 -1.767615 -53.013693
v -31.614985 0.199915 -61.532178
v -31.703837 0.723775 -63.042368
v -31.549797 0.974728 -63.042368
v -31.467730 -0.461999 -39.587745
v -31.864000 -0.461999 -39.587740
v -31.864000 0.852763 -63.042368
v -31.683872 0.852763 -63.042368
v -31.557849 0.852762 -63.042368
v -31.298783 0.360987 -61.532178
v -29.764469 -1.229624 -53.013693
v -29.764469 -1.229621 -49.356460
v -31.337174 -0.910663 -39.587745
v -31.662937 -0.785164 -39.069000
v -31.739077 -0.785166 -39.069000
v -31.864000 -0.785166 -39.069000
v -31.864000 -0.670992 -39.069000
v -31.739077 -0.670992 -39.069000
v -31.662937 -0.665522 -39.069000
v -31.337174 -0.618042 -39.587740
v -29.764469 0.782731 -49.356464
v -29.764469 0.782731 -53.013697
v -31.298784 0.671814 -61.532180
v -31.557849 0.927799 -63.042368
v -31.683872 0.927799 -63.042368
v -31.864000 0.927799 -63.042368
v -31.864000 -1.025685 -39.652438
v -31.864000 -0.999821 -39.525401
v -31.409371 -0.965708 -39.587740
v -31.498500 -0.999821 -39.525401
v -31.474191 -1.025685 -39.652435
v -31.864000 1.193166 -48.408745
v -30.476309 1.193166 -48.408739
v -29.917046 0.646833 -48.408739
v -29.917046 -1.198675 -48.408736
v -31.864000 1.196858 -48.212854
v -30.513895 1.196858 -48.212854
v -29.970883 0.598882 -48.074337
v -29.970883 -1.187757 -48.074337
v -31.864000 0.537661 -45.247491
v -30.831614 0.537661 -45.247497
v -30.425989 0.193531 -45.247491
v -30.425987 -1.095460 -45.247491
v -31.864000 0.502100 -45.046154
v -30.854241 0.502100 -45.046157
v -30.458404 0.164660 -45.046154
v -30.458404 -1.088885 -45.046154
v -30.589810 1.209812 -48.012764
v -31.237809 0.565736 -45.406444
v -30.589810 1.259359 -47.689616
v -31.237809 0.642731 -45.499538
v -31.226648 0.591223 -45.509586
v -30.621737 1.136886 -47.717662
v -31.808262 1.225478 -47.569284
v -30.706709 1.225478 -47.569284
v -31.808262 0.676612 -45.619869
v -31.289168 0.676612 -45.619869
v -31.808262 1.176988 -47.579163
v -30.706709 1.176988 -47.579163
v -31.808262 0.628122 -45.629749
v -31.289168 0.628122 -45.629749
v -31.864000 3.635282 -64.026946
v -31.864000 3.635282 -64.276714
v -31.810295 3.635282 -64.026946
v -31.816769 3.635282 -64.276714
v -31.864000 1.196858 -48.212854
v -31.864000 0.537661 -45.247491
v -31.864000 1.209812 -48.012764
v -31.864000 0.565736 -45.406444
v -31.864000 1.259359 -47.689616
v -31.864000 0.642731 -45.499538
v -31.864000 1.254575 -47.672634
v -31.864000 0.647514 -45.516525
v -32.113017 0.789833 -61.532180
v -33.358213 1.263411 -53.013697
v -33.358213 1.263411 -49.356464
v -31.988924 -0.629489 -39.069000
v -31.988924 -0.822000 -39.069000
v -33.358213 -1.767615 -49.356460
v -33.358213 -1.767615 -53.013693
v -32.113017 0.199915 -61.532178
v -32.024167 0.723775 -63.042368
v -32.178205 0.974728 -63.042368
v -32.260274 -0.461999 -39.587745
v -32.044129 0.852763 -63.042368
v -32.170156 0.852762 -63.042368
v -32.429219 0.360987 -61.532178
v -33.963533 -1.229624 -53.013693
v -33.963533 -1.229621 -49.356460
v -32.390828 -0.910663 -39.587745
v -32.065063 -0.785164 -39.069000
v -31.988924 -0.785166 -39.069000
v -31.988924 -0.670992 -39.069000
v -32.065063 -0.665522 -39.069000
v -32.390828 -0.618042 -39.587740
v -33.963533 0.782731 -49.356464
v -33.963533 0.782731 -53.013697
v -32.429219 0.671814 -61.532180
v -32.170156 0.927799 -63.042368
v -32.044129 0.927799 -63.042368
v -32.318629 -0.965708 -39.587740
v -32.229500 -0.999821 -39.525401
v -32.253811 -1.025685 -39.652435
v -33.251695 1.193166 -48.408739
v -33.810955 0.646833 -48.408739
v -33.810955 -1.198675 -48.408736
v -33.214109 1.196858 -48.212854
v -33.757117 0.598882 -48.074337
v -33.757117 -1.187757 -48.074337
v -32.896389 0.537661 -45.247497
v -33.302013 0.193531 -45.247491
v -33.302013 -1.095460 -45.247491
v -32.873761 0.502100 -45.046157
v -33.269601 0.164660 -45.046154
v -33.269601 -1.088885 -45.046154
v -33.138192 1.209812 -48.012764
v -32.490194 0.565736 -45.406444
v -33.138192 1.259359 -47.689616
v -32.490194 0.642731 -45.499538
v -32.501355 0.591223 -45.509586
v -33.106267 1.136886 -47.717662
v -31.919742 1.225478 -47.569284
v -33.021294 1.225478 -47.569284
v -31.919742 0.676612 -45.619869
v -32.438836 0.676612 -45.619869
v -31.919742 1.176988 -47.579163
v -33.021294 1.176988 -47.579163
v -31.919742 0.628122 -45.629749
v -32.438836 0.628122 -45.629749
v -31.917709 3.635282 -64.026946
v -31.911232 3.635282 -64.276714
v -31.864000 -1.767615 -52.747022
v -33.358213 -1.767615 -52.747022
v -33.963533 -1.229624 -52.747022
v -33.963533 0.782731 -52.747027
v -33.358209 1.263411 -52.747027
v -30.369795 1.263411 -52.747027
v -29.764469 0.782731 -52.747027
v -29.764469 -1.229624 -52.747022
v -30.369791 -1.767615 -52.747022
v -30.369791 -1.767615 -49.590790
v -29.764469 -1.229621 -49.590790
v -29.764469 0.782731 -49.590793
v -30.369791 1.263411 -49.590793
v -33.358209 1.263411 -49.590793
v -33.963533 0.782731 -49.590793
v -33.963533 -1.229621 -49.590790
v -33.358213 -1.767615 -49.590790
v -31.864000 -1.767615 -49.590790
v -33.097080 1.508400 -52.471235
v -30.630921 1.508400 -52.471235
v -33.097080 1.508400 -49.866589
v -30.630921 1.508400 -49.866589
v -32.933324 1.508400 -52.298280
v -30.794680 1.508400 -52.298280
v -32.933324 1.508400 -50.039543
v -30.794680 1.508400 -50.039543
v -32.933324 1.625990 -52.298280
v -30.794680 1.625990 -52.298280
v -32.933324 1.625990 -50.039543
v -30.794680 1.625990 -50.039543
v -26.234517 0.174934 -55.932524
v -26.296040 0.267009 -55.932524
v -26.388115 0.328532 -55.932524
v -26.496727 0.350137 -55.932524
v -26.605339 0.328532 -55.932524
v -26.697413 0.267009 -55.932524
v -26.758936 0.174934 -55.932524
v -26.780541 0.066323 -55.932524
v -26.758936 -0.042288 -55.932524
v -26.697413 -0.134364 -55.932524
v -26.605339 -0.195887 -55.932524
v -26.496727 -0.217491 -55.932524
v -26.388115 -0.195887 -55.932524
v -26.296040 -0.134364 -55.932524
v -26.234518 -0.042288 -55.932524
v -26.212912 0.066323 -55.932524
v -26.191164 0.192891 -47.756504
v -26.262861 0.300190 -47.756504
v -26.370159 0.371885 -47.756504
v -26.496727 0.397062 -47.756504
v -26.623295 0.371885 -47.756504
v -26.730594 0.300190 -47.756504
v -26.802289 0.192891 -47.756504
v -26.827463 0.066324 -47.756504
v -26.802289 -0.060244 -47.756504
v -26.730594 -0.167543 -47.756504
v -26.623295 -0.239238 -47.756504
v -26.496727 -0.264416 -47.756504
v -26.370159 -0.239238 -47.756504
v -26.262861 -0.167543 -47.756504
v -26.191164 -0.060245 -47.756504
v -26.165991 0.066323 -47.756504
v -25.849430 0.334440 -48.574104
v -25.796099 0.066323 -48.574104
v -25.849432 -0.201796 -48.574104
v -26.001308 -0.429095 -48.574104
v -26.228607 -0.580972 -48.574104
v -26.496727 -0.634304 -48.574104
v -26.764845 -0.580972 -48.574104
v -26.992144 -0.429095 -48.574104
v -27.144024 -0.201796 -48.574104
v -27.197353 0.066324 -48.574104
v -27.144024 0.334442 -48.574104
v -26.992144 0.561742 -48.574104
v -26.764845 0.713617 -48.574104
v -26.496727 0.766950 -48.574104
v -26.228607 0.713617 -48.574104
v -26.001308 0.561741 -48.574104
v -26.255974 0.166045 -47.756504
v -26.312463 0.250586 -47.756504
v -26.397005 0.307075 -47.756504
v -26.496727 0.326912 -47.756504
v -26.596449 0.307075 -47.756504
v -26.680990 0.250586 -47.756504
v -26.737478 0.166045 -47.756504
v -26.757312 0.066324 -47.756504
v -26.737478 -0.033399 -47.756504
v -26.680990 -0.117942 -47.756504
v -26.596449 -0.174429 -47.756504
v -26.496727 -0.194265 -47.756504
v -26.397005 -0.174429 -47.756504
v -26.312463 -0.117942 -47.756504
v -26.255974 -0.033399 -47.756504
v -26.236141 0.066323 -47.756504
v -26.255974 0.166045 -48.302905
v -26.312463 0.250586 -48.302905
v -26.496727 0.066323 -48.302905
v -26.397005 0.307075 -48.302905
v -26.496727 0.326912 -48.302905
v -26.596449 0.307075 -48.302905
v -26.680990 0.250586 -48.302905
v -26.737478 0.166045 -48.302905
v -26.757312 0.066324 -48.302905
v -26.737478 -0.033399 -48.302905
v -26.680990 -0.117942 -48.302905
v -26.596449 -0.174429 -48.302905
v -26.496727 -0.194265 -48.302905
v -26.397005 -0.174429 -48.302905
v -26.312463 -0.117942 -48.302905
v -26.255974 -0.033399 -48.302905
v -26.236141 0.066323 -48.302905
v -25.689821 0.400554 -50.719166
v -25.623336 0.066323 -50.719166
v -25.689821 -0.267908 -50.719166
v -25.879150 -0.551255 -50.719166
v -26.162494 -0.740583 -50.719166
v -26.496727 -0.807067 -50.719166
v -26.830957 -0.740583 -50.719166
v -27.114306 -0.551255 -50.719166
v -27.303635 -0.267908 -50.719166
v -27.370115 0.066324 -50.719166
v -27.303635 0.400554 -50.719166
v -27.114306 0.683903 -50.719166
v -26.830957 0.873229 -50.719166
v -26.496727 0.939711 -50.719166
v -26.162493 0.873229 -50.719166
v -25.879147 0.683902 -50.719166
v -25.849430 0.334440 -53.872162
v -25.796099 0.066323 -53.872162
v -25.849432 -0.201796 -53.872162
v -26.001308 -0.429095 -53.872162
v -26.228607 -0.580972 -53.872162
v -26.496727 -0.634304 -53.872162
v -26.764845 -0.580972 -53.872162
v -26.992144 -0.429095 -53.872162
v -27.144024 -0.201796 -53.872162
v -27.197353 0.066324 -53.872162
v -27.144024 0.334442 -53.872162
v -26.992144 0.561742 -53.872162
v -26.764845 0.713617 -53.872162
v -26.496727 0.766950 -53.872162
v -26.228607 0.713617 -53.872162
v -26.001308 0.561741 -53.872162
v -25.849430 0.334440 -55.137188
v -25.796099 0.066323 -55.137188
v -25.849432 -0.201796 -55.137188
v -26.001308 -0.429095 -55.137188
v -26.228607 -0.580972 -55.137188
v -26.496727 -0.634304 -55.137188
v -26.764845 -0.580972 -55.137188
v -26.992144 -0.429095 -55.137188
v -27.144024 -0.201796 -55.137188
v -27.197353 0.066324 -55.137188
v -27.144024 0.334442 -55.137188
v -26.992144 0.561742 -55.137188
v -26.764845 0.713617 -55.137188
v -26.496727 0.766950 -55.137188
v -26.228607 0.713617 -55.137188
v -26.001308 0.561741 -55.137188
v -25.849430 0.334440 -50.560873
v -25.796099 0.066323 -50.560873
v -25.849432 -0.201796 -50.560873
v -26.001308 -0.429095 -50.560873
v -26.228607 -0.580972 -50.560873
v -26.496727 -0.634304 -50.560873
v -26.764845 -0.580972 -50.560873
v -26.992144 -0.429095 -50.560873
v -27.144024 -0.201796 -50.560873
v -27.197353 0.066324 -50.560873
v -27.144024 0.334442 -50.560873
v -26.992144 0.561742 -50.560873
v -26.764845 0.713617 -50.560873
v -26.496727 0.766950 -50.560873
v -26.228607 0.713617 -50.560873
v -26.001308 0.561741 -50.560873
v -25.689821 0.400554 -53.728035
v -25.623336 0.066323 -53.728035
v -25.689821 -0.267908 -53.728035
v -25.879150 -0.551255 -53.728035
v -26.162494 -0.740583 -53.728035
v -26.496727 -0.807067 -53.728035
v -26.830957 -0.740583 -53.728035
v -27.114306 -0.551255 -53.728035
v -27.303635 -0.267908 -53.728035
v -27.370115 0.066324 -53.728035
v -27.303635 0.400554 -53.728035
v -27.114306 0.683903 -53.728035
v -26.830957 0.873229 -53.728035
v -26.496727 0.939711 -53.728035
v -26.162493 0.873229 -53.728035
v -25.879147 0.683902 -53.728035
v -25.689821 0.400554 -50.812179
v -25.623336 0.066323 -50.812179
v -25.689821 -0.267908 -50.812179
v -25.879150 -0.551255 -50.812179
v -26.162494 -0.740583 -50.812179
v -26.496727 -0.807067 -50.812179
v -26.830957 -0.740583 -50.812179
v -27.114306 -0.551255 -50.812179
v -27.303635 -0.267908 -50.812179
v -27.370115 0.066324 -50.812179
v -27.303635 0.400554 -50.812179
v -27.114306 0.683903 -50.812179
v -26.830957 0.873229 -50.812179
v -26.496727 0.939711 -50.812179
v -26.162493 0.873229 -50.812179
v -25.879147 0.683902 -50.812179
v -25.689821 0.400554 -53.627338
v -25.623336 0.066323 -53.627338
v -25.689821 -0.267908 -53.627338
v -25.879150 -0.551255 -53.627338
v -26.162494 -0.740583 -53.627338
v -26.496727 -0.807067 -53.627338
v -26.830957 -0.740583 -53.627338
v -27.114306 -0.551255 -53.627338
v -27.303635 -0.267908 -53.627338
v -27.370115 0.066324 -53.627338
v -27.303635 0.400554 -53.627338
v -27.114306 0.683903 -53.627338
v -26.830957 0.873229 -53.627338
v -26.496727 0.939711 -53.627338
v -26.162493 0.873229 -53.627338
v -25.879147 0.683902 -53.627338
v -25.757750 0.372417 -53.627338
v -25.696865 0.066323 -53.627338
v -25.757750 0.372417 -50.812179
v -25.696865 0.066323 -50.812179
v -25.757750 -0.239770 -53.627338
v -25.757750 -0.239770 -50.812179
v -25.931139 -0.499264 -53.627338
v -25.931139 -0.499264 -50.812179
v -26.190632 -0.672654 -53.627338
v -26.190632 -0.672654 -50.812179
v -26.496727 -0.733539 -53.627338
v -26.496727 -0.733539 -50.812179
v -26.802822 -0.672654 -53.627338
v -26.802822 -0.672654 -50.812179
v -27.062315 -0.499264 -53.627338
v -27.062315 -0.499264 -50.812179
v -27.235703 -0.239770 -53.627338
v -27.235703 -0.239770 -50.812179
v -27.296591 0.066324 -53.627338
v -27.296591 0.066324 -50.812179
v -27.235703 0.372418 -53.627338
v -27.235703 0.372418 -50.812179
v -27.062315 0.631912 -53.627338
v -27.062315 0.631912 -50.812179
v -26.802822 0.805299 -53.627338
v -26.802822 0.805299 -50.812179
v -26.496727 0.866184 -53.627338
v -26.496727 0.866184 -50.812179
v -26.190632 0.805299 -53.627338
v -26.190632 0.805299 -50.812179
v -25.931139 0.631911 -53.627338
v -25.931139 0.631911 -50.812179
v -25.849430 0.334440 -55.289741
v -25.796099 0.066323 -55.289741
v -25.849432 -0.201796 -55.289741
v -26.001308 -0.429095 -55.289741
v -26.228607 -0.580972 -55.289741
v -26.496727 -0.634304 -55.289741
v -26.764845 -0.580972 -55.289741
v -26.992144 -0.429095 -55.289741
v -27.144024 -0.201796 -55.289741
v -27.197353 0.066324 -55.289741
v -27.144024 0.334442 -55.289741
v -26.992144 0.561742 -55.289741
v -26.764845 0.713617 -55.289741
v -26.496727 0.766950 -55.289741
v -26.228607 0.713617 -55.289741
v -26.001308 0.561741 -55.289741
v -25.917360 0.306304 -55.137188
v -25.869625 0.066323 -55.137188
v -25.917360 0.306304 -53.872162
v -25.869625 0.066323 -53.872162
v -25.917360 -0.173657 -55.137188
v -25.917360 -0.173657 -53.872162
v -26.053302 -0.377104 -55.137188
v -26.053302 -0.377104 -53.872162
v -26.256744 -0.513042 -55.137188
v -26.256744 -0.513042 -53.872162
v -26.496727 -0.560779 -55.137188
v -26.496727 -0.560779 -53.872162
v -26.736707 -0.513042 -55.137188
v -26.736707 -0.513042 -53.872162
v -26.940153 -0.377104 -55.137188
v -26.940153 -0.377104 -53.872162
v -27.076093 -0.173657 -55.137188
v -27.076093 -0.173657 -53.872162
v -27.123827 0.066324 -55.137188
v -27.123827 0.066324 -53.872162
v -27.076093 0.306304 -55.137188
v -27.076093 0.306304 -53.872162
v -26.940153 0.509751 -55.137188
v -26.940153 0.509751 -53.872162
v -26.736706 0.645689 -55.137188
v -26.736706 0.645689 -53.872162
v -26.496727 0.693424 -55.137188
v -26.496727 0.693424 -53.872162
v -26.256744 0.645688 -55.137188
v -26.256744 0.645689 -53.872162
v -26.053301 0.509750 -55.137188
v -26.053301 0.509750 -53.872162
v -25.849430 0.334440 -48.715420
v -25.796099 0.066323 -48.715420
v -25.849432 -0.201796 -48.715420
v -26.001308 -0.429095 -48.715420
v -26.228607 -0.580972 -48.715420
v -26.496727 -0.634304 -48.715420
v -26.764845 -0.580972 -48.715420
v -26.992144 -0.429095 -48.715420
v -27.144024 -0.201796 -48.715420
v -27.197353 0.066324 -48.715420
v -27.144024 0.334442 -48.715420
v -26.992144 0.561742 -48.715420
v -26.764845 0.713617 -48.715420
v -26.496727 0.766950 -48.715420
v -26.228607 0.713617 -48.715420
v -26.001308 0.561741 -48.715420
v -25.914776 0.307375 -50.560873
v -25.866829 0.066323 -50.560873
v -25.914776 0.307375 -48.715420
v -25.866829 0.066323 -48.715420
v -25.914776 -0.174728 -50.560873
v -25.914776 -0.174728 -48.715420
v -26.051322 -0.379083 -50.560873
v -26.051322 -0.379083 -48.715420
v -26.255676 -0.515627 -50.560873
v -26.255676 -0.515627 -48.715420
v -26.496727 -0.563576 -50.560873
v -26.496727 -0.563576 -48.715420
v -26.737778 -0.515627 -50.560873
v -26.737778 -0.515627 -48.715420
v -26.942133 -0.379083 -50.560873
v -26.942133 -0.379083 -48.715420
v -27.078678 -0.174728 -50.560873
v -27.078678 -0.174728 -48.715420
v -27.126627 0.066324 -50.560873
v -27.126627 0.066324 -48.715420
v -27.078678 0.307376 -50.560873
v -27.078678 0.307376 -48.715420
v -26.942133 0.511729 -50.560873
v -26.942133 0.511729 -48.715420
v -26.737778 0.648273 -50.560873
v -26.737778 0.648273 -48.715420
v -26.496727 0.696221 -50.560873
v -26.496727 0.696221 -48.715420
v -26.255676 0.648273 -50.560873
v -26.255676 0.648273 -48.715420
v -26.051322 0.511729 -50.560873
v -26.051322 0.511729 -48.715420
v -26.302448 0.146795 -55.932524
v -26.348031 0.215018 -55.932524
v -26.416256 0.260603 -55.932524
v -26.496727 0.276611 -55.932524
v -26.577200 0.260603 -55.932524
v -26.645422 0.215018 -55.932524
v -26.691007 0.146795 -55.932524
v -26.707014 0.066323 -55.932524
v -26.691007 -0.014150 -55.932524
v -26.645422 -0.082372 -55.932524
v -26.577200 -0.127957 -55.932524
v -26.496727 -0.143965 -55.932524
v -26.416256 -0.127957 -55.932524
v -26.348031 -0.082372 -55.932524
v -26.302448 -0.014150 -55.932524
v -26.286438 0.066323 -55.932524
v -26.302448 0.146795 -55.139270
v -26.348031 0.215018 -55.139270
v -26.496727 0.066323 -55.139270
v -26.416256 0.260603 -55.139270
v -26.496727 0.276611 -55.139270
v -26.577200 0.260603 -55.139270
v -26.645420 0.215018 -55.139270
v -26.691006 0.146795 -55.139270
v -26.707014 0.066323 -55.139270
v -26.691004 -0.014150 -55.139270
v -26.645419 -0.082372 -55.139270
v -26.577200 -0.127957 -55.139270
v -26.496727 -0.143965 -55.139270
v -26.416256 -0.127957 -55.139270
v -26.348031 -0.082372 -55.139270
v -26.302448 -0.014150 -55.139270
v -26.286440 0.066323 -55.139270
v -37.493486 0.174934 -55.932524
v -37.431962 0.267009 -55.932524
v -37.339885 0.328532 -55.932524
v -37.231275 0.350137 -55.932524
v -37.122667 0.328532 -55.932524
v -37.030592 0.267009 -55.932524
v -36.969068 0.174934 -55.932524
v -36.947462 0.066323 -55.932524
v -36.969068 -0.042288 -55.932524
v -37.030592 -0.134364 -55.932524
v -37.122667 -0.195887 -55.932524
v -37.231275 -0.217491 -55.932524
v -37.339885 -0.195887 -55.932524
v -37.431962 -0.134364 -55.932524
v -37.493486 -0.042288 -55.932524
v -37.515092 0.066323 -55.932524
v -37.536836 0.192891 -47.756504
v -37.465142 0.300190 -47.756504
v -37.357843 0.371885 -47.756504
v -37.231275 0.397062 -47.756504
v -37.104711 0.371885 -47.756504
v -36.997411 0.300190 -47.756504
v -36.925714 0.192891 -47.756504
v -36.900541 0.066324 -47.756504
v -36.925714 -0.060244 -47.756504
v -36.997411 -0.167543 -47.756504
v -37.104711 -0.239238 -47.756504
v -37.231275 -0.264416 -47.756504
v -37.357843 -0.239238 -47.756504
v -37.465142 -0.167543 -47.756504
v -37.536836 -0.060245 -47.756504
v -37.562011 0.066323 -47.756504
v -37.878572 0.334440 -48.574104
v -37.931905 0.066323 -48.574104
v -37.878572 -0.201796 -48.574104
v -37.726694 -0.429095 -48.574104
v -37.499393 -0.580972 -48.574104
v -37.231275 -0.634304 -48.574104
v -36.963157 -0.580972 -48.574104
v -36.735860 -0.429095 -48.574104
v -36.583982 -0.201796 -48.574104
v -36.530649 0.066324 -48.574104
v -36.583982 0.334442 -48.574104
v -36.735860 0.561742 -48.574104
v -36.963157 0.713617 -48.574104
v -37.231275 0.766950 -48.574104
v -37.499393 0.713617 -48.574104
v -37.726694 0.561741 -48.574104
v -37.472028 0.166045 -47.756504
v -37.415540 0.250586 -47.756504
v -37.330999 0.307075 -47.756504
v -37.231275 0.326912 -47.756504
v -37.131551 0.307075 -47.756504
v -37.047012 0.250586 -47.756504
v -36.990526 0.166045 -47.756504
v -36.970689 0.066324 -47.756504
v -36.990526 -0.033399 -47.756504
v -37.047012 -0.117942 -47.756504
v -37.131551 -0.174429 -47.756504
v -37.231275 -0.194265 -47.756504
v -37.330999 -0.174429 -47.756504
v -37.415540 -0.117942 -47.756504
v -37.472028 -0.033399 -47.756504
v -37.491864 0.066323 -47.756504
v -37.472028 0.166045 -48.302905
v -37.415540 0.250586 -48.302905
v -37.231275 0.066323 -48.302905
v -37.330999 0.307075 -48.302905
v -37.231275 0.326912 -48.302905
v -37.131551 0.307075 -48.302905
v -37.047012 0.250586 -48.302905
v -36.990526 0.166045 -48.302905
v -36.970689 0.066324 -48.302905
v -36.990526 -0.033399 -48.302905
v -37.047012 -0.117942 -48.302905
v -37.131551 -0.174429 -48.302905
v -37.231275 -0.194265 -48.302905
v -37.330999 -0.174429 -48.302905
v -37.415540 -0.117942 -48.302905
v -37.472028 -0.033399 -48.302905
v -37.491864 0.066323 -48.302905
v -38.038182 0.400554 -50.719166
v -38.104665 0.066323 -50.719166
v -38.038182 -0.267908 -50.719166
v -37.848855 -0.551255 -50.719166
v -37.565507 -0.740583 -50.719166
v -37.231275 -0.807067 -50.719166
v -36.897046 -0.740583 -50.719166
v -36.613699 -0.551255 -50.719166
v -36.424371 -0.267908 -50.719166
v -36.357888 0.066324 -50.719166
v -36.424371 0.400554 -50.719166
v -36.613699 0.683903 -50.719166
v -36.897046 0.873229 -50.719166
v -37.231275 0.939711 -50.719166
v -37.565510 0.873229 -50.719166
v -37.848855 0.683902 -50.719166
v -37.878572 0.334440 -53.872162
v -37.931905 0.066323 -53.872162
v -37.878572 -0.201796 -53.872162
v -37.726694 -0.429095 -53.872162
v -37.499393 -0.580972 -53.872162
v -37.231275 -0.634304 -53.872162
v -36.963157 -0.580972 -53.872162
v -36.735860 -0.429095 -53.872162
v -36.583982 -0.201796 -53.872162
v -36.530649 0.066324 -53.872162
v -36.583982 0.334442 -53.872162
v -36.735860 0.561742 -53.872162
v -36.963157 0.713617 -53.872162
v -37.231275 0.766950 -53.872162
v -37.499393 0.713617 -53.872162
v -37.726694 0.561741 -53.872162
v -37.878572 0.334440 -55.137188
v -37.931905 0.066323 -55.137188
v -37.878572 -0.201796 -55.137188
v -37.726694 -0.429095 -55.137188
v -37.499393 -0.580972 -55.137188
v -37.231275 -0.634304 -55.137188
v -36.963157 -0.580972 -55.137188
v -36.735860 -0.429095 -55.137188
v -36.583982 -0.201796 -55.137188
v -36.530649 0.066324 -55.137188
v -36.583982 0.334442 -55.137188
v -36.735860 0.561742 -55.137188
v -36.963157 0.713617 -55.137188
v -37.231275 0.766950 -55.137188
v -37.499393 0.713617 -55.137188
v -37.726694 0.561741 -55.137188
v -37.878572 0.334440 -50.560873
v -37.931905 0.066323 -50.560873
v -37.878572 -0.201796 -50.560873
v -37.726694 -0.429095 -50.560873
v -37.499393 -0.580972 -50.560873
v -37.231275 -0.634304 -50.560873
v -36.963157 -0.580972 -50.560873
v -36.735860 -0.429095 -50.560873
v -36.583982 -0.201796 -50.560873
v -36.530649 0.066324 -50.560873
v -36.583982 0.334442 -50.560873
v -36.735860 0.561742 -50.560873
v -36.963157 0.713617 -50.560873
v -37.231275 0.766950 -50.560873
v -37.499393 0.713617 -50.560873
v -37.726694 0.561741 -50.560873
v -38.038182 0.400554 -53.728035
v -38.104665 0.066323 -53.728035
v -38.038182 -0.267908 -53.728035
v -37.848855 -0.551255 -53.728035
v -37.565507 -0.740583 -53.728035
v -37.231275 -0.807067 -53.728035
v -36.897046 -0.740583 -53.728035
v -36.613699 -0.551255 -53.728035
v -36.424371 -0.267908 -53.728035
v -36.357888 0.066324 -53.728035
v -36.424371 0.400554 -53.728035
v -36.613699 0.683903 -53.728035
v -36.897046 0.873229 -53.728035
v -37.231275 0.939711 -53.728035
v -37.565510 0.873229 -53.728035
v -37.848855 0.683902 -53.728035
v -38.038182 0.400554 -50.812179
v -38.104665 0.066323 -50.812179
v -38.038182 -0.267908 -50.812179
v -37.848855 -0.551255 -50.812179
v -37.565507 -0.740583 -50.812179
v -37.231275 -0.807067 -50.812179
v -36.897046 -0.740583 -50.812179
v -36.613699 -0.551255 -50.812179
v -36.424371 -0.267908 -50.812179
v -36.357888 0.066324 -50.812179
v -36.424371 0.400554 -50.812179
v -36.613699 0.683903 -50.812179
v -36.897046 0.873229 -50.812179
v -37.231275 0.939711 -50.812179
v -37.565510 0.873229 -50.812179
v -37.848855 0.683902 -50.812179
v -38.038182 0.400554 -53.627338
v -38.104665 0.066323 -53.627338
v -38.038182 -0.267908 -53.627338
v -37.848855 -0.551255 -53.627338
v -37.565507 -0.740583 -53.627338
v -37.231275 -0.807067 -53.627338
v -36.897046 -0.740583 -53.627338
v -36.613699 -0.551255 -53.627338
v -36.424371 -0.267908 -53.627338
v -36.357888 0.066324 -53.627338
v -36.424371 0.400554 -53.627338
v -36.613699 0.683903 -53.627338
v -36.897046 0.873229 -53.627338
v -37.231275 0.939711 -53.627338
v -37.565510 0.873229 -53.627338
v -37.848855 0.683902 -53.627338
v -37.970254 0.372417 -53.627338
v -38.031139 0.066323 -53.627338
v -37.970254 0.372417 -50.812179
v -38.031139 0.066323 -50.812179
v -37.970254 -0.239770 -53.627338
v -37.970254 -0.239770 -50.812179
v -37.796864 -0.499264 -53.627338
v -37.796864 -0.499264 -50.812179
v -37.537369 -0.672654 -53.627338
v -37.537369 -0.672654 -50.812179
v -37.231275 -0.733539 -53.627338
v -37.231275 -0.733539 -50.812179
v -36.925184 -0.672654 -53.627338
v -36.925184 -0.672654 -50.812179
v -36.665688 -0.499264 -53.627338
v -36.665688 -0.499264 -50.812179
v -36.492299 -0.239770 -53.627338
v -36.492299 -0.239770 -50.812179
v -36.431411 0.066324 -53.627338
v -36.431411 0.066324 -50.812179
v -36.492299 0.372418 -53.627338
v -36.492299 0.372418 -50.812179
v -36.665688 0.631912 -53.627338
v -36.665688 0.631912 -50.812179
v -36.925184 0.805299 -53.627338
v -36.925184 0.805299 -50.812179
v -37.231275 0.866184 -53.627338
v -37.231275 0.866184 -50.812179
v -37.537369 0.805299 -53.627338
v -37.537369 0.805299 -50.812179
v -37.796864 0.631911 -53.627338
v -37.796864 0.631911 -50.812179
v -37.878572 0.334440 -55.289741
v -37.931905 0.066323 -55.289741
v -37.878572 -0.201796 -55.289741
v -37.726694 -0.429095 -55.289741
v -37.499393 -0.580972 -55.289741
v -37.231275 -0.634304 -55.289741
v -36.963157 -0.580972 -55.289741
v -36.735860 -0.429095 -55.289741
v -36.583982 -0.201796 -55.289741
v -36.530649 0.066324 -55.289741
v -36.583982 0.334442 -55.289741
v -36.735860 0.561742 -55.289741
v -36.963157 0.713617 -55.289741
v -37.231275 0.766950 -55.289741
v -37.499393 0.713617 -55.289741
v -37.726694 0.561741 -55.289741
v -37.810642 0.306304 -55.137188
v -37.858377 0.066323 -55.137188
v -37.810642 0.306304 -53.872162
v -37.858377 0.066323 -53.872162
v -37.810642 -0.173657 -55.137188
v -37.810642 -0.173657 -53.872162
v -37.674701 -0.377104 -55.137188
v -37.674701 -0.377104 -53.872162
v -37.471258 -0.513042 -55.137188
v -37.471258 -0.513042 -53.872162
v -37.231275 -0.560779 -55.137188
v -37.231275 -0.560779 -53.872162
v -36.991296 -0.513042 -55.137188
v -36.991296 -0.513042 -53.872162
v -36.787849 -0.377104 -55.137188
v -36.787849 -0.377104 -53.872162
v -36.651908 -0.173657 -55.137188
v -36.651908 -0.173657 -53.872162
v -36.604177 0.066324 -55.137188
v -36.604177 0.066324 -53.872162
v -36.651908 0.306304 -55.137188
v -36.651908 0.306304 -53.872162
v -36.787849 0.509751 -55.137188
v -36.787849 0.509751 -53.872162
v -36.991296 0.645689 -55.137188
v -36.991296 0.645689 -53.872162
v -37.231275 0.693424 -55.137188
v -37.231275 0.693424 -53.872162
v -37.471258 0.645688 -55.137188
v -37.471258 0.645689 -53.872162
v -37.674701 0.509750 -55.137188
v -37.674701 0.509750 -53.872162
v -37.878572 0.334440 -48.715420
v -37.931905 0.066323 -48.715420
v -37.878572 -0.201796 -48.715420
v -37.726694 -0.429095 -48.715420
v -37.499393 -0.580972 -48.715420
v -37.231275 -0.634304 -48.715420
v -36.963157 -0.580972 -48.715420
v -36.735860 -0.429095 -48.715420
v -36.583982 -0.201796 -48.715420
v -36.530649 0.066324 -48.715420
v -36.583982 0.334442 -48.715420
v -36.735860 0.561742 -48.715420
v -36.963157 0.713617 -48.715420
v -37.231275 0.766950 -48.715420
v -37.499393 0.713617 -48.715420
v -37.726694 0.561741 -48.715420
v -37.813224 0.307375 -50.560873
v -37.861173 0.066323 -50.560873
v -37.813224 0.307375 -48.715420
v -37.861173 0.066323 -48.715420
v -37.813224 -0.174728 -50.560873
v -37.813224 -0.174728 -48.715420
v -37.676681 -0.379083 -50.560873
v -37.676681 -0.379083 -48.715420
v -37.472330 -0.515627 -50.560873
v -37.472330 -0.515627 -48.715420
v -37.231275 -0.563576 -50.560873
v -37.231275 -0.563576 -48.715420
v -36.990224 -0.515627 -50.560873
v -36.990224 -0.515627 -48.715420
v -36.785869 -0.379083 -50.560873
v -36.785869 -0.379083 -48.715420
v -36.649324 -0.174728 -50.560873
v -36.649324 -0.174728 -48.715420
v -36.601376 0.066324 -50.560873
v -36.601376 0.066324 -48.715420
v -36.649324 0.307376 -50.560873
v -36.649324 0.307376 -48.715420
v -36.785869 0.511729 -50.560873
v -36.785869 0.511729 -48.715420
v -36.990224 0.648273 -50.560873
v -36.990224 0.648273 -48.715420
v -37.231275 0.696221 -50.560873
v -37.231275 0.696221 -48.715420
v -37.472330 0.648273 -50.560873
v -37.472330 0.648273 -48.715420
v -37.676681 0.511729 -50.560873
v -37.676681 0.511729 -48.715420
v -37.425558 0.146795 -55.932524
v -37.379970 0.215018 -55.932524
v -37.311750 0.260603 -55.932524
v -37.231275 0.276611 -55.932524
v -37.150803 0.260603 -55.932524
v -37.082581 0.215018 -55.932524
v -37.036996 0.146795 -55.932524
v -37.020989 0.066323 -55.932524
v -37.036996 -0.014150 -55.932524
v -37.082581 -0.082372 -55.932524
v -37.150803 -0.127957 -55.932524
v -37.231275 -0.143965 -55.932524
v -37.311750 -0.127957 -55.932524
v -37.379970 -0.082372 -55.932524
v -37.425558 -0.014150 -55.932524
v -37.441564 0.066323 -55.932524
v -37.425558 0.146795 -55.139270
v -37.379970 0.215018 -55.139270
v -37.231275 0.066323 -55.139270
v -37.311750 0.260603 -55.139270
v -37.231275 0.276611 -55.139270
v -37.150803 0.260603 -55.139270
v -37.082581 0.215018 -55.139270
v -37.036996 0.146795 -55.139270
v -37.020989 0.066323 -55.139270
v -37.037000 -0.014150 -55.139270
v -37.082586 -0.082372 -55.139270
v -37.150803 -0.127957 -55.139270
v -37.231275 -0.143965 -55.139270
v -37.311750 -0.127957 -55.139270
v -37.379970 -0.082372 -55.139270
v -37.425558 -0.014150 -55.139270
v -37.441564 0.066323 -55.139270
v -19.317782 -1.944416 -56.061642
v -19.341272 -1.898316 -56.061642
v -19.377857 -1.861732 -56.061642
v -19.423956 -1.838243 -56.061642
v -19.475059 -1.830149 -56.061642
v -19.526158 -1.838243 -56.061642
v -19.572262 -1.861732 -56.061642
v -19.608844 -1.898316 -56.061642
v -19.632331 -1.944416 -56.061642
v -19.640426 -1.995517 -56.061642
v -19.632331 -2.046617 -56.061642
v -19.608844 -2.092717 -56.061642
v -19.572262 -2.129301 -56.061642
v -19.526158 -2.152790 -56.061642
v -19.475059 -2.160884 -56.061642
v -19.423956 -2.152790 -56.061642
v -19.377857 -2.129301 -56.061642
v -19.341272 -2.092717 -56.061642
v -19.317782 -2.046617 -56.061642
v -19.309690 -1.995517 -56.061642
v -19.319071 -1.944834 -52.793215
v -19.342368 -1.899112 -52.793215
v -19.378654 -1.862828 -52.793215
v -19.424377 -1.839532 -52.793215
v -19.475059 -1.831501 -52.793215
v -19.525741 -1.839532 -52.793215
v -19.571460 -1.862828 -52.793215
v -19.607748 -1.899112 -52.793215
v -19.631045 -1.944834 -52.793215
v -19.639070 -1.995517 -52.793215
v -19.631045 -2.046199 -52.793215
v -19.607748 -2.091919 -52.793215
v -19.571460 -2.128205 -52.793215
v -19.525741 -2.151502 -52.793215
v -19.475059 -2.159530 -52.793215
v -19.424377 -2.151502 -52.793215
v -19.378654 -2.128205 -52.793215
v -19.342368 -2.091919 -52.793215
v -19.319074 -2.046199 -52.793215
v -19.311046 -1.995517 -52.793215
v -19.475059 -1.995517 -56.061642
v -19.475059 -1.995517 -52.793215
v -19.148573 -1.889435 -53.120060
v -19.131771 -1.995517 -53.120060
v -19.148573 -2.101598 -53.120060
v -19.197332 -2.197295 -53.120060
v -19.273278 -2.273242 -53.120060
v -19.368975 -2.322002 -53.120060
v -19.475059 -2.338804 -53.120060
v -19.581142 -2.322002 -53.120060
v -19.676839 -2.273242 -53.120060
v -19.752783 -2.197295 -53.120060
v -19.801545 -2.101598 -53.120060
v -19.818348 -1.995517 -53.120060
v -19.801545 -1.889435 -53.120060
v -19.752783 -1.793738 -53.120060
v -19.676839 -1.717792 -53.120060
v -19.581142 -1.669029 -53.120060
v -19.475059 -1.652230 -53.120060
v -19.368975 -1.669029 -53.120060
v -19.273278 -1.717792 -53.120060
v -19.197332 -1.793738 -53.120060
v -19.148573 -1.889435 -55.767484
v -19.131771 -1.995517 -55.767484
v -19.148573 -2.101598 -55.767484
v -19.197332 -2.197295 -55.767484
v -19.273278 -2.273242 -55.767484
v -19.368975 -2.322002 -55.767484
v -19.475059 -2.338804 -55.767484
v -19.581142 -2.322002 -55.767484
v -19.676839 -2.273242 -55.767484
v -19.752783 -2.197295 -55.767484
v -19.801545 -2.101598 -55.767484
v -19.818348 -1.995517 -55.767484
v -19.801545 -1.889435 -55.767484
v -19.752783 -1.793738 -55.767484
v -19.676839 -1.717792 -55.767484
v -19.581142 -1.669029 -55.767484
v -19.475059 -1.652230 -55.767484
v -19.368975 -1.669029 -55.767484
v -19.273278 -1.717792 -55.767484
v -19.197332 -1.793738 -55.767484
v -19.148573 -1.889435 -53.233521
v -19.131771 -1.995517 -53.233521
v -19.148573 -2.101598 -53.233521
v -19.197332 -2.197295 -53.233521
v -19.273278 -2.273242 -53.233521
v -19.368975 -2.322002 -53.233521
v -19.475059 -2.338804 -53.233521
v -19.581142 -2.322002 -53.233521
v -19.676839 -2.273242 -53.233521
v -19.752783 -2.197295 -53.233521
v -19.801545 -2.101598 -53.233521
v -19.818348 -1.995517 -53.233521
v -19.801545 -1.889435 -53.233521
v -19.752783 -1.793738 -53.233521
v -19.676839 -1.717792 -53.233521
v -19.581142 -1.669029 -53.233521
v -19.475059 -1.652230 -53.233521
v -19.368975 -1.669029 -53.233521
v -19.273278 -1.717792 -53.233521
v -19.197332 -1.793738 -53.233521
v -19.148573 -1.889435 -55.659756
v -19.131771 -1.995517 -55.659756
v -19.148573 -2.101598 -55.659756
v -19.197332 -2.197295 -55.659756
v -19.273278 -2.273242 -55.659756
v -19.368975 -2.322002 -55.659756
v -19.475059 -2.338804 -55.659756
v -19.581142 -2.322002 -55.659756
v -19.676839 -2.273242 -55.659756
v -19.752783 -2.197295 -55.659756
v -19.801545 -2.101598 -55.659756
v -19.818348 -1.995517 -55.659756
v -19.801545 -1.889435 -55.659756
v -19.752783 -1.793738 -55.659756
v -19.676839 -1.717792 -55.659756
v -19.581142 -1.669029 -55.659756
v -19.475059 -1.652230 -55.659756
v -19.368975 -1.669029 -55.659756
v -19.273278 -1.717792 -55.659756
v -19.197332 -1.793738 -55.659756
v -19.759146 -2.087824 -55.659756
v -19.773765 -1.995517 -55.659756
v -19.759146 -2.087824 -53.233521
v -19.773765 -1.995517 -53.233521
v -19.759146 -1.903210 -55.659756
v -19.759146 -1.903210 -53.233521
v -19.716720 -1.819941 -55.659756
v -19.716720 -1.819941 -53.233521
v -19.650634 -1.753855 -55.659756
v -19.650634 -1.753855 -53.233521
v -19.567363 -1.711425 -55.659756
v -19.567363 -1.711425 -53.233521
v -19.475059 -1.696806 -55.659756
v -19.475059 -1.696806 -53.233521
v -19.382749 -1.711428 -55.659756
v -19.382749 -1.711428 -53.233521
v -19.299479 -1.753855 -55.659756
v -19.299479 -1.753855 -53.233521
v -19.233396 -1.819941 -55.659756
v -19.233396 -1.819941 -53.233521
v -19.190969 -1.903211 -55.659756
v -19.190969 -1.903211 -53.233521
v -19.176351 -1.995517 -55.659756
v -19.176351 -1.995517 -53.233521
v -19.190969 -2.087824 -55.659756
v -19.190969 -2.087824 -53.233521
v -19.233396 -2.171094 -55.659756
v -19.233396 -2.171094 -53.233521
v -19.299479 -2.237178 -55.659756
v -19.299479 -2.237178 -53.233521
v -19.382749 -2.279606 -55.659756
v -19.382749 -2.279606 -53.233521
v -19.475059 -2.294226 -55.659756
v -19.475059 -2.294226 -53.233521
v -19.567363 -2.279606 -55.659756
v -19.567363 -2.279606 -53.233521
v -19.650634 -2.237178 -55.659756
v -19.650634 -2.237178 -53.233521
v -19.716720 -2.171092 -55.659756
v -19.716720 -2.171092 -53.233521
v -44.410219 -1.944416 -56.061642
v -44.386731 -1.898316 -56.061642
v -44.350147 -1.861732 -56.061642
v -44.304044 -1.838243 -56.061642
v -44.252945 -1.830149 -56.061642
v -44.201845 -1.838243 -56.061642
v -44.155742 -1.861732 -56.061642
v -44.119162 -1.898316 -56.061642
v -44.095669 -1.944416 -56.061642
v -44.087579 -1.995517 -56.061642
v -44.095669 -2.046617 -56.061642
v -44.119162 -2.092717 -56.061642
v -44.155742 -2.129301 -56.061642
v -44.201845 -2.152790 -56.061642
v -44.252945 -2.160884 -56.061642
v -44.304044 -2.152790 -56.061642
v -44.350147 -2.129301 -56.061642
v -44.386731 -2.092717 -56.061642
v -44.410219 -2.046617 -56.061642
v -44.418310 -1.995517 -56.061642
v -44.408933 -1.944834 -52.793215
v -44.385633 -1.899112 -52.793215
v -44.349352 -1.862828 -52.793215
v -44.303629 -1.839532 -52.793215
v -44.252945 -1.831501 -52.793215
v -44.202264 -1.839532 -52.793215
v -44.156542 -1.862828 -52.793215
v -44.120256 -1.899112 -52.793215
v -44.096958 -1.944834 -52.793215
v -44.088934 -1.995517 -52.793215
v -44.096958 -2.046199 -52.793215
v -44.120256 -2.091919 -52.793215
v -44.156542 -2.128205 -52.793215
v -44.202264 -2.151502 -52.793215
v -44.252945 -2.159530 -52.793215
v -44.303629 -2.151502 -52.793215
v -44.349352 -2.128205 -52.793215
v -44.385633 -2.091919 -52.793215
v -44.408929 -2.046199 -52.793215
v -44.416959 -1.995517 -52.793215
v -44.252945 -1.995517 -56.061642
v -44.252945 -1.995517 -52.793215
v -44.579431 -1.889435 -53.120060
v -44.596231 -1.995517 -53.120060
v -44.579431 -2.101598 -53.120060
v -44.530668 -2.197295 -53.120060
v -44.454729 -2.273242 -53.120060
v -44.359028 -2.322002 -53.120060
v -44.252945 -2.338804 -53.120060
v -44.146862 -2.322002 -53.120060
v -44.051163 -2.273242 -53.120060
v -43.975221 -2.197295 -53.120060
v -43.926456 -2.101598 -53.120060
v -43.909659 -1.995517 -53.120060
v -43.926456 -1.889435 -53.120060
v -43.975221 -1.793738 -53.120060
v -44.051163 -1.717792 -53.120060
v -44.146862 -1.669029 -53.120060
v -44.252945 -1.652230 -53.120060
v -44.359028 -1.669029 -53.120060
v -44.454729 -1.717792 -53.120060
v -44.530668 -1.793738 -53.120060
v -44.579431 -1.889435 -55.767484
v -44.596231 -1.995517 -55.767484
v -44.579431 -2.101598 -55.767484
v -44.530668 -2.197295 -55.767484
v -44.454729 -2.273242 -55.767484
v -44.359028 -2.322002 -55.767484
v -44.252945 -2.338804 -55.767484
v -44.146862 -2.322002 -55.767484
v -44.051163 -2.273242 -55.767484
v -43.975221 -2.197295 -55.767484
v -43.926456 -2.101598 -55.767484
v -43.909659 -1.995517 -55.767484
v -43.926456 -1.889435 -55.767484
v -43.975221 -1.793738 -55.767484
v -44.051163 -1.717792 -55.767484
v -44.146862 -1.669029 -55.767484
v -44.252945 -1.652230 -55.767484
v -44.359028 -1.669029 -55.767484
v -44.454729 -1.717792 -55.767484
v -44.530668 -1.793738 -55.767484
v -44.579431 -1.889435 -53.233521
v -44.596231 -1.995517 -53.233521
v -44.579431 -2.101598 -53.233521
v -44.530668 -2.197295 -53.233521
v -44.454729 -2.273242 -53.233521
v -44.359028 -2.322002 -53.233521
v -44.252945 -2.338804 -53.233521
v -44.146862 -2.322002 -53.233521
v -44.051163 -2.273242 -53.233521
v -43.975221 -2.197295 -53.233521
v -43.926456 -2.101598 -53.233521
v -43.909659 -1.995517 -53.233521
v -43.926456 -1.889435 -53.233521
v -43.975221 -1.793738 -53.233521
v -44.051163 -1.717792 -53.233521
v -44.146862 -1.669029 -53.233521
v -44.252945 -1.652230 -53.233521
v -44.359028 -1.669029 -53.233521
v -44.454729 -1.717792 -53.233521
v -44.530668 -1.793738 -53.233521
v -44.579431 -1.889435 -55.659756
v -44.596231 -1.995517 -55.659756
v -44.579431 -2.101598 -55.659756
v -44.530668 -2.197295 -55.659756
v -44.454729 -2.273242 -55.659756
v -44.359028 -2.322002 -55.659756
v -44.252945 -2.338804 -55.659756
v -44.146862 -2.322002 -55.659756
v -44.051163 -2.273242 -55.659756
v -43.975221 -2.197295 -55.659756
v -43.926456 -2.101598 -55.659756
v -43.909659 -1.995517 -55.659756
v -43.926456 -1.889435 -55.659756
v -43.975221 -1.793738 -55.659756
v -44.051163 -1.717792 -55.659756
v -44.146862 -1.669029 -55.659756
v -44.252945 -1.652230 -55.659756
v -44.359028 -1.669029 -55.659756
v -44.454729 -1.717792 -55.659756
v -44.530668 -1.793738 -55.659756
v -43.968856 -2.087824 -55.659756
v -43.954236 -1.995517 -55.659756
v -43.968856 -2.087824 -53.233521
v -43.954236 -1.995517 -53.233521
v -43.968856 -1.903210 -55.659756
v -43.968856 -1.903210 -53.233521
v -44.011285 -1.819941 -55.659756
v -44.011285 -1.819941 -53.233521
v -44.077371 -1.753855 -55.659756
v -44.077371 -1.753855 -53.233521
v -44.160644 -1.711425 -55.659756
v -44.160644 -1.711425 -53.233521
v -44.252945 -1.696806 -55.659756
v -44.252945 -1.696806 -53.233521
v -44.345255 -1.711428 -55.659756
v -44.345255 -1.711428 -53.233521
v -44.428525 -1.753855 -55.659756
v -44.428525 -1.753855 -53.233521
v -44.494607 -1.819941 -55.659756
v -44.494607 -1.819941 -53.233521
v -44.537033 -1.903211 -55.659756
v -44.537033 -1.903211 -53.233521
v -44.551651 -1.995517 -55.659756
v -44.551651 -1.995517 -53.233521
v -44.537033 -2.087824 -55.659756
v -44.537033 -2.087824 -53.233521
v -44.494607 -2.171094 -55.659756
v -44.494607 -2.171094 -53.233521
v -44.428525 -2.237178 -55.659756
v -44.428525 -2.237178 -53.233521
v -44.345255 -2.279606 -55.659756
v -44.345255 -2.279606 -53.233521
v -44.252945 -2.294226 -55.659756
v -44.252945 -2.294226 -53.233521
v -44.160644 -2.279606 -55.659756
v -44.160644 -2.279606 -53.233521
v -44.077371 -2.237178 -55.659756
v -44.077371 -2.237178 -53.233521
v -44.011285 -2.171092 -55.659756
v -44.011285 -2.171092 -53.233521
v -31.101530 -0.434009 -49.333028
v -19.353352 -2.108699 -54.554773
v -31.101530 0.434888 -49.333028
v -19.353352 -2.019889 -54.554773
v -31.101530 0.434888 -53.979246
v -19.353352 -2.019889 -54.839888
v -31.101530 -0.434009 -53.979246
v -19.353352 -2.108699 -54.833449
v -31.101530 0.000438 -47.969562
v -31.101530 0.000438 -55.027550
v -19.353352 -2.064294 -55.425379
v -19.353352 -2.064294 -53.739355
v -19.353352 -2.064294 -54.554773
v -31.101530 0.000438 -49.333032
v -31.101530 0.000438 -53.979246
v -19.353352 -2.064294 -54.833449
v -26.655481 -0.286398 -50.521940
v -26.655481 0.000438 -49.365878
v -26.655481 0.287278 -50.521940
v -26.655481 0.287278 -53.517716
v -26.655481 0.000438 -54.393302
v -26.655481 -0.286398 -53.517716
v -31.184721 0.728460 -49.815708
v -27.966206 0.611518 -50.757595
v -27.966206 0.611518 -53.130932
v -31.184721 0.728460 -53.496573
v -26.349102 0.347472 -50.777288
v -26.349102 0.347472 -53.433501
v -19.448705 -1.893295 -54.704804
v -19.448705 -1.893295 -54.721146
v -32.626472 -0.434009 -49.333028
v -44.374649 -2.108699 -54.554773
v -32.626472 0.434888 -49.333028
v -44.374649 -2.019889 -54.554773
v -32.626472 0.434888 -53.979246
v -44.374649 -2.019889 -54.839888
v -32.626472 -0.434009 -53.979246
v -44.374649 -2.108699 -54.839888
v -32.626472 0.000438 -47.969562
v -32.626472 0.000438 -55.027550
v -44.374649 -2.064294 -55.431818
v -44.374649 -2.064294 -53.739355
v -44.374649 -2.064294 -54.554773
v -32.626472 0.000438 -49.333032
v -32.626472 0.000438 -53.979246
v -44.374649 -2.064294 -54.839888
v -37.072523 -0.286398 -50.521940
v -37.072523 0.000438 -49.365878
v -37.072523 0.287278 -50.521940
v -37.072523 0.287278 -53.517716
v -37.072523 0.000438 -54.393302
v -37.072523 -0.286398 -53.517716
v -32.543283 0.728460 -49.815708
v -35.761796 0.611518 -50.757595
v -35.761796 0.611518 -53.130932
v -32.543283 0.728460 -53.496573
v -37.378900 0.347472 -50.777288
v -37.378900 0.347472 -53.433501
v -44.279297 -1.893295 -54.704804
v -44.279297 -1.893295 -54.721146
# 2373 normals
vn 0.000000 0.000000 1.000000
vn 0.000000 0.000000 1.000000
vn 0.000000 0.000000 1.000000
vn 0.254959 0.945553 0.201734
vn 0.151315 0.918605 0.364860
vn 0.779100 0.318684 0.539706
vn 0.968534 0.164164 0.186901
vn 0.286242 0.954373 -0.084600
vn 0.497436 0.867393 0.000000
vn 0.971739 0.235885 0.000000
vn 0.955442 0.242446 -0.167918
vn 0.264756 0.960813 -0.081456
vn 0.918727 0.355307 -0.171855
vn 0.709516 0.704267 0.021516
vn 0.469633 0.877312 0.097876
vn 0.000000 0.000000 -1.000000
vn 0.000000 0.000000 -1.000000
vn 0.000000 0.000000 -1.000000
vn 0.949338 -0.226546 -0.217390
vn 0.230239 -0.939938 -0.251724
vn 0.333150 -0.880150 -0.337972
vn 0.903040 -0.343008 -0.258072
vn 0.866691 -0.443386 -0.228377
vn 0.243118 -0.941159 -0.234664
vn 0.972899 -0.230910 0.000000
vn 0.248154 -0.968687 0.000000
vn 0.778490 -0.277208 0.563023
vn 0.140786 -0.898798 0.414942
vn 0.223616 -0.894220 0.387688
vn 0.647104 -0.750137 0.135323
vn 0.877190 -0.451505 0.162669
vn 0.000000 0.998352 -0.056003
vn 0.000000 0.998657 -0.050266
vn 0.000000 0.983886 0.178661
vn 0.000000 0.951535 0.307239
vn 0.000000 0.000000 1.000000
vn 0.000000 0.000000 1.000000
vn 0.000000 -0.931697 0.363029
vn 0.000000 -0.948544 0.316548
vn 0.000000 -1.000000 0.000000
vn 0.000000 -0.976744 -0.214033
vn 0.000000 -0.973265 -0.229323
vn 0.000000 -0.944760 -0.327718
vn 0.000000 0.000000 -1.000000
vn 0.000000 0.000000 -1.000000
vn 0.000000 1.000000 0.000000
vn 0.000000 1.000000 0.000000
vn 0.000000 1.000000 0.000000
vn 0.000000 1.000000 0.000000
vn 0.211408 -0.972410 0.098334
vn 0.000000 -0.996948 0.076878
vn 0.000000 -0.997284 0.073430
vn 0.291827 -0.951138 0.100623
vn 0.246048 0.965788 0.081029
vn 0.252701 0.960996 0.111549
vn 0.968901 0.177562 0.171855
vn 0.938229 0.319264 0.132760
vn 0.000000 0.998718 0.048923
vn 0.000000 0.998199 0.058689
vn 0.000000 0.000000 -1.000000
vn 0.000000 0.000000 -1.000000
vn 0.000000 -0.412623 -0.910822
vn 0.000000 -0.416957 -0.908838
vn 0.000000 0.000000 -1.000000
vn 0.000000 0.000000 1.000000
vn 0.000000 0.000000 1.000000
vn 0.000000 0.000000 1.000000
vn 0.000000 0.000000 1.000000
vn 0.000000 0.000000 1.000000
vn 0.764176 -0.628487 0.144479
vn 0.827992 -0.544284 0.134652
vn 0.819783 -0.552402 0.150827
vn 0.831472 -0.534273 0.152109
vn 0.807422 -0.570530 0.149423
vn 0.000000 0.999817 -0.018830
vn 0.000000 0.999817 -0.018830
vn 0.554813 0.813770 0.172801
vn 0.925563 0.322346 0.198346
vn 0.000000 0.962553 0.271013
vn 0.000000 0.962553 0.271013
vn 0.000000 0.962553 0.271013
vn 0.000000 0.962553 0.271013
vn 0.640145 0.736129 0.219740
vn 0.967833 0.172679 0.182750
vn 0.000000 0.984679 0.173869
vn 0.000000 0.984679 0.173869
vn 0.000000 0.984679 0.173869
vn 0.240798 0.950436 0.196423
vn 0.916835 0.347891 0.195324
vn 0.000000 0.997894 -0.064579
vn 0.000000 0.997894 -0.064579
vn 0.000000 0.997894 -0.064579
vn 0.000000 0.997894 -0.064579
vn 0.108527 0.963712 0.243515
vn 0.108527 0.963712 0.243515
vn 0.108527 0.963712 0.243515
vn 0.108527 0.963712 0.243515
vn 0.108527 0.963712 0.243515
vn 0.108527 0.963712 0.243515
vn 0.000000 0.988372 -0.151468
vn 0.000000 0.988372 -0.151468
vn 0.000000 0.988372 -0.151468
vn 0.000000 0.988372 -0.151468
vn 0.961637 -0.174785 0.210920
vn 0.959653 -0.166789 0.225966
vn 0.964597 -0.260606 0.039889
vn 0.971922 0.181224 0.149881
vn 0.961637 -0.152963 0.227400
vn 0.959226 -0.164225 0.229537
vn 0.000000 0.962553 0.271013
vn 0.000000 0.962553 0.271013
vn 0.000000 0.962553 0.271013
vn 0.000000 0.962553 0.271013
vn 0.000000 0.962553 0.271013
vn 0.000000 0.962553 0.271013
vn 0.000000 0.962553 0.271013
vn 0.000000 0.962553 0.271013
vn 0.000000 0.962553 0.271013
vn 0.000000 -0.199597 0.979857
vn 0.000000 -0.199597 0.979857
vn 0.000000 -0.199597 0.979857
vn 0.000000 -0.199597 0.979857
vn 1.000000 0.000000 0.000000
vn 1.000000 0.000000 0.000000
vn 1.000000 0.000000 0.000000
vn 1.000000 0.000000 0.000000
vn 0.000000 0.199597 -0.979857
vn 0.000000 0.199597 -0.979857
vn 0.000000 0.199597 -0.979857
vn 0.000000 0.199597 -0.979857
vn -0.960844 0.055271 -0.271470
vn -0.960844 0.055271 -0.271470
vn -0.960844 0.055271 -0.271470
vn -0.960844 0.055271 -0.271470
vn 0.000000 0.902887 0.429683
vn 0.986388 0.148050 0.070469
vn 0.986388 0.148050 0.070469
vn 0.000000 0.902887 0.429683
vn 0.992401 0.113776 0.045016
vn 0.992401 0.113776 0.045016
vn 0.992401 0.113776 0.045016
vn 0.992401 0.113776 0.045016
vn 0.000000 -0.420833 -0.907038
vn 0.000000 -0.420833 -0.907038
vn 0.000000 0.984679 0.173869
vn 0.000000 0.984679 0.173869
vn 0.000000 0.984679 0.173869
vn 0.000000 0.984679 0.173869
vn 0.000000 0.770555 0.637276
vn 0.000000 0.770555 0.637276
vn 0.000000 0.770555 0.637276
vn 0.000000 0.770555 0.637276
vn 0.000000 0.962553 0.271013
vn 0.000000 0.962553 0.271013
vn 0.000000 0.962553 0.271013
vn 0.000000 0.962553 0.271013
vn 0.000000 0.962553 0.271013
vn 0.000000 0.962553 0.271013
vn 0.000000 0.962553 0.271013
vn 0.000000 0.962553 0.271013
vn 0.000000 0.962553 0.271013
vn 0.000000 0.000000 1.000000
vn 0.000000 0.000000 1.000000
vn 0.000000 0.000000 1.000000
vn -0.254959 0.945553 0.201734
vn -0.968534 0.164164 0.186901
vn -0.779100 0.318684 0.539706
vn -0.151315 0.918605 0.364860
vn -0.286242 0.954373 -0.084600
vn -0.955442 0.242446 -0.167918
vn -0.971739 0.235885 0.000000
vn -0.497436 0.867393 0.000000
vn -0.264756 0.960813 -0.081456
vn -0.918727 0.355307 -0.171855
vn -0.709516 0.704267 0.021516
vn -0.469633 0.877312 0.097876
vn 0.000000 0.000000 -1.000000
vn 0.000000 0.000000 -1.000000
vn 0.000000 0.000000 -1.000000
vn -0.949338 -0.226546 -0.217390
vn -0.903040 -0.343008 -0.258072
vn -0.333150 -0.880150 -0.337972
vn -0.230239 -0.939938 -0.251724
vn -0.866691 -0.443386 -0.228377
vn -0.243118 -0.941159 -0.234664
vn -0.248154 -0.968687 0.000000
vn -0.972899 -0.230910 0.000000
vn -0.778490 -0.277208 0.562992
vn -0.877190 -0.451505 0.162669
vn -0.647104 -0.750137 0.135323
vn -0.223616 -0.894220 0.387688
vn -0.140786 -0.898798 0.414942
vn 0.000000 1.000000 0.000000
vn 0.000000 1.000000 0.000000
vn -0.211408 -0.972410 0.098334
vn -0.291827 -0.951138 0.100623
vn -0.246048 0.965788 0.081029
vn -0.938229 0.319264 0.132760
vn -0.968901 0.177562 0.171855
vn -0.252701 0.960996 0.111549
vn 0.000000 0.000000 -1.000000
vn 0.000000 -0.416957 -0.908838
vn 0.000000 0.000000 -1.000000
vn 0.000000 0.000000 1.000000
vn 0.000000 0.000000 1.000000
vn 0.000000 0.000000 1.000000
vn -0.827992 -0.544284 0.134652
vn -0.764176 -0.628487 0.144479
vn -0.807422 -0.570530 0.149423
vn -0.831472 -0.534273 0.152109
vn -0.819783 -0.552402 0.150827
vn -0.554813 0.813770 0.172801
vn -0.925563 0.322346 0.198346
vn 0.000000 0.962553 0.271013
vn 0.000000 0.962553 0.271013
vn 0.000000 0.962553 0.271013
vn 0.000000 0.962553 0.271013
vn -0.967833 0.172679 0.182750
vn -0.640145 0.736129 0.219740
vn -0.240798 0.950436 0.196423
vn -0.916835 0.347891 0.195324
vn 0.000000 0.997894 -0.064579
vn 0.000000 0.997894 -0.064579
vn -0.108527 0.963712 0.243515
vn -0.108527 0.963712 0.243515
vn -0.108527 0.963712 0.243515
vn -0.108527 0.963712 0.243515
vn -0.108527 0.963712 0.243515
vn -0.108527 0.963712 0.243515
vn 0.000000 0.988372 -0.151468
vn 0.000000 0.988372 -0.151468
vn -0.961637 -0.174785 0.210920
vn -0.964597 -0.260606 0.039889
vn -0.959653 -0.166789 0.225966
vn -0.971922 0.181224 0.149881
vn -0.959226 -0.164225 0.229537
vn -0.961637 -0.152963 0.227400
vn 0.000000 0.962553 0.271013
vn 0.000000 0.962553 0.271013
vn 0.000000 0.962553 0.271013
vn 0.000000 0.962553 0.271013
vn 0.000000 0.962553 0.271013
vn 0.000000 0.962553 0.271013
vn 0.000000 0.962553 0.271013
vn 0.000000 -0.199597 0.979857
vn 0.000000 -0.199597 0.979857
vn 0.000000 -0.199597 0.979857
vn 0.000000 -0.199597 0.979857
vn -1.000000 0.000000 0.000000
vn -1.000000 0.000000 0.000000
vn -1.000000 0.000000 0.000000
vn -1.000000 0.000000 0.000000
vn 0.000000 0.199597 -0.979857
vn 0.000000 0.199597 -0.979857
vn 0.000000 0.199597 -0.979857
vn 0.000000 0.199597 -0.979857
vn 0.960844 0.055271 -0.271470
vn 0.960844 0.055271 -0.271470
vn 0.960844 0.055271 -0.271470
vn 0.960844 0.055271 -0.271470
vn -0.986388 0.148050 0.070469
vn -0.986388 0.148050 0.070469
vn -0.992401 0.113776 0.045016
vn -0.992401 0.113776 0.045016
vn -0.992401 0.113776 0.045016
vn -0.992401 0.113776 0.045016
vn 0.000000 -0.420833 -0.907038
vn 0.000000 0.984679 0.173869
vn 0.000000 0.984679 0.173869
vn 0.000000 0.770555 0.637276
vn 0.000000 0.770555 0.637276
vn 0.000000 0.962553 0.271013
vn 0.000000 0.962553 0.271013
vn 0.000000 0.962553 0.271013
vn 0.000000 0.962553 0.271013
vn 0.000000 0.962553 0.271013
vn -0.248154 -0.968687 0.000000
vn 0.000000 -1.000000 0.000000
vn -0.972899 -0.230910 0.000000
vn -0.971739 0.235885 0.000000
vn -0.509461 0.860465 0.000000
vn 0.509461 0.860465 0.000000
vn 0.971739 0.235885 0.000000
vn 0.972899 -0.230910 0.000000
vn 0.248154 -0.968687 0.000000
vn 0.000000 1.000000 0.000000
vn 0.000000 1.000000 0.000000
vn 0.000000 1.000000 0.000000
vn 0.000000 1.000000 0.000000
vn 0.000000 0.747604 -0.664073
vn 0.000000 0.747604 -0.664073
vn 0.000000 0.747604 -0.664073
vn 0.000000 0.747604 -0.664073
vn -0.684124 0.729201 0.000000
vn -0.684124 0.729201 0.000000
vn -0.684124 0.729201 0.000000
vn -0.684124 0.729201 0.000000
vn 0.000000 0.747604 0.664073
vn 0.000000 0.747604 0.664073
vn 0.000000 0.747604 0.664073
vn 0.000000 0.747604 0.664073
vn 0.684124 0.729201 0.000000
vn 0.684124 0.729201 0.000000
vn 0.684124 0.729201 0.000000
vn 0.684124 0.729201 0.000000
vn 0.000000 1.000000 0.000000
vn 0.000000 1.000000 0.000000
vn 0.000000 1.000000 0.000000
vn 0.000000 1.000000 0.000000
vn 0.000000 1.000000 0.000000
vn 0.000000 1.000000 0.000000
vn 0.000000 1.000000 0.000000
vn 0.000000 1.000000 0.000000
vn 0.000000 1.000000 0.000000
vn 0.000000 1.000000 0.000000
vn 0.000000 1.000000 0.000000
vn 0.000000 1.000000 0.000000
vn 0.000000 1.000000 0.000000
vn 0.000000 1.000000 0.000000
vn 0.000000 1.000000 0.000000
vn 0.000000 1.000000 0.000000
vn 0.000000 0.000000 -1.000000
vn 0.000000 0.000000 -1.000000
vn 0.000000 0.000000 -1.000000
vn 0.000000 0.000000 -1.000000
vn -1.000000 0.000000 0.000000
vn -1.000000 0.000000 0.000000
vn -1.000000 0.000000 0.000000
vn -1.000000 0.000000 0.000000
vn 0.000000 0.000000 1.000000
vn 0.000000 0.000000 1.000000
vn 0.000000 0.000000 1.000000
vn 0.000000 0.000000 1.000000
vn 1.000000 0.000000 0.000000
vn 1.000000 0.000000 0.000000
vn 1.000000 0.000000 0.000000
vn 1.000000 0.000000 0.000000
vn 0.775163 0.321065 -0.544070
vn 0.593267 0.593267 -0.544070
vn 0.640328 0.640328 -0.424098
vn 0.836568 0.346548 -0.424098
vn 0.321065 0.775163 -0.544070
vn 0.346548 0.836568 -0.424098
vn 0.000000 0.839010 -0.544070
vn 0.000000 0.905573 -0.424098
vn -0.321065 0.775163 -0.544070
vn -0.346548 0.836568 -0.424098
vn -0.593267 0.593267 -0.544070
vn -0.640328 0.640328 -0.424098
vn -0.775163 0.321065 -0.544070
vn -0.836568 0.346548 -0.424098
vn -0.839010 0.000000 -0.544070
vn -0.905573 0.000000 -0.424098
vn -0.775163 -0.321065 -0.544070
vn -0.836568 -0.346548 -0.424098
vn -0.593267 -0.593267 -0.544070
vn -0.640328 -0.640328 -0.424098
vn -0.321065 -0.775163 -0.544070
vn -0.346548 -0.836568 -0.424098
vn 0.000000 -0.839010 -0.544070
vn 0.000000 -0.905573 -0.424098
vn 0.321065 -0.775163 -0.544070
vn 0.346548 -0.836568 -0.424098
vn 0.593267 -0.593267 -0.544070
vn 0.640328 -0.640328 -0.424098
vn 0.775163 -0.321065 -0.544070
vn 0.836568 -0.346548 -0.424098
vn 0.839010 0.000000 -0.544070
vn 0.905573 0.000000 -0.424098
vn 0.000000 0.000000 -1.000000
vn 0.000000 0.000000 -1.000000
vn 0.000000 0.000000 -1.000000
vn 0.000000 0.000000 -1.000000
vn 0.000000 0.000000 -1.000000
vn 0.000000 0.000000 -1.000000
vn 0.000000 0.000000 -1.000000
vn 0.000000 0.000000 -1.000000
vn 0.000000 0.000000 -1.000000
vn 0.000000 0.000000 -1.000000
vn 0.000000 0.000000 -1.000000
vn 0.000000 0.000000 -1.000000
vn 0.000000 0.000000 -1.000000
vn 0.000000 0.000000 -1.000000
vn 0.000000 0.000000 -1.000000
vn 0.000000 0.000000 -1.000000
vn 0.000000 0.000000 -1.000000
vn 0.000000 0.000000 1.000000
vn 0.000000 0.000000 1.000000
vn 0.000000 0.000000 1.000000
vn 0.000000 0.000000 1.000000
vn 0.000000 0.000000 1.000000
vn 0.000000 0.000000 1.000000
vn 0.000000 0.000000 1.000000
vn 0.000000 0.000000 1.000000
vn 0.000000 0.000000 1.000000
vn 0.000000 0.000000 1.000000
vn 0.000000 0.000000 1.000000
vn 0.000000 0.000000 1.000000
vn 0.000000 0.000000 1.000000
vn 0.000000 0.000000 1.000000
vn 0.000000 0.000000 1.000000
vn 0.000000 0.000000 1.000000
vn 0.000000 0.000000 1.000000
vn 0.941616 0.000000 0.336446
vn 0.869926 0.360343 0.336446
vn 0.841726 0.348624 0.412104
vn 0.911036 0.000000 0.412104
vn 0.869926 -0.360343 0.336446
vn 0.841726 -0.348624 0.412104
vn 0.665873 -0.665873 0.336446
vn 0.644235 -0.644235 0.412104
vn 0.360343 -0.869926 0.336446
vn 0.348624 -0.841726 0.412104
vn 0.000000 -0.941616 0.336446
vn 0.000000 -0.911036 0.412104
vn -0.360343 -0.869926 0.336446
vn -0.348624 -0.841726 0.412104
vn -0.665873 -0.665873 0.336446
vn -0.644235 -0.644235 0.412104
vn -0.869926 -0.360343 0.336446
vn -0.841726 -0.348624 0.412104
vn -0.941616 0.000000 0.336446
vn -0.911036 0.000000 0.412104
vn -0.869926 0.360343 0.336446
vn -0.841726 0.348624 0.412104
vn -0.665873 0.665873 0.336446
vn -0.644235 0.644235 0.412104
vn -0.360343 0.869926 0.336446
vn -0.348624 0.841726 0.412104
vn 0.000000 0.941616 0.336446
vn 0.000000 0.911036 0.412104
vn 0.360343 0.869926 0.336446
vn 0.348624 0.841726 0.412104
vn 0.665873 0.665873 0.336446
vn 0.644235 0.644235 0.412104
vn 0.000000 0.000000 1.000000
vn 0.000000 0.000000 1.000000
vn 0.000000 0.000000 1.000000
vn 0.000000 0.000000 1.000000
vn 0.000000 0.000000 1.000000
vn 0.000000 0.000000 1.000000
vn 0.000000 0.000000 1.000000
vn 0.000000 0.000000 1.000000
vn 0.000000 0.000000 1.000000
vn 0.000000 0.000000 1.000000
vn 0.000000 0.000000 1.000000
vn 0.000000 0.000000 1.000000
vn 0.000000 0.000000 1.000000
vn 0.000000 0.000000 1.000000
vn 0.000000 0.000000 1.000000
vn 0.000000 0.000000 1.000000
vn 0.000000 0.000000 1.000000
vn 0.000000 0.000000 1.000000
vn 0.000000 0.000000 1.000000
vn 0.000000 0.000000 1.000000
vn 0.000000 0.000000 1.000000
vn 0.000000 0.000000 1.000000
vn 0.000000 0.000000 1.000000
vn 0.000000 0.000000 1.000000
vn 0.000000 0.000000 1.000000
vn 0.000000 0.000000 1.000000
vn 0.000000 0.000000 1.000000
vn 0.000000 0.000000 1.000000
vn 0.000000 0.000000 1.000000
vn 0.000000 0.000000 1.000000
vn 0.000000 0.000000 1.000000
vn 0.000000 0.000000 1.000000
vn 0.000000 0.000000 1.000000
vn 0.000000 0.000000 1.000000
vn 0.000000 0.000000 1.000000
vn 0.000000 0.000000 1.000000
vn 0.000000 0.000000 1.000000
vn 0.000000 0.000000 1.000000
vn 0.000000 0.000000 1.000000
vn 0.000000 0.000000 1.000000
vn 0.000000 0.000000 1.000000
vn 0.000000 0.000000 1.000000
vn 0.000000 0.000000 1.000000
vn 0.000000 0.000000 1.000000
vn 0.000000 0.000000 1.000000
vn 0.000000 0.000000 1.000000
vn 0.000000 0.000000 1.000000
vn 0.000000 0.000000 1.000000
vn 0.000000 0.000000 1.000000
vn 0.000000 0.000000 1.000000
vn 0.000000 0.000000 1.000000
vn 0.000000 0.000000 1.000000
vn 0.000000 0.000000 1.000000
vn 0.000000 0.000000 1.000000
vn 0.000000 0.000000 1.000000
vn 0.000000 0.000000 1.000000
vn 0.000000 0.000000 1.000000
vn 0.000000 0.000000 1.000000
vn 0.000000 0.000000 1.000000
vn 0.000000 0.000000 1.000000
vn 0.000000 0.000000 1.000000
vn 0.000000 0.000000 1.000000
vn 0.000000 0.000000 1.000000
vn 0.000000 0.000000 1.000000
vn -0.923854 -0.382653 0.000000
vn -0.707044 -0.707044 0.000000
vn -0.707044 -0.707044 0.000000
vn -0.923854 -0.382653 0.000000
vn -0.382683 -0.923854 0.000000
vn -0.382683 -0.923854 0.000000
vn 0.000000 -1.000000 0.000000
vn 0.000000 -1.000000 0.000000
vn 0.382683 -0.923854 0.000000
vn 0.382683 -0.923854 0.000000
vn 0.707044 -0.707044 0.000000
vn 0.707044 -0.707044 0.000000
vn 0.923854 -0.382653 0.000000
vn 0.923854 -0.382653 0.000000
vn 1.000000 0.000000 0.000000
vn 1.000000 0.000000 0.000000
vn 0.923854 0.382653 0.000000
vn 0.923854 0.382653 0.000000
vn 0.707044 0.707044 0.000000
vn 0.707044 0.707044 0.000000
vn 0.382683 0.923854 0.000000
vn 0.382683 0.923854 0.000000
vn 0.000000 1.000000 0.000000
vn 0.000000 1.000000 0.000000
vn -0.382683 0.923854 0.000000
vn -0.382683 0.923854 0.000000
vn -0.707044 0.707044 0.000000
vn -0.707044 0.707044 0.000000
vn -0.923854 0.382653 0.000000
vn -0.923854 0.382653 0.000000
vn -1.000000 0.000000 0.000000
vn -1.000000 0.000000 0.000000
vn 0.847677 0.000000 0.530458
vn 0.783159 0.324330 0.530458
vn 0.624123 0.258500 0.737228
vn 0.675548 0.000000 0.737228
vn 0.783159 -0.324330 0.530458
vn 0.624123 -0.258500 0.737228
vn 0.599402 -0.599402 0.530458
vn 0.477599 -0.477599 0.737228
vn 0.324330 -0.783159 0.530458
vn 0.258500 -0.624123 0.737228
vn 0.000000 -0.847677 0.530458
vn 0.000000 -0.675548 0.737228
vn -0.324330 -0.783159 0.530458
vn -0.258500 -0.624123 0.737228
vn -0.599402 -0.599402 0.530458
vn -0.477599 -0.477599 0.737228
vn -0.783159 -0.324330 0.530458
vn -0.624123 -0.258500 0.737228
vn -0.847677 0.000000 0.530458
vn -0.675548 0.000000 0.737228
vn -0.783159 0.324330 0.530458
vn -0.624123 0.258500 0.737228
vn -0.599402 0.599402 0.530458
vn -0.477599 0.477599 0.737228
vn -0.324330 0.783159 0.530458
vn -0.258500 0.624123 0.737228
vn 0.000000 0.847677 0.530458
vn 0.000000 0.675548 0.737228
vn 0.324330 0.783159 0.530458
vn 0.258500 0.624123 0.737228
vn 0.599402 0.599402 0.530458
vn 0.477599 0.477599 0.737228
vn 0.640603 0.000000 -0.767808
vn 0.591802 0.245102 -0.767808
vn 0.779528 0.322896 -0.536593
vn 0.843771 0.000000 -0.536593
vn 0.591802 -0.245102 -0.767808
vn 0.779528 -0.322896 -0.536593
vn 0.452970 -0.452970 -0.767808
vn 0.596594 -0.596594 -0.536593
vn 0.245102 -0.591802 -0.767808
vn 0.322896 -0.779528 -0.536593
vn 0.000000 -0.640603 -0.767808
vn 0.000000 -0.843771 -0.536593
vn -0.245102 -0.591802 -0.767808
vn -0.322896 -0.779528 -0.536593
vn -0.452970 -0.452970 -0.767808
vn -0.596594 -0.596594 -0.536593
vn -0.591802 -0.245102 -0.767808
vn -0.779528 -0.322896 -0.536593
vn -0.640603 0.000000 -0.767808
vn -0.843771 0.000000 -0.536593
vn -0.591802 0.245102 -0.767808
vn -0.779528 0.322896 -0.536593
vn -0.452970 0.452970 -0.767808
vn -0.596594 0.596594 -0.536593
vn -0.245102 0.591802 -0.767808
vn -0.322896 0.779528 -0.536593
vn 0.000000 0.640573 -0.767808
vn 0.000000 0.843771 -0.536593
vn 0.245102 0.591802 -0.767808
vn 0.322896 0.779528 -0.536593
vn 0.452970 0.452970 -0.767808
vn 0.596594 0.596594 -0.536593
vn 1.000000 0.000000 0.000000
vn 0.923854 0.382683 0.000000
vn 0.923854 0.382683 0.000000
vn 1.000000 0.000000 0.000000
vn 0.923854 -0.382683 0.000000
vn 0.923854 -0.382683 0.000000
vn 0.707044 -0.707044 0.000000
vn 0.707044 -0.707044 0.000000
vn 0.382653 -0.923854 0.000000
vn 0.382653 -0.923854 0.000000
vn 0.000000 -1.000000 0.000000
vn 0.000000 -1.000000 0.000000
vn -0.382683 -0.923854 0.000000
vn -0.382683 -0.923854 0.000000
vn -0.707044 -0.707044 0.000000
vn -0.707044 -0.707044 0.000000
vn -0.923854 -0.382683 0.000000
vn -0.923854 -0.382683 0.000000
vn -1.000000 0.000000 0.000000
vn -1.000000 0.000000 0.000000
vn -0.923854 0.382683 0.000000
vn -0.923854 0.382683 0.000000
vn -0.707044 0.707044 0.000000
vn -0.707044 0.707044 0.000000
vn -0.382653 0.923854 0.000000
vn -0.382653 0.923854 0.000000
vn 0.000000 1.000000 0.000000
vn 0.000000 1.000000 0.000000
vn 0.382683 0.923854 0.000000
vn 0.382683 0.923854 0.000000
vn 0.707044 0.707044 0.000000
vn 0.707044 0.707044 0.000000
vn 1.000000 0.000000 0.000000
vn 0.923854 0.382683 0.000000
vn 0.923854 0.382683 0.000000
vn 1.000000 0.000000 0.000000
vn 0.923854 -0.382653 0.000000
vn 0.923854 -0.382653 0.000000
vn 0.707044 -0.707044 0.000000
vn 0.707044 -0.707044 0.000000
vn 0.382683 -0.923854 0.000000
vn 0.382683 -0.923854 0.000000
vn 0.000000 -1.000000 0.000000
vn 0.000000 -1.000000 0.000000
vn -0.382683 -0.923854 0.000000
vn -0.382683 -0.923854 0.000000
vn -0.707044 -0.707044 0.000000
vn -0.707044 -0.707044 0.000000
vn -0.923854 -0.382683 0.000000
vn -0.923854 -0.382683 0.000000
vn -1.000000 0.000000 0.000000
vn -1.000000 0.000000 0.000000
vn -0.923854 0.382683 0.000000
vn -0.923854 0.382683 0.000000
vn -0.707044 0.707044 0.000000
vn -0.707044 0.707044 0.000000
vn -0.382683 0.923854 0.000000
vn -0.382683 0.923854 0.000000
vn 0.000000 1.000000 0.000000
vn 0.000000 1.000000 0.000000
vn 0.382683 0.923854 0.000000
vn 0.382683 0.923854 0.000000
vn 0.707044 0.707044 0.000000
vn 0.707044 0.707044 0.000000
vn 0.923854 0.382683 0.000000
vn 1.000000 0.000000 0.000000
vn 0.923854 -0.382683 0.000000
vn 0.707044 -0.707044 0.000000
vn 0.382683 -0.923854 0.000000
vn 0.000000 -1.000000 0.000000
vn -0.382683 -0.923854 0.000000
vn -0.707044 -0.707044 0.000000
vn -0.923854 -0.382653 0.000000
vn -1.000000 0.000000 0.000000
vn -0.923854 0.382683 0.000000
vn -0.707044 0.707044 0.000000
vn -0.382653 0.923854 0.000000
vn 0.000000 1.000000 0.000000
vn 0.382683 0.923854 0.000000
vn 0.707044 0.707044 0.000000
vn 1.000000 0.000000 0.000000
vn 0.923854 0.382683 0.000000
vn 0.923854 -0.382683 0.000000
vn 0.707044 -0.707044 0.000000
vn 0.382683 -0.923854 0.000000
vn 0.000000 -1.000000 0.000000
vn -0.382683 -0.923854 0.000000
vn -0.707044 -0.707044 0.000000
vn -0.923854 -0.382653 0.000000
vn -1.000000 0.000000 0.000000
vn -0.923854 0.382683 0.000000
vn -0.707044 0.707044 0.000000
vn -0.382683 0.923854 0.000000
vn 0.000000 1.000000 0.000000
vn 0.382683 0.923854 0.000000
vn 0.707044 0.707044 0.000000
vn 1.000000 0.000000 0.000000
vn 0.923854 0.382683 0.000000
vn 0.923854 0.382683 0.000000
vn 1.000000 0.000000 0.000000
vn 0.923854 -0.382683 0.000000
vn 0.923854 -0.382683 0.000000
vn 0.707044 -0.707044 0.000000
vn 0.707044 -0.707044 0.000000
vn 0.382653 -0.923854 0.000000
vn 0.382653 -0.923854 0.000000
vn 0.000000 -1.000000 0.000000
vn 0.000000 -1.000000 0.000000
vn -0.382683 -0.923854 0.000000
vn -0.382683 -0.923854 0.000000
vn -0.707044 -0.707044 0.000000
vn -0.707044 -0.707044 0.000000
vn -0.923854 -0.382683 0.000000
vn -0.923854 -0.382683 0.000000
vn -1.000000 0.000000 0.000000
vn -1.000000 0.000000 0.000000
vn -0.923854 0.382683 0.000000
vn -0.923854 0.382683 0.000000
vn -0.707044 0.707044 0.000000
vn -0.707044 0.707044 0.000000
vn -0.382653 0.923854 0.000000
vn -0.382653 0.923854 0.000000
vn 0.000000 1.000000 0.000000
vn 0.000000 1.000000 0.000000
vn 0.382683 0.923854 0.000000
vn 0.382683 0.923854 0.000000
vn 0.707044 0.707044 0.000000
vn 0.707044 0.707044 0.000000
vn 0.000000 0.000000 1.000000
vn 0.000000 0.000000 1.000000
vn 0.000000 0.000000 1.000000
vn 0.000000 0.000000 1.000000
vn 0.000000 0.000000 -1.000000
vn 0.000000 0.000000 -1.000000
vn 0.000000 0.000000 -1.000000
vn 0.000000 0.000000 -1.000000
vn 0.000000 0.000000 1.000000
vn 0.000000 0.000000 1.000000
vn 0.000000 0.000000 -1.000000
vn 0.000000 0.000000 -1.000000
vn 0.000000 0.000000 1.000000
vn 0.000000 0.000000 1.000000
vn 0.000000 0.000000 -1.000000
vn 0.000000 0.000000 -1.000000
vn 0.000000 0.000000 1.000000
vn 0.000000 0.000000 1.000000
vn 0.000000 0.000000 -1.000000
vn 0.000000 0.000000 -1.000000
vn 0.000000 0.000000 1.000000
vn 0.000000 0.000000 1.000000
vn 0.000000 0.000000 -1.000000
vn 0.000000 0.000000 -1.000000
vn 0.000000 0.000000 1.000000
vn 0.000000 0.000000 1.000000
vn 0.000000 0.000000 -1.000000
vn 0.000000 0.000000 -1.000000
vn 0.000000 0.000000 1.000000
vn 0.000000 0.000000 1.000000
vn 0.000000 0.000000 -1.000000
vn 0.000000 0.000000 -1.000000
vn 0.000000 0.000000 1.000000
vn 0.000000 0.000000 1.000000
vn 0.000000 0.000000 -1.000000
vn 0.000000 0.000000 -1.000000
vn 0.000000 0.000000 1.000000
vn 0.000000 0.000000 1.000000
vn 0.000000 0.000000 -1.000000
vn 0.000000 0.000000 -1.000000
vn 0.000000 0.000000 1.000000
vn 0.000000 0.000000 1.000000
vn 0.000000 0.000000 -1.000000
vn 0.000000 0.000000 -1.000000
vn 0.000000 0.000000 1.000000
vn 0.000000 0.000000 1.000000
vn 0.000000 0.000000 -1.000000
vn 0.000000 0.000000 -1.000000
vn 0.000000 0.000000 1.000000
vn 0.000000 0.000000 1.000000
vn 0.000000 0.000000 -1.000000
vn 0.000000 0.000000 -1.000000
vn 0.000000 0.000000 1.000000
vn 0.000000 0.000000 1.000000
vn 0.000000 0.000000 -1.000000
vn 0.000000 0.000000 -1.000000
vn 0.000000 0.000000 1.000000
vn 0.000000 0.000000 1.000000
vn 0.000000 0.000000 -1.000000
vn 0.000000 0.000000 -1.000000
vn 0.000000 0.000000 1.000000
vn 0.000000 0.000000 1.000000
vn 0.000000 0.000000 -1.000000
vn 0.000000 0.000000 -1.000000
vn 0.923854 0.382683 0.000000
vn 1.000000 0.000000 0.000000
vn 0.923854 -0.382683 0.000000
vn 0.707044 -0.707044 0.000000
vn 0.382683 -0.923854 0.000000
vn 0.000000 -1.000000 0.000000
vn -0.382683 -0.923854 0.000000
vn -0.707044 -0.707044 0.000000
vn -0.923854 -0.382683 0.000000
vn -1.000000 0.000000 0.000000
vn -0.923854 0.382683 0.000000
vn -0.707044 0.707044 0.000000
vn -0.382653 0.923854 0.000000
vn 0.000000 1.000000 0.000000
vn 0.382683 0.923854 0.000000
vn 0.707044 0.707044 0.000000
vn 0.000000 0.000000 1.000000
vn 0.000000 0.000000 1.000000
vn 0.000000 0.000000 1.000000
vn 0.000000 0.000000 1.000000
vn 0.000000 0.000000 -1.000000
vn 0.000000 0.000000 -1.000000
vn 0.000000 0.000000 -1.000000
vn 0.000000 0.000000 -1.000000
vn 0.000000 0.000000 1.000000
vn 0.000000 0.000000 1.000000
vn 0.000000 0.000000 -1.000000
vn 0.000000 0.000000 -1.000000
vn 0.000000 0.000000 1.000000
vn 0.000000 0.000000 1.000000
vn 0.000000 0.000000 -1.000000
vn 0.000000 0.000000 -1.000000
vn 0.000000 0.000000 1.000000
vn 0.000000 0.000000 1.000000
vn 0.000000 0.000000 -1.000000
vn 0.000000 0.000000 -1.000000
vn 0.000000 0.000000 1.000000
vn 0.000000 0.000000 1.000000
vn 0.000000 0.000000 -1.000000
vn 0.000000 0.000000 -1.000000
vn 0.000000 0.000000 1.000000
vn 0.000000 0.000000 1.000000
vn 0.000000 0.000000 -1.000000
vn 0.000000 0.000000 -1.000000
vn 0.000000 0.000000 1.000000
vn 0.000000 0.000000 1.000000
vn 0.000000 0.000000 -1.000000
vn 0.000000 0.000000 -1.000000
vn 0.000000 0.000000 1.000000
vn 0.000000 0.000000 1.000000
vn 0.000000 0.000000 -1.000000
vn 0.000000 0.000000 -1.000000
vn 0.000000 0.000000 1.000000
vn 0.000000 0.000000 1.000000
vn 0.000000 0.000000 -1.000000
vn 0.000000 0.000000 -1.000000
vn 0.000000 0.000000 1.000000
vn 0.000000 0.000000 1.000000
vn 0.000000 0.000000 -1.000000
vn 0.000000 0.000000 -1.000000
vn 0.000000 0.000000 1.000000
vn 0.000000 0.000000 1.000000
vn 0.000000 0.000000 -1.000000
vn 0.000000 0.000000 -1.000000
vn 0.000000 0.000000 1.000000
vn 0.000000 0.000000 1.000000
vn 0.000000 0.000000 -1.000000
vn 0.000000 0.000000 -1.000000
vn 0.000000 0.000000 1.000000
vn 0.000000 0.000000 1.000000
vn 0.000000 0.000000 -1.000000
vn 0.000000 0.000000 -1.000000
vn 0.000000 0.000000 1.000000
vn 0.000000 0.000000 1.000000
vn 0.000000 0.000000 -1.000000
vn 0.000000 0.000000 -1.000000
vn 0.000000 0.000000 1.000000
vn 0.000000 0.000000 1.000000
vn 0.000000 0.000000 -1.000000
vn 0.000000 0.000000 -1.000000
vn 1.000000 0.000000 0.000000
vn 0.923854 0.382683 0.000000
vn 0.923854 -0.382683 0.000000
vn 0.707044 -0.707044 0.000000
vn 0.382683 -0.923854 0.000000
vn 0.000000 -1.000000 0.000000
vn -0.382683 -0.923854 0.000000
vn -0.707044 -0.707044 0.000000
vn -0.923854 -0.382683 0.000000
vn -1.000000 0.000000 0.000000
vn -0.923854 0.382683 0.000000
vn -0.707044 0.707044 0.000000
vn -0.382683 0.923854 0.000000
vn 0.000000 1.000000 0.000000
vn 0.382683 0.923854 0.000000
vn 0.707044 0.707044 0.000000
vn 0.000000 0.000000 1.000000
vn 0.000000 0.000000 1.000000
vn 0.000000 0.000000 1.000000
vn 0.000000 0.000000 1.000000
vn 0.000000 0.000000 -1.000000
vn 0.000000 0.000000 -1.000000
vn 0.000000 0.000000 -1.000000
vn 0.000000 0.000000 -1.000000
vn 0.000000 0.000000 1.000000
vn 0.000000 0.000000 1.000000
vn 0.000000 0.000000 -1.000000
vn 0.000000 0.000000 -1.000000
vn 0.000000 0.000000 1.000000
vn 0.000000 0.000000 1.000000
vn 0.000000 0.000000 -1.000000
vn 0.000000 0.000000 -1.000000
vn 0.000000 0.000000 1.000000
vn 0.000000 0.000000 1.000000
vn 0.000000 0.000000 -1.000000
vn 0.000000 0.000000 -1.000000
vn 0.000000 0.000000 1.000000
vn 0.000000 0.000000 1.000000
vn 0.000000 0.000000 -1.000000
vn 0.000000 0.000000 -1.000000
vn 0.000000 0.000000 1.000000
vn 0.000000 0.000000 1.000000
vn 0.000000 0.000000 -1.000000
vn 0.000000 0.000000 -1.000000
vn 0.000000 0.000000 1.000000
vn 0.000000 0.000000 1.000000
vn 0.000000 0.000000 -1.000000
vn 0.000000 0.000000 -1.000000
vn 0.000000 0.000000 1.000000
vn 0.000000 0.000000 1.000000
vn 0.000000 0.000000 -1.000000
vn 0.000000 0.000000 -1.000000
vn 0.000000 0.000000 1.000000
vn 0.000000 0.000000 1.000000
vn 0.000000 0.000000 -1.000000
vn 0.000000 0.000000 -1.000000
vn 0.000000 0.000000 1.000000
vn 0.000000 0.000000 1.000000
vn 0.000000 0.000000 -1.000000
vn 0.000000 0.000000 -1.000000
vn 0.000000 0.000000 1.000000
vn 0.000000 0.000000 1.000000
vn 0.000000 0.000000 -1.000000
vn 0.000000 0.000000 -1.000000
vn 0.000000 0.000000 1.000000
vn 0.000000 0.000000 1.000000
vn 0.000000 0.000000 -1.000000
vn 0.000000 0.000000 -1.000000
vn 0.000000 0.000000 1.000000
vn 0.000000 0.000000 1.000000
vn 0.000000 0.000000 -1.000000
vn 0.000000 0.000000 -1.000000
vn 0.000000 0.000000 1.000000
vn 0.000000 0.000000 1.000000
vn 0.000000 0.000000 -1.000000
vn 0.000000 0.000000 -1.000000
vn 0.000000 0.000000 1.000000
vn 0.000000 0.000000 1.000000
vn 0.000000 0.000000 -1.000000
vn 0.000000 0.000000 -1.000000
vn 0.000000 0.000000 -1.000000
vn 0.000000 0.000000 -1.000000
vn 0.000000 0.000000 -1.000000
vn 0.000000 0.000000 -1.000000
vn 0.000000 0.000000 -1.000000
vn 0.000000 0.000000 -1.000000
vn 0.000000 0.000000 -1.000000
vn 0.000000 0.000000 -1.000000
vn 0.000000 0.000000 -1.000000
vn 0.000000 0.000000 -1.000000
vn 0.000000 0.000000 -1.000000
vn 0.000000 0.000000 -1.000000
vn 0.000000 0.000000 -1.000000
vn 0.000000 0.000000 -1.000000
vn 0.000000 0.000000 -1.000000
vn 0.000000 0.000000 -1.000000
vn 0.000000 0.000000 -1.000000
vn 0.000000 0.000000 -1.000000
vn 0.000000 0.000000 -1.000000
vn 0.000000 0.000000 -1.000000
vn 0.000000 0.000000 -1.000000
vn 0.000000 0.000000 -1.000000
vn 0.000000 0.000000 -1.000000
vn 0.000000 0.000000 -1.000000
vn 0.000000 0.000000 -1.000000
vn 0.000000 0.000000 -1.000000
vn 0.000000 0.000000 -1.000000
vn 0.000000 0.000000 -1.000000
vn 0.000000 0.000000 -1.000000
vn 0.000000 0.000000 -1.000000
vn 0.000000 0.000000 -1.000000
vn 0.000000 0.000000 -1.000000
vn -0.707044 -0.707044 0.000000
vn -0.923854 -0.382653 0.000000
vn -0.923854 -0.382653 0.000000
vn -0.707044 -0.707044 0.000000
vn -0.382683 -0.923854 0.000000
vn -0.382683 -0.923854 0.000000
vn 0.000000 -1.000000 0.000000
vn 0.000000 -1.000000 0.000000
vn 0.382683 -0.923854 0.000000
vn 0.382683 -0.923854 0.000000
vn 0.707044 -0.707044 0.000000
vn 0.707044 -0.707044 0.000000
vn 0.923854 -0.382683 0.000000
vn 0.923854 -0.382683 0.000000
vn 1.000000 0.000000 0.000000
vn 1.000000 0.000000 0.000000
vn 0.923854 0.382683 0.000000
vn 0.923854 0.382683 0.000000
vn 0.707044 0.707044 0.000000
vn 0.707044 0.707044 0.000000
vn 0.382683 0.923854 0.000000
vn 0.382683 0.923854 0.000000
vn 0.000000 1.000000 0.000000
vn 0.000000 1.000000 0.000000
vn -0.382683 0.923854 0.000000
vn -0.382683 0.923854 0.000000
vn -0.707044 0.707044 0.000000
vn -0.707044 0.707044 0.000000
vn -0.923854 0.382653 0.000000
vn -0.923854 0.382653 0.000000
vn -1.000000 0.000000 0.000000
vn -1.000000 0.000000 0.000000
vn -0.775163 0.321065 -0.544070
vn -0.836568 0.346548 -0.424098
vn -0.640328 0.640328 -0.424098
vn -0.593267 0.593267 -0.544070
vn -0.346548 0.836568 -0.424098
vn -0.321065 0.775163 -0.544070
vn 0.000000 0.905573 -0.424068
vn 0.000000 0.839010 -0.544070
vn 0.346548 0.836568 -0.424098
vn 0.321065 0.775163 -0.544070
vn 0.640328 0.640328 -0.424098
vn 0.593267 0.593267 -0.544070
vn 0.836568 0.346548 -0.424098
vn 0.775163 0.321065 -0.544070
vn 0.905573 0.000000 -0.424098
vn 0.839010 0.000000 -0.544070
vn 0.836568 -0.346548 -0.424098
vn 0.775163 -0.321065 -0.544070
vn 0.640328 -0.640328 -0.424098
vn 0.593267 -0.593267 -0.544070
vn 0.346548 -0.836568 -0.424098
vn 0.321065 -0.775163 -0.544070
vn 0.000000 -0.905573 -0.424068
vn 0.000000 -0.839010 -0.544070
vn -0.346548 -0.836568 -0.424098
vn -0.321065 -0.775163 -0.544070
vn -0.640328 -0.640328 -0.424098
vn -0.593267 -0.593267 -0.544070
vn -0.836568 -0.346548 -0.424098
vn -0.775163 -0.321065 -0.544070
vn -0.905573 0.000000 -0.424098
vn -0.839010 0.000000 -0.544070
vn 0.000000 0.000000 -1.000000
vn 0.000000 0.000000 -1.000000
vn 0.000000 0.000000 -1.000000
vn 0.000000 0.000000 -1.000000
vn 0.000000 0.000000 -1.000000
vn 0.000000 0.000000 -1.000000
vn 0.000000 0.000000 -1.000000
vn 0.000000 0.000000 -1.000000
vn 0.000000 0.000000 -1.000000
vn 0.000000 0.000000 -1.000000
vn 0.000000 0.000000 -1.000000
vn 0.000000 0.000000 -1.000000
vn 0.000000 0.000000 -1.000000
vn 0.000000 0.000000 -1.000000
vn 0.000000 0.000000 -1.000000
vn 0.000000 0.000000 -1.000000
vn 0.000000 0.000000 -1.000000
vn 0.000000 0.000000 1.000000
vn 0.000000 0.000000 1.000000
vn 0.000000 0.000000 1.000000
vn 0.000000 0.000000 1.000000
vn 0.000000 0.000000 1.000000
vn 0.000000 0.000000 1.000000
vn 0.000000 0.000000 1.000000
vn 0.000000 0.000000 1.000000
vn 0.000000 0.000000 1.000000
vn 0.000000 0.000000 1.000000
vn 0.000000 0.000000 1.000000
vn 0.000000 0.000000 1.000000
vn 0.000000 0.000000 1.000000
vn 0.000000 0.000000 1.000000
vn 0.000000 0.000000 1.000000
vn 0.000000 0.000000 1.000000
vn 0.000000 0.000000 1.000000
vn -0.941616 0.000000 0.336446
vn -0.911036 0.000000 0.412104
vn -0.841726 0.348624 0.412104
vn -0.869926 0.360343 0.336446
vn -0.869926 -0.360343 0.336446
vn -0.841726 -0.348624 0.412104
vn -0.665873 -0.665873 0.336446
vn -0.644235 -0.644235 0.412104
vn -0.360343 -0.869926 0.336446
vn -0.348624 -0.841726 0.412104
vn 0.000000 -0.941616 0.336446
vn 0.000000 -0.911036 0.412104
vn 0.360343 -0.869926 0.336446
vn 0.348624 -0.841726 0.412104
vn 0.665873 -0.665873 0.336446
vn 0.644235 -0.644235 0.412104
vn 0.869926 -0.360343 0.336446
vn 0.841726 -0.348624 0.412104
vn 0.941616 0.000000 0.336446
vn 0.911036 0.000000 0.412104
vn 0.869926 0.360343 0.336446
vn 0.841726 0.348624 0.412104
vn 0.665873 0.665873 0.336446
vn 0.644235 0.644235 0.412104
vn 0.360343 0.869926 0.336446
vn 0.348624 0.841726 0.412104
vn 0.000000 0.941616 0.336446
vn 0.000000 0.911036 0.412104
vn -0.360343 0.869926 0.336446
vn -0.348624 0.841726 0.412104
vn -0.665873 0.665873 0.336446
vn -0.644235 0.644235 0.412104
vn 0.000000 0.000000 1.000000
vn 0.000000 0.000000 1.000000
vn 0.000000 0.000000 1.000000
vn 0.000000 0.000000 1.000000
vn 0.000000 0.000000 1.000000
vn 0.000000 0.000000 1.000000
vn 0.000000 0.000000 1.000000
vn 0.000000 0.000000 1.000000
vn 0.000000 0.000000 1.000000
vn 0.000000 0.000000 1.000000
vn 0.000000 0.000000 1.000000
vn 0.000000 0.000000 1.000000
vn 0.000000 0.000000 1.000000
vn 0.000000 0.000000 1.000000
vn 0.000000 0.000000 1.000000
vn 0.000000 0.000000 1.000000
vn 0.000000 0.000000 1.000000
vn 0.000000 0.000000 1.000000
vn 0.000000 0.000000 1.000000
vn 0.000000 0.000000 1.000000
vn 0.000000 0.000000 1.000000
vn 0.000000 0.000000 1.000000
vn 0.000000 0.000000 1.000000
vn 0.000000 0.000000 1.000000
vn 0.000000 0.000000 1.000000
vn 0.000000 0.000000 1.000000
vn 0.000000 0.000000 1.000000
vn 0.000000 0.000000 1.000000
vn 0.000000 0.000000 1.000000
vn 0.000000 0.000000 1.000000
vn 0.000000 0.000000 1.000000
vn 0.000000 0.000000 1.000000
vn 0.000000 0.000000 1.000000
vn 0.000000 0.000000 1.000000
vn 0.000000 0.000000 1.000000
vn 0.000000 0.000000 1.000000
vn 0.000000 0.000000 1.000000
vn 0.000000 0.000000 1.000000
vn 0.000000 0.000000 1.000000
vn 0.000000 0.000000 1.000000
vn 0.000000 0.000000 1.000000
vn 0.000000 0.000000 1.000000
vn 0.000000 0.000000 1.000000
vn 0.000000 0.000000 1.000000
vn 0.000000 0.000000 1.000000
vn 0.000000 0.000000 1.000000
vn 0.000000 0.000000 1.000000
vn 0.000000 0.000000 1.000000
vn 0.000000 0.000000 1.000000
vn 0.000000 0.000000 1.000000
vn 0.000000 0.000000 1.000000
vn 0.000000 0.000000 1.000000
vn 0.000000 0.000000 1.000000
vn 0.000000 0.000000 1.000000
vn 0.000000 0.000000 1.000000
vn 0.000000 0.000000 1.000000
vn 0.000000 0.000000 1.000000
vn 0.000000 0.000000 1.000000
vn 0.000000 0.000000 1.000000
vn 0.000000 0.000000 1.000000
vn 0.000000 0.000000 1.000000
vn 0.000000 0.000000 1.000000
vn 0.000000 0.000000 1.000000
vn 0.000000 0.000000 1.000000
vn 0.923854 -0.382653 0.000000
vn 0.923854 -0.382653 0.000000
vn 0.707044 -0.707044 0.000000
vn 0.707044 -0.707044 0.000000
vn 0.382683 -0.923854 0.000000
vn 0.382683 -0.923854 0.000000
vn 0.000000 -1.000000 0.000000
vn 0.000000 -1.000000 0.000000
vn -0.382683 -0.923854 0.000000
vn -0.382683 -0.923854 0.000000
vn -0.707044 -0.707044 0.000000
vn -0.707044 -0.707044 0.000000
vn -0.923854 -0.382653 0.000000
vn -0.923854 -0.382653 0.000000
vn -1.000000 0.000000 0.000000
vn -1.000000 0.000000 0.000000
vn -0.923854 0.382653 0.000000
vn -0.923854 0.382653 0.000000
vn -0.707044 0.707044 0.000000
vn -0.707044 0.707044 0.000000
vn -0.382683 0.923854 0.000000
vn -0.382683 0.923854 0.000000
vn 0.000000 1.000000 0.000000
vn 0.000000 1.000000 0.000000
vn 0.382683 0.923854 0.000000
vn 0.382683 0.923854 0.000000
vn 0.707044 0.707044 0.000000
vn 0.707044 0.707044 0.000000
vn 0.923854 0.382653 0.000000
vn 0.923854 0.382653 0.000000
vn 1.000000 0.000000 0.000000
vn 1.000000 0.000000 0.000000
vn -0.847677 0.000000 0.530458
vn -0.675548 0.000000 0.737228
vn -0.624123 0.258500 0.737228
vn -0.783159 0.324330 0.530458
vn -0.783159 -0.324330 0.530458
vn -0.624092 -0.258500 0.737228
vn -0.599402 -0.599402 0.530458
vn -0.477599 -0.477599 0.737228
vn -0.324330 -0.783159 0.530458
vn -0.258500 -0.624123 0.737228
vn 0.000000 -0.847677 0.530458
vn 0.000000 -0.675548 0.737228
vn 0.324330 -0.783159 0.530458
vn 0.258500 -0.624123 0.737228
vn 0.599402 -0.599402 0.530458
vn 0.477599 -0.477599 0.737228
vn 0.783159 -0.324330 0.530458
vn 0.624123 -0.258500 0.737228
vn 0.847677 0.000000 0.530458
vn 0.675548 0.000000 0.737228
vn 0.783159 0.324330 0.530458
vn 0.624123 0.258500 0.737228
vn 0.599402 0.599402 0.530458
vn 0.477599 0.477599 0.737228
vn 0.324330 0.783159 0.530458
vn 0.258500 0.624123 0.737228
vn 0.000000 0.847677 0.530458
vn 0.000000 0.675548 0.737228
vn -0.324330 0.783159 0.530458
vn -0.258500 0.624123 0.737228
vn -0.599402 0.599402 0.530458
vn -0.477599 0.477599 0.737228
vn -0.640603 0.000000 -0.767808
vn -0.843771 0.000000 -0.536593
vn -0.779528 0.322896 -0.536593
vn -0.591802 0.245102 -0.767808
vn -0.591802 -0.245102 -0.767808
vn -0.779528 -0.322896 -0.536593
vn -0.452970 -0.452970 -0.767808
vn -0.596594 -0.596594 -0.536593
vn -0.245102 -0.591802 -0.767808
vn -0.322896 -0.779528 -0.536593
vn 0.000000 -0.640603 -0.767808
vn 0.000000 -0.843771 -0.536593
vn 0.245102 -0.591802 -0.767808
vn 0.322896 -0.779528 -0.536593
vn 0.452970 -0.452970 -0.767808
vn 0.596594 -0.596594 -0.536593
vn 0.591802 -0.245102 -0.767808
vn 0.779528 -0.322896 -0.536593
vn 0.640603 0.000000 -0.767808
vn 0.843771 0.000000 -0.536593
vn 0.591802 0.245102 -0.767808
vn 0.779528 0.322896 -0.536593
vn 0.452970 0.452970 -0.767808
vn 0.596594 0.596594 -0.536593
vn 0.245102 0.591802 -0.767808
vn 0.322896 0.779528 -0.536593
vn 0.000000 0.640573 -0.767808
vn 0.000000 0.843771 -0.536593
vn -0.245102 0.591802 -0.767808
vn -0.322896 0.779528 -0.536593
vn -0.452970 0.452970 -0.767808
vn -0.596594 0.596594 -0.536593
vn -1.000000 0.000000 0.000000
vn -1.000000 0.000000 0.000000
vn -0.923854 0.382683 0.000000
vn -0.923854 0.382683 0.000000
vn -0.923854 -0.382683 0.000000
vn -0.923854 -0.382683 0.000000
vn -0.707044 -0.707044 0.000000
vn -0.707044 -0.707044 0.000000
vn -0.382653 -0.923854 0.000000
vn -0.382653 -0.923854 0.000000
vn 0.000000 -1.000000 0.000000
vn 0.000000 -1.000000 0.000000
vn 0.382683 -0.923854 0.000000
vn 0.382683 -0.923854 0.000000
vn 0.707044 -0.707044 0.000000
vn 0.707044 -0.707044 0.000000
vn 0.923854 -0.382683 0.000000
vn 0.923854 -0.382683 0.000000
vn 1.000000 0.000000 0.000000
vn 1.000000 0.000000 0.000000
vn 0.923854 0.382683 0.000000
vn 0.923854 0.382683 0.000000
vn 0.707044 0.707044 0.000000
vn 0.707044 0.707044 0.000000
vn 0.382653 0.923854 0.000000
vn 0.382653 0.923854 0.000000
vn 0.000000 1.000000 0.000000
vn 0.000000 1.000000 0.000000
vn -0.382683 0.923854 0.000000
vn -0.382683 0.923854 0.000000
vn -0.707044 0.707044 0.000000
vn -0.707044 0.707044 0.000000
vn -1.000000 0.000000 0.000000
vn -1.000000 0.000000 0.000000
vn -0.923854 0.382653 0.000000
vn -0.923854 0.382653 0.000000
vn -0.923854 -0.382653 0.000000
vn -0.923854 -0.382653 0.000000
vn -0.707044 -0.707044 0.000000
vn -0.707044 -0.707044 0.000000
vn -0.382683 -0.923854 0.000000
vn -0.382683 -0.923854 0.000000
vn 0.000000 -1.000000 0.000000
vn 0.000000 -1.000000 0.000000
vn 0.382683 -0.923854 0.000000
vn 0.382683 -0.923854 0.000000
vn 0.707044 -0.707044 0.000000
vn 0.707044 -0.707044 0.000000
vn 0.923854 -0.382683 0.000000
vn 0.923854 -0.382683 0.000000
vn 1.000000 0.000000 0.000000
vn 1.000000 0.000000 0.000000
vn 0.923854 0.382683 0.000000
vn 0.923854 0.382683 0.000000
vn 0.707044 0.707044 0.000000
vn 0.707044 0.707044 0.000000
vn 0.382683 0.923854 0.000000
vn 0.382683 0.923854 0.000000
vn 0.000000 1.000000 0.000000
vn 0.000000 1.000000 0.000000
vn -0.382683 0.923854 0.000000
vn -0.382683 0.923854 0.000000
vn -0.707044 0.707044 0.000000
vn -0.707044 0.707044 0.000000
vn -1.000000 0.000000 0.000000
vn -0.923854 0.382683 0.000000
vn -0.923854 -0.382683 0.000000
vn -0.707044 -0.707044 0.000000
vn -0.382683 -0.923854 0.000000
vn 0.000000 -1.000000 0.000000
vn 0.382683 -0.923854 0.000000
vn 0.707044 -0.707044 0.000000
vn 0.923854 -0.382653 0.000000
vn 1.000000 0.000000 0.000000
vn 0.923854 0.382683 0.000000
vn 0.707044 0.707044 0.000000
vn 0.382653 0.923854 0.000000
vn 0.000000 1.000000 0.000000
vn -0.382683 0.923854 0.000000
vn -0.707044 0.707044 0.000000
vn -1.000000 0.000000 0.000000
vn -0.923854 0.382683 0.000000
vn -0.923854 -0.382683 0.000000
vn -0.707044 -0.707044 0.000000
vn -0.382683 -0.923854 0.000000
vn 0.000000 -1.000000 0.000000
vn 0.382683 -0.923854 0.000000
vn 0.707044 -0.707044 0.000000
vn 0.923854 -0.382653 0.000000
vn 1.000000 0.000000 0.000000
vn 0.923854 0.382683 0.000000
vn 0.707044 0.707044 0.000000
vn 0.382683 0.923854 0.000000
vn 0.000000 1.000000 0.000000
vn -0.382683 0.923854 0.000000
vn -0.707044 0.707044 0.000000
vn -1.000000 0.000000 0.000000
vn -1.000000 0.000000 0.000000
vn -0.923854 0.382683 0.000000
vn -0.923854 0.382683 0.000000
vn -0.923854 -0.382683 0.000000
vn -0.923854 -0.382683 0.000000
vn -0.707044 -0.707044 0.000000
vn -0.707044 -0.707044 0.000000
vn -0.382653 -0.923854 0.000000
vn -0.382653 -0.923854 0.000000
vn 0.000000 -1.000000 0.000000
vn 0.000000 -1.000000 0.000000
vn 0.382683 -0.923854 0.000000
vn 0.382683 -0.923854 0.000000
vn 0.707044 -0.707044 0.000000
vn 0.707044 -0.707044 0.000000
vn 0.923854 -0.382683 0.000000
vn 0.923854 -0.382683 0.000000
vn 1.000000 0.000000 0.000000
vn 1.000000 0.000000 0.000000
vn 0.923854 0.382683 0.000000
vn 0.923854 0.382683 0.000000
vn 0.707044 0.707044 0.000000
vn 0.707044 0.707044 0.000000
vn 0.382653 0.923854 0.000000
vn 0.382653 0.923854 0.000000
vn 0.000000 1.000000 0.000000
vn 0.000000 1.000000 0.000000
vn -0.382683 0.923854 0.000000
vn -0.382683 0.923854 0.000000
vn -0.707044 0.707044 0.000000
vn -0.707044 0.707044 0.000000
vn 0.000000 0.000000 1.000000
vn 0.000000 0.000000 1.000000
vn 0.000000 0.000000 1.000000
vn 0.000000 0.000000 1.000000
vn 0.000000 0.000000 -1.000000
vn 0.000000 0.000000 -1.000000
vn 0.000000 0.000000 -1.000000
vn 0.000000 0.000000 -1.000000
vn 0.000000 0.000000 1.000000
vn 0.000000 0.000000 1.000000
vn 0.000000 0.000000 -1.000000
vn 0.000000 0.000000 -1.000000
vn 0.000000 0.000000 1.000000
vn 0.000000 0.000000 1.000000
vn 0.000000 0.000000 -1.000000
vn 0.000000 0.000000 -1.000000
vn 0.000000 0.000000 1.000000
vn 0.000000 0.000000 1.000000
vn 0.000000 0.000000 -1.000000
vn 0.000000 0.000000 -1.000000
vn 0.000000 0.000000 1.000000
vn 0.000000 0.000000 1.000000
vn 0.000000 0.000000 -1.000000
vn 0.000000 0.000000 -1.000000
vn 0.000000 0.000000 1.000000
vn 0.000000 0.000000 1.000000
vn 0.000000 0.000000 -1.000000
vn 0.000000 0.000000 -1.000000
vn 0.000000 0.000000 1.000000
vn 0.000000 0.000000 1.000000
vn 0.000000 0.000000 -1.000000
vn 0.000000 0.000000 -1.000000
vn 0.000000 0.000000 1.000000
vn 0.000000 0.000000 1.000000
vn 0.000000 0.000000 -1.000000
vn 0.000000 0.000000 -1.000000
vn 0.000000 0.000000 1.000000
vn 0.000000 0.000000 1.000000
vn 0.000000 0.000000 -1.000000
vn 0.000000 0.000000 -1.000000
vn 0.000000 0.000000 1.000000
vn 0.000000 0.000000 1.000000
vn 0.000000 0.000000 -1.000000
vn 0.000000 0.000000 -1.000000
vn 0.000000 0.000000 1.000000
vn 0.000000 0.000000 1.000000
vn 0.000000 0.000000 -1.000000
vn 0.000000 0.000000 -1.000000
vn 0.000000 0.000000 1.000000
vn 0.000000 0.000000 1.000000
vn 0.000000 0.000000 -1.000000
vn 0.000000 0.000000 -1.000000
vn 0.000000 0.000000 1.000000
vn 0.000000 0.000000 1.000000
vn 0.000000 0.000000 -1.000000
vn 0.000000 0.000000 -1.000000
vn 0.000000 0.000000 1.000000
vn 0.000000 0.000000 1.000000
vn 0.000000 0.000000 -1.000000
vn 0.000000 0.000000 -1.000000
vn 0.000000 0.000000 1.000000
vn 0.000000 0.000000 1.000000
vn 0.000000 0.000000 -1.000000
vn 0.000000 0.000000 -1.000000
vn -1.000000 0.000000 0.000000
vn -0.923854 0.382683 0.000000
vn -0.923854 -0.382683 0.000000
vn -0.707044 -0.707044 0.000000
vn -0.382683 -0.923854 0.000000
vn 0.000000 -1.000000 0.000000
vn 0.382683 -0.923854 0.000000
vn 0.707044 -0.707044 0.000000
vn 0.923854 -0.382653 0.000000
vn 1.000000 0.000000 0.000000
vn 0.923854 0.382653 0.000000
vn 0.707044 0.707044 0.000000
vn 0.382653 0.923854 0.000000
vn 0.000000 1.000000 0.000000
vn -0.382683 0.923854 0.000000
vn -0.707044 0.707044 0.000000
vn 0.000000 0.000000 1.000000
vn 0.000000 0.000000 1.000000
vn 0.000000 0.000000 1.000000
vn 0.000000 0.000000 1.000000
vn 0.000000 0.000000 -1.000000
vn 0.000000 0.000000 -1.000000
vn 0.000000 0.000000 -1.000000
vn 0.000000 0.000000 -1.000000
vn 0.000000 0.000000 1.000000
vn 0.000000 0.000000 1.000000
vn 0.000000 0.000000 -1.000000
vn 0.000000 0.000000 -1.000000
vn 0.000000 0.000000 1.000000
vn 0.000000 0.000000 1.000000
vn 0.000000 0.000000 -1.000000
vn 0.000000 0.000000 -1.000000
vn 0.000000 0.000000 1.000000
vn 0.000000 0.000000 1.000000
vn 0.000000 0.000000 -1.000000
vn 0.000000 0.000000 -1.000000
vn 0.000000 0.000000 1.000000
vn 0.000000 0.000000 1.000000
vn 0.000000 0.000000 -1.000000
vn 0.000000 0.000000 -1.000000
vn 0.000000 0.000000 1.000000
vn 0.000000 0.000000 1.000000
vn 0.000000 0.000000 -1.000000
vn 0.000000 0.000000 -1.000000
vn 0.000000 0.000000 1.000000
vn 0.000000 0.000000 1.000000
vn 0.000000 0.000000 -1.000000
vn 0.000000 0.000000 -1.000000
vn 0.000000 0.000000 1.000000
vn 0.000000 0.000000 1.000000
vn 0.000000 0.000000 -1.000000
vn 0.000000 0.000000 -1.000000
vn 0.000000 0.000000 1.000000
vn 0.000000 0.000000 1.000000
vn 0.000000 0.000000 -1.000000
vn 0.000000 0.000000 -1.000000
vn 0.000000 0.000000 1.000000
vn 0.000000 0.000000 1.000000
vn 0.000000 0.000000 -1.000000
vn 0.000000 0.000000 -1.000000
vn 0.000000 0.000000 1.000000
vn 0.000000 0.000000 1.000000
vn 0.000000 0.000000 -1.000000
vn 0.000000 0.000000 -1.000000
vn 0.000000 0.000000 1.000000
vn 0.000000 0.000000 1.000000
vn 0.000000 0.000000 -1.000000
vn 0.000000 0.000000 -1.000000
vn 0.000000 0.000000 1.000000
vn 0.000000 0.000000 1.000000
vn 0.000000 0.000000 -1.000000
vn 0.000000 0.000000 -1.000000
vn 0.000000 0.000000 1.000000
vn 0.000000 0.000000 1.000000
vn 0.000000 0.000000 -1.000000
vn 0.000000 0.000000 -1.000000
vn 0.000000 0.000000 1.000000
vn 0.000000 0.000000 1.000000
vn 0.000000 0.000000 -1.000000
vn 0.000000 0.000000 -1.000000
vn -1.000000 0.000000 0.000000
vn -0.923854 0.382683 0.000000
vn -0.923854 -0.382683 0.000000
vn -0.707044 -0.707044 0.000000
vn -0.382683 -0.923854 0.000000
vn 0.000000 -1.000000 0.000000
vn 0.382683 -0.923854 0.000000
vn 0.707044 -0.707044 0.000000
vn 0.923854 -0.382653 0.000000
vn 1.000000 0.000000 0.000000
vn 0.923854 0.382683 0.000000
vn 0.707044 0.707044 0.000000
vn 0.382683 0.923854 0.000000
vn 0.000000 1.000000 0.000000
vn -0.382683 0.923854 0.000000
vn -0.707044 0.707044 0.000000
vn 0.000000 0.000000 1.000000
vn 0.000000 0.000000 1.000000
vn 0.000000 0.000000 1.000000
vn 0.000000 0.000000 1.000000
vn 0.000000 0.000000 -1.000000
vn 0.000000 0.000000 -1.000000
vn 0.000000 0.000000 -1.000000
vn 0.000000 0.000000 -1.000000
vn 0.000000 0.000000 1.000000
vn 0.000000 0.000000 1.000000
vn 0.000000 0.000000 -1.000000
vn 0.000000 0.000000 -1.000000
vn 0.000000 0.000000 1.000000
vn 0.000000 0.000000 1.000000
vn 0.000000 0.000000 -1.000000
vn 0.000000 0.000000 -1.000000
vn 0.000000 0.000000 1.000000
vn 0.000000 0.000000 1.000000
vn 0.000000 0.000000 -1.000000
vn 0.000000 0.000000 -1.000000
vn 0.000000 0.000000 1.000000
vn 0.000000 0.000000 1.000000
vn 0.000000 0.000000 -1.000000
vn 0.000000 0.000000 -1.000000
vn 0.000000 0.000000 1.000000
vn 0.000000 0.000000 1.000000
vn 0.000000 0.000000 -1.000000
vn 0.000000 0.000000 -1.000000
vn 0.000000 0.000000 1.000000
vn 0.000000 0.000000 1.000000
vn 0.000000 0.000000 -1.000000
vn 0.000000 0.000000 -1.000000
vn 0.000000 0.000000 1.000000
vn 0.000000 0.000000 1.000000
vn 0.000000 0.000000 -1.000000
vn 0.000000 0.000000 -1.000000
vn 0.000000 0.000000 1.000000
vn 0.000000 0.000000 1.000000
vn 0.000000 0.000000 -1.000000
vn 0.000000 0.000000 -1.000000
vn 0.000000 0.000000 1.000000
vn 0.000000 0.000000 1.000000
vn 0.000000 0.000000 -1.000000
vn 0.000000 0.000000 -1.000000
vn 0.000000 0.000000 1.000000
vn 0.000000 0.000000 1.000000
vn 0.000000 0.000000 -1.000000
vn 0.000000 0.000000 -1.000000
vn 0.000000 0.000000 1.000000
vn 0.000000 0.000000 1.000000
vn 0.000000 0.000000 -1.000000
vn 0.000000 0.000000 -1.000000
vn 0.000000 0.000000 1.000000
vn 0.000000 0.000000 1.000000
vn 0.000000 0.000000 -1.000000
vn 0.000000 0.000000 -1.000000
vn 0.000000 0.000000 1.000000
vn 0.000000 0.000000 1.000000
vn 0.000000 0.000000 -1.000000
vn 0.000000 0.000000 -1.000000
vn 0.000000 0.000000 1.000000
vn 0.000000 0.000000 1.000000
vn 0.000000 0.000000 -1.000000
vn 0.000000 0.000000 -1.000000
vn 0.000000 0.000000 -1.000000
vn 0.000000 0.000000 -1.000000
vn 0.000000 0.000000 -1.000000
vn 0.000000 0.000000 -1.000000
vn 0.000000 0.000000 -1.000000
vn 0.000000 0.000000 -1.000000
vn 0.000000 0.000000 -1.000000
vn 0.000000 0.000000 -1.000000
vn 0.000000 0.000000 -1.000000
vn 0.000000 0.000000 -1.000000
vn 0.000000 0.000000 -1.000000
vn 0.000000 0.000000 -1.000000
vn 0.000000 0.000000 -1.000000
vn 0.000000 0.000000 -1.000000
vn 0.000000 0.000000 -1.000000
vn 0.000000 0.000000 -1.000000
vn 0.000000 0.000000 -1.000000
vn 0.000000 0.000000 -1.000000
vn 0.000000 0.000000 -1.000000
vn 0.000000 0.000000 -1.000000
vn 0.000000 0.000000 -1.000000
vn 0.000000 0.000000 -1.000000
vn 0.000000 0.000000 -1.000000
vn 0.000000 0.000000 -1.000000
vn 0.000000 0.000000 -1.000000
vn 0.000000 0.000000 -1.000000
vn 0.000000 0.000000 -1.000000
vn 0.000000 0.000000 -1.000000
vn 0.000000 0.000000 -1.000000
vn 0.000000 0.000000 -1.000000
vn 0.000000 0.000000 -1.000000
vn 0.000000 0.000000 -1.000000
vn 0.707044 -0.707044 0.000000
vn 0.707044 -0.707044 0.000000
vn 0.923854 -0.382653 0.000000
vn 0.923854 -0.382653 0.000000
vn 0.382683 -0.923854 0.000000
vn 0.382683 -0.923854 0.000000
vn 0.000000 -1.000000 0.000000
vn 0.000000 -1.000000 0.000000
vn -0.382683 -0.923854 0.000000
vn -0.382683 -0.923854 0.000000
vn -0.707044 -0.707044 0.000000
vn -0.707044 -0.707044 0.000000
vn -0.923854 -0.382683 0.000000
vn -0.923854 -0.382683 0.000000
vn -1.000000 0.000000 0.000000
vn -1.000000 0.000000 0.000000
vn -0.923854 0.382683 0.000000
vn -0.923854 0.382683 0.000000
vn -0.707044 0.707044 0.000000
vn -0.707044 0.707044 0.000000
vn -0.382683 0.923854 0.000000
vn -0.382683 0.923854 0.000000
vn 0.000000 1.000000 0.000000
vn 0.000000 1.000000 0.000000
vn 0.382683 0.923854 0.000000
vn 0.382683 0.923854 0.000000
vn 0.707044 0.707044 0.000000
vn 0.707044 0.707044 0.000000
vn 0.923854 0.382653 0.000000
vn 0.923854 0.382653 0.000000
vn 1.000000 0.000000 0.000000
vn 1.000000 0.000000 0.000000
vn 0.813770 0.264390 -0.517518
vn 0.692181 0.502869 -0.517518
vn 0.753372 0.547305 -0.364280
vn 0.885613 0.287768 -0.364280
vn 0.502869 0.692150 -0.517518
vn 0.547305 0.753372 -0.364280
vn 0.264390 0.813770 -0.517518
vn 0.287768 0.885613 -0.364280
vn 0.000000 0.855582 -0.517518
vn 0.000000 0.931240 -0.364280
vn -0.264390 0.813770 -0.517518
vn -0.287768 0.885613 -0.364280
vn -0.502869 0.692150 -0.517518
vn -0.547305 0.753372 -0.364280
vn -0.692181 0.502869 -0.517518
vn -0.753372 0.547305 -0.364280
vn -0.813770 0.264390 -0.517518
vn -0.885613 0.287768 -0.364280
vn -0.855582 0.000000 -0.517518
vn -0.931240 0.000000 -0.364280
vn -0.813770 -0.264390 -0.517518
vn -0.885613 -0.287768 -0.364280
vn -0.692181 -0.502869 -0.517518
vn -0.753372 -0.547305 -0.364280
vn -0.502869 -0.692150 -0.517518
vn -0.547305 -0.753372 -0.364280
vn -0.264390 -0.813770 -0.517518
vn -0.287768 -0.885613 -0.364280
vn 0.000000 -0.855582 -0.517518
vn 0.000000 -0.931240 -0.364280
vn 0.264390 -0.813770 -0.517518
vn 0.287768 -0.885613 -0.364280
vn 0.502869 -0.692181 -0.517518
vn 0.547305 -0.753372 -0.364280
vn 0.692181 -0.502869 -0.517518
vn 0.753372 -0.547305 -0.364280
vn 0.813770 -0.264390 -0.517518
vn 0.885613 -0.287768 -0.364280
vn 0.855582 0.000000 -0.517518
vn 0.931240 0.000000 -0.364280
vn 0.000000 0.000000 -1.000000
vn 0.000000 0.000000 -1.000000
vn 0.000000 0.000000 -1.000000
vn 0.000000 0.000000 -1.000000
vn 0.000000 0.000000 -1.000000
vn 0.000000 0.000000 -1.000000
vn 0.000000 0.000000 -1.000000
vn 0.000000 0.000000 -1.000000
vn 0.000000 0.000000 -1.000000
vn 0.000000 0.000000 -1.000000
vn 0.000000 0.000000 -1.000000
vn 0.000000 0.000000 -1.000000
vn 0.000000 0.000000 -1.000000
vn 0.000000 0.000000 -1.000000
vn 0.000000 0.000000 -1.000000
vn 0.000000 0.000000 -1.000000
vn 0.000000 0.000000 -1.000000
vn 0.000000 0.000000 -1.000000
vn 0.000000 0.000000 -1.000000
vn 0.000000 0.000000 -1.000000
vn 0.000000 0.000000 -1.000000
vn 0.000000 0.000000 1.000000
vn 0.000000 0.000000 1.000000
vn 0.000000 0.000000 1.000000
vn 0.000000 0.000000 1.000000
vn 0.000000 0.000000 1.000000
vn 0.000000 0.000000 1.000000
vn 0.000000 0.000000 1.000000
vn 0.000000 0.000000 1.000000
vn 0.000000 0.000000 1.000000
vn 0.000000 0.000000 1.000000
vn 0.000000 0.000000 1.000000
vn 0.000000 0.000000 1.000000
vn 0.000000 0.000000 1.000000
vn 0.000000 0.000000 1.000000
vn 0.000000 0.000000 1.000000
vn 0.000000 0.000000 1.000000
vn 0.000000 0.000000 1.000000
vn 0.000000 0.000000 1.000000
vn 0.000000 0.000000 1.000000
vn 0.000000 0.000000 1.000000
vn 0.000000 0.000000 1.000000
vn 0.940487 0.000000 0.339773
vn 0.894464 0.290606 0.339773
vn 0.833852 0.270860 0.480834
vn 0.876762 0.000000 0.480834
vn 0.894464 -0.290606 0.339773
vn 0.833852 -0.270860 0.480834
vn 0.760880 -0.552738 0.339773
vn 0.709241 -0.515351 0.480834
vn 0.552738 -0.760850 0.339773
vn 0.515351 -0.709241 0.480834
vn 0.290606 -0.894464 0.339773
vn 0.270860 -0.833852 0.480834
vn 0.000000 -0.940487 0.339773
vn 0.000000 -0.876762 0.480834
vn -0.290606 -0.894464 0.339773
vn -0.270860 -0.833852 0.480834
vn -0.552738 -0.760850 0.339773
vn -0.515351 -0.709241 0.480834
vn -0.760850 -0.552738 0.339773
vn -0.709241 -0.515351 0.480834
vn -0.894464 -0.290606 0.339773
vn -0.833852 -0.270860 0.480834
vn -0.940487 0.000000 0.339773
vn -0.876762 0.000000 0.480834
vn -0.894464 0.290606 0.339773
vn -0.833852 0.270860 0.480834
vn -0.760850 0.552738 0.339773
vn -0.709241 0.515351 0.480834
vn -0.552738 0.760850 0.339773
vn -0.515351 0.709241 0.480834
vn -0.290606 0.894464 0.339773
vn -0.270860 0.833852 0.480834
vn 0.000000 0.940487 0.339773
vn 0.000000 0.876762 0.480834
vn 0.290606 0.894464 0.339773
vn 0.270860 0.833852 0.480834
vn 0.552738 0.760850 0.339773
vn 0.515351 0.709241 0.480834
vn 0.760880 0.552738 0.339773
vn 0.709241 0.515351 0.480834
vn 0.951047 0.308948 0.000000
vn 1.000000 0.000000 0.000000
vn 0.951047 -0.308948 0.000000
vn 0.808948 -0.587774 0.000000
vn 0.587774 -0.808948 0.000000
vn 0.308948 -0.951047 0.000000
vn 0.000000 -1.000000 0.000000
vn -0.308948 -0.951047 0.000000
vn -0.587774 -0.808948 0.000000
vn -0.808948 -0.587774 0.000000
vn -0.951047 -0.308948 0.000000
vn -1.000000 0.000000 0.000000
vn -0.951047 0.308948 0.000000
vn -0.808948 0.587774 0.000000
vn -0.587774 0.808948 0.000000
vn -0.308948 0.951047 0.000000
vn 0.000000 1.000000 0.000000
vn 0.308948 0.951047 0.000000
vn 0.587774 0.808948 0.000000
vn 0.808948 0.587774 0.000000
vn 1.000000 0.000000 0.000000
vn 0.951047 0.308948 0.000000
vn 0.951047 -0.308948 0.000000
vn 0.808948 -0.587774 0.000000
vn 0.587774 -0.808948 0.000000
vn 0.308948 -0.951047 0.000000
vn 0.000000 -1.000000 0.000000
vn -0.308948 -0.951047 0.000000
vn -0.587774 -0.808948 0.000000
vn -0.808948 -0.587774 0.000000
vn -0.951047 -0.308948 0.000000
vn -1.000000 0.000000 0.000000
vn -0.951047 0.308948 0.000000
vn -0.808948 0.587774 0.000000
vn -0.587774 0.808948 0.000000
vn -0.308948 0.951047 0.000000
vn 0.000000 1.000000 0.000000
vn 0.308948 0.951047 0.000000
vn 0.587774 0.808948 0.000000
vn 0.808948 0.587774 0.000000
vn -1.000000 0.000000 0.000000
vn -0.951047 -0.308948 0.000000
vn -0.951047 -0.308948 0.000000
vn -1.000000 0.000000 0.000000
vn -0.951047 0.308948 0.000000
vn -0.951047 0.308948 0.000000
vn -0.808948 0.587774 0.000000
vn -0.808948 0.587774 0.000000
vn -0.587774 0.808948 0.000000
vn -0.587774 0.808948 0.000000
vn -0.308948 0.951047 0.000000
vn -0.308948 0.951047 0.000000
vn 0.000000 1.000000 0.000000
vn 0.000000 1.000000 0.000000
vn 0.308948 0.951047 0.000000
vn 0.308948 0.951047 0.000000
vn 0.587774 0.808948 0.000000
vn 0.587774 0.808948 0.000000
vn 0.808948 0.587774 0.000000
vn 0.808948 0.587774 0.000000
vn 0.951047 0.308948 0.000000
vn 0.951047 0.308948 0.000000
vn 1.000000 0.000000 0.000000
vn 1.000000 0.000000 0.000000
vn 0.951047 -0.308948 0.000000
vn 0.951047 -0.308948 0.000000
vn 0.808948 -0.587774 0.000000
vn 0.808948 -0.587774 0.000000
vn 0.587774 -0.808948 0.000000
vn 0.587774 -0.808948 0.000000
vn 0.308948 -0.951047 0.000000
vn 0.308948 -0.951047 0.000000
vn 0.000000 -1.000000 0.000000
vn 0.000000 -1.000000 0.000000
vn -0.308948 -0.951047 0.000000
vn -0.308948 -0.951047 0.000000
vn -0.587774 -0.808948 0.000000
vn -0.587774 -0.808948 0.000000
vn -0.808948 -0.587774 0.000000
vn -0.808948 -0.587774 0.000000
vn 0.000000 0.000000 1.000000
vn 0.000000 0.000000 1.000000
vn 0.000000 0.000000 1.000000
vn 0.000000 0.000000 1.000000
vn 0.000000 0.000000 -1.000000
vn 0.000000 0.000000 -1.000000
vn 0.000000 0.000000 -1.000000
vn 0.000000 0.000000 -1.000000
vn 0.000000 0.000000 1.000000
vn 0.000000 0.000000 1.000000
vn 0.000000 0.000000 -1.000000
vn 0.000000 0.000000 -1.000000
vn 0.000000 0.000000 1.000000
vn 0.000000 0.000000 1.000000
vn 0.000000 0.000000 -1.000000
vn 0.000000 0.000000 -1.000000
vn 0.000000 0.000000 1.000000
vn 0.000000 0.000000 1.000000
vn 0.000000 0.000000 -1.000000
vn 0.000000 0.000000 -1.000000
vn 0.000000 0.000000 1.000000
vn 0.000000 0.000000 1.000000
vn 0.000000 0.000000 -1.000000
vn 0.000000 0.000000 -1.000000
vn 0.000000 0.000000 1.000000
vn 0.000000 0.000000 1.000000
vn 0.000000 0.000000 -1.000000
vn 0.000000 0.000000 -1.000000
vn 0.000000 0.000000 1.000000
vn 0.000000 0.000000 1.000000
vn 0.000000 0.000000 -1.000000
vn 0.000000 0.000000 -1.000000
vn 0.000000 0.000000 1.000000
vn 0.000000 0.000000 1.000000
vn 0.000000 0.000000 -1.000000
vn 0.000000 0.000000 -1.000000
vn 0.000000 0.000000 1.000000
vn 0.000000 0.000000 1.000000
vn 0.000000 0.000000 -1.000000
vn 0.000000 0.000000 -1.000000
vn 0.000000 0.000000 1.000000
vn 0.000000 0.000000 1.000000
vn 0.000000 0.000000 -1.000000
vn 0.000000 0.000000 -1.000000
vn 0.000000 0.000000 1.000000
vn 0.000000 0.000000 1.000000
vn 0.000000 0.000000 -1.000000
vn 0.000000 0.000000 -1.000000
vn 0.000000 0.000000 1.000000
vn 0.000000 0.000000 1.000000
vn 0.000000 0.000000 -1.000000
vn 0.000000 0.000000 -1.000000
vn 0.000000 0.000000 1.000000
vn 0.000000 0.000000 1.000000
vn 0.000000 0.000000 -1.000000
vn 0.000000 0.000000 -1.000000
vn 0.000000 0.000000 1.000000
vn 0.000000 0.000000 1.000000
vn 0.000000 0.000000 -1.000000
vn 0.000000 0.000000 -1.000000
vn 0.000000 0.000000 1.000000
vn 0.000000 0.000000 1.000000
vn 0.000000 0.000000 -1.000000
vn 0.000000 0.000000 -1.000000
vn 0.000000 0.000000 1.000000
vn 0.000000 0.000000 1.000000
vn 0.000000 0.000000 -1.000000
vn 0.000000 0.000000 -1.000000
vn 0.000000 0.000000 1.000000
vn 0.000000 0.000000 1.000000
vn 0.000000 0.000000 -1.000000
vn 0.000000 0.000000 -1.000000
vn 0.000000 0.000000 1.000000
vn 0.000000 0.000000 1.000000
vn 0.000000 0.000000 -1.000000
vn 0.000000 0.000000 -1.000000
vn 0.000000 0.000000 1.000000
vn 0.000000 0.000000 1.000000
vn 0.000000 0.000000 -1.000000
vn 0.000000 0.000000 -1.000000
vn -0.813770 0.264390 -0.517518
vn -0.885613 0.287768 -0.364280
vn -0.753403 0.547305 -0.364280
vn -0.692181 0.502869 -0.517518
vn -0.547305 0.753372 -0.364311
vn -0.502869 0.692150 -0.517549
vn -0.287768 0.885613 -0.364280
vn -0.264390 0.813770 -0.517518
vn 0.000000 0.931240 -0.364280
vn 0.000000 0.855582 -0.517518
vn 0.287768 0.885613 -0.364280
vn 0.264390 0.813770 -0.517518
vn 0.547305 0.753372 -0.364280
vn 0.502869 0.692150 -0.517518
vn 0.753372 0.547305 -0.364280
vn 0.692181 0.502869 -0.517518
vn 0.885613 0.287768 -0.364280
vn 0.813770 0.264390 -0.517518
vn 0.931240 0.000000 -0.364311
vn 0.855582 0.000000 -0.517518
vn 0.885613 -0.287768 -0.364280
vn 0.813770 -0.264390 -0.517518
vn 0.753372 -0.547305 -0.364280
vn 0.692181 -0.502869 -0.517518
vn 0.547305 -0.753372 -0.364280
vn 0.502869 -0.692150 -0.517518
vn 0.287768 -0.885613 -0.364280
vn 0.264390 -0.813770 -0.517518
vn 0.000000 -0.931240 -0.364280
vn 0.000000 -0.855582 -0.517518
vn -0.287768 -0.885613 -0.364280
vn -0.264390 -0.813770 -0.517518
vn -0.547305 -0.753372 -0.364280
vn -0.502869 -0.692150 -0.517518
vn -0.753403 -0.547305 -0.364280
vn -0.692181 -0.502869 -0.517518
vn -0.885613 -0.287768 -0.364280
vn -0.813770 -0.264390 -0.517518
vn -0.931240 0.000000 -0.364311
vn -0.855582 0.000000 -0.517518
vn 0.000000 0.000000 -1.000000
vn 0.000000 0.000000 -1.000000
vn 0.000000 0.000000 -1.000000
vn 0.000000 0.000000 -1.000000
vn 0.000000 0.000000 -1.000000
vn 0.000000 0.000000 -1.000000
vn 0.000000 0.000000 -1.000000
vn 0.000000 0.000000 -1.000000
vn 0.000000 0.000000 -1.000000
vn 0.000000 0.000000 -1.000000
vn 0.000000 0.000000 -1.000000
vn 0.000000 0.000000 -1.000000
vn 0.000000 0.000000 -1.000000
vn 0.000000 0.000000 -1.000000
vn 0.000000 0.000000 -1.000000
vn 0.000000 0.000000 -1.000000
vn 0.000000 0.000000 -1.000000
vn 0.000000 0.000000 -1.000000
vn 0.000000 0.000000 -1.000000
vn 0.000000 0.000000 -1.000000
vn 0.000000 0.000000 -1.000000
vn 0.000000 0.000000 1.000000
vn 0.000000 0.000000 1.000000
vn 0.000000 0.000000 1.000000
vn 0.000000 0.000000 1.000000
vn 0.000000 0.000000 1.000000
vn 0.000000 0.000000 1.000000
vn 0.000000 0.000000 1.000000
vn 0.000000 0.000000 1.000000
vn 0.000000 0.000000 1.000000
vn 0.000000 0.000000 1.000000
vn 0.000000 0.000000 1.000000
vn 0.000000 0.000000 1.000000
vn 0.000000 0.000000 1.000000
vn 0.000000 0.000000 1.000000
vn 0.000000 0.000000 1.000000
vn 0.000000 0.000000 1.000000
vn 0.000000 0.000000 1.000000
vn 0.000000 0.000000 1.000000
vn 0.000000 0.000000 1.000000
vn 0.000000 0.000000 1.000000
vn 0.000000 0.000000 1.000000
vn -0.940487 0.000000 0.339773
vn -0.876762 0.000000 0.480834
vn -0.833852 0.270860 0.480834
vn -0.894464 0.290606 0.339773
vn -0.894464 -0.290606 0.339773
vn -0.833852 -0.270860 0.480834
vn -0.760880 -0.552738 0.339773
vn -0.709241 -0.515321 0.480834
vn -0.552738 -0.760850 0.339773
vn -0.515321 -0.709241 0.480834
vn -0.290606 -0.894464 0.339773
vn -0.270860 -0.833852 0.480834
vn 0.000000 -0.940487 0.339773
vn 0.000000 -0.876762 0.480834
vn 0.290606 -0.894464 0.339773
vn 0.270860 -0.833852 0.480834
vn 0.552738 -0.760880 0.339773
vn 0.515321 -0.709241 0.480834
vn 0.760850 -0.552738 0.339773
vn 0.709241 -0.515351 0.480834
vn 0.894464 -0.290606 0.339773
vn 0.833852 -0.270860 0.480834
vn 0.940487 0.000000 0.339773
vn 0.876762 0.000000 0.480834
vn 0.894464 0.290606 0.339773
vn 0.833852 0.270860 0.480834
vn 0.760850 0.552738 0.339773
vn 0.709241 0.515351 0.480834
vn 0.552738 0.760880 0.339773
vn 0.515321 0.709241 0.480834
vn 0.290606 0.894464 0.339773
vn 0.270860 0.833852 0.480834
vn 0.000000 0.940487 0.339773
vn 0.000000 0.876762 0.480834
vn -0.290606 0.894464 0.339773
vn -0.270860 0.833852 0.480834
vn -0.552738 0.760850 0.339773
vn -0.515321 0.709241 0.480834
vn -0.760880 0.552738 0.339773
vn -0.709241 0.515321 0.480834
vn -1.000000 0.000000 0.000000
vn -0.951047 0.308948 0.000000
vn -0.951047 -0.308948 0.000000
vn -0.808948 -0.587774 0.000000
vn -0.587774 -0.808948 0.000000
vn -0.308948 -0.951047 0.000000
vn 0.000000 -1.000000 0.000000
vn 0.308948 -0.951047 0.000000
vn 0.587774 -0.808948 0.000000
vn 0.808948 -0.587774 0.000000
vn 0.951047 -0.308948 0.000000
vn 1.000000 0.000000 0.000000
vn 0.951047 0.308948 0.000000
vn 0.808948 0.587774 0.000000
vn 0.587774 0.808948 0.000000
vn 0.308948 0.951047 0.000000
vn 0.000000 1.000000 0.000000
vn -0.308948 0.951047 0.000000
vn -0.587774 0.808948 0.000000
vn -0.808948 0.587774 0.000000
vn -1.000000 0.000000 0.000000
vn -0.951047 0.308948 0.000000
vn -0.951047 -0.308948 0.000000
vn -0.808948 -0.587774 0.000000
vn -0.587774 -0.808948 0.000000
vn -0.308948 -0.951047 0.000000
vn 0.000000 -1.000000 0.000000
vn 0.308948 -0.951047 0.000000
vn 0.587774 -0.808948 0.000000
vn 0.808948 -0.587774 0.000000
vn 0.951047 -0.308948 0.000000
vn 1.000000 0.000000 0.000000
vn 0.951047 0.308948 0.000000
vn 0.808948 0.587774 0.000000
vn 0.587774 0.808948 0.000000
vn 0.308948 0.951047 0.000000
vn 0.000000 1.000000 0.000000
vn -0.308948 0.951047 0.000000
vn -0.587774 0.808948 0.000000
vn -0.808948 0.587774 0.000000
vn 1.000000 0.000000 0.000000
vn 1.000000 0.000000 0.000000
vn 0.951047 -0.308948 0.000000
vn 0.951047 -0.308948 0.000000
vn 0.951047 0.308948 0.000000
vn 0.951047 0.308948 0.000000
vn 0.808948 0.587774 0.000000
vn 0.808948 0.587774 0.000000
vn 0.587774 0.808948 0.000000
vn 0.587774 0.808948 0.000000
vn 0.308948 0.951047 0.000000
vn 0.308948 0.951047 0.000000
vn 0.000000 1.000000 0.000000
vn 0.000000 1.000000 0.000000
vn -0.308948 0.951047 0.000000
vn -0.308948 0.951047 0.000000
vn -0.587774 0.808948 0.000000
vn -0.587774 0.808948 0.000000
vn -0.808948 0.587774 0.000000
vn -0.808948 0.587774 0.000000
vn -0.951047 0.308918 0.000000
vn -0.951047 0.308918 0.000000
vn -1.000000 0.000000 0.000000
vn -1.000000 0.000000 0.000000
vn -0.951047 -0.308918 0.000000
vn -0.951047 -0.308918 0.000000
vn -0.808948 -0.587774 0.000000
vn -0.808948 -0.587774 0.000000
vn -0.587774 -0.808948 0.000000
vn -0.587774 -0.808948 0.000000
vn -0.308948 -0.951047 0.000000
vn -0.308948 -0.951047 0.000000
vn 0.000000 -1.000000 0.000000
vn 0.000000 -1.000000 0.000000
vn 0.308948 -0.951047 0.000000
vn 0.308948 -0.951047 0.000000
vn 0.587774 -0.808948 0.000000
vn 0.587774 -0.808948 0.000000
vn 0.808948 -0.587774 0.000000
vn 0.808948 -0.587774 0.000000
vn 0.000000 0.000000 1.000000
vn 0.000000 0.000000 1.000000
vn 0.000000 0.000000 1.000000
vn 0.000000 0.000000 1.000000
vn 0.000000 0.000000 -1.000000
vn 0.000000 0.000000 -1.000000
vn 0.000000 0.000000 -1.000000
vn 0.000000 0.000000 -1.000000
vn 0.000000 0.000000 1.000000
vn 0.000000 0.000000 1.000000
vn 0.000000 0.000000 -1.000000
vn 0.000000 0.000000 -1.000000
vn 0.000000 0.000000 1.000000
vn 0.000000 0.000000 1.000000
vn 0.000000 0.000000 -1.000000
vn 0.000000 0.000000 -1.000000
vn 0.000000 0.000000 1.000000
vn 0.000000 0.000000 1.000000
vn 0.000000 0.000000 -1.000000
vn 0.000000 0.000000 -1.000000
vn 0.000000 0.000000 1.000000
vn 0.000000 0.000000 1.000000
vn 0.000000 0.000000 -1.000000
vn 0.000000 0.000000 -1.000000
vn 0.000000 0.000000 1.000000
vn 0.000000 0.000000 1.000000
vn 0.000000 0.000000 -1.000000
vn 0.000000 0.000000 -1.000000
vn 0.000000 0.000000 1.000000
vn 0.000000 0.000000 1.000000
vn 0.000000 0.000000 -1.000000
vn 0.000000 0.000000 -1.000000
vn 0.000000 0.000000 1.000000
vn 0.000000 0.000000 1.000000
vn 0.000000 0.000000 -1.000000
vn 0.000000 0.000000 -1.000000
vn 0.000000 0.000000 1.000000
vn 0.000000 0.000000 1.000000
vn 0.000000 0.000000 -1.000000
vn 0.000000 0.000000 -1.000000
vn 0.000000 0.000000 1.000000
vn 0.000000 0.000000 1.000000
vn 0.000000 0.000000 -1.000000
vn 0.000000 0.000000 -1.000000
vn 0.000000 0.000000 1.000000
vn 0.000000 0.000000 1.000000
vn 0.000000 0.000000 -1.000000
vn 0.000000 0.000000 -1.000000
vn 0.000000 0.000000 1.000000
vn 0.000000 0.000000 1.000000
vn 0.000000 0.000000 -1.000000
vn 0.000000 0.000000 -1.000000
vn 0.000000 0.000000 1.000000
vn 0.000000 0.000000 1.000000
vn 0.000000 0.000000 -1.000000
vn 0.000000 0.000000 -1.000000
vn 0.000000 0.000000 1.000000
vn 0.000000 0.000000 1.000000
vn 0.000000 0.000000 -1.000000
vn 0.000000 0.000000 -1.000000
vn 0.000000 0.000000 1.000000
vn 0.000000 0.000000 1.000000
vn 0.000000 0.000000 -1.000000
vn 0.000000 0.000000 -1.000000
vn 0.000000 0.000000 1.000000
vn 0.000000 0.000000 1.000000
vn 0.000000 0.000000 -1.000000
vn 0.000000 0.000000 -1.000000
vn 0.000000 0.000000 1.000000
vn 0.000000 0.000000 1.000000
vn 0.000000 0.000000 -1.000000
vn 0.000000 0.000000 -1.000000
vn 0.000000 0.000000 1.000000
vn 0.000000 0.000000 1.000000
vn 0.000000 0.000000 -1.000000
vn 0.000000 0.000000 -1.000000
vn 0.000000 0.000000 1.000000
vn 0.000000 0.000000 1.000000
vn 0.000000 0.000000 -1.000000
vn 0.000000 0.000000 -1.000000
vn 0.095465 -0.956968 0.273943
vn -0.075963 -0.976164 0.203198
vn 0.448819 0.740402 0.500153
vn 0.329183 0.000000 0.944149
vn 0.036227 0.999329 0.000000
vn 0.036227 0.999329 0.000000
vn 0.036227 0.999329 0.000000
vn 0.036227 0.999329 0.000000
vn 0.165141 0.000000 -0.986236
vn 0.243240 0.729842 -0.638772
vn -0.161997 -0.950314 -0.265641
vn 0.058689 -0.934719 -0.350424
vn 0.033175 -0.999420 0.000000
vn -0.083227 -0.996460 0.000000
vn -0.067997 -0.997681 0.000000
vn 0.033175 -0.999420 0.000000
vn 1.000000 0.000000 0.000000
vn 1.000000 0.000000 0.000000
vn 1.000000 0.000000 0.000000
vn -1.000000 0.000000 0.000000
vn -1.000000 0.000000 0.000000
vn -1.000000 0.000000 0.000000
vn -1.000000 0.000000 0.000000
vn 0.058689 0.934719 -0.350424
vn 0.127602 0.954312 -0.270067
vn 1.000000 0.000000 0.000000
vn 0.234542 0.947354 0.217573
vn 0.095465 0.956968 0.273943
vn 1.000000 0.000000 0.000000
vn 1.000000 0.000000 0.000000
vn 1.000000 0.000000 0.000000
vn 1.000000 0.000000 0.000000
vn -1.000000 0.000000 0.000000
vn -1.000000 0.000000 0.000000
vn -1.000000 0.000000 0.000000
vn -1.000000 0.000000 0.000000
vn -0.164805 -0.972685 0.163401
vn 0.164134 -0.798907 0.578404
vn 0.374901 0.910334 0.174907
vn 0.259965 0.963743 -0.058201
vn 0.295733 0.952847 0.067845
vn 0.367149 0.922359 0.119575
vn 0.281908 0.948209 -0.145761
vn 0.245651 0.940884 -0.233046
vn -0.273698 -0.805866 -0.524934
vn -0.282946 -0.935573 -0.211103
vn -0.242111 -0.970213 0.000000
vn -0.242111 -0.970213 0.000000
vn 0.156046 0.878075 0.452268
vn 0.156046 0.878075 0.452268
vn 0.156046 0.878075 0.452268
vn 0.156046 0.878075 0.452268
vn 0.240127 0.970732 0.000000
vn 0.240127 0.970732 0.000000
vn 0.082464 0.869987 -0.485992
vn 0.082464 0.869987 -0.485992
vn 0.082464 0.869987 -0.485992
vn 0.082464 0.869987 -0.485992
vn -0.962095 -0.272569 0.000000
vn -0.962095 -0.272569 0.000000
vn -0.962095 -0.272569 0.000000
vn -0.962095 -0.272569 0.000000
vn -0.095465 -0.956968 0.273943
vn -0.329183 0.000000 0.944149
vn -0.448819 0.740402 0.500153
vn 0.075963 -0.976164 0.203198
vn -0.036227 0.999329 0.000000
vn -0.036227 0.999329 0.000000
vn -0.036227 0.999329 0.000000
vn -0.036227 0.999329 0.000000
vn -0.165141 0.000000 -0.986236
vn -0.058689 -0.934719 -0.350424
vn 0.162089 -0.950314 -0.265641
vn -0.243606 0.731612 -0.636666
vn -0.033175 -0.999420 0.000000
vn -0.033175 -0.999420 0.000000
vn 0.068089 -0.997650 0.000000
vn 0.083379 -0.996429 0.000000
vn -1.000000 0.000000 0.000000
vn -1.000000 0.000000 0.000000
vn -1.000000 0.000000 0.000000
vn 1.000000 0.000000 0.000000
vn 1.000000 0.000000 0.000000
vn 1.000000 0.000000 0.000000
vn 1.000000 0.000000 0.000000
vn -0.058689 0.934719 -0.350424
vn -0.127754 0.954343 -0.269822
vn -1.000000 0.000000 0.000000
vn -0.095465 0.956968 0.273943
vn -0.234542 0.947354 0.217573
vn -1.000000 0.000000 0.000000
vn -1.000000 0.000000 0.000000
vn -1.000000 0.000000 0.000000
vn -1.000000 0.000000 0.000000
vn 1.000000 0.000000 0.000000
vn 1.000000 0.000000 0.000000
vn 1.000000 0.000000 0.000000
vn 1.000000 0.000000 0.000000
vn -0.164134 -0.798907 0.578404
vn 0.164805 -0.972685 0.163401
vn -0.374901 0.910334 0.174907
vn -0.259965 0.963743 -0.058201
vn -0.281908 0.948209 -0.145761
vn -0.367149 0.922359 0.119575
vn -0.295733 0.952847 0.067845
vn 0.273698 -0.803577 -0.528353
vn -0.245773 0.941067 -0.232192
vn 0.283129 -0.935543 -0.211103
vn 0.242111 -0.970213 0.000000
vn 0.242111 -0.970213 0.000000
vn -0.156046 0.878075 0.452268
vn -0.156046 0.878075 0.452268
vn -0.156046 0.878075 0.452268
vn -0.156046 0.878075 0.452268
vn -0.240127 0.970732 0.000000
vn -0.240127 0.970732 0.000000
vn -0.082464 0.869987 -0.485992
vn -0.082464 0.869987 -0.485992
vn -0.082464 0.869987 -0.485992
vn -0.082464 0.869987 -0.485992
vn 0.962095 -0.272569 0.000000
vn 0.962095 -0.272569 0.000000
vn 0.962095 -0.272569 0.000000
vn 0.962095 -0.272569 0.000000
# 1898 uv coords
vt 0.468467 0.758331
vt 0.592264 0.712981
vt 0.571355 0.659612
vt 0.448670 0.705401
vt 0.386741 0.586729
vt 0.525567 0.533881
vt 0.868522 0.537717
vt 0.112475 0.871389
vt 0.116759 0.887157
vt 0.021686 0.138386
vt 0.015958 0.138386
vt 0.874716 0.552397
vt 0.534453 0.561656
vt 0.403150 0.611465
vt 0.104872 0.851657
vt 0.042047 0.135455
vt 0.038074 0.135455
vt 0.038074 0.139086
vt 0.042047 0.139086
vt 0.109917 0.862935
vt 0.437724 0.679742
vt 0.558532 0.633829
vt 0.883901 0.565108
vt 0.015958 0.140772
vt 0.021686 0.140772
vt 0.103222 0.848049
vt 0.099727 0.846922
vt 0.104081 0.842480
vt 0.435802 0.770295
vt 0.419045 0.720346
vt 0.407061 0.693595
vt 0.372604 0.632510
vt 0.429527 0.772593
vt 0.415695 0.722948
vt 0.398190 0.698650
vt 0.362003 0.641556
vt 0.325136 0.810827
vt 0.310829 0.773131
vt 0.302903 0.753353
vt 0.275890 0.711585
vt 0.318144 0.813390
vt 0.304943 0.775852
vt 0.297109 0.756771
vt 0.270286 0.716650
vt 0.263777 0.114519
vt 0.236594 0.017583
vt 0.211619 0.110035
vt 0.259422 0.109697
vt 0.211632 0.022757
vt 0.234714 0.022451
vt 0.212543 0.108954
vt 0.258554 0.108924
vt 0.212602 0.023607
vt 0.233755 0.023581
vt 0.910681 0.008714
vt 0.906896 0.017234
vt 0.907246 0.007759
vt 0.430411 0.772270
vt 0.324750 0.810971
vt 0.209472 0.115515
vt 0.209478 0.017342
vt 0.209472 0.114369
vt 0.209478 0.018441
vt 0.610770 0.767229
vt 0.487541 0.811523
vt 0.516915 0.942120
vt 0.657029 0.892783
vt 0.916338 0.668297
vt 0.123672 0.901961
vt 0.027415 0.138386
vt 0.911583 0.653091
vt 0.645873 0.865840
vt 0.513466 0.912634
vt 0.130615 0.921942
vt 0.034100 0.135455
vt 0.034100 0.139086
vt 0.127180 0.910067
vt 0.495757 0.838181
vt 0.617635 0.795194
vt 0.910386 0.637452
vt 0.027415 0.140772
vt 0.131683 0.925758
vt 0.129741 0.928878
vt 0.135935 0.929455
vt 0.455271 0.819250
vt 0.463401 0.847410
vt 0.476550 0.916299
vt 0.451032 0.819429
vt 0.453364 0.849286
vt 0.462617 0.916244
vt 0.338563 0.848849
vt 0.345286 0.869072
vt 0.351643 0.918404
vt 0.332314 0.850571
vt 0.338655 0.870203
vt 0.344092 0.918158
vt 0.155167 0.114518
vt 0.182361 0.017585
vt 0.207324 0.110037
vt 0.159522 0.109696
vt 0.207323 0.022759
vt 0.184240 0.022452
vt 0.206401 0.108956
vt 0.160390 0.108922
vt 0.206353 0.023609
vt 0.185199 0.023582
vt 0.903469 0.014623
vt 0.912510 0.011770
vt 0.646412 0.898228
vt 0.636793 0.869925
vt 0.611985 0.797405
vt 0.552790 0.635794
vt 0.524885 0.564403
vt 0.513945 0.536586
vt 0.397606 0.581064
vt 0.411171 0.607938
vt 0.442618 0.677415
vt 0.500996 0.836795
vt 0.521863 0.910148
vt 0.528867 0.939423
vt 0.529145 0.046094
vt 0.525325 0.048572
vt 0.522140 0.051852
vt 0.556520 0.076285
vt 0.558566 0.072196
vt 0.559647 0.067772
vt 0.559740 0.063214
vt 0.558845 0.058737
vt 0.557005 0.054549
vt 0.554307 0.050848
vt 0.550878 0.047808
vt 0.546880 0.045570
vt 0.542498 0.044239
vt 0.537939 0.043879
vt 0.533417 0.044506
vt 0.478046 0.159290
vt 0.477816 0.164583
vt 0.476683 0.169776
vt 0.431735 0.131611
vt 0.436675 0.129652
vt 0.441862 0.128567
vt 0.447164 0.128361
vt 0.452437 0.129036
vt 0.457536 0.130574
vt 0.462318 0.132929
vt 0.466654 0.136036
vt 0.470424 0.139810
vt 0.473524 0.144147
vt 0.475868 0.148929
vt 0.477390 0.154024
vt 0.815186 0.206483
vt 0.812349 0.208376
vt 0.809010 0.200301
vt 0.809005 0.209039
vt 0.805660 0.208372
vt 0.802826 0.206475
vt 0.800933 0.203639
vt 0.800271 0.200295
vt 0.800938 0.196951
vt 0.802833 0.194118
vt 0.805669 0.192225
vt 0.809013 0.191562
vt 0.812356 0.192228
vt 0.815190 0.194123
vt 0.817084 0.196959
vt 0.817749 0.200304
vt 0.817082 0.203648
vt 0.473148 0.036435
vt 0.462556 0.027891
vt 0.450715 0.021205
vt 0.437984 0.016438
vt 0.424689 0.013616
vt 0.411129 0.012737
vt 0.397582 0.013803
vt 0.384326 0.016804
vt 0.371659 0.021739
vt 0.359905 0.028579
vt 0.349422 0.037259
vt 0.340602 0.047666
vt 0.333845 0.059674
vt 0.489009 0.058651
vt 0.482100 0.046729
vt 0.406045 0.067538
vt 0.396721 0.074969
vt 0.386248 0.080829
vt 0.374940 0.085046
vt 0.363094 0.087586
vt 0.350984 0.088436
vt 0.338873 0.087590
vt 0.327024 0.085056
vt 0.315712 0.080848
vt 0.305229 0.075000
vt 0.295894 0.067581
vt 0.288037 0.058722
vt 0.282001 0.048621
vt 0.419901 0.048558
vt 0.413888 0.058669
vt 0.910361 0.413776
vt 0.911587 0.402563
vt 0.911888 0.391279
vt 0.911332 0.379999
vt 0.909980 0.368782
vt 0.907872 0.357680
vt 0.905030 0.346741
vt 0.901456 0.336023
vt 0.897129 0.325591
vt 0.892029 0.315522
vt 0.886129 0.305910
vt 0.879410 0.296858
vt 0.871876 0.288466
vt 0.904921 0.435638
vt 0.908151 0.424831
vt 0.466109 0.043556
vt 0.456822 0.036114
vt 0.446380 0.030251
vt 0.435099 0.026050
vt 0.423278 0.023552
vt 0.411197 0.022773
vt 0.399127 0.023719
vt 0.387338 0.026376
vt 0.376112 0.030728
vt 0.365746 0.036727
vt 0.356553 0.044287
vt 0.348862 0.053264
vt 0.343007 0.063453
vt 0.479895 0.062545
vt 0.473913 0.052433
vt 0.412796 0.074385
vt 0.402223 0.082871
vt 0.390416 0.089516
vt 0.377733 0.094271
vt 0.364495 0.097124
vt 0.350987 0.098077
vt 0.337479 0.097129
vt 0.324239 0.094283
vt 0.311552 0.089539
vt 0.299737 0.082909
vt 0.289154 0.074437
vt 0.280193 0.064220
vt 0.273261 0.052365
vt 0.428650 0.052286
vt 0.421740 0.064154
vt 0.475902 0.033672
vt 0.464819 0.024691
vt 0.452436 0.017669
vt 0.439132 0.012669
vt 0.425253 0.009713
vt 0.411101 0.008791
vt 0.396965 0.009906
vt 0.383127 0.013051
vt 0.369892 0.018227
vt 0.357601 0.025408
vt 0.346633 0.034531
vt 0.337430 0.045460
vt 0.330454 0.057942
vt 0.492378 0.056876
vt 0.485243 0.044483
vt 0.415775 0.077386
vt 0.404672 0.086343
vt 0.392281 0.093348
vt 0.378987 0.098353
vt 0.365125 0.101353
vt 0.350989 0.102354
vt 0.336852 0.101359
vt 0.322988 0.098367
vt 0.309692 0.093373
vt 0.297292 0.086384
vt 0.286179 0.077441
vt 0.276792 0.066665
vt 0.269609 0.054291
vt 0.432306 0.054205
vt 0.425145 0.066593
vt 0.913631 0.295704
vt 0.921664 0.303637
vt 0.928955 0.312267
vt 0.935499 0.321479
vt 0.941293 0.331186
vt 0.946325 0.341310
vt 0.950576 0.351787
vt 0.954016 0.362556
vt 0.956593 0.373561
vt 0.958243 0.384736
vt 0.958891 0.396008
vt 0.958464 0.407284
vt 0.956918 0.418469
vt 0.895465 0.282349
vt 0.904883 0.288576
vt 0.975494 0.462228
vt 0.973568 0.459349
vt 0.967295 0.465628
vt 0.970688 0.457426
vt 0.967291 0.456751
vt 0.963894 0.457428
vt 0.961015 0.459353
vt 0.959093 0.462233
vt 0.958418 0.465630
vt 0.959095 0.469026
vt 0.961019 0.471906
vt 0.963899 0.473830
vt 0.967296 0.474505
vt 0.970692 0.473828
vt 0.973572 0.471903
vt 0.975496 0.469022
vt 0.976171 0.465625
vt 0.984934 0.070911
vt 0.966619 0.511148
vt 0.935594 0.511176
vt 0.984623 0.059039
vt 0.434791 0.328727
vt 0.089451 0.497367
vt 0.191859 0.428361
vt 0.381050 0.229067
vt 0.128697 0.537000
vt 0.208528 0.483129
vt 0.092577 0.481837
vt 0.181347 0.421043
vt 0.057610 0.147385
vt 0.057988 0.147186
vt 0.116334 0.099290
vt 0.112333 0.099279
vt 0.112518 0.026613
vt 0.116514 0.026625
vt 0.035576 0.103082
vt 0.035584 0.099083
vt 0.112321 0.103276
vt 0.031780 0.026406
vt 0.035774 0.026417
vt 0.031587 0.099072
vt 0.112530 0.022617
vt 0.035784 0.022422
vt 0.122200 0.104869
vt 0.122402 0.021075
vt 0.029684 0.108632
vt 0.118184 0.108854
vt 0.025918 0.020827
vt 0.025695 0.104621
vt 0.118421 0.017066
vt 0.029922 0.016842
vt 0.134957 0.012234
vt 0.134714 0.113772
vt 0.127523 0.121046
vt 0.020283 0.120772
vt 0.013137 0.113460
vt 0.013409 0.011921
vt 0.020581 0.004655
vt 0.127822 0.004920
vt 0.573965 0.014123
vt 0.904793 0.016443
vt 0.740887 0.095076
vt 0.812420 0.112773
vt 0.824730 0.121572
vt 0.836485 0.131098
vt 0.994982 0.334747
vt 0.872563 0.195354
vt 0.031423 0.138386
vt 0.031423 0.140772
vt 0.031679 0.142264
vt 0.021686 0.142264
vt 0.021686 0.134283
vt 0.026781 0.134283
vt 0.011694 0.142264
vt 0.016593 0.134283
vt 0.011950 0.140772
vt 0.011950 0.138386
vt 0.042047 0.140406
vt 0.038074 0.140406
vt 0.038074 0.134283
vt 0.042047 0.134283
vt 0.044468 0.135455
vt 0.044468 0.139260
vt 0.034100 0.140406
vt 0.031679 0.139260
vt 0.031679 0.135455
vt 0.034100 0.134283
vt 0.409826 0.727498
vt 0.399393 0.732646
vt 0.324638 0.784653
vt 0.321190 0.786352
vt 0.424931 0.774278
vt 0.329883 0.809092
vt 0.443612 0.819744
vt 0.337934 0.832066
vt 0.093092 0.884082
vt 0.090138 0.875469
vt 0.093998 0.831342
vt 0.351468 0.543414
vt 0.086393 0.866505
vt 0.083339 0.860912
vt 0.454096 0.703080
vt 0.493181 0.809788
vt 0.564691 0.662156
vt 0.341664 0.831132
vt 0.432325 0.822551
vt 0.096679 0.894510
vt 0.088638 0.838610
vt 0.371574 0.530476
vt 0.079106 0.857124
vt 0.100677 0.904793
vt 0.499307 0.481649
vt 0.604042 0.769589
vt 0.103985 0.913276
vt 0.523870 0.478070
vt 0.762117 0.650750
vt 0.908922 0.620591
vt 0.893669 0.578929
vt 0.935359 0.534809
vt 0.935830 0.535563
vt 0.108198 0.928783
vt 0.106917 0.922540
vt 0.517967 0.997969
vt 0.135435 0.944471
vt 0.866478 0.527550
vt 0.929487 0.524771
vt 0.933215 0.531847
vt 0.541671 0.994860
vt 0.107414 0.934408
vt 0.126649 0.942386
vt 0.928186 0.518632
vt 0.969118 0.626472
vt 0.969245 0.627350
vt 0.670722 0.949619
vt 0.969517 0.630997
vt 0.691787 0.936485
vt 0.971245 0.638808
vt 0.921341 0.677379
vt 0.974215 0.644336
vt 0.264716 0.127963
vt 0.209472 0.129581
vt 0.209478 0.012090
vt 0.236601 0.012447
vt 0.238769 0.016953
vt 0.268765 0.114055
vt 0.154226 0.127963
vt 0.182354 0.012448
vt 0.150178 0.114054
vt 0.180185 0.016955
vt 0.452350 0.363704
vt 0.463924 0.363704
vt 0.463923 0.468102
vt 0.452349 0.468102
vt 0.475498 0.363704
vt 0.475497 0.468102
vt 0.487070 0.363704
vt 0.487070 0.468102
vt 0.498642 0.363704
vt 0.498642 0.468102
vt 0.510214 0.363704
vt 0.510213 0.468102
vt 0.521784 0.363704
vt 0.521783 0.468102
vt 0.533353 0.363704
vt 0.533352 0.468102
vt 0.544922 0.363704
vt 0.544921 0.468102
vt 0.556490 0.363704
vt 0.556490 0.468102
vt 0.568060 0.363704
vt 0.568059 0.468102
vt 0.579630 0.363704
vt 0.579629 0.468102
vt 0.591201 0.363704
vt 0.591200 0.468102
vt 0.602773 0.363704
vt 0.602772 0.468102
vt 0.614346 0.363704
vt 0.614345 0.468102
vt 0.625920 0.363704
vt 0.625919 0.468102
vt 0.637494 0.363704
vt 0.637493 0.468102
vt 0.824645 0.352608
vt 0.835118 0.352608
vt 0.835118 0.431253
vt 0.824645 0.431253
vt 0.814171 0.352608
vt 0.814171 0.431254
vt 0.803696 0.352608
vt 0.803696 0.431253
vt 0.793221 0.352608
vt 0.793220 0.431253
vt 0.782744 0.352608
vt 0.782744 0.431253
vt 0.772267 0.352609
vt 0.772267 0.431253
vt 0.761789 0.352607
vt 0.761789 0.431253
vt 0.751310 0.352608
vt 0.751310 0.431253
vt 0.740831 0.352608
vt 0.740831 0.431253
vt 0.730353 0.352608
vt 0.730353 0.431253
vt 0.719876 0.352608
vt 0.719876 0.431253
vt 0.709399 0.352608
vt 0.709399 0.431253
vt 0.698923 0.352607
vt 0.698923 0.431253
vt 0.688448 0.352608
vt 0.688448 0.431253
vt 0.677974 0.352608
vt 0.677974 0.431253
vt 0.667500 0.352608
vt 0.667500 0.431253
vt 0.825405 0.289243
vt 0.835832 0.289244
vt 0.835830 0.343153
vt 0.825404 0.343153
vt 0.814978 0.289243
vt 0.814975 0.343152
vt 0.804549 0.289241
vt 0.804548 0.343151
vt 0.794119 0.289241
vt 0.794122 0.343150
vt 0.783690 0.289241
vt 0.783692 0.343150
vt 0.773262 0.289241
vt 0.773261 0.343150
vt 0.762833 0.289240
vt 0.762831 0.343150
vt 0.752402 0.289241
vt 0.752400 0.343149
vt 0.741971 0.289240
vt 0.741968 0.343149
vt 0.731541 0.289240
vt 0.731536 0.343150
vt 0.721112 0.289240
vt 0.721104 0.343149
vt 0.710680 0.289239
vt 0.710676 0.343149
vt 0.700251 0.289240
vt 0.700248 0.343149
vt 0.689823 0.289240
vt 0.689819 0.343149
vt 0.679395 0.289239
vt 0.679392 0.343148
vt 0.668966 0.289239
vt 0.668965 0.343148
vt 0.493593 0.072090
vt 0.483424 0.073675
vt 0.497567 0.070324
vt 0.480339 0.073889
vt 0.477106 0.063677
vt 0.494961 0.055438
vt 0.500218 0.068322
vt 0.471432 0.054164
vt 0.487627 0.042757
vt 0.463979 0.045721
vt 0.477974 0.031562
vt 0.455088 0.038614
vt 0.466514 0.022253
vt 0.445071 0.032999
vt 0.453720 0.014981
vt 0.434228 0.028968
vt 0.439988 0.009809
vt 0.422852 0.026567
vt 0.425672 0.006752
vt 0.411218 0.025818
vt 0.411081 0.005800
vt 0.399594 0.026727
vt 0.396505 0.006951
vt 0.388248 0.029282
vt 0.382232 0.010202
vt 0.377457 0.033458
vt 0.368572 0.015556
vt 0.367511 0.039203
vt 0.355874 0.022993
vt 0.358709 0.046425
vt 0.344534 0.032447
vt 0.351364 0.054964
vt 0.335024 0.043765
vt 0.345812 0.064549
vt 0.339621 0.074626
vt 0.329432 0.073171
vt 0.327851 0.056539
vt 0.325437 0.071457
vt 0.342708 0.074801
vt 0.322761 0.069488
vt 0.423421 0.037418
vt 0.433230 0.038868
vt 0.417000 0.047382
vt 0.420210 0.037203
vt 0.437521 0.040761
vt 0.411312 0.056865
vt 0.440168 0.042773
vt 0.434886 0.055648
vt 0.403836 0.065282
vt 0.427525 0.068322
vt 0.394923 0.072368
vt 0.417844 0.079499
vt 0.384886 0.077972
vt 0.406366 0.088783
vt 0.374029 0.082015
vt 0.393568 0.096036
vt 0.362637 0.084453
vt 0.379851 0.101213
vt 0.350983 0.085270
vt 0.365558 0.104313
vt 0.339327 0.084457
vt 0.350990 0.105347
vt 0.327933 0.082024
vt 0.336420 0.104319
vt 0.317070 0.077989
vt 0.322127 0.101228
vt 0.307024 0.072396
vt 0.308408 0.096062
vt 0.298100 0.065321
vt 0.295601 0.088826
vt 0.290610 0.056913
vt 0.284113 0.079557
vt 0.284900 0.047441
vt 0.274414 0.068399
vt 0.268654 0.038956
vt 0.278460 0.037488
vt 0.281671 0.037268
vt 0.267031 0.055739
vt 0.264366 0.040858
vt 0.261723 0.042875
vt 0.867856 0.275907
vt 0.876474 0.283919
vt 0.863404 0.280735
vt 0.884431 0.292738
vt 0.869717 0.290652
vt 0.861789 0.283503
vt 0.891506 0.302258
vt 0.877015 0.298824
vt 0.897696 0.312339
vt 0.883563 0.307652
vt 0.903031 0.322863
vt 0.889327 0.317042
vt 0.907545 0.333740
vt 0.894318 0.326891
vt 0.911264 0.344889
vt 0.898557 0.337112
vt 0.914217 0.356254
vt 0.902061 0.347624
vt 0.916407 0.367790
vt 0.904850 0.358358
vt 0.917811 0.379459
vt 0.906920 0.369253
vt 0.918389 0.391218
vt 0.908244 0.380255
vt 0.918072 0.403016
vt 0.908789 0.391307
vt 0.916781 0.414780
vt 0.908495 0.402345
vt 0.914451 0.426413
vt 0.907297 0.413295
vt 0.911020 0.437786
vt 0.905146 0.424077
vt 0.906647 0.448710
vt 0.900561 0.446244
vt 0.902036 0.434582
vt 0.897918 0.444432
vt 0.964455 0.407821
vt 0.962802 0.419585
vt 0.954017 0.417886
vt 0.955493 0.407018
vt 0.964909 0.395959
vt 0.960091 0.431037
vt 0.954178 0.429612
vt 0.951406 0.428269
vt 0.955907 0.396030
vt 0.964233 0.384134
vt 0.955273 0.385033
vt 0.962510 0.372442
vt 0.953663 0.374113
vt 0.959823 0.360959
vt 0.951141 0.363346
vt 0.956240 0.349740
vt 0.947771 0.352801
vt 0.951816 0.338836
vt 0.943607 0.342535
vt 0.946578 0.328297
vt 0.938677 0.332617
vt 0.940541 0.318184
vt 0.933004 0.323112
vt 0.933708 0.308568
vt 0.926602 0.314098
vt 0.926076 0.299541
vt 0.919478 0.305670
vt 0.917644 0.291219
vt 0.911644 0.297929
vt 0.908438 0.283724
vt 0.903121 0.290982
vt 0.898512 0.277193
vt 0.893987 0.284911
vt 0.885289 0.277046
vt 0.888125 0.271665
vt 0.884466 0.280013
vt 0.830771 0.222067
vt 0.820784 0.228738
vt 0.809006 0.231079
vt 0.837444 0.212084
vt 0.797227 0.228734
vt 0.839788 0.200307
vt 0.787242 0.222062
vt 0.837448 0.188528
vt 0.780572 0.212076
vt 0.830778 0.178542
vt 0.778231 0.200298
vt 0.820794 0.171868
vt 0.780575 0.188519
vt 0.809016 0.169523
vt 0.787249 0.178534
vt 0.797236 0.171863
vt 0.967299 0.489971
vt 0.957983 0.488120
vt 0.950084 0.482844
vt 0.976613 0.488116
vt 0.944806 0.474947
vt 0.984510 0.482838
vt 0.942951 0.465631
vt 0.989786 0.474940
vt 0.944803 0.456315
vt 0.991638 0.465625
vt 0.950079 0.448417
vt 0.989784 0.456310
vt 0.957976 0.443140
vt 0.984506 0.448414
vt 0.967292 0.441286
vt 0.976608 0.443138
vt 0.504533 0.023408
vt 0.514305 0.017007
vt 0.530554 0.048888
vt 0.527315 0.050974
vt 0.496410 0.031797
vt 0.525235 0.012891
vt 0.534186 0.047542
vt 0.524652 0.053675
vt 0.519807 0.055878
vt 0.490292 0.041729
vt 0.536794 0.011240
vt 0.538036 0.047011
vt 0.522884 0.056829
vt 0.548434 0.012124
vt 0.541919 0.047319
vt 0.559607 0.015493
vt 0.545653 0.048455
vt 0.569794 0.021183
vt 0.549063 0.050364
vt 0.578519 0.028929
vt 0.551987 0.052956
vt 0.585375 0.038371
vt 0.554287 0.056109
vt 0.590040 0.049069
vt 0.555856 0.059676
vt 0.592287 0.060524
vt 0.556620 0.063487
vt 0.592000 0.072199
vt 0.556545 0.067361
vt 0.589177 0.083533
vt 0.555642 0.071109
vt 0.583935 0.093966
vt 0.553971 0.074515
vt 0.576576 0.103017
vt 0.553488 0.079815
vt 0.551577 0.077225
vt 0.515717 0.169651
vt 0.513192 0.181057
vt 0.508824 0.191875
vt 0.474532 0.174744
vt 0.473896 0.168811
vt 0.474873 0.164191
vt 0.516273 0.157977
vt 0.472049 0.172911
vt 0.475070 0.159406
vt 0.514869 0.146374
vt 0.474471 0.154634
vt 0.511560 0.135167
vt 0.473089 0.150013
vt 0.506445 0.124664
vt 0.470962 0.145674
vt 0.499668 0.115149
vt 0.468147 0.141737
vt 0.491418 0.106879
vt 0.464723 0.138311
vt 0.481922 0.100079
vt 0.460786 0.135489
vt 0.471435 0.094934
vt 0.456445 0.133349
vt 0.460240 0.091587
vt 0.451818 0.131953
vt 0.448644 0.090137
vt 0.447036 0.131339
vt 0.436966 0.090632
vt 0.442230 0.131522
vt 0.425535 0.093073
vt 0.437540 0.132492
vt 0.414689 0.097412
vt 0.433138 0.134205
vt 0.404721 0.103475
vt 0.427181 0.134539
vt 0.429391 0.136692
vt 0.515717 0.169651
vt 0.513192 0.181057
vt 0.476683 0.169776
vt 0.477816 0.164583
vt 0.508824 0.191875
vt 0.474532 0.174744
vt 0.473896 0.168811
vt 0.474873 0.164191
vt 0.516273 0.157977
vt 0.478046 0.159290
vt 0.472049 0.172911
vt 0.475070 0.159406
vt 0.514869 0.146374
vt 0.477390 0.154024
vt 0.474471 0.154634
vt 0.511560 0.135167
vt 0.475868 0.148929
vt 0.473089 0.150013
vt 0.506445 0.124664
vt 0.473524 0.144147
vt 0.470962 0.145674
vt 0.499668 0.115149
vt 0.470424 0.139810
vt 0.468147 0.141737
vt 0.491418 0.106879
vt 0.466654 0.136036
vt 0.464723 0.138311
vt 0.481922 0.100079
vt 0.462318 0.132929
vt 0.460786 0.135489
vt 0.471435 0.094934
vt 0.457536 0.130574
vt 0.456445 0.133349
vt 0.460240 0.091587
vt 0.452437 0.129036
vt 0.451818 0.131953
vt 0.448644 0.090137
vt 0.447164 0.128361
vt 0.447036 0.131339
vt 0.436966 0.090632
vt 0.441862 0.128567
vt 0.442230 0.131522
vt 0.425535 0.093073
vt 0.436675 0.129652
vt 0.437540 0.132492
vt 0.414689 0.097412
vt 0.431735 0.131611
vt 0.433138 0.134205
vt 0.404721 0.103475
vt 0.427181 0.134539
vt 0.429391 0.136692
vt 0.967299 0.489971
vt 0.957983 0.488120
vt 0.970688 0.457426
vt 0.967291 0.456751
vt 0.950084 0.482844
vt 0.973568 0.459349
vt 0.967295 0.465628
vt 0.976613 0.488116
vt 0.963894 0.457428
vt 0.944806 0.474947
vt 0.975494 0.462228
vt 0.984510 0.482838
vt 0.961015 0.459353
vt 0.942951 0.465631
vt 0.976171 0.465625
vt 0.989786 0.474940
vt 0.959093 0.462233
vt 0.944803 0.456315
vt 0.975496 0.469022
vt 0.991638 0.465625
vt 0.958418 0.465630
vt 0.950079 0.448417
vt 0.973572 0.471903
vt 0.989784 0.456310
vt 0.959095 0.469026
vt 0.957976 0.443140
vt 0.970692 0.473828
vt 0.984506 0.448414
vt 0.961019 0.471906
vt 0.967292 0.441286
vt 0.967296 0.474505
vt 0.976608 0.443138
vt 0.963899 0.473830
vt 0.815186 0.206483
vt 0.812349 0.208376
vt 0.809010 0.200301
vt 0.830771 0.222067
vt 0.820784 0.228738
vt 0.809005 0.209039
vt 0.817082 0.203648
vt 0.809006 0.231079
vt 0.837444 0.212084
vt 0.805660 0.208372
vt 0.817749 0.200304
vt 0.797227 0.228734
vt 0.839788 0.200307
vt 0.802826 0.206475
vt 0.817084 0.196959
vt 0.787242 0.222062
vt 0.837448 0.188528
vt 0.800933 0.203639
vt 0.815190 0.194123
vt 0.780572 0.212076
vt 0.830778 0.178542
vt 0.800271 0.200295
vt 0.812356 0.192228
vt 0.778231 0.200298
vt 0.820794 0.171868
vt 0.800938 0.196951
vt 0.809013 0.191562
vt 0.780575 0.188519
vt 0.809016 0.169523
vt 0.802833 0.194118
vt 0.805669 0.192225
vt 0.787249 0.178534
vt 0.797236 0.171863
vt 0.956918 0.418469
vt 0.958464 0.407284
vt 0.964455 0.407821
vt 0.962802 0.419585
vt 0.954017 0.417886
vt 0.955493 0.407018
vt 0.958891 0.396008
vt 0.964909 0.395959
vt 0.954178 0.429612
vt 0.960091 0.431037
vt 0.951406 0.428269
vt 0.955907 0.396030
vt 0.958243 0.384736
vt 0.964233 0.384134
vt 0.955273 0.385033
vt 0.956593 0.373561
vt 0.962510 0.372442
vt 0.953663 0.374113
vt 0.954016 0.362556
vt 0.959823 0.360959
vt 0.951141 0.363346
vt 0.950576 0.351787
vt 0.956240 0.349740
vt 0.947771 0.352801
vt 0.946325 0.341310
vt 0.951816 0.338836
vt 0.943607 0.342535
vt 0.941293 0.331186
vt 0.946578 0.328297
vt 0.938677 0.332617
vt 0.935499 0.321479
vt 0.940541 0.318184
vt 0.933004 0.323112
vt 0.928955 0.312267
vt 0.933708 0.308568
vt 0.926602 0.314098
vt 0.921664 0.303637
vt 0.926076 0.299541
vt 0.919478 0.305670
vt 0.913631 0.295704
vt 0.917644 0.291219
vt 0.911644 0.297929
vt 0.904883 0.288576
vt 0.908438 0.283724
vt 0.903121 0.290982
vt 0.895465 0.282349
vt 0.898512 0.277193
vt 0.893987 0.284911
vt 0.885289 0.277046
vt 0.888125 0.271665
vt 0.884466 0.280013
vt 0.871876 0.288466
vt 0.879410 0.296858
vt 0.886129 0.305910
vt 0.892029 0.315522
vt 0.897129 0.325591
vt 0.901456 0.336023
vt 0.905030 0.346741
vt 0.907872 0.357680
vt 0.909980 0.368782
vt 0.911332 0.379999
vt 0.911888 0.391279
vt 0.911587 0.402563
vt 0.910361 0.413776
vt 0.908151 0.424831
vt 0.904921 0.435638
vt 0.489009 0.058651
vt 0.479895 0.062545
vt 0.482100 0.046729
vt 0.473913 0.052433
vt 0.473148 0.036435
vt 0.466109 0.043556
vt 0.462556 0.027891
vt 0.456822 0.036114
vt 0.450715 0.021205
vt 0.446380 0.030251
vt 0.437984 0.016438
vt 0.435099 0.026050
vt 0.424689 0.013616
vt 0.423278 0.023552
vt 0.411129 0.012737
vt 0.411197 0.022773
vt 0.397582 0.013803
vt 0.399127 0.023719
vt 0.384326 0.016804
vt 0.387338 0.026376
vt 0.371659 0.021739
vt 0.376112 0.030728
vt 0.359905 0.028579
vt 0.365746 0.036727
vt 0.349422 0.037259
vt 0.356553 0.044287
vt 0.340602 0.047666
vt 0.348862 0.053264
vt 0.333845 0.059674
vt 0.343007 0.063453
vt 0.825405 0.289243
vt 0.835832 0.289244
vt 0.835830 0.343153
vt 0.825404 0.343153
vt 0.814978 0.289243
vt 0.814975 0.343152
vt 0.804549 0.289241
vt 0.804548 0.343151
vt 0.794119 0.289241
vt 0.794122 0.343150
vt 0.783690 0.289241
vt 0.783692 0.343150
vt 0.773262 0.289241
vt 0.773261 0.343150
vt 0.762833 0.289240
vt 0.762831 0.343150
vt 0.752402 0.289241
vt 0.752400 0.343149
vt 0.741971 0.289240
vt 0.741968 0.343149
vt 0.731541 0.289240
vt 0.731536 0.343150
vt 0.721112 0.289240
vt 0.721104 0.343149
vt 0.710680 0.289239
vt 0.710676 0.343149
vt 0.700251 0.289240
vt 0.700248 0.343149
vt 0.689823 0.289240
vt 0.689819 0.343149
vt 0.679395 0.289239
vt 0.679392 0.343148
vt 0.668966 0.289239
vt 0.668965 0.343148
vt 0.824814 0.352602
vt 0.835287 0.352602
vt 0.835287 0.431247
vt 0.824813 0.431247
vt 0.814340 0.352602
vt 0.814340 0.431247
vt 0.803865 0.352602
vt 0.803865 0.431247
vt 0.793388 0.352602
vt 0.793389 0.431247
vt 0.782913 0.352602
vt 0.782913 0.431247
vt 0.772436 0.352602
vt 0.772436 0.431247
vt 0.761958 0.352602
vt 0.761958 0.431247
vt 0.751479 0.352602
vt 0.751479 0.431247
vt 0.741000 0.352602
vt 0.741000 0.431247
vt 0.730521 0.352602
vt 0.730522 0.431247
vt 0.720045 0.352602
vt 0.720045 0.431247
vt 0.709568 0.352602
vt 0.709568 0.431247
vt 0.699092 0.352602
vt 0.699092 0.431247
vt 0.688617 0.352602
vt 0.688617 0.431247
vt 0.678143 0.352602
vt 0.678143 0.431247
vt 0.667669 0.352602
vt 0.667669 0.431247
vt 0.466482 0.022005
vt 0.477941 0.031314
vt 0.475870 0.033424
vt 0.464787 0.024444
vt 0.453687 0.014733
vt 0.452403 0.017421
vt 0.487595 0.042509
vt 0.485211 0.044235
vt 0.439956 0.009561
vt 0.439100 0.012422
vt 0.494929 0.055190
vt 0.492345 0.056628
vt 0.425639 0.006504
vt 0.425220 0.009465
vt 0.500185 0.068074
vt 0.497534 0.070077
vt 0.411048 0.005552
vt 0.411069 0.008543
vt 0.396473 0.006704
vt 0.396932 0.009658
vt 0.382200 0.009954
vt 0.383094 0.012803
vt 0.368540 0.015308
vt 0.369860 0.017979
vt 0.355841 0.022745
vt 0.357568 0.025161
vt 0.344502 0.032199
vt 0.346601 0.034283
vt 0.334992 0.043517
vt 0.337398 0.045212
vt 0.327819 0.056291
vt 0.330421 0.057694
vt 0.325404 0.071209
vt 0.322728 0.069240
vt 0.956918 0.418469
vt 0.958464 0.407284
vt 0.964455 0.407821
vt 0.962802 0.419585
vt 0.954017 0.417886
vt 0.955493 0.407018
vt 0.958891 0.396008
vt 0.964909 0.395959
vt 0.954178 0.429612
vt 0.960091 0.431037
vt 0.951406 0.428269
vt 0.955907 0.396030
vt 0.958243 0.384736
vt 0.964233 0.384134
vt 0.955273 0.385033
vt 0.956593 0.373561
vt 0.962510 0.372442
vt 0.953663 0.374113
vt 0.954016 0.362556
vt 0.959823 0.360959
vt 0.951141 0.363346
vt 0.950576 0.351787
vt 0.956240 0.349740
vt 0.947771 0.352801
vt 0.946325 0.341310
vt 0.951816 0.338836
vt 0.943607 0.342535
vt 0.941293 0.331186
vt 0.946578 0.328297
vt 0.938677 0.332617
vt 0.935499 0.321479
vt 0.940541 0.318184
vt 0.933004 0.323112
vt 0.928955 0.312267
vt 0.933708 0.308568
vt 0.926602 0.314098
vt 0.921664 0.303637
vt 0.926076 0.299541
vt 0.919478 0.305670
vt 0.913631 0.295704
vt 0.917644 0.291219
vt 0.911644 0.297929
vt 0.904883 0.288576
vt 0.908438 0.283724
vt 0.903121 0.290982
vt 0.895465 0.282349
vt 0.898512 0.277193
vt 0.893987 0.284911
vt 0.885289 0.277046
vt 0.888125 0.271665
vt 0.884466 0.280013
vt 0.918072 0.403016
vt 0.916781 0.414780
vt 0.914451 0.426413
vt 0.907297 0.413295
vt 0.908495 0.402345
vt 0.918389 0.391218
vt 0.911020 0.437786
vt 0.905146 0.424077
vt 0.908789 0.391307
vt 0.917811 0.379459
vt 0.906647 0.448710
vt 0.900561 0.446244
vt 0.902036 0.434582
vt 0.908244 0.380255
vt 0.916407 0.367790
vt 0.897918 0.444432
vt 0.906920 0.369253
vt 0.914217 0.356254
vt 0.904850 0.358358
vt 0.911264 0.344889
vt 0.902061 0.347624
vt 0.907545 0.333740
vt 0.898557 0.337112
vt 0.903031 0.322863
vt 0.894318 0.326891
vt 0.897696 0.312339
vt 0.889327 0.317042
vt 0.891506 0.302258
vt 0.883563 0.307652
vt 0.884431 0.292738
vt 0.877015 0.298824
vt 0.876474 0.283919
vt 0.869717 0.290652
vt 0.863404 0.280735
vt 0.867856 0.275907
vt 0.861789 0.283503
vt 0.785806 0.246073
vt 0.790092 0.246073
vt 0.790092 0.278271
vt 0.785806 0.278271
vt 0.781518 0.246073
vt 0.781518 0.278271
vt 0.777229 0.246073
vt 0.777229 0.278271
vt 0.772942 0.246073
vt 0.772942 0.278271
vt 0.768652 0.246073
vt 0.768652 0.278271
vt 0.764362 0.246073
vt 0.764362 0.278271
vt 0.760072 0.246073
vt 0.760072 0.278271
vt 0.755783 0.246073
vt 0.755783 0.278271
vt 0.751492 0.246073
vt 0.751492 0.278271
vt 0.747202 0.246073
vt 0.747202 0.278271
vt 0.742913 0.246073
vt 0.742913 0.278271
vt 0.738626 0.246073
vt 0.738626 0.278271
vt 0.734335 0.246073
vt 0.734335 0.278271
vt 0.730046 0.246073
vt 0.730046 0.278271
vt 0.725759 0.246073
vt 0.725759 0.278271
vt 0.721472 0.246073
vt 0.721472 0.278271
vt 0.550262 0.133803
vt 0.555670 0.133803
vt 0.555670 0.182577
vt 0.550262 0.182577
vt 0.561078 0.133803
vt 0.561077 0.182577
vt 0.566484 0.133803
vt 0.566484 0.182577
vt 0.571890 0.133803
vt 0.571890 0.182577
vt 0.577296 0.133803
vt 0.577295 0.182577
vt 0.582702 0.133803
vt 0.582702 0.182577
vt 0.588106 0.133803
vt 0.588106 0.182577
vt 0.593511 0.133803
vt 0.593511 0.182577
vt 0.598916 0.133803
vt 0.598916 0.182577
vt 0.604321 0.133803
vt 0.604320 0.182577
vt 0.609727 0.133803
vt 0.609727 0.182577
vt 0.615133 0.133803
vt 0.615132 0.182577
vt 0.620539 0.133803
vt 0.620538 0.182577
vt 0.625945 0.133803
vt 0.625945 0.182577
vt 0.631354 0.133803
vt 0.631352 0.182577
vt 0.636760 0.133803
vt 0.636760 0.182577
vt 0.544920 0.468103
vt 0.533351 0.468103
vt 0.533352 0.363705
vt 0.544921 0.363705
vt 0.556489 0.468103
vt 0.556489 0.363705
vt 0.521782 0.468103
vt 0.521783 0.363705
vt 0.568058 0.468103
vt 0.568059 0.363705
vt 0.510212 0.468103
vt 0.510213 0.363705
vt 0.579628 0.468103
vt 0.579629 0.363705
vt 0.498641 0.468103
vt 0.498641 0.363705
vt 0.591199 0.468103
vt 0.591200 0.363705
vt 0.487069 0.468103
vt 0.487069 0.363705
vt 0.602771 0.468103
vt 0.602772 0.363705
vt 0.475496 0.468103
vt 0.475497 0.363705
vt 0.614344 0.468103
vt 0.614345 0.363705
vt 0.463922 0.468103
vt 0.463923 0.363705
vt 0.625918 0.468103
vt 0.625919 0.363705
vt 0.452348 0.468103
vt 0.452349 0.363705
vt 0.637493 0.363705
vt 0.637492 0.468103
vt 0.553488 0.079815
vt 0.551577 0.077225
vt 0.553971 0.074515
vt 0.556520 0.076285
vt 0.555642 0.071109
vt 0.558566 0.072196
vt 0.556545 0.067361
vt 0.559647 0.067772
vt 0.556620 0.063487
vt 0.559740 0.063214
vt 0.555856 0.059676
vt 0.558845 0.058737
vt 0.554287 0.056109
vt 0.557005 0.054549
vt 0.551987 0.052956
vt 0.554307 0.050848
vt 0.549063 0.050364
vt 0.550878 0.047808
vt 0.545653 0.048455
vt 0.546880 0.045570
vt 0.541919 0.047319
vt 0.542498 0.044239
vt 0.538036 0.047011
vt 0.537939 0.043879
vt 0.534186 0.047542
vt 0.533417 0.044506
vt 0.530554 0.048888
vt 0.529145 0.046094
vt 0.527315 0.050974
vt 0.525325 0.048572
vt 0.524652 0.053675
vt 0.522140 0.051852
vt 0.522884 0.056829
vt 0.519807 0.055878
vt 0.278460 0.037488
vt 0.281671 0.037268
vt 0.284900 0.047441
vt 0.282001 0.048621
vt 0.290610 0.056913
vt 0.288037 0.058722
vt 0.298100 0.065321
vt 0.295894 0.067581
vt 0.307024 0.072396
vt 0.305229 0.075000
vt 0.317070 0.077989
vt 0.315712 0.080848
vt 0.327933 0.082024
vt 0.327024 0.085056
vt 0.339327 0.084457
vt 0.338873 0.087590
vt 0.350983 0.085270
vt 0.350984 0.088436
vt 0.362637 0.084453
vt 0.363094 0.087586
vt 0.374029 0.082015
vt 0.374940 0.085046
vt 0.384886 0.077972
vt 0.386248 0.080829
vt 0.394923 0.072368
vt 0.396721 0.074969
vt 0.403836 0.065282
vt 0.406045 0.067538
vt 0.411312 0.056865
vt 0.413888 0.058669
vt 0.417000 0.047382
vt 0.419901 0.048558
vt 0.420210 0.037203
vt 0.423421 0.037418
vt 0.329432 0.073171
vt 0.325437 0.071457
vt 0.330454 0.057942
vt 0.337430 0.045460
vt 0.339621 0.074626
vt 0.346633 0.034531
vt 0.345812 0.064549
vt 0.342708 0.074801
vt 0.357601 0.025408
vt 0.351364 0.054964
vt 0.369892 0.018227
vt 0.358709 0.046425
vt 0.383127 0.013051
vt 0.367511 0.039203
vt 0.396965 0.009906
vt 0.377457 0.033458
vt 0.411101 0.008791
vt 0.388248 0.029282
vt 0.425253 0.009713
vt 0.399594 0.026727
vt 0.439132 0.012669
vt 0.411218 0.025818
vt 0.452436 0.017669
vt 0.422852 0.026567
vt 0.464819 0.024691
vt 0.434228 0.028968
vt 0.475902 0.033672
vt 0.445071 0.032999
vt 0.485243 0.044483
vt 0.455088 0.038614
vt 0.492378 0.056876
vt 0.463979 0.045721
vt 0.497567 0.070324
vt 0.493593 0.072090
vt 0.471432 0.054164
vt 0.483424 0.073675
vt 0.477106 0.063677
vt 0.480339 0.073889
vt 0.381050 0.229067
vt 0.434791 0.328727
vt 0.089451 0.497367
vt 0.057610 0.147385
vt 0.092577 0.481837
vt 0.057988 0.147186
vt 0.181347 0.421043
vt 0.191859 0.428361
vt 0.128697 0.537000
vt 0.984934 0.070911
vt 0.984623 0.059039
vt 0.208528 0.483129
vt 0.935594 0.511176
vt 0.966619 0.511148
vt 0.935593 0.508275
vt 0.966619 0.508247
vt 0.975724 0.511152
vt 0.928593 0.511174
vt 0.966620 0.514050
vt 0.963398 0.516089
vt 0.938819 0.516112
vt 0.935594 0.514077
vt 0.935593 0.508275
vt 0.966619 0.508247
vt 0.975724 0.511152
vt 0.928593 0.511174
vt 0.966620 0.514050
vt 0.935594 0.514077
vt 0.963398 0.516089
vt 0.938819 0.516112
vt 0.983043 0.070961
vt 0.982731 0.059089
vt 0.983962 0.033823
vt 0.986507 0.058716
vt 0.986825 0.070862
vt 0.985841 0.105648
vt 0.983043 0.070961
vt 0.982731 0.059089
vt 0.983962 0.033823
vt 0.986507 0.058716
vt 0.986825 0.070862
vt 0.985841 0.105648
vt 0.348561 0.538630
vt 0.311259 0.566303
vt 0.221486 0.405401
vt 0.294703 0.583354
vt 0.059686 0.139668
vt 0.079209 0.126174
vt 0.169693 0.667582
vt 0.147509 0.676020
vt 0.049054 0.146115
vt 0.097524 0.706455
vt 0.047863 0.522092
vt 0.021360 0.164887
vt 0.059686 0.139668
vt 0.079209 0.126174
vt 0.221486 0.405401
vt 0.348561 0.538630
vt 0.311259 0.566303
vt 0.294703 0.583354
vt 0.049054 0.146115
vt 0.169693 0.667582
vt 0.147509 0.676020
vt 0.047863 0.522092
vt 0.021360 0.164887
vt 0.097524 0.706455
vt 0.296088 0.423138
vt 0.212737 0.268572
vt 0.187069 0.224029
vt 0.359513 0.191146
vt 0.700549 0.229506
vt 0.705664 0.238991
vt 0.449700 0.358394
vt 0.313684 0.458827
vt 0.685798 0.202462
vt 0.716160 0.258765
vt 0.296088 0.423138
vt 0.212737 0.268572
vt 0.187069 0.224029
vt 0.359513 0.191146
vt 0.700549 0.229506
vt 0.705664 0.238991
vt 0.313684 0.458827
vt 0.449700 0.358394
vt 0.685798 0.202462
vt 0.716160 0.258765
vt 0.864155 0.399136
vt 0.866611 0.396639
vt 0.863713 0.382203
vt 0.867272 0.384799
vt 0.862163 0.395303
vt 0.867019 0.393415
vt 0.859956 0.380582
vt 0.866113 0.378824
vt 0.870475 0.382382
vt 0.860598 0.399425
vt 0.870150 0.388561
vt 0.865626 0.391699
vt 0.856056 0.380821
vt 0.861071 0.376778
vt 0.873704 0.387323
vt 0.857927 0.397247
vt 0.871636 0.393375
vt 0.863515 0.390638
vt 0.852278 0.381781
vt 0.855822 0.376516
vt 0.875176 0.393311
vt 0.857703 0.393919
vt 0.871093 0.398574
vt 0.860841 0.390578
vt 0.848827 0.383388
vt 0.850847 0.377629
vt 0.818360 0.240569
vt 0.816005 0.245090
vt 0.874403 0.399597
vt 0.860136 0.391493
vt 0.868476 0.403122
vt 0.858545 0.392075
vt 0.846152 0.386018
vt 0.846375 0.380016
vt 0.821995 0.237017
vt 0.821798 0.243229
vt 0.820035 0.246399
vt 0.815300 0.250136
vt 0.871396 0.405175
vt 0.863835 0.391719
vt 0.864441 0.406222
vt 0.857307 0.394533
vt 0.844512 0.389387
vt 0.842824 0.383641
vt 0.826514 0.234539
vt 0.824637 0.240792
vt 0.836284 0.247324
vt 0.834353 0.249785
vt 0.819598 0.249990
vt 0.816237 0.255123
vt 0.866738 0.409239
vt 0.866368 0.394651
vt 0.859916 0.407753
vt 0.857439 0.397191
vt 0.844064 0.393139
vt 0.840602 0.388208
vt 0.831677 0.233502
vt 0.827830 0.238683
vt 0.839028 0.246678
vt 0.837970 0.251128
vt 0.834214 0.252918
vt 0.820509 0.253564
vt 0.818501 0.259644
vt 0.861237 0.411456
vt 0.866460 0.398458
vt 0.855563 0.408199
vt 0.858827 0.399296
vt 0.844800 0.396904
vt 0.839925 0.393240
vt 0.837046 0.233914
vt 0.831700 0.238022
vt 0.841220 0.247203
vt 0.835843 0.255201
vt 0.822309 0.256964
vt 0.821792 0.263547
vt 0.855514 0.411782
vt 0.864994 0.399658
vt 0.852052 0.406250
vt 0.861075 0.400235
vt 0.846656 0.400384
vt 0.840771 0.398247
vt 0.842278 0.235853
vt 0.835813 0.238193
vt 0.842652 0.249733
vt 0.838018 0.256053
vt 0.824771 0.260039
vt 0.826144 0.266580
vt 0.850319 0.409979
vt 0.863141 0.400339
vt 0.849002 0.403630
vt 0.842930 0.402833
vt 0.846866 0.239415
vt 0.839957 0.239437
vt 0.842289 0.252889
vt 0.840033 0.255960
vt 0.827565 0.262787
vt 0.831442 0.267962
vt 0.846115 0.406838
vt 0.850136 0.244474
vt 0.843736 0.241975
vt 0.840002 0.255363
vt 0.841673 0.255390
vt 0.831515 0.263602
vt 0.837040 0.267704
vt 0.851427 0.250513
vt 0.846528 0.245816
vt 0.836684 0.255983
vt 0.842719 0.252242
vt 0.835845 0.263577
vt 0.842512 0.265725
vt 0.850396 0.256659
vt 0.847680 0.250566
vt 0.833774 0.254529
vt 0.841837 0.248813
vt 0.840244 0.262306
vt 0.847218 0.261958
vt 0.846835 0.255438
vt 0.832407 0.251706
vt 0.839027 0.246591
vt 0.844153 0.259550
vt 0.833072 0.248654
vt 0.835586 0.246609
vt 0.649949 0.185228
vt 0.649949 0.181245
vt 0.753343 0.181248
vt 0.753343 0.185229
vt 0.649949 0.177262
vt 0.753343 0.177267
vt 0.649949 0.189211
vt 0.753343 0.189212
vt 0.649949 0.173282
vt 0.753343 0.173285
vt 0.649949 0.169303
vt 0.753343 0.169303
vt 0.649949 0.165322
vt 0.753343 0.165323
vt 0.649949 0.161339
vt 0.753343 0.161345
vt 0.649949 0.157358
vt 0.753343 0.157366
vt 0.649949 0.153380
vt 0.753343 0.153385
vt 0.649949 0.149403
vt 0.753343 0.149404
vt 0.649949 0.145423
vt 0.753343 0.145425
vt 0.649949 0.141443
vt 0.753343 0.141446
vt 0.649949 0.137464
vt 0.753343 0.137466
vt 0.649949 0.133485
vt 0.753343 0.133485
vt 0.649949 0.129504
vt 0.753343 0.129505
vt 0.649949 0.125522
vt 0.753343 0.125527
vt 0.649949 0.121539
vt 0.753343 0.121548
vt 0.649949 0.117559
vt 0.753343 0.117565
vt 0.649949 0.113579
vt 0.753343 0.113580
vt 0.649949 0.109596
vt 0.753343 0.109597
vt 0.841649 0.250395
vt 0.841139 0.253072
vt 0.841458 0.247752
vt 0.839998 0.255559
vt 0.840490 0.245388
vt 0.838271 0.257618
vt 0.838767 0.243539
vt 0.836056 0.259036
vt 0.836478 0.242328
vt 0.833552 0.259672
vt 0.833890 0.241818
vt 0.831004 0.259424
vt 0.831252 0.242139
vt 0.828667 0.258271
vt 0.828824 0.243362
vt 0.826790 0.256319
vt 0.826872 0.245388
vt 0.825577 0.253772
vt 0.825608 0.247995
vt 0.825164 0.250895
vt 0.866245 0.393671
vt 0.865682 0.396268
vt 0.866061 0.391105
vt 0.864444 0.398678
vt 0.865079 0.388813
vt 0.862625 0.400692
vt 0.863320 0.387036
vt 0.860340 0.402087
vt 0.860948 0.385931
vt 0.857758 0.402672
vt 0.858218 0.385537
vt 0.855108 0.402405
vt 0.855413 0.385872
vt 0.852652 0.401344
vt 0.852830 0.387034
vt 0.850664 0.399544
vt 0.850759 0.388998
vt 0.849382 0.397135
vt 0.849424 0.391545
vt 0.848952 0.394366
vt 0.857307 0.394533
vt 0.857439 0.397191
vt 0.844064 0.393139
vt 0.844512 0.389387
vt 0.862163 0.395303
vt 0.858827 0.399296
vt 0.844800 0.396904
vt 0.839925 0.393240
vt 0.840602 0.388208
vt 0.858545 0.392075
vt 0.846152 0.386018
vt 0.861075 0.400235
vt 0.846656 0.400384
vt 0.840771 0.398247
vt 0.866245 0.393671
vt 0.865682 0.396268
vt 0.842824 0.383641
vt 0.860841 0.390578
vt 0.848827 0.383388
vt 0.863141 0.400339
vt 0.849002 0.403630
vt 0.842930 0.402833
vt 0.866061 0.391105
vt 0.864444 0.398678
vt 0.846375 0.380016
vt 0.863515 0.390638
vt 0.852278 0.381781
vt 0.864994 0.399658
vt 0.852052 0.406250
vt 0.846115 0.406838
vt 0.865079 0.388813
vt 0.862625 0.400692
vt 0.850847 0.377629
vt 0.865626 0.391699
vt 0.856056 0.380821
vt 0.866460 0.398458
vt 0.855563 0.408199
vt 0.850319 0.409979
vt 0.863320 0.387036
vt 0.860340 0.402087
vt 0.855822 0.376516
vt 0.867019 0.393415
vt 0.859956 0.380582
vt 0.866368 0.394651
vt 0.859916 0.407753
vt 0.855514 0.411782
vt 0.860948 0.385931
vt 0.857758 0.402672
vt 0.861071 0.376778
vt 0.866611 0.396639
vt 0.863713 0.382203
vt 0.863835 0.391719
vt 0.864441 0.406222
vt 0.861237 0.411456
vt 0.858218 0.385537
vt 0.855108 0.402405
vt 0.866113 0.378824
vt 0.864155 0.399136
vt 0.867272 0.384799
vt 0.860136 0.391493
vt 0.868476 0.403122
vt 0.866738 0.409239
vt 0.855413 0.385872
vt 0.852652 0.401344
vt 0.870475 0.382382
vt 0.860598 0.399425
vt 0.870150 0.388561
vt 0.857703 0.393919
vt 0.871093 0.398574
vt 0.871396 0.405175
vt 0.852830 0.387034
vt 0.850664 0.399544
vt 0.873704 0.387323
vt 0.857927 0.397247
vt 0.871636 0.393375
vt 0.874403 0.399597
vt 0.850759 0.388998
vt 0.849382 0.397135
vt 0.875176 0.393311
vt 0.849424 0.391545
vt 0.848952 0.394366
vt 0.816005 0.245090
vt 0.815300 0.250136
vt 0.841649 0.250395
vt 0.841139 0.253072
vt 0.820035 0.246399
vt 0.819598 0.249990
vt 0.816237 0.255123
vt 0.841458 0.247752
vt 0.818360 0.240569
vt 0.839998 0.255559
vt 0.821798 0.243229
vt 0.834353 0.249785
vt 0.834214 0.252918
vt 0.820509 0.253564
vt 0.818501 0.259644
vt 0.840490 0.245388
vt 0.821995 0.237017
vt 0.838271 0.257618
vt 0.824637 0.240792
vt 0.836284 0.247324
vt 0.837970 0.251128
vt 0.835843 0.255201
vt 0.822309 0.256964
vt 0.821792 0.263547
vt 0.838767 0.243539
vt 0.826514 0.234539
vt 0.836056 0.259036
vt 0.827830 0.238683
vt 0.839028 0.246678
vt 0.838018 0.256053
vt 0.824771 0.260039
vt 0.826144 0.266580
vt 0.836478 0.242328
vt 0.831677 0.233502
vt 0.833552 0.259672
vt 0.831700 0.238022
vt 0.841220 0.247203
vt 0.840033 0.255960
vt 0.827565 0.262787
vt 0.831442 0.267962
vt 0.833890 0.241818
vt 0.837046 0.233914
vt 0.831004 0.259424
vt 0.835813 0.238193
vt 0.842652 0.249733
vt 0.841673 0.255390
vt 0.831515 0.263602
vt 0.837040 0.267704
vt 0.831252 0.242139
vt 0.842278 0.235853
vt 0.828667 0.258271
vt 0.839957 0.239437
vt 0.842289 0.252889
vt 0.842719 0.252242
vt 0.835845 0.263577
vt 0.842512 0.265725
vt 0.828824 0.243362
vt 0.846866 0.239415
vt 0.826790 0.256319
vt 0.843736 0.241975
vt 0.840002 0.255363
vt 0.841837 0.248813
vt 0.840244 0.262306
vt 0.847218 0.261958
vt 0.826872 0.245388
vt 0.850136 0.244474
vt 0.825577 0.253772
vt 0.846528 0.245816
vt 0.836684 0.255983
vt 0.839027 0.246591
vt 0.844153 0.259550
vt 0.850396 0.256659
vt 0.825608 0.247995
vt 0.851427 0.250513
vt 0.825164 0.250895
vt 0.847680 0.250566
vt 0.833774 0.254529
vt 0.835586 0.246609
vt 0.846835 0.255438
vt 0.832407 0.251706
vt 0.833072 0.248654
vt 0.649949 0.185228
vt 0.649949 0.181245
vt 0.753343 0.181248
vt 0.753343 0.185229
vt 0.649949 0.177262
vt 0.753343 0.177267
vt 0.649949 0.189211
vt 0.753343 0.189212
vt 0.649949 0.173282
vt 0.753343 0.173285
vt 0.649949 0.169303
vt 0.753343 0.169303
vt 0.649949 0.165322
vt 0.753343 0.165323
vt 0.649949 0.161339
vt 0.753343 0.161345
vt 0.649949 0.157358
vt 0.753343 0.157366
vt 0.649949 0.153380
vt 0.753343 0.153385
vt 0.649949 0.149403
vt 0.753343 0.149404
vt 0.649949 0.145423
vt 0.753343 0.145425
vt 0.649949 0.141443
vt 0.753343 0.141446
vt 0.649949 0.137464
vt 0.753343 0.137466
vt 0.649949 0.133485
vt 0.753343 0.133485
vt 0.649949 0.129504
vt 0.753343 0.129505
vt 0.649949 0.125522
vt 0.753343 0.125527
vt 0.649949 0.121539
vt 0.753343 0.121548
vt 0.649949 0.117559
vt 0.753343 0.117565
vt 0.649949 0.113579
vt 0.753343 0.113580
vt 0.649949 0.109596
vt 0.753343 0.109597
# 1329 polygons
usemtl initialShadingGroup
s 1
g pCube7 SpaceShpis2
f 30/369/1 31/16/2 15/368/3
s 2
f 21/8/4 14/383/5 35/384/6 36/20/7
f 12/3/8 153/391/9 154/112/10 38/22/11
f 11/405/12 12/3/8 38/22/11 39/23/13
f 40/406/14 20/407/15 11/405/12 39/23/13
s 4
f 19/362/16 24/11/17 25/364/18
s 2
f 26/12/19 18/7/20 19/413/21 25/414/22
f 27/13/23 17/6/24 18/7/20 26/12/19
f 155/113/25 156/114/26 17/6/24 27/13/23
f 30/387/27 15/388/28 46/27/29 45/26/30 29/15/31
f 5/403/32 4/2/33 12/3/8 11/405/12
f 21/8/4 22/9/34 2/394/35 14/383/5
s 1
f 31/16/2 32/17/36 1/367/37 15/368/3
s 2
f 1/397/38 44/395/39 46/27/29 15/388/28
f 156/114/26 148/399/40 9/402/41 17/6/24
f 9/402/41 8/412/42 18/7/20 17/6/24
f 8/412/42 7/418/43 19/413/21 18/7/20
s 4
f 7/359/44 23/10/45 24/11/17 19/362/16
s 7
f 79/55/46 78/348/47 80/56/48 81/57/49
s 2
f 47/28/50 43/385/51 10/386/52 16/5/53
f 13/4/54 49/30/55 50/31/56 37/21/57
f 3/1/58 48/29/59 49/30/55 13/4/54
s 4
f 41/24/60 42/25/61 6/358/62 20/361/63
f 40/363/64 41/24/60 20/361/63
s 1
f 14/365/65 34/19/66 35/370/67
f 2/366/68 33/18/69 34/19/66 14/365/65
f 34/19/66 33/18/69 32/17/36 31/16/2
f 35/370/67 34/19/66 31/16/2 30/369/1
s 2
f 30/387/27 29/15/31 36/20/7 35/384/6
f 37/21/57 50/31/56 51/32/70 28/14/71
f 38/22/11 154/112/10 155/113/25 27/13/23
f 39/23/13 38/22/11 27/13/23 26/12/19
f 40/406/14 39/23/13 26/12/19 25/414/22
s 4
f 25/364/18 24/11/17 41/24/60 40/363/64
f 24/11/17 23/10/45 42/25/61 41/24/60
s 2
f 45/26/30 47/28/50 16/5/53 28/14/71 51/32/70 55/36/72 59/40/73 63/44/74 29/15/31
f 44/395/39 43/385/51 47/28/50 46/27/29
f 45/26/30 46/27/29 47/28/50
f 49/30/55 48/29/59 52/33/75 82/58/76 53/34/77
f 50/31/56 49/30/55 53/34/77 54/35/78
f 51/32/70 50/31/56 54/35/78 55/36/72
s off
f 75/52/79 74/51/80 76/53/81 77/54/82
s 2
f 54/35/78 53/34/77 57/38/83 58/39/84
f 55/36/72 54/35/78 58/39/84 59/40/73
f 57/38/83 83/59/85 56/37/86 60/41/87 61/42/88
f 58/39/84 57/38/83 61/42/88 62/43/89
f 59/40/73 58/39/84 62/43/89 63/44/74
f 61/42/88 60/41/87 22/9/34 21/8/4
f 62/43/89 61/42/88 21/8/4 36/20/7
f 63/44/74 62/43/89 36/20/7 29/15/31
s 11
f 53/34/90 82/58/91 84/379/92 64/375/93
s off
f 57/38/94 53/34/95 64/375/96 69/376/97 68/377/98 65/378/99
s 12
f 64/427/100 84/428/101 86/60/102 66/45/103
s 13
f 66/45/104 69/432/105 64/427/106
f 65/430/107 68/431/108 67/46/109
f 67/46/109 68/431/108 69/432/105 66/45/104
s 14
f 66/45/110 86/60/111 88/62/112 70/47/113 71/48/114
s off
f 67/46/115 66/45/116 71/48/117 73/50/118
f 71/48/119 70/47/120 74/51/121 75/52/122
f 70/47/123 72/49/124 76/53/125 74/51/126
f 72/49/127 73/50/128 77/54/129 76/53/130
f 73/50/131 71/48/132 75/52/133 77/54/134
s 15
f 5/353/135 11/354/136 80/56/137 78/348/138
s off
f 11/354/139 20/352/140 81/57/141 80/56/142
s 4
f 20/352/63 6/351/62 79/55/143 81/57/144
s 16
f 85/380/145 83/59/146 57/38/147 65/378/148
s 17
f 87/61/149 85/429/150 65/430/151 67/46/152
s 18
f 88/62/153 89/63/154 72/49/155 70/47/156
s 19
f 89/63/157 87/61/158 67/46/159 73/50/160 72/49/161
s 1
f 107/373/162 94/374/163 108/75/164
s 2
f 100/69/165 111/77/166 110/401/167 93/398/168
f 91/64/169 113/79/170 151/111/171 152/400/172
f 90/404/173 114/80/174 113/79/170 91/64/169
f 115/420/175 114/80/174 90/404/173 99/419/176
s 4
f 98/360/177 102/355/178 101/70/179
s 2
f 103/71/180 102/422/181 98/424/182 97/68/183
f 104/72/184 103/71/180 97/68/183 96/67/185
f 149/109/186 150/110/187 104/72/184 96/67/185
f 107/409/188 106/74/189 117/82/190 118/83/191 94/408/192
f 5/403/32 90/404/173 91/64/169 4/2/33
f 4/2/33 91/64/169 152/400/172 153/391/9 12/3/8
f 100/69/165 93/398/168 2/394/35 22/9/34
s 1
f 108/75/164 94/374/163 1/367/37 32/17/36
s 2
f 1/416/38 94/408/192 118/83/191 44/417/39
f 148/421/40 149/109/186 96/67/185 9/423/41
f 9/423/41 96/67/185 97/68/183 8/425/42
f 8/425/42 97/68/183 98/424/182 7/426/43
s 4
f 7/359/44 98/360/177 101/70/179 23/10/45
s 7
f 79/55/46 147/108/193 146/107/194 78/348/47
s 2
f 119/84/195 95/66/196 10/410/52 43/411/51
f 92/65/197 112/78/198 121/86/199 120/85/200
f 3/1/58 92/65/197 120/85/200 48/29/59
s 4
f 116/81/201 99/357/202 6/358/62 42/25/61
f 115/356/203 99/357/202 116/81/201
s 1
f 93/371/204 110/372/205 109/76/206
f 2/366/68 93/371/204 109/76/206 33/18/69
f 109/76/206 108/75/164 32/17/36 33/18/69
f 110/372/205 107/373/162 108/75/164 109/76/206
s 2
f 107/409/188 110/401/167 111/77/166 106/74/189
f 112/78/198 105/73/207 122/87/208 121/86/199
f 113/79/170 104/72/184 150/110/187 151/111/171
f 114/80/174 103/71/180 104/72/184 113/79/170
f 115/420/175 102/422/181 103/71/180 114/80/174
s 4
f 102/355/178 115/356/203 116/81/201 101/70/179
f 101/70/179 116/81/201 42/25/61 23/10/45
s 2
f 117/82/190 106/74/189 131/96/209 128/93/210 125/90/211 122/87/208 105/73/207 95/66/196 119/84/195
f 44/417/39 118/83/191 119/84/195 43/411/51
f 117/82/190 119/84/195 118/83/191
f 120/85/200 123/88/212 82/58/76 52/33/75 48/29/59
f 121/86/199 124/89/213 123/88/212 120/85/200
f 122/87/208 125/90/211 124/89/213 121/86/199
s off
f 143/104/214 145/106/215 144/105/216 142/103/217
s 2
f 124/89/213 127/92/218 126/91/219 123/88/212
f 125/90/211 128/93/210 127/92/218 124/89/213
f 126/91/219 129/94/220 60/41/87 56/37/86 83/59/85
f 127/92/218 130/95/221 129/94/220 126/91/219
f 128/93/210 131/96/209 130/95/221 127/92/218
f 129/94/220 100/69/165 22/9/34 60/41/87
f 130/95/221 111/77/166 100/69/165 129/94/220
f 131/96/209 106/74/189 111/77/166 130/95/221
s 11
f 123/88/222 132/381/223 84/379/92 82/58/91
s off
f 126/91/224 133/382/225 136/392/226 137/393/227 132/381/228 123/88/229
s 12
f 132/433/230 134/97/231 86/60/102 84/428/101
s 24
f 134/97/232 132/433/233 137/435/234
f 133/434/235 135/98/236 136/436/237
f 135/98/236 134/97/232 137/435/234 136/436/237
s 14
f 134/97/238 139/100/239 138/99/240 88/62/112 86/60/111
s off
f 135/98/241 141/102/242 139/100/243 134/97/244
f 139/100/245 143/104/246 142/103/247 138/99/248
f 138/99/249 142/103/250 144/105/251 140/101/252
f 140/101/253 144/105/254 145/106/255 141/102/256
f 141/102/257 145/106/258 143/104/259 139/100/260
s 15
f 5/347/135 78/348/138 146/107/261 90/349/262
s off
f 90/349/263 146/107/264 147/108/265 99/350/266
s 4
f 99/350/202 147/108/267 79/55/143 6/351/62
s 16
f 85/380/145 133/382/268 126/91/269 83/59/146
s 17
f 87/61/149 135/98/270 133/434/271 85/429/150
s 18
f 88/62/153 138/99/272 140/101/273 89/63/154
s 19
f 89/63/157 140/101/274 141/102/275 135/98/276 87/61/158
s 2
f 10/410/52 95/66/196 164/120/277 165/415/278
f 105/73/207 163/119/279 164/120/277 95/66/196
f 162/118/280 163/119/279 105/73/207 112/78/198
f 161/390/281 162/118/280 112/78/198 92/65/197
f 160/389/282 161/390/281 92/65/197 3/1/58 13/4/54
f 159/117/283 160/389/282 13/4/54 37/21/57
f 158/116/284 159/117/283 37/21/57 28/14/71
f 28/14/71 16/5/53 157/115/285 158/116/284
f 10/386/52 165/396/278 157/115/285 16/5/53
f 158/116/284 157/115/285 156/114/26 155/113/25
f 155/113/25 154/112/10 159/117/283 158/116/284
f 154/112/10 153/391/9 160/389/282 159/117/283
s off
f 175/321/286 174/320/287 176/324/288 177/327/289
s 2
f 152/400/172 151/111/171 162/118/280 161/390/281
f 151/111/171 150/110/187 163/119/279 162/118/280
f 164/120/277 163/119/279 150/110/187 149/109/186
f 165/415/278 164/120/277 149/109/186 148/421/40
f 157/115/285 165/396/278 148/399/40 156/114/26
s off
f 153/339/290 152/340/291 166/331/292 167/332/293
f 152/341/294 161/342/295 168/333/296 166/334/297
f 161/343/298 160/344/299 169/335/300 168/336/301
f 160/345/302 153/346/303 167/337/304 169/338/305
f 167/332/306 166/331/307 170/319/308 171/322/309
f 166/334/310 168/333/311 172/323/312 170/325/313
f 168/336/314 169/335/315 173/326/316 172/328/317
f 169/338/318 167/337/319 171/329/320 173/330/321
f 171/322/322 170/319/323 174/320/324 175/321/325
f 170/325/326 172/323/327 176/324/328 174/320/329
f 172/328/330 173/326/331 177/327/332 176/324/333
f 173/330/334 171/329/335 175/321/336 177/327/337
s 1
g pCylinder9 SpaceShpis2
f 178/121/338 179/122/339 418/723/340 403/724/341
f 179/122/339 180/123/342 417/727/343 418/723/340
f 180/123/342 181/731/344 416/732/345 417/727/343
f 181/757/344 182/124/346 415/754/347 416/756/345
f 182/124/346 183/125/348 414/752/349 415/754/347
f 183/125/348 184/126/350 413/750/351 414/752/349
f 184/126/350 185/127/352 412/748/353 413/750/351
f 185/127/352 186/128/354 411/746/355 412/748/353
f 186/128/354 187/129/356 410/744/357 411/746/355
f 187/129/356 188/130/358 409/742/359 410/744/357
f 188/130/358 189/131/360 408/740/361 409/742/359
f 189/131/360 190/132/362 407/738/363 408/740/361
f 190/132/362 191/133/364 406/736/365 407/738/363
f 191/133/364 192/134/366 405/733/367 406/736/365
f 192/134/366 193/135/368 404/728/369 405/733/367
f 193/135/368 178/121/338 403/724/341 404/728/369
s 2
f 516/289/370 515/288/371 517/290/372
f 518/291/373 516/289/370 517/290/372
f 519/292/374 518/291/373 517/290/372
f 520/293/375 519/292/374 517/290/372
f 521/294/376 520/293/375 517/290/372
f 522/295/377 521/294/376 517/290/372
f 523/296/378 522/295/377 517/290/372
f 524/297/379 523/296/378 517/290/372
f 525/298/380 524/297/379 517/290/372
f 526/299/381 525/298/380 517/290/372
f 527/300/382 526/299/381 517/290/372
f 528/301/383 527/300/382 517/290/372
f 529/302/384 528/301/383 517/290/372
f 530/303/385 529/302/384 517/290/372
f 531/304/386 530/303/385 517/290/372
f 515/288/371 531/304/386 517/290/372
s 3
f 242/151/387 243/152/388 244/153/389
f 243/152/388 245/154/390 244/153/389
f 245/154/390 246/155/391 244/153/389
f 246/155/391 247/156/392 244/153/389
f 247/156/392 248/157/393 244/153/389
f 248/157/393 249/158/394 244/153/389
f 249/158/394 250/159/395 244/153/389
f 250/159/395 251/160/396 244/153/389
f 251/160/396 252/161/397 244/153/389
f 252/161/397 253/162/398 244/153/389
f 253/162/398 254/163/399 244/153/389
f 254/163/399 255/164/400 244/153/389
f 255/164/400 256/165/401 244/153/389
f 256/165/401 257/166/402 244/153/389
f 257/166/402 258/167/403 244/153/389
f 258/167/403 242/151/387 244/153/389
s 4
f 211/768/404 210/765/405 194/136/406 209/150/407
f 212/770/408 211/768/404 209/150/407 208/149/409
f 213/772/410 212/770/408 208/149/409 207/148/411
f 214/774/412 213/772/410 207/148/411 206/147/413
f 215/776/414 214/774/412 206/147/413 205/146/415
f 216/778/416 215/776/414 205/146/415 204/145/417
f 217/780/418 216/778/416 204/145/417 203/144/419
f 218/782/420 217/780/418 203/144/419 202/143/421
f 219/784/422 218/782/420 202/143/421 201/142/423
f 220/786/424 219/784/422 201/142/423 200/141/425
f 221/788/426 220/786/424 200/141/425 199/140/427
f 222/790/428 221/788/426 199/140/427 198/139/429
f 223/792/430 222/790/428 198/139/429 197/793/431
f 224/760/432 223/761/430 197/762/431 196/138/433
f 225/759/434 224/760/432 196/138/433 195/137/435
f 210/765/405 225/759/434 195/137/435 194/136/406
s off
f 194/136/436 195/137/437 227/764/438 226/767/439
f 195/137/440 196/138/441 228/763/442 227/764/443
f 196/138/444 197/762/445 229/766/446 228/763/447
f 197/793/448 198/139/449 230/791/450 229/794/451
f 198/139/452 199/140/453 231/789/454 230/791/455
f 199/140/456 200/141/457 232/787/458 231/789/459
f 200/141/460 201/142/461 233/785/462 232/787/463
f 201/142/464 202/143/465 234/783/466 233/785/467
f 202/143/468 203/144/469 235/781/470 234/783/471
f 203/144/472 204/145/473 236/779/474 235/781/475
f 204/145/476 205/146/477 237/777/478 236/779/479
f 205/146/480 206/147/481 238/775/482 237/777/483
f 206/147/484 207/148/485 239/773/486 238/775/487
f 207/148/488 208/149/489 240/771/490 239/773/491
f 208/149/492 209/150/493 241/769/494 240/771/495
f 209/150/496 194/136/497 226/767/498 241/769/499
s 5
f 226/691/500 227/692/501 243/152/502 242/151/503
f 227/692/501 228/693/504 245/154/505 243/152/502
f 228/693/504 229/695/506 246/155/507 245/154/505
f 229/695/506 230/697/508 247/156/509 246/155/507
f 230/697/508 231/699/510 248/157/511 247/156/509
f 231/699/510 232/701/512 249/158/513 248/157/511
f 232/701/512 233/703/514 250/159/515 249/158/513
f 233/703/514 234/705/516 251/160/517 250/159/515
f 234/705/516 235/706/518 252/161/519 251/160/517
f 235/706/518 236/704/520 253/162/521 252/161/519
f 236/704/520 237/702/522 254/163/523 253/162/521
f 237/702/522 238/700/524 255/164/525 254/163/523
f 238/700/524 239/698/526 256/165/527 255/164/525
f 239/698/526 240/696/528 257/166/529 256/165/527
f 240/696/528 241/694/530 258/167/531 257/166/529
f 241/694/530 226/691/500 242/151/503 258/167/531
s 6
f 260/169/532 259/168/533 307/213/534 308/214/535
f 261/170/536 260/169/532 308/214/535 309/215/537
f 262/171/538 261/170/536 309/215/537 310/216/539
f 263/172/540 262/171/538 310/216/539 311/217/541
f 264/173/542 263/172/540 311/217/541 312/218/543
f 265/174/544 264/173/542 312/218/543 313/219/545
f 266/175/546 265/174/544 313/219/545 314/220/547
f 267/176/548 266/175/546 314/220/547 315/221/549
f 268/177/550 267/176/548 315/221/549 316/222/551
f 269/178/552 268/177/550 316/222/551 317/223/553
f 270/179/554 269/178/552 317/223/553 318/224/555
f 271/180/556 270/179/554 318/224/555 319/225/557
f 272/574/558 271/180/556 319/225/557 320/573/559
f 273/181/560 272/539/558 320/540/559 321/226/561
f 274/182/562 273/181/560 321/226/561 322/227/563
f 259/168/533 274/182/562 322/227/563 307/213/534
s 7
f 276/184/564 275/183/565 323/228/566 324/229/567
f 277/185/568 276/184/564 324/229/567 325/230/569
f 278/186/570 277/185/568 325/230/569 326/231/571
f 279/187/572 278/186/570 326/231/571 327/232/573
f 280/188/574 279/187/572 327/232/573 328/233/575
f 281/189/576 280/188/574 328/233/575 329/234/577
f 282/190/578 281/189/576 329/234/577 330/235/579
f 283/191/580 282/190/578 330/235/579 331/236/581
f 284/192/582 283/191/580 331/236/581 332/237/583
f 285/193/584 284/192/582 332/237/583 333/238/585
f 286/194/586 285/193/584 333/238/585 334/239/587
f 287/195/588 286/194/586 334/239/587 335/240/589
f 288/614/590 287/195/588 335/240/589 336/613/591
f 289/196/592 288/579/590 336/580/591 337/241/593
f 290/197/594 289/196/592 337/241/593 338/242/595
f 275/183/565 290/197/594 338/242/595 323/228/566
s 8
f 420/513/596 419/511/597 421/512/598 422/514/599
f 423/515/600 420/513/596 422/514/599 424/516/601
f 425/517/602 423/515/600 424/516/601 426/518/603
f 427/519/604 425/517/602 426/518/603 428/520/605
f 429/521/606 427/519/604 428/520/605 430/522/607
f 431/523/608 429/521/606 430/522/607 432/524/609
f 433/525/610 431/523/608 432/524/609 434/526/611
f 435/527/612 433/525/610 434/526/611 436/528/613
f 437/529/614 435/527/612 436/528/613 438/530/615
f 439/531/616 437/529/614 438/530/615 440/532/617
f 441/533/618 439/531/616 440/532/617 442/534/619
f 443/535/620 441/533/618 442/534/619 444/536/621
f 445/537/622 443/535/620 444/536/621 446/538/623
f 447/505/624 445/506/622 446/507/623 448/508/625
f 449/509/626 447/505/624 448/508/625 450/510/627
f 419/511/597 449/509/626 450/510/627 421/512/598
s 9
f 468/479/628 467/477/629 469/478/630 470/480/631
f 471/481/632 468/479/628 470/480/631 472/482/633
f 473/483/634 471/481/632 472/482/633 474/484/635
f 475/485/636 473/483/634 474/484/635 476/486/637
f 477/487/638 475/485/636 476/486/637 478/488/639
f 479/489/640 477/487/638 478/488/639 480/490/641
f 481/491/642 479/489/640 480/490/641 482/492/643
f 483/493/644 481/491/642 482/492/643 484/494/645
f 485/495/646 483/493/644 484/494/645 486/496/647
f 487/497/648 485/495/646 486/496/647 488/498/649
f 489/499/650 487/497/648 488/498/649 490/500/651
f 491/501/652 489/499/650 490/500/651 492/502/653
f 493/503/654 491/501/652 492/502/653 494/504/655
f 495/471/656 493/472/654 494/473/655 496/474/657
f 497/475/658 495/471/656 496/474/657 498/476/659
f 467/477/629 497/475/658 498/476/659 469/478/630
s 7
f 324/229/567 323/228/566 355/258/660 356/259/661
f 325/230/569 324/229/567 356/259/661 357/260/662
f 326/231/571 325/230/569 357/260/662 358/261/663
f 327/232/573 326/231/571 358/261/663 359/262/664
f 328/233/575 327/232/573 359/262/664 360/263/665
f 329/234/577 328/233/575 360/263/665 361/264/666
f 330/235/579 329/234/577 361/264/666 362/265/667
f 331/236/581 330/235/579 362/265/667 363/266/668
f 332/237/583 331/236/581 363/266/668 364/267/669
f 333/238/585 332/237/583 364/267/669 365/268/670
f 334/239/587 333/238/585 365/268/670 366/269/671
f 335/240/589 334/239/587 366/269/671 367/270/672
f 336/613/591 335/240/589 367/270/672 368/617/673
f 337/241/593 336/580/591 368/583/673 369/271/674
f 338/242/595 337/241/593 369/271/674 370/272/675
f 323/228/566 338/242/595 370/272/675 355/258/660
s 6
f 340/244/676 339/243/677 259/168/533 260/169/532
f 341/245/678 340/244/676 260/169/532 261/170/536
f 342/246/679 341/245/678 261/170/536 262/171/538
f 343/247/680 342/246/679 262/171/538 263/172/540
f 344/248/681 343/247/680 263/172/540 264/173/542
f 345/249/682 344/248/681 264/173/542 265/174/544
f 346/250/683 345/249/682 265/174/544 266/175/546
f 347/251/684 346/250/683 266/175/546 267/176/548
f 348/252/685 347/251/684 267/176/548 268/177/550
f 349/253/686 348/252/685 268/177/550 269/178/552
f 350/254/687 349/253/686 269/178/552 270/179/554
f 351/255/688 350/254/687 270/179/554 271/180/556
f 352/576/689 351/255/688 271/180/556 272/574/558
f 353/256/690 352/541/689 272/539/558 273/181/560
f 354/257/691 353/256/690 273/181/560 274/182/562
f 339/243/677 354/257/691 274/182/562 259/168/533
s 10
f 372/461/692 371/463/693 373/464/694 374/462/695
f 375/459/696 372/461/692 374/462/695 376/460/697
f 377/457/698 375/459/696 376/460/697 378/458/699
f 379/455/700 377/457/698 378/458/699 380/456/701
f 381/453/702 379/455/700 380/456/701 382/454/703
f 383/451/704 381/453/702 382/454/703 384/452/705
f 385/449/706 383/451/704 384/452/705 386/450/707
f 387/447/708 385/449/706 386/450/707 388/448/709
f 389/445/710 387/447/708 388/448/709 390/446/711
f 391/443/712 389/445/710 390/446/711 392/444/713
f 393/441/714 391/443/712 392/444/713 394/442/715
f 395/438/716 393/441/714 394/442/715 396/439/717
f 397/437/718 395/438/716 396/439/717 398/440/719
f 399/467/720 397/469/718 398/470/719 400/468/721
f 401/465/722 399/467/720 400/468/721 402/466/723
f 371/463/693 401/465/722 402/466/723 373/464/694
s 11
f 356/259/724 355/258/725 371/590/726 372/592/727
s 12
f 339/243/728 340/244/729 374/551/730 373/549/731
s 11
f 357/260/732 356/259/724 372/592/727 375/594/733
s 12
f 340/244/729 341/245/734 376/553/735 374/551/730
s 11
f 358/261/736 357/260/732 375/594/733 377/596/737
s 12
f 341/245/734 342/246/738 378/555/739 376/553/735
s 11
f 359/262/740 358/261/736 377/596/737 379/598/741
s 12
f 342/246/738 343/247/742 380/557/743 378/555/739
s 11
f 360/263/744 359/262/740 379/598/741 381/600/745
s 12
f 343/247/742 344/248/746 382/559/747 380/557/743
s 11
f 361/264/748 360/263/744 381/600/745 383/602/749
s 12
f 344/248/746 345/249/750 384/561/751 382/559/747
s 11
f 362/265/752 361/264/748 383/602/749 385/604/753
s 12
f 345/249/750 346/250/754 386/563/755 384/561/751
s 11
f 363/266/756 362/265/752 385/604/753 387/606/757
s 12
f 346/250/754 347/251/758 388/565/759 386/563/755
s 11
f 364/267/760 363/266/756 387/606/757 389/608/761
s 12
f 347/251/758 348/252/762 390/567/763 388/565/759
s 11
f 365/268/764 364/267/760 389/608/761 391/610/765
s 12
f 348/252/762 349/253/766 392/569/767 390/567/763
s 11
f 366/269/768 365/268/764 391/610/765 393/612/769
s 12
f 349/253/766 350/254/770 394/571/771 392/569/767
s 11
f 367/270/772 366/269/768 393/612/769 395/616/773
s 12
f 350/254/770 351/255/774 396/575/775 394/571/771
s 11
f 368/617/776 367/270/772 395/616/773 397/618/777
s 12
f 351/255/774 352/576/778 398/578/779 396/575/775
s 11
f 369/271/780 368/583/776 397/585/777 399/586/781
s 12
f 352/541/778 353/256/782 400/544/783 398/545/779
s 11
f 370/272/784 369/271/780 399/586/781 401/588/785
s 12
f 353/256/782 354/257/786 402/547/787 400/544/783
s 11
f 355/258/725 370/272/784 401/588/785 371/590/726
s 12
f 354/257/786 339/243/728 373/549/731 402/547/787
s 1
f 404/643/369 403/645/341 291/198/788 292/199/789
f 405/641/367 404/643/369 292/199/789 293/200/790
f 406/639/365 405/641/367 293/200/790 294/201/791
f 407/637/363 406/639/365 294/201/791 295/202/792
f 408/635/361 407/637/363 295/202/792 296/203/793
f 409/633/359 408/635/361 296/203/793 297/204/794
f 410/631/357 409/633/359 297/204/794 298/205/795
f 411/629/355 410/631/357 298/205/795 299/206/796
f 412/627/353 411/629/355 299/206/796 300/207/797
f 413/625/351 412/627/353 300/207/797 301/208/798
f 414/622/349 413/625/351 301/208/798 302/209/799
f 415/620/347 414/622/349 302/209/799 303/210/800
f 416/619/345 415/620/347 303/210/800 304/621/801
f 417/649/343 416/651/345 304/652/801 305/211/802
f 418/647/340 417/649/343 305/211/802 306/212/803
f 403/645/341 418/647/340 306/212/803 291/198/788
s 13
f 292/199/804 291/198/805 419/648/806 420/646/807
s 14
f 275/183/808 276/184/809 422/589/810 421/587/811
s 13
f 293/200/812 292/199/804 420/646/807 423/644/813
s 14
f 276/184/809 277/185/814 424/591/815 422/589/810
s 13
f 294/201/816 293/200/812 423/644/813 425/642/817
s 14
f 277/185/814 278/186/818 426/593/819 424/591/815
s 13
f 295/202/820 294/201/816 425/642/817 427/640/821
s 14
f 278/186/818 279/187/822 428/595/823 426/593/819
s 13
f 296/203/824 295/202/820 427/640/821 429/638/825
s 14
f 279/187/822 280/188/826 430/597/827 428/595/823
s 13
f 297/204/828 296/203/824 429/638/825 431/636/829
s 14
f 280/188/826 281/189/830 432/599/831 430/597/827
s 13
f 298/205/832 297/204/828 431/636/829 433/634/833
s 14
f 281/189/830 282/190/834 434/601/835 432/599/831
s 13
f 299/206/836 298/205/832 433/634/833 435/632/837
s 14
f 282/190/834 283/191/838 436/603/839 434/601/835
s 13
f 300/207/840 299/206/836 435/632/837 437/630/841
s 14
f 283/191/838 284/192/842 438/605/843 436/603/839
s 13
f 301/208/844 300/207/840 437/630/841 439/628/845
s 14
f 284/192/842 285/193/846 440/607/847 438/605/843
s 13
f 302/209/848 301/208/844 439/628/845 441/626/849
s 14
f 285/193/846 286/194/850 442/609/851 440/607/847
s 13
f 303/210/852 302/209/848 441/626/849 443/623/853
s 14
f 286/194/850 287/195/854 444/611/855 442/609/851
s 13
f 304/621/856 303/210/852 443/623/853 445/624/857
s 14
f 287/195/854 288/614/858 446/615/859 444/611/855
s 13
f 305/211/860 304/652/856 445/654/857 447/653/861
s 14
f 288/579/858 289/196/862 448/581/863 446/582/859
s 13
f 306/212/864 305/211/860 447/653/861 449/650/865
s 14
f 289/196/862 290/197/866 450/584/867 448/581/863
s 13
f 291/198/805 306/212/864 449/650/865 419/648/806
s 14
f 290/197/866 275/183/808 421/587/811 450/584/867
s 4
f 452/274/868 451/273/869 210/682/405 211/680/404
f 453/275/870 452/274/868 211/680/404 212/678/408
f 454/276/871 453/275/870 212/678/408 213/676/410
f 455/277/872 454/276/871 213/676/410 214/674/412
f 456/278/873 455/277/872 214/674/412 215/672/414
f 457/279/874 456/278/873 215/672/414 216/670/416
f 458/280/875 457/279/874 216/670/416 217/668/418
f 459/281/876 458/280/875 217/668/418 218/666/420
f 460/282/877 459/281/876 218/666/420 219/664/422
f 461/283/878 460/282/877 219/664/422 220/659/424
f 462/284/879 461/283/878 220/659/424 221/655/426
f 463/285/880 462/284/879 221/655/426 222/656/428
f 464/661/881 463/285/880 222/656/428 223/660/430
f 465/286/882 464/688/881 223/689/430 224/686/432
f 466/287/883 465/286/882 224/686/432 225/684/434
f 451/273/869 466/287/883 225/684/434 210/682/405
s 15
f 308/214/884 307/213/885 467/548/886 468/550/887
s 16
f 451/273/888 452/274/889 470/681/890 469/683/891
s 15
f 309/215/892 308/214/884 468/550/887 471/552/893
s 16
f 452/274/889 453/275/894 472/679/895 470/681/890
s 15
f 310/216/896 309/215/892 471/552/893 473/554/897
s 16
f 453/275/894 454/276/898 474/677/899 472/679/895
s 15
f 311/217/900 310/216/896 473/554/897 475/556/901
s 16
f 454/276/898 455/277/902 476/675/903 474/677/899
s 15
f 312/218/904 311/217/900 475/556/901 477/558/905
s 16
f 455/277/902 456/278/906 478/673/907 476/675/903
s 15
f 313/219/908 312/218/904 477/558/905 479/560/909
s 16
f 456/278/906 457/279/910 480/671/911 478/673/907
s 15
f 314/220/912 313/219/908 479/560/909 481/562/913
s 16
f 457/279/910 458/280/914 482/669/915 480/671/911
s 15
f 315/221/916 314/220/912 481/562/913 483/564/917
s 16
f 458/280/914 459/281/918 484/667/919 482/669/915
s 15
f 316/222/920 315/221/916 483/564/917 485/566/921
s 16
f 459/281/918 460/282/922 486/665/923 484/667/919
s 15
f 317/223/924 316/222/920 485/566/921 487/568/925
s 16
f 460/282/922 461/283/926 488/663/927 486/665/923
s 15
f 318/224/928 317/223/924 487/568/925 489/570/929
s 16
f 461/283/926 462/284/930 490/658/931 488/663/927
s 15
f 319/225/932 318/224/928 489/570/929 491/572/933
s 16
f 462/284/930 463/285/934 492/657/935 490/658/931
s 15
f 320/573/936 319/225/932 491/572/933 493/577/937
s 16
f 463/285/934 464/661/938 494/662/939 492/657/935
s 15
f 321/226/940 320/540/936 493/542/937 495/543/941
s 16
f 464/688/938 465/286/942 496/687/943 494/690/939
s 15
f 322/227/944 321/226/940 495/543/941 497/546/945
s 16
f 465/286/942 466/287/946 498/685/947 496/687/943
s 15
f 307/213/885 322/227/944 497/546/945 467/548/886
s 16
f 466/287/946 451/273/888 469/683/891 498/685/947
s 17
f 179/122/948 178/121/949 499/725/950 500/726/951
f 180/123/952 179/122/948 500/726/951 501/730/953
f 181/731/954 180/123/952 501/730/953 502/735/955
f 182/124/956 181/757/954 502/758/955 503/755/957
f 183/125/958 182/124/956 503/755/957 504/753/959
f 184/126/960 183/125/958 504/753/959 505/751/961
f 185/127/962 184/126/960 505/751/961 506/749/963
f 186/128/964 185/127/962 506/749/963 507/747/965
f 187/129/966 186/128/964 507/747/965 508/745/967
f 188/130/968 187/129/966 508/745/967 509/743/969
f 189/131/970 188/130/968 509/743/969 510/741/971
f 190/132/972 189/131/970 510/741/971 511/739/973
f 191/133/974 190/132/972 511/739/973 512/737/975
f 192/134/976 191/133/974 512/737/975 513/734/977
f 193/135/978 192/134/976 513/734/977 514/729/979
f 178/121/949 193/135/978 514/729/979 499/725/950
s 18
f 500/709/980 499/711/981 515/288/982 516/289/983
f 501/708/984 500/709/980 516/289/983 518/291/985
f 502/707/986 501/708/984 518/291/985 519/292/987
f 503/710/988 502/707/986 519/292/987 520/293/989
f 504/712/990 503/710/988 520/293/989 521/294/991
f 505/714/992 504/712/990 521/294/991 522/295/993
f 506/716/994 505/714/992 522/295/993 523/296/995
f 507/718/996 506/716/994 523/296/995 524/297/997
f 508/720/998 507/718/996 524/297/997 525/298/999
f 509/722/1000 508/720/998 525/298/999 526/299/1001
f 510/721/1002 509/722/1000 526/299/1001 527/300/1003
f 511/719/1004 510/721/1002 527/300/1003 528/301/1005
f 512/717/1006 511/719/1004 528/301/1005 529/302/1007
f 513/715/1008 512/717/1006 529/302/1007 530/303/1009
f 514/713/1010 513/715/1008 530/303/1009 531/304/1011
f 499/711/981 514/713/1010 531/304/1011 515/288/982
s 19
f 532/1259/1012 757/1260/1013 772/1258/1014 533/1257/1015
f 533/1257/1015 772/1258/1014 771/1256/1016 534/1255/1017
f 534/1255/1017 771/1256/1016 770/1254/1018 535/1253/1019
f 535/1253/1019 770/1254/1018 769/1252/1020 536/1251/1021
f 536/1251/1021 769/1252/1020 768/1250/1022 537/1249/1023
f 537/1249/1023 768/1250/1022 767/1248/1024 538/1247/1025
f 538/1247/1025 767/1248/1024 766/1246/1026 539/1245/1027
f 539/1245/1027 766/1246/1026 765/1244/1028 540/1243/1029
f 540/1243/1029 765/1244/1028 764/1242/1030 541/1241/1031
f 541/1241/1031 764/1242/1030 763/1240/1032 542/1239/1033
f 542/1239/1033 763/1240/1032 762/1238/1034 543/1237/1035
f 543/1237/1035 762/1238/1034 761/1236/1036 544/1235/1037
f 544/1235/1037 761/1236/1036 760/1233/1038 545/1232/1039
f 545/1232/1039 760/1233/1038 759/1234/1040 546/1231/1041
f 546/1263/1041 759/1264/1040 758/1262/1042 547/1261/1043
f 547/1261/1043 758/1262/1042 757/1260/1013 532/1259/1012
s 20
f 870/872/1044 871/852/1045 869/868/1046
f 872/876/1047 871/852/1045 870/872/1044
f 873/878/1048 871/852/1045 872/876/1047
f 874/874/1049 871/852/1045 873/878/1048
f 875/870/1050 871/852/1045 874/874/1049
f 876/866/1051 871/852/1045 875/870/1050
f 877/862/1052 871/852/1045 876/866/1051
f 878/858/1053 871/852/1045 877/862/1052
f 879/854/1054 871/852/1045 878/858/1053
f 880/849/1055 871/852/1045 879/854/1054
f 881/848/1056 871/852/1045 880/849/1055
f 882/851/1057 871/852/1045 881/848/1056
f 883/856/1058 871/852/1045 882/851/1057
f 884/860/1059 871/852/1045 883/856/1058
f 885/864/1060 871/852/1045 884/860/1059
f 869/868/1046 871/852/1045 885/864/1060
s 21
f 596/893/1061 598/881/1062 597/897/1063
f 597/897/1063 598/881/1062 599/901/1064
f 599/901/1064 598/881/1062 600/905/1065
f 600/905/1065 598/881/1062 601/909/1066
f 601/909/1066 598/881/1062 602/908/1067
f 602/908/1067 598/881/1062 603/904/1068
f 603/904/1068 598/881/1062 604/900/1069
f 604/900/1069 598/881/1062 605/896/1070
f 605/896/1070 598/881/1062 606/892/1071
f 606/892/1071 598/881/1062 607/888/1072
f 607/888/1072 598/881/1062 608/884/1073
f 608/884/1073 598/881/1062 609/880/1074
f 609/880/1074 598/881/1062 610/879/1075
f 610/879/1075 598/881/1062 611/885/1076
f 611/885/1076 598/881/1062 612/889/1077
f 612/889/1077 598/881/1062 596/893/1061
s 22
f 565/810/1078 563/811/1079 548/814/1080 564/813/1081
f 566/807/1082 562/808/1083 563/811/1079 565/810/1078
f 567/803/1084 561/804/1085 562/808/1083 566/807/1082
f 568/795/1086 560/798/1087 561/804/1085 567/803/1084
f 569/796/1088 559/797/1089 560/798/1087 568/795/1086
f 570/799/1090 558/800/1091 559/797/1089 569/796/1088
f 571/840/1092 557/841/1093 558/844/1091 570/843/1090
f 572/837/1094 556/838/1095 557/841/1093 571/840/1092
f 573/834/1096 555/835/1097 556/838/1095 572/837/1094
f 574/831/1098 554/832/1099 555/835/1097 573/834/1096
f 575/828/1100 553/829/1101 554/832/1099 574/831/1098
f 576/825/1102 552/826/1103 553/829/1101 575/828/1100
f 577/822/1104 551/823/1105 552/826/1103 576/825/1102
f 578/819/1106 550/820/1107 551/823/1105 577/822/1104
f 579/816/1108 549/817/1109 550/820/1107 578/819/1106
f 564/813/1081 548/814/1080 549/817/1109 579/816/1108
s off
f 548/814/1110 580/815/1111 581/818/1112 549/817/1113
f 549/817/1114 581/818/1115 582/821/1116 550/820/1117
f 550/820/1118 582/821/1119 583/824/1120 551/823/1121
f 551/823/1122 583/824/1123 584/827/1124 552/826/1125
f 552/826/1126 584/827/1127 585/830/1128 553/829/1129
f 553/829/1130 585/830/1131 586/833/1132 554/832/1133
f 554/832/1134 586/833/1135 587/836/1136 555/835/1137
f 555/835/1138 587/836/1139 588/839/1140 556/838/1141
f 556/838/1142 588/839/1143 589/842/1144 557/841/1145
f 557/841/1146 589/842/1147 590/845/1148 558/844/1149
f 558/800/1150 590/805/1151 591/801/1152 559/797/1153
f 559/797/1154 591/801/1155 592/802/1156 560/798/1157
f 560/798/1158 592/802/1159 593/806/1160 561/804/1161
f 561/804/1162 593/806/1163 594/809/1164 562/808/1165
f 562/808/1166 594/809/1167 595/812/1168 563/811/1169
f 563/811/1170 595/812/1171 580/815/1172 548/814/1173
s 23
f 580/895/1174 596/893/1175 597/897/1176 581/899/1177
f 581/899/1177 597/897/1176 599/901/1178 582/903/1179
f 582/903/1179 599/901/1178 600/905/1180 583/907/1181
f 583/907/1181 600/905/1180 601/909/1182 584/911/1183
f 584/911/1183 601/909/1182 602/908/1184 585/910/1185
f 585/910/1185 602/908/1184 603/904/1186 586/906/1187
f 586/906/1187 603/904/1186 604/900/1188 587/902/1189
f 587/902/1189 604/900/1188 605/896/1190 588/898/1191
f 588/898/1191 605/896/1190 606/892/1192 589/894/1193
f 589/894/1193 606/892/1192 607/888/1194 590/890/1195
f 590/890/1195 607/888/1194 608/884/1196 591/886/1197
f 591/886/1197 608/884/1196 609/880/1198 592/883/1199
f 592/883/1199 609/880/1198 610/879/1200 593/882/1201
f 593/882/1201 610/879/1200 611/885/1202 594/887/1203
f 594/887/1203 611/885/1202 612/889/1204 595/891/1205
f 595/891/1205 612/889/1204 596/893/1175 580/895/1174
s 24
f 614/986/1206 662/987/1207 661/989/1208 613/988/1209
f 615/984/1210 663/985/1211 662/987/1207 614/986/1206
f 616/982/1212 664/983/1213 663/985/1211 615/984/1210
f 617/980/1214 665/981/1215 664/983/1213 616/982/1212
f 618/978/1216 666/979/1217 665/981/1215 617/980/1214
f 619/1400/1218 667/1402/1219 666/979/1217 618/978/1216
f 620/1006/1220 668/1007/1221 667/1371/1219 619/1367/1218
f 621/1004/1222 669/1005/1223 668/1007/1221 620/1006/1220
f 622/1002/1224 670/1003/1225 669/1005/1223 621/1004/1222
f 623/1000/1226 671/1001/1227 670/1003/1225 622/1002/1224
f 624/998/1228 672/999/1229 671/1001/1227 623/1000/1226
f 625/996/1230 673/997/1231 672/999/1229 624/998/1228
f 626/994/1232 674/995/1233 673/997/1231 625/996/1230
f 627/992/1234 675/993/1235 674/995/1233 626/994/1232
f 628/990/1236 676/991/1237 675/993/1235 627/992/1234
f 613/988/1209 661/989/1208 676/991/1237 628/990/1236
s 25
f 630/1197/1238 678/1200/1239 677/1202/1240 629/1201/1241
f 631/1198/1242 679/1199/1243 678/1200/1239 630/1197/1238
f 632/1227/1244 680/1228/1245 679/1230/1243 631/1229/1242
f 633/1225/1246 681/1226/1247 680/1228/1245 632/1227/1244
f 634/1223/1248 682/1224/1249 681/1226/1247 633/1225/1246
f 635/1221/1250 683/1222/1251 682/1224/1249 634/1223/1248
f 636/1219/1252 684/1220/1253 683/1222/1251 635/1221/1250
f 637/1217/1254 685/1218/1255 684/1220/1253 636/1219/1252
f 638/1215/1256 686/1216/1257 685/1218/1255 637/1217/1254
f 639/1213/1258 687/1214/1259 686/1216/1257 638/1215/1256
f 640/1211/1260 688/1212/1261 687/1214/1259 639/1213/1258
f 641/1209/1262 689/1210/1263 688/1212/1261 640/1211/1260
f 642/1207/1264 690/1208/1265 689/1210/1263 641/1209/1262
f 643/1205/1266 691/1206/1267 690/1208/1265 642/1207/1264
f 644/1203/1268 692/1204/1269 691/1206/1267 643/1205/1266
f 629/1201/1241 677/1202/1240 692/1204/1269 644/1203/1268
s 26
f 774/1018/1270 776/1019/1271 775/1021/1272 773/1020/1273
f 777/1016/1274 778/1017/1275 776/1019/1271 774/1018/1270
f 779/1014/1276 780/1015/1277 778/1017/1275 777/1016/1274
f 781/1012/1278 782/1013/1279 780/1015/1277 779/1014/1276
f 783/1008/1280 784/1011/1281 782/1013/1279 781/1012/1278
f 785/1009/1282 786/1010/1283 784/1011/1281 783/1008/1280
f 787/1038/1284 788/1039/1285 786/1041/1283 785/1040/1282
f 789/1036/1286 790/1037/1287 788/1039/1285 787/1038/1284
f 791/1034/1288 792/1035/1289 790/1037/1287 789/1036/1286
f 793/1032/1290 794/1033/1291 792/1035/1289 791/1034/1288
f 795/1030/1292 796/1031/1293 794/1033/1291 793/1032/1290
f 797/1028/1294 798/1029/1295 796/1031/1293 795/1030/1292
f 799/1026/1296 800/1027/1297 798/1029/1295 797/1028/1294
f 801/1024/1298 802/1025/1299 800/1027/1297 799/1026/1296
f 803/1022/1300 804/1023/1301 802/1025/1299 801/1024/1298
f 773/1020/1273 775/1021/1272 804/1023/1301 803/1022/1300
s 27
f 822/1052/1302 824/1053/1303 823/1055/1304 821/1054/1305
f 825/1050/1306 826/1051/1307 824/1053/1303 822/1052/1302
f 827/1048/1308 828/1049/1309 826/1051/1307 825/1050/1306
f 829/1046/1310 830/1047/1311 828/1049/1309 827/1048/1308
f 831/1042/1312 832/1045/1313 830/1047/1311 829/1046/1310
f 833/1043/1314 834/1044/1315 832/1045/1313 831/1042/1312
f 835/1072/1316 836/1073/1317 834/1075/1315 833/1074/1314
f 837/1070/1318 838/1071/1319 836/1073/1317 835/1072/1316
f 839/1068/1320 840/1069/1321 838/1071/1319 837/1070/1318
f 841/1066/1322 842/1067/1323 840/1069/1321 839/1068/1320
f 843/1064/1324 844/1065/1325 842/1067/1323 841/1066/1322
f 845/1062/1326 846/1063/1327 844/1065/1325 843/1064/1324
f 847/1060/1328 848/1061/1329 846/1063/1327 845/1062/1326
f 849/1058/1330 850/1059/1331 848/1061/1329 847/1060/1328
f 851/1056/1332 852/1057/1333 850/1059/1331 849/1058/1330
f 821/1054/1305 823/1055/1304 852/1057/1333 851/1056/1332
s 25
f 678/1157/1239 710/1155/1334 709/1152/1335 677/1154/1240
f 679/1160/1243 711/1158/1336 710/1155/1334 678/1157/1239
f 680/1114/1245 712/1110/1337 711/1118/1336 679/1120/1243
f 681/1115/1247 713/1111/1338 712/1110/1337 680/1114/1245
f 682/1121/1249 714/1116/1339 713/1111/1338 681/1115/1247
f 683/1124/1251 715/1122/1340 714/1116/1339 682/1121/1249
f 684/1127/1253 716/1125/1341 715/1122/1340 683/1124/1251
f 685/1130/1255 717/1128/1342 716/1125/1341 684/1127/1253
f 686/1133/1257 718/1131/1343 717/1128/1342 685/1130/1255
f 687/1136/1259 719/1134/1344 718/1131/1343 686/1133/1257
f 688/1139/1261 720/1137/1345 719/1134/1344 687/1136/1259
f 689/1142/1263 721/1140/1346 720/1137/1345 688/1139/1261
f 690/1145/1265 722/1143/1347 721/1140/1346 689/1142/1263
f 691/1148/1267 723/1146/1348 722/1143/1347 690/1145/1265
f 692/1151/1269 724/1149/1349 723/1146/1348 691/1148/1267
f 677/1154/1240 709/1152/1335 724/1149/1349 692/1151/1269
s 24
f 694/1389/1350 614/986/1206 613/988/1209 693/1387/1351
f 695/1391/1352 615/984/1210 614/986/1206 694/1389/1350
f 696/1393/1353 616/982/1212 615/984/1210 695/1391/1352
f 697/1395/1354 617/980/1214 616/982/1212 696/1393/1353
f 698/1397/1355 618/978/1216 617/980/1214 697/1395/1354
f 699/1399/1356 619/1400/1218 618/978/1216 698/1397/1355
f 700/1369/1357 620/1006/1220 619/1367/1218 699/1368/1356
f 701/1370/1358 621/1004/1222 620/1006/1220 700/1369/1357
f 702/1372/1359 622/1002/1224 621/1004/1222 701/1370/1358
f 703/1375/1360 623/1000/1226 622/1002/1224 702/1372/1359
f 704/1377/1361 624/998/1228 623/1000/1226 703/1375/1360
f 705/1379/1362 625/996/1230 624/998/1228 704/1377/1361
f 706/1381/1363 626/994/1232 625/996/1230 705/1379/1362
f 707/1383/1364 627/992/1234 626/994/1232 706/1381/1363
f 708/1385/1365 628/990/1236 627/992/1234 707/1383/1364
f 693/1387/1351 613/988/1209 628/990/1236 708/1385/1365
s 28
f 726/1278/1366 728/1277/1367 727/1273/1368 725/1274/1369
f 729/1282/1370 730/1281/1371 728/1277/1367 726/1278/1366
f 731/1286/1372 732/1285/1373 730/1281/1371 729/1282/1370
f 733/1290/1374 734/1289/1375 732/1285/1373 731/1286/1372
f 735/1294/1376 736/1293/1377 734/1289/1375 733/1290/1374
f 737/1297/1378 738/1298/1379 736/1293/1377 735/1294/1376
f 739/1292/1380 740/1291/1381 738/1295/1379 737/1296/1378
f 741/1288/1382 742/1287/1383 740/1291/1381 739/1292/1380
f 743/1284/1384 744/1283/1385 742/1287/1383 741/1288/1382
f 745/1280/1386 746/1279/1387 744/1283/1385 743/1284/1384
f 747/1276/1388 748/1275/1389 746/1279/1387 745/1280/1386
f 749/1272/1390 750/1271/1391 748/1275/1389 747/1276/1388
f 751/1267/1392 752/1266/1393 750/1271/1391 749/1272/1390
f 753/1268/1394 754/1265/1395 752/1266/1393 751/1267/1392
f 755/1270/1396 756/1269/1397 754/1265/1395 753/1268/1394
f 725/1274/1369 727/1273/1368 756/1269/1397 755/1270/1396
s 29
f 710/1155/1398 726/1156/1399 725/1153/1400 709/1152/1401
s 30
f 693/1085/1402 727/1084/1403 728/1080/1404 694/1081/1405
s 29
f 711/1158/1406 729/1159/1407 726/1156/1399 710/1155/1398
s 30
f 694/1081/1405 728/1080/1404 730/1076/1408 695/1079/1409
s 29
f 712/1110/1410 731/1113/1411 729/1119/1407 711/1118/1406
s 30
f 695/1079/1409 730/1076/1408 732/1077/1412 696/1078/1413
s 29
f 713/1111/1414 733/1112/1415 731/1113/1411 712/1110/1410
s 30
f 696/1078/1413 732/1077/1412 734/1082/1416 697/1083/1417
s 29
f 714/1116/1418 735/1117/1419 733/1112/1415 713/1111/1414
s 30
f 697/1083/1417 734/1082/1416 736/1086/1420 698/1087/1421
s 29
f 715/1122/1422 737/1123/1423 735/1117/1419 714/1116/1418
s 30
f 698/1087/1421 736/1086/1420 738/1090/1424 699/1091/1425
s 29
f 716/1125/1426 739/1126/1427 737/1123/1423 715/1122/1422
s 30
f 699/1108/1425 738/1109/1424 740/1106/1428 700/1107/1429
s 29
f 717/1128/1430 741/1129/1431 739/1126/1427 716/1125/1426
s 30
f 700/1107/1429 740/1106/1428 742/1104/1432 701/1105/1433
s 29
f 718/1131/1434 743/1132/1435 741/1129/1431 717/1128/1430
s 30
f 701/1105/1433 742/1104/1432 744/1102/1436 702/1103/1437
s 29
f 719/1134/1438 745/1135/1439 743/1132/1435 718/1131/1434
s 30
f 702/1103/1437 744/1102/1436 746/1100/1440 703/1101/1441
s 29
f 720/1137/1442 747/1138/1443 745/1135/1439 719/1134/1438
s 30
f 703/1101/1441 746/1100/1440 748/1098/1444 704/1099/1445
s 29
f 721/1140/1446 749/1141/1447 747/1138/1443 720/1137/1442
s 30
f 704/1099/1445 748/1098/1444 750/1096/1448 705/1097/1449
s 29
f 722/1143/1450 751/1144/1451 749/1141/1447 721/1140/1446
s 30
f 705/1097/1449 750/1096/1448 752/1094/1452 706/1095/1453
s 29
f 723/1146/1454 753/1147/1455 751/1144/1451 722/1143/1450
s 30
f 706/1095/1453 752/1094/1452 754/1092/1456 707/1093/1457
s 29
f 724/1149/1458 755/1150/1459 753/1147/1455 723/1146/1454
s 30
f 707/1093/1457 754/1092/1456 756/1088/1460 708/1089/1461
s 29
f 709/1152/1401 725/1153/1400 755/1150/1459 724/1149/1458
s 30
f 708/1089/1461 756/1088/1460 727/1084/1403 693/1085/1402
s 19
f 758/1166/1042 646/973/1462 645/972/1463 757/1170/1013
f 759/1161/1040 647/974/1464 646/973/1462 758/1166/1042
f 760/1162/1038 648/975/1465 647/974/1464 759/1161/1040
f 761/1163/1036 649/976/1466 648/975/1465 760/1162/1038
f 762/1167/1034 650/977/1467 649/976/1466 761/1163/1036
f 763/1171/1032 651/1172/1468 650/977/1467 762/1167/1034
f 764/1192/1030 652/963/1469 651/1194/1468 763/1195/1032
f 765/1190/1028 653/964/1470 652/963/1469 764/1192/1030
f 766/1188/1026 654/965/1471 653/964/1470 765/1190/1028
f 767/1186/1024 655/966/1472 654/965/1471 766/1188/1026
f 768/1184/1022 656/967/1473 655/966/1472 767/1186/1024
f 769/1182/1020 657/968/1474 656/967/1473 768/1184/1022
f 770/1180/1018 658/969/1475 657/968/1474 769/1182/1020
f 771/1178/1016 659/970/1476 658/969/1475 770/1180/1018
f 772/1175/1014 660/971/1477 659/970/1476 771/1178/1016
f 757/1170/1013 645/972/1463 660/971/1477 772/1175/1014
s 31
f 646/973/1478 774/1169/1479 773/1174/1480 645/972/1481
s 32
f 629/1354/1482 775/1353/1483 776/1355/1484 630/1356/1485
s 31
f 647/974/1486 777/1165/1487 774/1169/1479 646/973/1478
s 32
f 630/1356/1485 776/1355/1484 778/1357/1488 631/1358/1489
s 31
f 648/975/1490 779/1164/1491 777/1165/1487 647/974/1486
s 32
f 631/1358/1489 778/1357/1488 780/1359/1492 632/1360/1493
s 31
f 649/976/1494 781/1168/1495 779/1164/1491 648/975/1490
s 32
f 632/1360/1493 780/1359/1492 782/1361/1496 633/1362/1497
s 31
f 650/977/1498 783/1173/1499 781/1168/1495 649/976/1494
s 32
f 633/1362/1497 782/1361/1496 784/1363/1500 634/1364/1501
s 31
f 651/1172/1502 785/1176/1503 783/1173/1499 650/977/1498
s 32
f 634/1364/1501 784/1363/1500 786/1365/1504 635/1366/1505
s 31
f 652/963/1506 787/1193/1507 785/1196/1503 651/1194/1502
s 32
f 635/1333/1505 786/1334/1504 788/1335/1508 636/1336/1509
s 31
f 653/964/1510 789/1191/1511 787/1193/1507 652/963/1506
s 32
f 636/1336/1509 788/1335/1508 790/1337/1512 637/1338/1513
s 31
f 654/965/1514 791/1189/1515 789/1191/1511 653/964/1510
s 32
f 637/1338/1513 790/1337/1512 792/1339/1516 638/1340/1517
s 31
f 655/966/1518 793/1187/1519 791/1189/1515 654/965/1514
s 32
f 638/1340/1517 792/1339/1516 794/1341/1520 639/1342/1521
s 31
f 656/967/1522 795/1185/1523 793/1187/1519 655/966/1518
s 32
f 639/1342/1521 794/1341/1520 796/1343/1524 640/1344/1525
s 31
f 657/968/1526 797/1183/1527 795/1185/1523 656/967/1522
s 32
f 640/1344/1525 796/1343/1524 798/1345/1528 641/1346/1529
s 31
f 658/969/1530 799/1181/1531 797/1183/1527 657/968/1526
s 32
f 641/1346/1529 798/1345/1528 800/1347/1532 642/1348/1533
s 31
f 659/970/1534 801/1179/1535 799/1181/1531 658/969/1530
s 32
f 642/1348/1533 800/1347/1532 802/1349/1536 643/1350/1537
s 31
f 660/971/1538 803/1177/1539 801/1179/1535 659/970/1534
s 32
f 643/1350/1537 802/1349/1536 804/1351/1540 644/1352/1541
s 31
f 645/972/1481 773/1174/1480 803/1177/1539 660/971/1538
s 32
f 644/1352/1541 804/1351/1540 775/1353/1483 629/1354/1482
s 22
f 806/945/1542 565/946/1078 564/943/1081 805/942/1543
f 807/948/1544 566/949/1082 565/946/1078 806/945/1542
f 808/951/1545 567/952/1084 566/949/1082 807/948/1544
f 809/954/1546 568/955/1086 567/952/1084 808/951/1545
f 810/957/1547 569/958/1088 568/955/1086 809/954/1546
f 811/960/1548 570/961/1090 569/958/1088 810/957/1547
f 812/912/1549 571/915/1092 570/921/1090 811/920/1548
f 813/913/1550 572/914/1094 571/915/1092 812/912/1549
f 814/918/1551 573/919/1096 572/914/1094 813/913/1550
f 815/924/1552 574/925/1098 573/919/1096 814/918/1551
f 816/927/1553 575/928/1100 574/925/1098 815/924/1552
f 817/930/1554 576/931/1102 575/928/1100 816/927/1553
f 818/933/1555 577/934/1104 576/931/1102 817/930/1554
f 819/936/1556 578/937/1106 577/934/1104 818/933/1555
f 820/939/1557 579/940/1108 578/937/1106 819/936/1556
f 805/942/1543 564/943/1081 579/940/1108 820/939/1557
s 33
f 662/987/1558 822/1394/1559 821/1392/1560 661/989/1561
s 34
f 805/942/1562 823/944/1563 824/947/1564 806/945/1565
s 33
f 663/985/1566 825/1396/1567 822/1394/1559 662/987/1558
s 34
f 806/945/1565 824/947/1564 826/950/1568 807/948/1569
s 33
f 664/983/1570 827/1398/1571 825/1396/1567 663/985/1566
s 34
f 807/948/1569 826/950/1568 828/953/1572 808/951/1573
s 33
f 665/981/1574 829/1401/1575 827/1398/1571 664/983/1570
s 34
f 808/951/1573 828/953/1572 830/956/1576 809/954/1577
s 33
f 666/979/1578 831/1403/1579 829/1401/1575 665/981/1574
s 34
f 809/954/1577 830/956/1576 832/959/1580 810/957/1581
s 33
f 667/1402/1582 833/1404/1583 831/1403/1579 666/979/1578
s 34
f 810/957/1581 832/959/1580 834/962/1584 811/960/1585
s 33
f 668/1007/1586 835/1373/1587 833/1374/1583 667/1371/1582
s 34
f 811/920/1585 834/922/1584 836/916/1588 812/912/1589
s 33
f 669/1005/1590 837/1376/1591 835/1373/1587 668/1007/1586
s 34
f 812/912/1589 836/916/1588 838/917/1592 813/913/1593
s 33
f 670/1003/1594 839/1378/1595 837/1376/1591 669/1005/1590
s 34
f 813/913/1593 838/917/1592 840/923/1596 814/918/1597
s 33
f 671/1001/1598 841/1380/1599 839/1378/1595 670/1003/1594
s 34
f 814/918/1597 840/923/1596 842/926/1600 815/924/1601
s 33
f 672/999/1602 843/1382/1603 841/1380/1599 671/1001/1598
s 34
f 815/924/1601 842/926/1600 844/929/1604 816/927/1605
s 33
f 673/997/1606 845/1384/1607 843/1382/1603 672/999/1602
s 34
f 816/927/1605 844/929/1604 846/932/1608 817/930/1609
s 33
f 674/995/1610 847/1386/1611 845/1384/1607 673/997/1606
s 34
f 817/930/1609 846/932/1608 848/935/1612 818/933/1613
s 33
f 675/993/1614 849/1388/1615 847/1386/1611 674/995/1610
s 34
f 818/933/1613 848/935/1612 850/938/1616 819/936/1617
s 33
f 676/991/1618 851/1390/1619 849/1388/1615 675/993/1614
s 34
f 819/936/1617 850/938/1616 852/941/1620 820/939/1621
s 33
f 661/989/1561 821/1392/1560 851/1390/1619 676/991/1618
s 34
f 820/939/1621 852/941/1620 823/944/1563 805/942/1562
s 35
f 533/1318/1622 854/1317/1623 853/1319/1624 532/1320/1625
f 534/1316/1626 855/1315/1627 854/1317/1623 533/1318/1622
f 535/1314/1628 856/1313/1629 855/1315/1627 534/1316/1626
f 536/1312/1630 857/1311/1631 856/1313/1629 535/1314/1628
f 537/1310/1632 858/1309/1633 857/1311/1631 536/1312/1630
f 538/1308/1634 859/1307/1635 858/1309/1633 537/1310/1632
f 539/1306/1636 860/1305/1637 859/1307/1635 538/1308/1634
f 540/1304/1638 861/1303/1639 860/1305/1637 539/1306/1636
f 541/1302/1640 862/1301/1641 861/1303/1639 540/1304/1638
f 542/1299/1642 863/1300/1643 862/1301/1641 541/1302/1640
f 543/1330/1644 864/1329/1645 863/1331/1643 542/1332/1642
f 544/1328/1646 865/1327/1647 864/1329/1645 543/1330/1644
f 545/1326/1648 866/1325/1649 865/1327/1647 544/1328/1646
f 546/1324/1650 867/1323/1651 866/1325/1649 545/1326/1648
f 547/1322/1652 868/1321/1653 867/1323/1651 546/1324/1650
f 532/1320/1625 853/1319/1624 868/1321/1653 547/1322/1652
s 36
f 854/871/1654 870/872/1655 869/868/1656 853/867/1657
f 855/875/1658 872/876/1659 870/872/1655 854/871/1654
f 856/877/1660 873/878/1661 872/876/1659 855/875/1658
f 857/873/1662 874/874/1663 873/878/1661 856/877/1660
f 858/869/1664 875/870/1665 874/874/1663 857/873/1662
f 859/865/1666 876/866/1667 875/870/1665 858/869/1664
f 860/861/1668 877/862/1669 876/866/1667 859/865/1666
f 861/857/1670 878/858/1671 877/862/1669 860/861/1668
f 862/853/1672 879/854/1673 878/858/1671 861/857/1670
f 863/846/1674 880/849/1675 879/854/1673 862/853/1672
f 864/847/1676 881/848/1677 880/849/1675 863/846/1674
f 865/850/1678 882/851/1679 881/848/1677 864/847/1676
f 866/855/1680 883/856/1681 882/851/1679 865/850/1678
f 867/859/1682 884/860/1683 883/856/1681 866/855/1680
f 868/863/1684 885/864/1685 884/860/1683 867/859/1682
f 853/867/1657 869/868/1656 885/864/1685 868/863/1684
s 1
g pCylinder8 SpaceShpis2
f 886/1491/1686 887/1492/1687 967/1493/1688 948/1494/1689
f 887/1492/1687 888/1496/1690 966/1497/1691 967/1493/1688
f 888/1496/1690 889/1502/1692 965/1503/1693 966/1497/1691
f 889/1502/1692 890/1508/1694 964/1509/1695 965/1503/1693
f 890/1508/1694 891/1514/1696 963/1515/1697 964/1509/1695
f 891/1514/1696 892/1522/1698 962/1523/1699 963/1515/1697
f 892/1522/1698 893/1532/1700 961/1533/1701 962/1523/1699
f 893/1532/1700 894/1544/1702 960/1545/1703 961/1533/1701
f 894/1544/1702 895/1557/1704 959/1558/1705 960/1545/1703
f 895/1557/1704 896/1569/1706 958/1570/1707 959/1558/1705
f 896/1569/1706 897/1579/1708 957/1580/1709 958/1570/1707
f 897/1579/1708 898/1567/1710 956/1568/1711 957/1580/1709
f 898/1567/1710 899/1555/1712 955/1556/1713 956/1568/1711
f 899/1555/1712 900/1542/1714 954/1543/1715 955/1556/1713
f 900/1542/1714 901/1530/1716 953/1531/1717 954/1543/1715
f 901/1530/1716 902/1520/1718 952/1521/1719 953/1531/1717
f 902/1520/1718 903/1512/1720 951/1513/1721 952/1521/1719
f 903/1512/1720 904/1506/1722 950/1507/1723 951/1513/1721
f 904/1506/1722 905/1500/1724 949/1501/1725 950/1507/1723
f 905/1500/1724 886/1491/1686 948/1494/1689 949/1501/1725
s 2
f 887/1492/1726 886/1491/1727 926/1495/1728
f 888/1496/1729 887/1492/1726 926/1495/1728
f 889/1502/1730 888/1496/1729 926/1495/1728
f 890/1508/1731 889/1502/1730 926/1495/1728
f 891/1514/1732 890/1508/1731 926/1495/1728
f 892/1522/1733 891/1514/1732 926/1495/1728
f 893/1532/1734 892/1522/1733 926/1495/1728
f 894/1544/1735 893/1532/1734 926/1495/1728
f 895/1557/1736 894/1544/1735 926/1495/1728
f 896/1569/1737 895/1557/1736 926/1495/1728
f 897/1579/1738 896/1569/1737 926/1495/1728
f 898/1567/1739 897/1579/1738 926/1495/1728
f 899/1555/1740 898/1567/1739 926/1495/1728
f 900/1542/1741 899/1555/1740 926/1495/1728
f 901/1530/1742 900/1542/1741 926/1495/1728
f 902/1520/1743 901/1530/1742 926/1495/1728
f 903/1512/1744 902/1520/1743 926/1495/1728
f 904/1506/1745 903/1512/1744 926/1495/1728
f 905/1500/1746 904/1506/1745 926/1495/1728
f 886/1491/1727 905/1500/1746 926/1495/1728
s 3
f 906/1538/1747 907/1537/1748 927/1550/1749
f 907/1537/1748 908/1549/1750 927/1550/1749
f 908/1549/1750 909/1562/1751 927/1550/1749
f 909/1562/1751 910/1574/1752 927/1550/1749
f 910/1574/1752 911/1584/1753 927/1550/1749
f 911/1584/1753 912/1591/1754 927/1550/1749
f 912/1591/1754 913/1597/1755 927/1550/1749
f 913/1597/1755 914/1603/1756 927/1550/1749
f 914/1603/1756 915/1608/1757 927/1550/1749
f 915/1608/1757 916/1611/1758 927/1550/1749
f 916/1611/1758 917/1612/1759 927/1550/1749
f 917/1612/1759 918/1609/1760 927/1550/1749
f 918/1609/1760 919/1604/1761 927/1550/1749
f 919/1604/1761 920/1598/1762 927/1550/1749
f 920/1598/1762 921/1592/1763 927/1550/1749
f 921/1592/1763 922/1585/1764 927/1550/1749
f 922/1585/1764 923/1575/1765 927/1550/1749
f 923/1575/1765 924/1563/1766 927/1550/1749
f 924/1563/1766 925/1551/1767 927/1550/1749
f 925/1551/1767 906/1538/1747 927/1550/1749
s 4
f 929/1539/1768 928/1527/1769 906/1538/1770 925/1551/1771
f 930/1552/1772 929/1539/1768 925/1551/1771 924/1563/1773
f 931/1564/1774 930/1552/1772 924/1563/1773 923/1575/1775
f 932/1576/1776 931/1564/1774 923/1575/1775 922/1585/1777
f 933/1586/1778 932/1576/1776 922/1585/1777 921/1592/1779
f 934/1593/1780 933/1586/1778 921/1592/1779 920/1598/1781
f 935/1599/1782 934/1593/1780 920/1598/1781 919/1604/1783
f 936/1605/1784 935/1599/1782 919/1604/1783 918/1609/1785
f 937/1610/1786 936/1605/1784 918/1609/1785 917/1612/1787
f 938/1607/1788 937/1610/1786 917/1612/1787 916/1611/1789
f 939/1602/1790 938/1607/1788 916/1611/1789 915/1608/1791
f 940/1596/1792 939/1602/1790 915/1608/1791 914/1603/1793
f 941/1590/1794 940/1596/1792 914/1603/1793 913/1597/1795
f 942/1583/1796 941/1590/1794 913/1597/1795 912/1591/1797
f 943/1573/1798 942/1583/1796 912/1591/1797 911/1584/1799
f 944/1561/1800 943/1573/1798 911/1584/1799 910/1574/1801
f 945/1548/1802 944/1561/1800 910/1574/1801 909/1562/1803
f 946/1536/1804 945/1548/1802 909/1562/1803 908/1549/1805
f 947/1526/1806 946/1536/1804 908/1549/1805 907/1537/1807
f 928/1527/1769 947/1526/1806 907/1537/1807 906/1538/1770
s 1
f 949/1501/1725 948/1494/1689 988/1499/1808 989/1505/1809
f 950/1507/1723 949/1501/1725 989/1505/1809 990/1511/1810
f 951/1513/1721 950/1507/1723 990/1511/1810 991/1519/1811
f 952/1521/1719 951/1513/1721 991/1519/1811 992/1529/1812
f 953/1531/1717 952/1521/1719 992/1529/1812 993/1541/1813
f 954/1543/1715 953/1531/1717 993/1541/1813 994/1554/1814
f 955/1556/1713 954/1543/1715 994/1554/1814 995/1566/1815
f 956/1568/1711 955/1556/1713 995/1566/1815 996/1578/1816
f 957/1580/1709 956/1568/1711 996/1578/1816 997/1588/1817
f 958/1570/1707 957/1580/1709 997/1588/1817 998/1581/1818
f 959/1558/1705 958/1570/1707 998/1581/1818 999/1571/1819
f 960/1545/1703 959/1558/1705 999/1571/1819 1000/1559/1820
f 961/1533/1701 960/1545/1703 1000/1559/1820 1001/1546/1821
f 962/1523/1699 961/1533/1701 1001/1546/1821 1002/1534/1822
f 963/1515/1697 962/1523/1699 1002/1534/1822 1003/1524/1823
f 964/1509/1695 963/1515/1697 1003/1524/1823 1004/1516/1824
f 965/1503/1693 964/1509/1695 1004/1516/1824 1005/1510/1825
f 966/1497/1691 965/1503/1693 1005/1510/1825 1006/1504/1826
f 967/1493/1688 966/1497/1691 1006/1504/1826 1007/1498/1827
f 948/1494/1689 967/1493/1688 1007/1498/1827 988/1499/1808
s 4
f 969/1528/1828 968/1518/1829 928/1527/1769 929/1539/1768
f 970/1540/1830 969/1528/1828 929/1539/1768 930/1552/1772
f 971/1553/1831 970/1540/1830 930/1552/1772 931/1564/1774
f 972/1565/1832 971/1553/1831 931/1564/1774 932/1576/1776
f 973/1577/1833 972/1565/1832 932/1576/1776 933/1586/1778
f 974/1587/1834 973/1577/1833 933/1586/1778 934/1593/1780
f 975/1594/1835 974/1587/1834 934/1593/1780 935/1599/1782
f 976/1600/1836 975/1594/1835 935/1599/1782 936/1605/1784
f 977/1606/1837 976/1600/1836 936/1605/1784 937/1610/1786
f 978/1601/1838 977/1606/1837 937/1610/1786 938/1607/1788
f 979/1595/1839 978/1601/1838 938/1607/1788 939/1602/1790
f 980/1589/1840 979/1595/1839 939/1602/1790 940/1596/1792
f 981/1582/1841 980/1589/1840 940/1596/1792 941/1590/1794
f 982/1572/1842 981/1582/1841 941/1590/1794 942/1583/1796
f 983/1560/1843 982/1572/1842 942/1583/1796 943/1573/1798
f 984/1547/1844 983/1560/1843 943/1573/1798 944/1561/1800
f 985/1535/1845 984/1547/1844 944/1561/1800 945/1548/1802
f 986/1525/1846 985/1535/1845 945/1548/1802 946/1536/1804
f 987/1517/1847 986/1525/1846 946/1536/1804 947/1526/1806
f 968/1518/1829 987/1517/1847 947/1526/1806 928/1527/1769
s 5
f 1009/1625/1848 1008/1627/1849 1010/1628/1850 1011/1626/1851
f 1012/1623/1852 1009/1625/1848 1011/1626/1851 1013/1624/1853
f 1014/1621/1854 1012/1623/1852 1013/1624/1853 1015/1622/1855
f 1016/1617/1856 1014/1621/1854 1015/1622/1855 1017/1618/1857
f 1018/1614/1858 1016/1617/1856 1017/1618/1857 1019/1615/1859
f 1020/1613/1860 1018/1614/1858 1019/1615/1859 1021/1616/1861
f 1022/1619/1862 1020/1613/1860 1021/1616/1861 1023/1620/1863
f 1024/1651/1864 1022/1653/1862 1023/1654/1863 1025/1652/1865
f 1026/1649/1866 1024/1651/1864 1025/1652/1865 1027/1650/1867
f 1028/1647/1868 1026/1649/1866 1027/1650/1867 1029/1648/1869
f 1030/1645/1870 1028/1647/1868 1029/1648/1869 1031/1646/1871
f 1032/1643/1872 1030/1645/1870 1031/1646/1871 1033/1644/1873
f 1034/1641/1874 1032/1643/1872 1033/1644/1873 1035/1642/1875
f 1036/1639/1876 1034/1641/1874 1035/1642/1875 1037/1640/1877
f 1038/1637/1878 1036/1639/1876 1037/1640/1877 1039/1638/1879
f 1040/1635/1880 1038/1637/1878 1039/1638/1879 1041/1636/1881
f 1042/1633/1882 1040/1635/1880 1041/1636/1881 1043/1634/1883
f 1044/1631/1884 1042/1633/1882 1043/1634/1883 1045/1632/1885
f 1046/1629/1886 1044/1631/1884 1045/1632/1885 1047/1630/1887
f 1008/1627/1849 1046/1629/1886 1047/1630/1887 1010/1628/1850
s 6
f 989/1505/1888 988/1499/1889 1008/1690/1890 1009/1692/1891
s 7
f 968/1518/1892 969/1528/1893 1011/1655/1894 1010/1656/1895
s 6
f 990/1511/1896 989/1505/1888 1009/1692/1891 1012/1694/1897
s 7
f 969/1528/1893 970/1540/1898 1013/1657/1899 1011/1655/1894
s 6
f 991/1519/1900 990/1511/1896 1012/1694/1897 1014/1693/1901
s 7
f 970/1540/1898 971/1553/1902 1015/1659/1903 1013/1657/1899
s 6
f 992/1529/1904 991/1519/1900 1014/1693/1901 1016/1691/1905
s 7
f 971/1553/1902 972/1565/1906 1017/1661/1907 1015/1659/1903
s 6
f 993/1541/1908 992/1529/1904 1016/1691/1905 1018/1689/1909
s 7
f 972/1565/1906 973/1577/1910 1019/1663/1911 1017/1661/1907
s 6
f 994/1554/1912 993/1541/1908 1018/1689/1909 1020/1687/1913
s 7
f 973/1577/1910 974/1587/1914 1021/1665/1915 1019/1663/1911
s 6
f 995/1566/1916 994/1554/1912 1020/1687/1913 1022/1685/1917
s 7
f 974/1587/1914 975/1594/1918 1023/1667/1919 1021/1665/1915
s 6
f 996/1578/1920 995/1566/1916 1022/1685/1917 1024/1683/1921
s 7
f 975/1594/1918 976/1600/1922 1025/1669/1923 1023/1667/1919
s 6
f 997/1588/1924 996/1578/1920 1024/1683/1921 1026/1681/1925
s 7
f 976/1600/1922 977/1606/1926 1027/1671/1927 1025/1669/1923
s 6
f 998/1581/1928 997/1588/1924 1026/1681/1925 1028/1679/1929
s 7
f 977/1606/1926 978/1601/1930 1029/1673/1931 1027/1671/1927
s 6
f 999/1571/1932 998/1581/1928 1028/1679/1929 1030/1677/1933
s 7
f 978/1601/1930 979/1595/1934 1031/1674/1935 1029/1673/1931
s 6
f 1000/1559/1936 999/1571/1932 1030/1677/1933 1032/1675/1937
s 7
f 979/1595/1934 980/1589/1938 1033/1672/1939 1031/1674/1935
s 6
f 1001/1546/1940 1000/1559/1936 1032/1675/1937 1034/1676/1941
s 7
f 980/1589/1938 981/1582/1942 1035/1670/1943 1033/1672/1939
s 6
f 1002/1534/1944 1001/1546/1940 1034/1676/1941 1036/1678/1945
s 7
f 981/1582/1942 982/1572/1946 1037/1668/1947 1035/1670/1943
s 6
f 1003/1524/1948 1002/1534/1944 1036/1678/1945 1038/1680/1949
s 7
f 982/1572/1946 983/1560/1950 1039/1666/1951 1037/1668/1947
s 6
f 1004/1516/1952 1003/1524/1948 1038/1680/1949 1040/1682/1953
s 7
f 983/1560/1950 984/1547/1954 1041/1664/1955 1039/1666/1951
s 6
f 1005/1510/1956 1004/1516/1952 1040/1682/1953 1042/1684/1957
s 7
f 984/1547/1954 985/1535/1958 1043/1662/1959 1041/1664/1955
s 6
f 1006/1504/1960 1005/1510/1956 1042/1684/1957 1044/1686/1961
s 7
f 985/1535/1958 986/1525/1962 1045/1660/1963 1043/1662/1959
s 6
f 1007/1498/1964 1006/1504/1960 1044/1686/1961 1046/1688/1965
s 7
f 986/1525/1962 987/1517/1966 1047/1658/1967 1045/1660/1963
s 6
f 988/1499/1889 1007/1498/1964 1046/1688/1965 1008/1690/1890
s 7
f 987/1517/1966 968/1518/1892 1010/1656/1895 1047/1658/1967
s 8
f 1048/1696/1968 1110/1697/1969 1129/1698/1970 1049/1695/1971
f 1049/1695/1971 1129/1698/1970 1128/1705/1972 1050/1704/1973
f 1050/1704/1973 1128/1705/1972 1127/1713/1974 1051/1712/1975
f 1051/1712/1975 1127/1713/1974 1126/1721/1976 1052/1720/1977
f 1052/1720/1977 1126/1721/1976 1125/1729/1978 1053/1728/1979
f 1053/1728/1979 1125/1729/1978 1124/1737/1980 1054/1736/1981
f 1054/1736/1981 1124/1737/1980 1123/1745/1982 1055/1744/1983
f 1055/1744/1983 1123/1745/1982 1122/1753/1984 1056/1752/1985
f 1056/1752/1985 1122/1753/1984 1121/1761/1986 1057/1760/1987
f 1057/1760/1987 1121/1761/1986 1120/1769/1988 1058/1768/1989
f 1058/1768/1989 1120/1769/1988 1119/1763/1990 1059/1762/1991
f 1059/1762/1991 1119/1763/1990 1118/1755/1992 1060/1754/1993
f 1060/1754/1993 1118/1755/1992 1117/1747/1994 1061/1746/1995
f 1061/1746/1995 1117/1747/1994 1116/1739/1996 1062/1738/1997
f 1062/1738/1997 1116/1739/1996 1115/1731/1998 1063/1730/1999
f 1063/1730/1999 1115/1731/1998 1114/1723/2000 1064/1722/2001
f 1064/1722/2001 1114/1723/2000 1113/1715/2002 1065/1714/2003
f 1065/1714/2003 1113/1715/2002 1112/1707/2004 1066/1706/2005
f 1066/1706/2005 1112/1707/2004 1111/1701/2006 1067/1700/2007
f 1067/1700/2007 1111/1701/2006 1110/1697/1969 1048/1696/1968
s 9
f 1049/1695/2008 1088/1699/2009 1048/1696/2010
f 1050/1704/2011 1088/1699/2009 1049/1695/2008
f 1051/1712/2012 1088/1699/2009 1050/1704/2011
f 1052/1720/2013 1088/1699/2009 1051/1712/2012
f 1053/1728/2014 1088/1699/2009 1052/1720/2013
f 1054/1736/2015 1088/1699/2009 1053/1728/2014
f 1055/1744/2016 1088/1699/2009 1054/1736/2015
f 1056/1752/2017 1088/1699/2009 1055/1744/2016
f 1057/1760/2018 1088/1699/2009 1056/1752/2017
f 1058/1768/2019 1088/1699/2009 1057/1760/2018
f 1059/1762/2020 1088/1699/2009 1058/1768/2019
f 1060/1754/2021 1088/1699/2009 1059/1762/2020
f 1061/1746/2022 1088/1699/2009 1060/1754/2021
f 1062/1738/2023 1088/1699/2009 1061/1746/2022
f 1063/1730/2024 1088/1699/2009 1062/1738/2023
f 1064/1722/2025 1088/1699/2009 1063/1730/2024
f 1065/1714/2026 1088/1699/2009 1064/1722/2025
f 1066/1706/2027 1088/1699/2009 1065/1714/2026
f 1067/1700/2028 1088/1699/2009 1066/1706/2027
f 1048/1696/2010 1088/1699/2009 1067/1700/2028
s 10
f 1068/1852/2029 1089/1796/2030 1069/1844/2031
f 1069/1844/2031 1089/1796/2030 1070/1836/2032
f 1070/1836/2032 1089/1796/2030 1071/1828/2033
f 1071/1828/2033 1089/1796/2030 1072/1820/2034
f 1072/1820/2034 1089/1796/2030 1073/1812/2035
f 1073/1812/2035 1089/1796/2030 1074/1804/2036
f 1074/1804/2036 1089/1796/2030 1075/1795/2037
f 1075/1795/2037 1089/1796/2030 1076/1787/2038
f 1076/1787/2038 1089/1796/2030 1077/1788/2039
f 1077/1788/2039 1089/1796/2030 1078/1797/2040
f 1078/1797/2040 1089/1796/2030 1079/1805/2041
f 1079/1805/2041 1089/1796/2030 1080/1813/2042
f 1080/1813/2042 1089/1796/2030 1081/1821/2043
f 1081/1821/2043 1089/1796/2030 1082/1829/2044
f 1082/1829/2044 1089/1796/2030 1083/1837/2045
f 1083/1837/2045 1089/1796/2030 1084/1845/2046
f 1084/1845/2046 1089/1796/2030 1085/1853/2047
f 1085/1853/2047 1089/1796/2030 1086/1856/2048
f 1086/1856/2048 1089/1796/2030 1087/1855/2049
f 1087/1855/2049 1089/1796/2030 1068/1852/2029
s 11
f 1091/1851/2050 1087/1855/2051 1068/1852/2052 1090/1843/2053
f 1092/1854/2054 1086/1856/2055 1087/1855/2051 1091/1851/2050
f 1093/1846/2056 1085/1853/2057 1086/1856/2055 1092/1854/2054
f 1094/1838/2058 1084/1845/2059 1085/1853/2057 1093/1846/2056
f 1095/1830/2060 1083/1837/2061 1084/1845/2059 1094/1838/2058
f 1096/1822/2062 1082/1829/2063 1083/1837/2061 1095/1830/2060
f 1097/1814/2064 1081/1821/2065 1082/1829/2063 1096/1822/2062
f 1098/1806/2066 1080/1813/2067 1081/1821/2065 1097/1814/2064
f 1099/1798/2068 1079/1805/2069 1080/1813/2067 1098/1806/2066
f 1100/1789/2070 1078/1797/2071 1079/1805/2069 1099/1798/2068
f 1101/1781/2072 1077/1788/2073 1078/1797/2071 1100/1789/2070
f 1102/1780/2074 1076/1787/2075 1077/1788/2073 1101/1781/2072
f 1103/1786/2076 1075/1795/2077 1076/1787/2075 1102/1780/2074
f 1104/1794/2078 1074/1804/2079 1075/1795/2077 1103/1786/2076
f 1105/1803/2080 1073/1812/2081 1074/1804/2079 1104/1794/2078
f 1106/1811/2082 1072/1820/2083 1073/1812/2081 1105/1803/2080
f 1107/1819/2084 1071/1828/2085 1072/1820/2083 1106/1811/2082
f 1108/1827/2086 1070/1836/2087 1071/1828/2085 1107/1819/2084
f 1109/1835/2088 1069/1844/2089 1070/1836/2087 1108/1827/2086
f 1090/1843/2053 1068/1852/2052 1069/1844/2089 1109/1835/2088
s 8
f 1111/1701/2006 1151/1708/2090 1150/1702/2091 1110/1697/1969
f 1112/1707/2004 1152/1716/2092 1151/1708/2090 1111/1701/2006
f 1113/1715/2002 1153/1724/2093 1152/1716/2092 1112/1707/2004
f 1114/1723/2000 1154/1732/2094 1153/1724/2093 1113/1715/2002
f 1115/1731/1998 1155/1740/2095 1154/1732/2094 1114/1723/2000
f 1116/1739/1996 1156/1748/2096 1155/1740/2095 1115/1731/1998
f 1117/1747/1994 1157/1756/2097 1156/1748/2096 1116/1739/1996
f 1118/1755/1992 1158/1764/2098 1157/1756/2097 1117/1747/1994
f 1119/1763/1990 1159/1770/2099 1158/1764/2098 1118/1755/1992
f 1120/1769/1988 1160/1773/2100 1159/1770/2099 1119/1763/1990
f 1121/1761/1986 1161/1767/2101 1160/1773/2100 1120/1769/1988
f 1122/1753/1984 1162/1759/2102 1161/1767/2101 1121/1761/1986
f 1123/1745/1982 1163/1751/2103 1162/1759/2102 1122/1753/1984
f 1124/1737/1980 1164/1743/2104 1163/1751/2103 1123/1745/1982
f 1125/1729/1978 1165/1735/2105 1164/1743/2104 1124/1737/1980
f 1126/1721/1976 1166/1727/2106 1165/1735/2105 1125/1729/1978
f 1127/1713/1974 1167/1719/2107 1166/1727/2106 1126/1721/1976
f 1128/1705/1972 1168/1711/2108 1167/1719/2107 1127/1713/1974
f 1129/1698/1970 1169/1703/2109 1168/1711/2108 1128/1705/1972
f 1110/1697/1969 1150/1702/2091 1169/1703/2109 1129/1698/1970
s 11
f 1131/1849/2110 1091/1851/2050 1090/1843/2053 1130/1841/2111
f 1132/1847/2112 1092/1854/2054 1091/1851/2050 1131/1849/2110
f 1133/1839/2113 1093/1846/2056 1092/1854/2054 1132/1847/2112
f 1134/1831/2114 1094/1838/2058 1093/1846/2056 1133/1839/2113
f 1135/1823/2115 1095/1830/2060 1094/1838/2058 1134/1831/2114
f 1136/1815/2116 1096/1822/2062 1095/1830/2060 1135/1823/2115
f 1137/1807/2117 1097/1814/2064 1096/1822/2062 1136/1815/2116
f 1138/1799/2118 1098/1806/2066 1097/1814/2064 1137/1807/2117
f 1139/1790/2119 1099/1798/2068 1098/1806/2066 1138/1799/2118
f 1140/1782/2120 1100/1789/2070 1099/1798/2068 1139/1790/2119
f 1141/1777/2121 1101/1781/2072 1100/1789/2070 1140/1782/2120
f 1142/1776/2122 1102/1780/2074 1101/1781/2072 1141/1777/2121
f 1143/1784/2123 1103/1786/2076 1102/1780/2074 1142/1776/2122
f 1144/1792/2124 1104/1794/2078 1103/1786/2076 1143/1784/2123
f 1145/1801/2125 1105/1803/2080 1104/1794/2078 1144/1792/2124
f 1146/1809/2126 1106/1811/2082 1105/1803/2080 1145/1801/2125
f 1147/1817/2127 1107/1819/2084 1106/1811/2082 1146/1809/2126
f 1148/1825/2128 1108/1827/2086 1107/1819/2084 1147/1817/2127
f 1149/1833/2129 1109/1835/2088 1108/1827/2086 1148/1825/2128
f 1130/1841/2111 1090/1843/2053 1109/1835/2088 1149/1833/2129
s 12
f 1171/1889/2130 1173/1890/2131 1172/1888/2132 1170/1887/2133
f 1174/1891/2134 1175/1892/2135 1173/1890/2131 1171/1889/2130
f 1176/1893/2136 1177/1894/2137 1175/1892/2135 1174/1891/2134
f 1178/1895/2138 1179/1896/2139 1177/1894/2137 1176/1893/2136
f 1180/1897/2140 1181/1898/2141 1179/1896/2139 1178/1895/2138
f 1182/1857/2142 1183/1860/2143 1181/1864/2141 1180/1863/2140
f 1184/1858/2144 1185/1859/2145 1183/1860/2143 1182/1857/2142
f 1186/1861/2146 1187/1862/2147 1185/1859/2145 1184/1858/2144
f 1188/1865/2148 1189/1866/2149 1187/1862/2147 1186/1861/2146
f 1190/1867/2150 1191/1868/2151 1189/1866/2149 1188/1865/2148
f 1192/1869/2152 1193/1870/2153 1191/1868/2151 1190/1867/2150
f 1194/1871/2154 1195/1872/2155 1193/1870/2153 1192/1869/2152
f 1196/1873/2156 1197/1874/2157 1195/1872/2155 1194/1871/2154
f 1198/1875/2158 1199/1876/2159 1197/1874/2157 1196/1873/2156
f 1200/1877/2160 1201/1878/2161 1199/1876/2159 1198/1875/2158
f 1202/1879/2162 1203/1880/2163 1201/1878/2161 1200/1877/2160
f 1204/1881/2164 1205/1882/2165 1203/1880/2163 1202/1879/2162
f 1206/1883/2166 1207/1884/2167 1205/1882/2165 1204/1881/2164
f 1208/1885/2168 1209/1886/2169 1207/1884/2167 1206/1883/2166
f 1170/1887/2133 1172/1888/2132 1209/1886/2169 1208/1885/2168
s 13
f 1151/1708/2170 1171/1717/2171 1170/1709/2172 1150/1702/2173
s 14
f 1130/1841/2174 1172/1842/2175 1173/1850/2176 1131/1849/2177
s 13
f 1152/1716/2178 1174/1725/2179 1171/1717/2171 1151/1708/2170
s 14
f 1131/1849/2177 1173/1850/2176 1175/1848/2180 1132/1847/2181
s 13
f 1153/1724/2182 1176/1733/2183 1174/1725/2179 1152/1716/2178
s 14
f 1132/1847/2181 1175/1848/2180 1177/1840/2184 1133/1839/2185
s 13
f 1154/1732/2186 1178/1741/2187 1176/1733/2183 1153/1724/2182
s 14
f 1133/1839/2185 1177/1840/2184 1179/1832/2188 1134/1831/2189
s 13
f 1155/1740/2190 1180/1749/2191 1178/1741/2187 1154/1732/2186
s 14
f 1134/1831/2189 1179/1832/2188 1181/1824/2192 1135/1823/2193
s 13
f 1156/1748/2194 1182/1757/2195 1180/1749/2191 1155/1740/2190
s 14
f 1135/1823/2193 1181/1824/2192 1183/1816/2196 1136/1815/2197
s 13
f 1157/1756/2198 1184/1765/2199 1182/1757/2195 1156/1748/2194
s 14
f 1136/1815/2197 1183/1816/2196 1185/1808/2200 1137/1807/2201
s 13
f 1158/1764/2202 1186/1771/2203 1184/1765/2199 1157/1756/2198
s 14
f 1137/1807/2201 1185/1808/2200 1187/1800/2204 1138/1799/2205
s 13
f 1159/1770/2206 1188/1774/2207 1186/1771/2203 1158/1764/2202
s 14
f 1138/1799/2205 1187/1800/2204 1189/1791/2208 1139/1790/2209
s 13
f 1160/1773/2210 1190/1775/2211 1188/1774/2207 1159/1770/2206
s 14
f 1139/1790/2209 1189/1791/2208 1191/1783/2212 1140/1782/2213
s 13
f 1161/1767/2214 1192/1772/2215 1190/1775/2211 1160/1773/2210
s 14
f 1140/1782/2213 1191/1783/2212 1193/1778/2216 1141/1777/2217
s 13
f 1162/1759/2218 1194/1766/2219 1192/1772/2215 1161/1767/2214
s 14
f 1141/1777/2217 1193/1778/2216 1195/1779/2220 1142/1776/2221
s 13
f 1163/1751/2222 1196/1758/2223 1194/1766/2219 1162/1759/2218
s 14
f 1142/1776/2221 1195/1779/2220 1197/1785/2224 1143/1784/2225
s 13
f 1164/1743/2226 1198/1750/2227 1196/1758/2223 1163/1751/2222
s 14
f 1143/1784/2225 1197/1785/2224 1199/1793/2228 1144/1792/2229
s 13
f 1165/1735/2230 1200/1742/2231 1198/1750/2227 1164/1743/2226
s 14
f 1144/1792/2229 1199/1793/2228 1201/1802/2232 1145/1801/2233
s 13
f 1166/1727/2234 1202/1734/2235 1200/1742/2231 1165/1735/2230
s 14
f 1145/1801/2233 1201/1802/2232 1203/1810/2236 1146/1809/2237
s 13
f 1167/1719/2238 1204/1726/2239 1202/1734/2235 1166/1727/2234
s 14
f 1146/1809/2237 1203/1810/2236 1205/1818/2240 1147/1817/2241
s 13
f 1168/1711/2242 1206/1718/2243 1204/1726/2239 1167/1719/2238
s 14
f 1147/1817/2241 1205/1818/2240 1207/1826/2244 1148/1825/2245
s 13
f 1169/1703/2246 1208/1710/2247 1206/1718/2243 1168/1711/2242
s 14
f 1148/1825/2245 1207/1826/2244 1209/1834/2248 1149/1833/2249
s 13
f 1150/1702/2173 1170/1709/2172 1208/1710/2247 1169/1703/2246
s 14
f 1149/1833/2249 1209/1834/2248 1172/1842/2175 1130/1841/2174
s 1
g pCube8 SpaceShpis2
f 1210/1471/2250 1226/309/2251 1227/1477/2252 1218/1478/2253
s off
f 1232/1466/2254 1233/313/2255 1234/314/2256 1235/1464/2257
s 1
f 1219/1473/2258 1230/1474/2259 1231/312/2260 1216/1472/2261
s 3
f 1216/1472/2262 1231/312/2263 1226/309/2264 1210/1471/2265
s 4
f 1225/308/2266 1217/1442/2267 1220/1443/2268
s 5
f 1223/306/2269 1210/1428/2270 1218/1429/2271
f 1212/1431/2272 1223/306/2269 1218/1429/2271
s 1
f 1214/1463/2273 1229/311/2274 1230/1461/2259 1219/1462/2258
s 4
f 1215/1444/2275 1225/308/2266 1220/1443/2268
s 1
f 1218/1470/2253 1227/1468/2252 1228/310/2276 1212/1467/2277
s 4
f 1221/1446/2278 1222/305/2279 1213/1445/2280
f 1211/1441/2281 1222/305/2279 1221/1446/2278
s 5
f 1214/1432/2282 1224/307/2283 1223/306/2269 1212/1431/2272
f 1216/1427/2284 1210/1428/2270 1223/306/2269 1224/307/2283
f 1219/1430/2285 1224/307/2283 1214/1432/2282
f 1216/1427/2284 1224/307/2283 1219/1430/2285
s 4
f 1213/1445/2280 1222/305/2279 1225/308/2266 1215/1444/2275
f 1211/1441/2281 1217/1442/2267 1225/308/2266 1222/305/2279
s 1
f 1227/1477/2252 1226/309/2251 1211/1476/2286 1221/1480/2287
f 1228/310/2276 1227/1468/2252 1221/1469/2287 1213/1465/2288
f 1237/316/2289 1236/315/2290 1238/317/2291 1239/318/2292
f 1230/1461/2259 1229/311/2274 1215/1459/2293 1220/1460/2294
f 1231/312/2260 1230/1474/2259 1220/1479/2294 1217/1475/2295
s 3
f 1226/309/2264 1231/312/2263 1217/1475/2296 1211/1476/2297
s off
f 1212/1467/2298 1228/310/2299 1233/313/2300 1232/1466/2301
s 1
f 1228/310/2276 1229/311/2274 1234/314/2302 1233/313/2303
s off
f 1229/311/2304 1214/1463/2305 1235/1464/2306 1234/314/2307
f 1214/1432/2308 1212/1431/2309 1232/1433/2310 1235/1434/2311
s 1
f 1229/311/2274 1228/310/2276 1236/315/2290 1237/316/2289
f 1228/310/2276 1213/1465/2288 1238/317/2291 1236/315/2290
f 1213/1465/2288 1215/1459/2293 1239/318/2292 1238/317/2291
f 1215/1459/2293 1229/311/2274 1237/316/2289 1239/318/2292
s 8
f 1240/1482/2312 1248/1483/2313 1257/1484/2314 1256/1405/2315
s off
f 1262/1450/2316 1265/1453/2317 1264/1413/2318 1263/1416/2319
s 8
f 1249/1487/2320 1246/1481/2321 1261/1406/2322 1260/1488/2323
s 10
f 1246/1481/2324 1240/1482/2325 1256/1405/2326 1261/1406/2327
s 11
f 1255/1414/2328 1250/1440/2329 1247/1435/2330
s 12
f 1253/1417/2331 1248/1422/2332 1240/1419/2333
f 1242/1426/2334 1248/1422/2332 1253/1417/2331
s 8
f 1244/1454/2335 1249/1456/2320 1260/1457/2323 1259/1407/2336
s 11
f 1245/1439/2337 1250/1440/2329 1255/1414/2328
s 8
f 1248/1447/2313 1242/1448/2338 1258/1412/2339 1257/1449/2314
s 11
f 1251/1437/2340 1243/1438/2341 1252/1415/2342
f 1241/1436/2343 1251/1437/2340 1252/1415/2342
s 12
f 1244/1423/2344 1242/1426/2334 1253/1417/2331 1254/1418/2345
f 1246/1420/2346 1254/1418/2345 1253/1417/2331 1240/1419/2333
f 1249/1421/2347 1244/1423/2344 1254/1418/2345
f 1246/1420/2346 1249/1421/2347 1254/1418/2345
s 11
f 1243/1438/2341 1245/1439/2337 1255/1414/2328 1252/1415/2342
f 1241/1436/2343 1252/1415/2342 1255/1414/2328 1247/1435/2330
s 8
f 1257/1484/2314 1251/1489/2348 1241/1485/2349 1256/1405/2315
f 1258/1412/2339 1243/1451/2350 1251/1452/2348 1257/1449/2314
f 1267/1409/2351 1269/1408/2352 1268/1410/2353 1266/1411/2354
f 1260/1457/2323 1250/1458/2355 1245/1455/2356 1259/1407/2336
f 1261/1406/2322 1247/1486/2357 1250/1490/2355 1260/1488/2323
s 10
f 1256/1405/2326 1241/1485/2358 1247/1486/2359 1261/1406/2327
s off
f 1242/1448/2360 1262/1450/2361 1263/1416/2362 1258/1412/2363
s 8
f 1258/1412/2339 1263/1416/2364 1264/1413/2365 1259/1407/2336
s off
f 1259/1407/2366 1264/1413/2367 1265/1453/2368 1244/1454/2369
f 1244/1423/2370 1265/1424/2371 1262/1425/2372 1242/1426/2373
s 8
f 1259/1407/2336 1267/1409/2351 1266/1411/2354 1258/1412/2339
f 1258/1412/2339 1266/1411/2354 1268/1410/2353 1243/1451/2350
f 1243/1451/2350 1268/1410/2353 1269/1408/2352 1245/1455/2356
f 1245/1455/2356 1269/1408/2352 1267/1409/2351 1259/1407/2336
# totals: 1269 1898 2373 1329
