# This file uses centimeters as units for non-parametric coordinates.

mtllib Monstr1.mtl
g default
v -5.223381 12.068129 -5.766669
v -5.605217 11.562918 -5.766669
v -5.688198 11.005188 -5.766669
v -5.445978 10.492642 -5.766669
v -4.955461 10.188009 -5.766669
v -4.372381 10.188009 -5.766669
v -3.881863 10.492641 -5.766669
v -3.639642 11.005187 -5.766669
v -3.722622 11.562917 -5.766669
v -4.104460 12.068129 -5.766669
v -4.663920 12.068130 -5.766669
v -5.223381 11.988756 1.245368
v -5.605217 11.562918 1.245368
v -5.688198 11.005188 1.245368
v -5.445978 10.492642 1.245368
v -4.955461 10.188009 1.245368
v -4.372381 10.188009 1.245368
v -3.881863 10.492641 1.245368
v -3.639642 11.005187 1.245368
v -3.722622 11.562917 1.245368
v -4.104460 11.988756 1.245368
v -4.663920 12.147502 1.245368
v -5.126835 11.847076 1.245368
v -5.442777 11.494725 1.245368
v -5.511438 11.033242 1.245368
v -5.311019 10.609147 1.245368
v -4.905150 10.357084 1.245368
v -4.422692 10.357084 1.245368
v -4.016822 10.609146 1.245368
v -3.816403 11.033242 1.245368
v -3.885063 11.494724 1.245368
v -4.201006 11.847076 1.245368
v -4.663920 11.978427 1.245368
v -5.126835 11.847076 2.230723
v -5.442777 11.494725 2.230723
v -5.511438 11.033242 2.230723
v -5.311019 10.609147 2.230723
v -4.905150 10.357084 2.230723
v -4.422692 10.357084 2.230723
v -4.016822 10.609146 2.230723
v -3.816403 11.033242 2.230723
v -3.885063 11.494724 2.230723
v -4.201006 11.847076 2.230723
v -4.663920 11.978427 2.230723
v -5.041175 11.721372 2.230723
v -5.298654 11.434221 2.230723
v -5.354610 11.058133 2.230723
v -5.191276 10.712514 2.230723
v -4.860511 10.507094 2.230723
v -4.467330 10.507094 2.230723
v -4.136564 10.712513 2.230723
v -3.973231 11.058133 2.230723
v -4.029186 11.434221 2.230723
v -4.286665 11.721372 2.230723
v -4.663920 11.828417 2.230723
v -5.041175 11.721372 1.421329
v -5.298654 11.434221 1.421329
v -5.354610 11.058133 1.421329
v -5.191276 10.712514 1.421329
v -4.860511 10.507094 1.421329
v -4.467330 10.507094 1.421329
v -4.136564 10.712513 1.421329
v -3.973231 11.058133 1.421329
v -4.029186 11.434221 1.421329
v -4.286665 11.721372 1.421329
v -4.663920 11.828417 1.421329
v -5.223381 11.988756 -0.157040
v -4.663920 12.147502 -0.157040
v -4.104460 11.988756 -0.157040
v -3.722622 11.562917 -0.157040
v -3.639642 11.005187 -0.157040
v -3.881863 10.492641 -0.157040
v -4.372381 10.188009 -0.157040
v -4.955461 10.188009 -0.157040
v -5.445978 10.492642 -0.157040
v -5.688198 11.005188 -0.157040
v -5.605217 11.562918 -0.157040
v -5.308718 12.113987 -0.263997
v -4.663920 12.296948 -0.263997
v -5.308718 12.113987 1.352326
v -4.663920 12.296948 1.352326
v -4.019123 12.113987 -0.263997
v -4.019123 12.113987 1.352326
v -3.579042 11.623193 -0.263997
v -3.579042 11.623193 1.352326
v -3.483403 10.980390 -0.263997
v -3.483403 10.980390 1.352326
v -3.762572 10.389663 -0.263997
v -3.762572 10.389663 1.352326
v -4.327910 10.038564 -0.263997
v -4.327910 10.038564 1.352326
v -4.999931 10.038564 -0.263997
v -4.999931 10.038564 1.352326
v -5.565269 10.389664 -0.263997
v -5.565269 10.389664 1.352326
v -5.844436 10.980390 -0.263997
v -5.844436 10.980390 1.352326
v -5.748797 11.623194 -0.263997
v -5.748797 11.623194 1.352326
v -5.223381 12.068129 -2.961854
v -4.663920 12.068130 -2.961854
v -4.104460 12.068129 -2.961854
v -3.722622 11.562917 -2.961854
v -3.639642 11.005187 -2.961854
v -3.881863 10.492641 -2.961854
v -4.372381 10.188009 -2.961854
v -4.955461 10.188009 -2.961854
v -5.445978 10.492642 -2.961854
v -5.688198 11.005188 -2.961854
v -5.605217 11.562918 -2.961854
v -4.165750 12.068129 -5.613030
v -4.663920 12.068130 -5.613030
v -4.663920 12.068130 -3.115493
v -4.165750 12.068129 -3.115493
v -5.162089 12.068129 -5.613030
v -5.162089 12.068129 -3.115493
v -4.165750 12.208013 -5.613030
v -4.663920 12.208014 -5.613030
v -4.663920 12.208014 -3.115493
v -4.165750 12.208013 -3.115493
v -5.162089 12.208013 -5.613030
v -5.162089 12.208013 -3.115493
v 5.223380 12.068129 -5.766669
v 5.605217 11.562918 -5.766669
v 5.688198 11.005188 -5.766669
v 5.445978 10.492642 -5.766669
v 4.955460 10.188009 -5.766669
v 4.372381 10.188009 -5.766669
v 3.881863 10.492641 -5.766669
v 3.639642 11.005187 -5.766669
v 3.722622 11.562917 -5.766669
v 4.104460 12.068129 -5.766669
v 4.663920 12.068130 -5.766669
v 5.223380 11.988756 1.245368
v 5.605217 11.562918 1.245368
v 5.688198 11.005188 1.245368
v 5.445978 10.492642 1.245368
v 4.955460 10.188009 1.245368
v 4.372381 10.188009 1.245368
v 3.881863 10.492641 1.245368
v 3.639642 11.005187 1.245368
v 3.722622 11.562917 1.245368
v 4.104460 11.988756 1.245368
v 4.663920 12.147502 1.245368
v 5.126835 11.847076 1.245368
v 5.442778 11.494725 1.245368
v 5.511438 11.033242 1.245368
v 5.311018 10.609147 1.245368
v 4.905150 10.357084 1.245368
v 4.422691 10.357084 1.245368
v 4.016822 10.609146 1.245368
v 3.816403 11.033242 1.245368
v 3.885063 11.494724 1.245368
v 4.201006 11.847076 1.245368
v 4.663920 11.978427 1.245368
v 5.126835 11.847076 2.230723
v 5.442778 11.494725 2.230723
v 5.511438 11.033242 2.230723
v 5.311018 10.609147 2.230723
v 4.905150 10.357084 2.230723
v 4.422691 10.357084 2.230723
v 4.016822 10.609146 2.230723
v 3.816403 11.033242 2.230723
v 3.885063 11.494724 2.230723
v 4.201006 11.847076 2.230723
v 4.663920 11.978427 2.230723
v 5.041175 11.721372 2.230723
v 5.298655 11.434221 2.230723
v 5.354611 11.058133 2.230723
v 5.191276 10.712514 2.230723
v 4.860511 10.507094 2.230723
v 4.467330 10.507094 2.230723
v 4.136564 10.712513 2.230723
v 3.973230 11.058133 2.230723
v 4.029186 11.434221 2.230723
v 4.286665 11.721372 2.230723
v 4.663920 11.828417 2.230723
v 5.041175 11.721372 1.421329
v 5.298655 11.434221 1.421329
v 5.354611 11.058133 1.421329
v 5.191276 10.712514 1.421329
v 4.860511 10.507094 1.421329
v 4.467330 10.507094 1.421329
v 4.136564 10.712513 1.421329
v 3.973230 11.058133 1.421329
v 4.029186 11.434221 1.421329
v 4.286665 11.721372 1.421329
v 4.663920 11.828417 1.421329
v 5.223380 11.988756 -0.157040
v 4.663920 12.147502 -0.157040
v 4.104460 11.988756 -0.157040
v 3.722622 11.562917 -0.157040
v 3.639642 11.005187 -0.157040
v 3.881863 10.492641 -0.157040
v 4.372381 10.188009 -0.157040
v 4.955460 10.188009 -0.157040
v 5.445978 10.492642 -0.157040
v 5.688198 11.005188 -0.157040
v 5.605217 11.562918 -0.157040
v 5.308717 12.113987 -0.263997
v 4.663920 12.296948 -0.263997
v 5.308717 12.113987 1.352326
v 4.663920 12.296948 1.352326
v 4.019123 12.113987 -0.263997
v 4.019123 12.113987 1.352326
v 3.579042 11.623193 -0.263997
v 3.579042 11.623193 1.352326
v 3.483403 10.980390 -0.263997
v 3.483403 10.980390 1.352326
v 3.762572 10.389663 -0.263997
v 3.762572 10.389663 1.352326
v 4.327910 10.038564 -0.263997
v 4.327910 10.038564 1.352326
v 4.999931 10.038564 -0.263997
v 4.999931 10.038564 1.352326
v 5.565269 10.389664 -0.263997
v 5.565269 10.389664 1.352326
v 5.844437 10.980390 -0.263997
v 5.844437 10.980390 1.352326
v 5.748797 11.623194 -0.263997
v 5.748797 11.623194 1.352326
v 5.223380 12.068129 -2.961854
v 4.663920 12.068130 -2.961854
v 4.104460 12.068129 -2.961854
v 3.722622 11.562917 -2.961854
v 3.639642 11.005187 -2.961854
v 3.881863 10.492641 -2.961854
v 4.372381 10.188009 -2.961854
v 4.955460 10.188009 -2.961854
v 5.445978 10.492642 -2.961854
v 5.688198 11.005188 -2.961854
v 5.605217 11.562918 -2.961854
v 4.165750 12.068129 -5.613030
v 4.663920 12.068130 -5.613030
v 4.663920 12.068130 -3.115493
v 4.165750 12.068129 -3.115493
v 5.162090 12.068129 -5.613030
v 5.162090 12.068129 -3.115493
v 4.165750 12.208013 -5.613030
v 4.663920 12.208014 -5.613030
v 4.663920 12.208014 -3.115493
v 4.165750 12.208013 -3.115493
v 5.162090 12.208013 -5.613030
v 5.162090 12.208013 -3.115493
vt 0.631446 0.071775
vt 0.564909 0.014120
vt 0.477763 0.001590
vt 0.397678 0.038164
vt 0.350079 0.112229
vt 0.350079 0.200271
vt 0.397678 0.274336
vt 0.477763 0.310910
vt 0.564909 0.298380
vt 0.631446 0.240725
vt 0.656250 0.156250
vt 0.375000 0.312500
vt 0.397727 0.312500
vt 0.420455 0.312500
vt 0.443182 0.312500
vt 0.465909 0.312500
vt 0.488636 0.312500
vt 0.511364 0.312500
vt 0.534091 0.312500
vt 0.556818 0.312500
vt 0.579545 0.312500
vt 0.602273 0.312500
vt 0.625000 0.312500
vt 0.375000 0.687500
vt 0.397727 0.687500
vt 0.420455 0.687500
vt 0.443182 0.687500
vt 0.465909 0.687500
vt 0.488636 0.687500
vt 0.511364 0.687500
vt 0.534091 0.687500
vt 0.556818 0.687500
vt 0.579545 0.687500
vt 0.602273 0.687500
vt 0.625000 0.687500
vt 0.631446 0.759275
vt 0.564909 0.701620
vt 0.477763 0.689090
vt 0.397678 0.725664
vt 0.350079 0.799729
vt 0.350079 0.887771
vt 0.397678 0.961836
vt 0.477763 0.998410
vt 0.564909 0.985880
vt 0.631446 0.928225
vt 0.656250 0.843750
vt 0.631446 0.928225
vt 0.564909 0.985880
vt 0.477763 0.998410
vt 0.397678 0.961836
vt 0.350079 0.887771
vt 0.350079 0.799729
vt 0.397678 0.725664
vt 0.477763 0.689090
vt 0.564909 0.701620
vt 0.631446 0.759275
vt 0.656250 0.843750
vt 0.631446 0.928225
vt 0.564909 0.985880
vt 0.477763 0.998410
vt 0.397678 0.961836
vt 0.350079 0.887771
vt 0.350079 0.799729
vt 0.397678 0.725664
vt 0.477763 0.689090
vt 0.564909 0.701620
vt 0.631446 0.759275
vt 0.656250 0.843750
vt 0.631446 0.928225
vt 0.564909 0.985880
vt 0.477763 0.998410
vt 0.397678 0.961836
vt 0.350079 0.887771
vt 0.350079 0.799729
vt 0.397678 0.725664
vt 0.477763 0.689090
vt 0.564909 0.701620
vt 0.631446 0.759275
vt 0.656250 0.843750
vt 0.631446 0.928225
vt 0.564909 0.985880
vt 0.477763 0.998410
vt 0.397678 0.961836
vt 0.350079 0.887771
vt 0.350079 0.799729
vt 0.397678 0.725664
vt 0.477763 0.689090
vt 0.564909 0.701620
vt 0.631446 0.759275
vt 0.656250 0.843750
vt 0.625000 0.612500
vt 0.375000 0.612500
vt 0.602273 0.612500
vt 0.579545 0.612500
vt 0.556818 0.612500
vt 0.534091 0.612500
vt 0.511364 0.612500
vt 0.488636 0.612500
vt 0.465909 0.612500
vt 0.443182 0.612500
vt 0.420455 0.612500
vt 0.397727 0.612500
vt 0.602273 0.612500
vt 0.625000 0.612500
vt 0.625000 0.687500
vt 0.602273 0.687500
vt 0.579545 0.612500
vt 0.579545 0.687500
vt 0.556818 0.612500
vt 0.556818 0.687500
vt 0.534091 0.612500
vt 0.534091 0.687500
vt 0.511364 0.612500
vt 0.511364 0.687500
vt 0.488636 0.612500
vt 0.488636 0.687500
vt 0.465909 0.612500
vt 0.465909 0.687500
vt 0.443182 0.612500
vt 0.443182 0.687500
vt 0.420455 0.612500
vt 0.420455 0.687500
vt 0.397727 0.612500
vt 0.397727 0.687500
vt 0.375000 0.612500
vt 0.375000 0.687500
vt 0.625000 0.462500
vt 0.375000 0.462500
vt 0.602273 0.462500
vt 0.579545 0.462500
vt 0.556818 0.462500
vt 0.534091 0.462500
vt 0.511364 0.462500
vt 0.488636 0.462500
vt 0.465909 0.462500
vt 0.443182 0.462500
vt 0.420455 0.462500
vt 0.397727 0.462500
vt 0.579545 0.312500
vt 0.602273 0.312500
vt 0.602273 0.462500
vt 0.579545 0.462500
vt 0.625000 0.312500
vt 0.625000 0.462500
vt 0.579545 0.312500
vt 0.602273 0.312500
vt 0.602273 0.462500
vt 0.579545 0.462500
vt 0.625000 0.312500
vt 0.625000 0.462500
vt 0.375000 0.312500
vt 0.397727 0.312500
vt 0.397727 0.462500
vt 0.375000 0.462500
vt 0.420455 0.312500
vt 0.420455 0.462500
vt 0.443182 0.312500
vt 0.443182 0.462500
vt 0.465909 0.312500
vt 0.465909 0.462500
vt 0.488636 0.312500
vt 0.488636 0.462500
vt 0.511364 0.312500
vt 0.511364 0.462500
vt 0.534091 0.312500
vt 0.534091 0.462500
vt 0.556818 0.312500
vt 0.556818 0.462500
vt 0.579545 0.312500
vt 0.579545 0.462500
vt 0.579545 0.312500
vt 0.602273 0.312500
vt 0.602273 0.462500
vt 0.579545 0.462500
vt 0.625000 0.312500
vt 0.625000 0.462500
vt 0.631446 0.071775
vt 0.656250 0.156250
vt 0.631446 0.240725
vt 0.564909 0.298380
vt 0.477763 0.310910
vt 0.397678 0.274336
vt 0.350079 0.200271
vt 0.350079 0.112229
vt 0.397678 0.038164
vt 0.477763 0.001590
vt 0.564909 0.014120
vt 0.631446 0.928225
vt 0.564909 0.985880
vt 0.477763 0.998410
vt 0.397678 0.961836
vt 0.350079 0.887771
vt 0.350079 0.799729
vt 0.397678 0.725664
vt 0.477763 0.689090
vt 0.564909 0.701620
vt 0.631446 0.759275
vt 0.656250 0.843750
vt 0.631446 0.928225
vt 0.564909 0.985880
vt 0.564909 0.985880
vt 0.631446 0.928225
vt 0.477763 0.998410
vt 0.477763 0.998410
vt 0.397678 0.961836
vt 0.397678 0.961836
vt 0.350079 0.887771
vt 0.350079 0.887771
vt 0.350079 0.799729
vt 0.350079 0.799729
vt 0.397678 0.725664
vt 0.397678 0.725664
vt 0.477763 0.689090
vt 0.477763 0.689090
vt 0.564909 0.701620
vt 0.564909 0.701620
vt 0.631446 0.759275
vt 0.631446 0.759275
vt 0.656250 0.843750
vt 0.656250 0.843750
vt 0.564909 0.985880
vt 0.631446 0.928225
vt 0.477763 0.998410
vt 0.397678 0.961836
vt 0.350079 0.887771
vt 0.350079 0.799729
vt 0.397678 0.725664
vt 0.477763 0.689090
vt 0.564909 0.701620
vt 0.631446 0.759275
vt 0.656250 0.843750
vt 0.564909 0.985880
vt 0.631446 0.928225
vt 0.477763 0.998410
vt 0.397678 0.961836
vt 0.350079 0.887771
vt 0.350079 0.799729
vt 0.397678 0.725664
vt 0.477763 0.689090
vt 0.564909 0.701620
vt 0.631446 0.759275
vt 0.656250 0.843750
vt 0.602273 0.612500
vt 0.625000 0.612500
vt 0.625000 0.687500
vt 0.602273 0.687500
vt 0.579545 0.612500
vt 0.579545 0.687500
vt 0.556818 0.612500
vt 0.556818 0.687500
vt 0.534091 0.612500
vt 0.534091 0.687500
vt 0.511364 0.612500
vt 0.511364 0.687500
vt 0.488636 0.612500
vt 0.488636 0.687500
vt 0.465909 0.612500
vt 0.465909 0.687500
vt 0.443182 0.612500
vt 0.443182 0.687500
vt 0.420455 0.612500
vt 0.420455 0.687500
vt 0.397727 0.612500
vt 0.397727 0.687500
vt 0.375000 0.612500
vt 0.375000 0.687500
vt 0.602273 0.612500
vt 0.625000 0.612500
vt 0.625000 0.687500
vt 0.602273 0.687500
vt 0.579545 0.612500
vt 0.579545 0.687500
vt 0.556818 0.612500
vt 0.556818 0.687500
vt 0.534091 0.612500
vt 0.534091 0.687500
vt 0.511364 0.612500
vt 0.511364 0.687500
vt 0.488636 0.612500
vt 0.488636 0.687500
vt 0.465909 0.612500
vt 0.465909 0.687500
vt 0.443182 0.612500
vt 0.443182 0.687500
vt 0.420455 0.612500
vt 0.420455 0.687500
vt 0.397727 0.612500
vt 0.397727 0.687500
vt 0.375000 0.612500
vt 0.375000 0.687500
vt 0.602273 0.462500
vt 0.625000 0.462500
vt 0.602273 0.312500
vt 0.602273 0.312500
vt 0.579545 0.312500
vt 0.579545 0.462500
vt 0.602273 0.462500
vt 0.625000 0.312500
vt 0.625000 0.312500
vt 0.625000 0.462500
vn -0.797775 0.602955 0.000000
vn -0.797775 0.602955 0.000000
vn -0.785936 0.618292 0.004374
vn -0.786257 0.617885 0.004257
vn -0.989112 0.147164 0.000000
vn -0.989112 0.147164 0.000000
vn -0.989112 0.147164 0.000000
vn -0.989112 0.147164 0.000000
vn -0.904123 -0.427272 0.000000
vn -0.904123 -0.427272 0.000000
vn -0.904123 -0.427272 0.000000
vn -0.904123 -0.427272 0.000000
vn -0.527580 -0.849505 0.000000
vn -0.527580 -0.849505 0.000000
vn -0.527580 -0.849505 0.000000
vn -0.527580 -0.849505 0.000000
vn 0.000000 -1.000000 0.000000
vn 0.000000 -1.000000 0.000000
vn 0.000000 -1.000000 0.000000
vn 0.000000 -1.000000 0.000000
vn 0.527579 -0.849506 0.000000
vn 0.527579 -0.849506 0.000000
vn 0.527579 -0.849506 0.000000
vn 0.527579 -0.849506 0.000000
vn 0.904122 -0.427274 0.000000
vn 0.904122 -0.427274 0.000000
vn 0.904122 -0.427274 0.000000
vn 0.904122 -0.427274 0.000000
vn 0.989112 0.147162 0.000000
vn 0.989112 0.147162 0.000000
vn 0.989112 0.147162 0.000000
vn 0.989112 0.147162 0.000000
vn 0.797774 0.602956 0.000000
vn 0.797774 0.602956 0.000000
vn 0.786256 0.617887 0.004257
vn 0.785935 0.618293 0.004374
vn 0.000003 1.000000 0.000000
vn 0.000003 1.000000 0.000000
vn 0.000003 1.000000 0.000000
vn 0.000003 1.000000 0.000000
vn -0.000003 1.000000 0.000000
vn -0.000003 1.000000 0.000000
vn -0.000003 1.000000 0.000000
vn -0.000003 1.000000 0.000000
vn 0.000000 0.000000 -1.000000
vn 0.000000 0.000000 -1.000000
vn 0.000000 0.000000 -1.000000
vn 0.000000 0.000000 -1.000000
vn 0.000000 0.000000 -1.000000
vn 0.000000 0.000000 -1.000000
vn 0.000000 0.000000 -1.000000
vn 0.000000 0.000000 -1.000000
vn 0.000000 0.000000 -1.000000
vn 0.000000 0.000000 -1.000000
vn 0.000000 0.000000 -1.000000
vn 0.000001 0.000000 1.000000
vn -0.000001 0.000000 1.000000
vn 0.000000 0.000000 1.000000
vn 0.000001 0.000000 1.000000
vn 0.000000 0.000000 1.000000
vn 0.000000 0.000000 1.000000
vn 0.000000 0.000000 1.000000
vn 0.000000 0.000000 1.000000
vn 0.000000 0.000000 1.000000
vn 0.000000 0.000000 1.000000
vn 0.000000 0.000000 1.000000
vn 0.000000 0.000000 1.000000
vn 0.000000 0.000000 1.000000
vn 0.000000 0.000000 1.000000
vn 0.000000 0.000000 1.000000
vn 0.000000 0.000000 1.000000
vn 0.000000 0.000000 1.000000
vn 0.000000 0.000000 1.000000
vn 0.000000 0.000000 1.000000
vn 0.000000 0.000000 1.000000
vn 0.000000 0.000000 1.000000
vn 0.000000 0.000000 1.000000
vn 0.000000 0.000000 1.000000
vn 0.000000 0.000000 1.000000
vn 0.000000 0.000000 1.000000
vn 0.000000 0.000000 1.000000
vn 0.000000 0.000000 1.000000
vn 0.000000 0.000000 1.000000
vn 0.000000 0.000000 1.000000
vn 0.000000 0.000000 1.000000
vn 0.000000 0.000000 1.000000
vn 0.000000 0.000000 1.000000
vn 0.000000 0.000000 1.000000
vn 0.000000 0.000000 1.000000
vn 0.000000 0.000000 1.000000
vn 0.000000 0.000000 1.000000
vn 0.000000 0.000000 1.000000
vn 0.000000 0.000000 1.000000
vn 0.000000 0.000000 1.000000
vn 0.000000 0.000000 1.000000
vn 0.000000 0.000000 1.000000
vn 0.000000 0.000000 1.000000
vn 0.000000 0.000000 1.000000
vn 0.000000 0.000000 1.000000
vn 0.000000 0.000000 1.000000
vn 0.000000 0.000000 1.000000
vn 0.000000 0.000000 1.000000
vn 0.000000 0.000000 1.000000
vn 0.000000 0.000000 1.000000
vn 0.000000 0.000000 1.000000
vn 0.000000 0.000000 1.000000
vn 0.000000 0.000000 1.000000
vn 0.000000 0.000000 1.000000
vn 0.000000 0.000000 1.000000
vn 0.000000 0.000000 1.000000
vn -0.744526 0.667594 0.000000
vn -0.744526 0.667594 0.000000
vn -0.744526 0.667594 0.000000
vn -0.744526 0.667594 0.000000
vn -0.989112 0.147164 0.000000
vn -0.989112 0.147164 0.000000
vn -0.989112 0.147164 0.000000
vn -0.989112 0.147164 0.000000
vn -0.904123 -0.427272 0.000000
vn -0.904123 -0.427272 0.000000
vn -0.904123 -0.427272 0.000000
vn -0.904123 -0.427272 0.000000
vn -0.527580 -0.849505 0.000000
vn -0.527580 -0.849505 0.000000
vn -0.527580 -0.849505 0.000000
vn -0.527580 -0.849505 0.000000
vn 0.000000 -1.000000 0.000000
vn 0.000000 -1.000000 0.000000
vn 0.000000 -1.000000 0.000000
vn 0.000000 -1.000000 0.000000
vn 0.527578 -0.849506 0.000000
vn 0.527578 -0.849506 0.000000
vn 0.527578 -0.849506 0.000000
vn 0.527578 -0.849506 0.000000
vn 0.904123 -0.427271 0.000000
vn 0.904123 -0.427271 0.000000
vn 0.904123 -0.427271 0.000000
vn 0.904123 -0.427271 0.000000
vn 0.989112 0.147163 0.000000
vn 0.989112 0.147163 0.000000
vn 0.989112 0.147163 0.000000
vn 0.989112 0.147163 0.000000
vn 0.744526 0.667593 0.000000
vn 0.744526 0.667593 0.000000
vn 0.744526 0.667593 0.000000
vn 0.744526 0.667593 0.000000
vn 0.272973 0.962022 0.000000
vn 0.272973 0.962022 0.000000
vn 0.272973 0.962022 0.000000
vn 0.272973 0.962022 0.000000
vn -0.272973 0.962022 0.000000
vn -0.272973 0.962022 0.000000
vn -0.272973 0.962022 0.000000
vn -0.272973 0.962022 0.000000
vn 0.000001 0.000000 1.000000
vn 0.000001 0.000000 1.000000
vn 0.000001 0.000000 1.000000
vn 0.000001 0.000000 1.000000
vn 0.000000 0.000000 1.000000
vn 0.000000 0.000000 1.000000
vn 0.000000 0.000000 1.000000
vn 0.000000 0.000000 1.000000
vn 0.000001 0.000000 1.000000
vn 0.000001 0.000000 1.000000
vn 0.000001 0.000000 1.000000
vn 0.000001 0.000000 1.000000
vn -0.000001 0.000000 1.000000
vn -0.000001 0.000000 1.000000
vn -0.000001 0.000000 1.000000
vn -0.000001 0.000000 1.000000
vn 0.000000 0.000000 1.000000
vn 0.000000 0.000000 1.000000
vn 0.000000 0.000000 1.000000
vn 0.000000 0.000000 1.000000
vn -0.000001 0.000000 1.000000
vn -0.000001 0.000000 1.000000
vn -0.000001 0.000000 1.000000
vn -0.000001 0.000000 1.000000
vn 0.000000 0.000000 1.000000
vn 0.000000 0.000000 1.000000
vn 0.000000 0.000000 1.000000
vn 0.000000 0.000000 1.000000
vn 0.000001 0.000000 1.000000
vn 0.000001 0.000000 1.000000
vn 0.000001 0.000000 1.000000
vn 0.000001 0.000000 1.000000
vn 0.000000 0.000000 1.000000
vn 0.000000 0.000000 1.000000
vn 0.000000 0.000000 1.000000
vn 0.000000 0.000000 1.000000
vn 0.000001 0.000000 1.000000
vn 0.000001 0.000000 1.000000
vn 0.000001 0.000000 1.000000
vn 0.000001 0.000000 1.000000
vn -0.000001 0.000000 1.000000
vn -0.000001 0.000000 1.000000
vn -0.000001 0.000000 1.000000
vn -0.000001 0.000000 1.000000
vn 0.744525 -0.667594 0.000000
vn 0.744525 -0.667594 0.000000
vn 0.744525 -0.667594 0.000000
vn 0.744525 -0.667594 0.000000
vn 0.989112 -0.147163 0.000000
vn 0.989112 -0.147163 0.000000
vn 0.989112 -0.147163 0.000000
vn 0.989112 -0.147163 0.000000
vn 0.904123 0.427273 0.000000
vn 0.904123 0.427273 0.000000
vn 0.904123 0.427273 0.000000
vn 0.904123 0.427273 0.000000
vn 0.527580 0.849505 0.000000
vn 0.527580 0.849505 0.000000
vn 0.527580 0.849505 0.000000
vn 0.527580 0.849505 0.000000
vn 0.000000 1.000000 0.000000
vn 0.000000 1.000000 0.000000
vn 0.000000 1.000000 0.000000
vn 0.000000 1.000000 0.000000
vn -0.527578 0.849507 0.000000
vn -0.527578 0.849507 0.000000
vn -0.527578 0.849507 0.000000
vn -0.527578 0.849507 0.000000
vn -0.904123 0.427272 0.000000
vn -0.904123 0.427272 0.000000
vn -0.904123 0.427272 0.000000
vn -0.904123 0.427272 0.000000
vn -0.989112 -0.147163 0.000000
vn -0.989112 -0.147163 0.000000
vn -0.989112 -0.147163 0.000000
vn -0.989112 -0.147163 0.000000
vn -0.744526 -0.667593 0.000000
vn -0.744526 -0.667593 0.000000
vn -0.744526 -0.667593 0.000000
vn -0.744526 -0.667593 0.000000
vn -0.272972 -0.962022 0.000000
vn -0.272972 -0.962022 0.000000
vn -0.272972 -0.962022 0.000000
vn -0.272972 -0.962022 0.000000
vn 0.272973 -0.962022 0.000000
vn 0.272973 -0.962022 0.000000
vn 0.272973 -0.962022 0.000000
vn 0.272973 -0.962022 0.000000
vn -0.272973 0.962022 0.000000
vn -0.272973 0.962022 0.000000
vn -0.272973 0.962022 0.000000
vn -0.272973 0.962022 0.000000
vn 0.272972 0.962022 0.000000
vn 0.272972 0.962022 0.000000
vn 0.272972 0.962022 0.000000
vn 0.272972 0.962022 0.000000
vn 0.744525 0.667594 0.000000
vn 0.744525 0.667594 0.000000
vn 0.744525 0.667594 0.000000
vn 0.744525 0.667594 0.000000
vn 0.989112 0.147163 0.000000
vn 0.989112 0.147163 0.000000
vn 0.989112 0.147163 0.000000
vn 0.989112 0.147163 0.000000
vn 0.904122 -0.427274 0.000000
vn 0.904122 -0.427274 0.000000
vn 0.904122 -0.427274 0.000000
vn 0.904122 -0.427274 0.000000
vn 0.527579 -0.849506 0.000000
vn 0.527579 -0.849506 0.000000
vn 0.527579 -0.849506 0.000000
vn 0.527579 -0.849506 0.000000
vn 0.000000 -1.000000 0.000000
vn 0.000000 -1.000000 0.000000
vn 0.000000 -1.000000 0.000000
vn 0.000000 -1.000000 0.000000
vn -0.527580 -0.849505 0.000000
vn -0.527580 -0.849505 0.000000
vn -0.527580 -0.849505 0.000000
vn -0.527580 -0.849505 0.000000
vn -0.904123 -0.427272 0.000000
vn -0.904123 -0.427272 0.000000
vn -0.904123 -0.427272 0.000000
vn -0.904123 -0.427272 0.000000
vn -0.989112 0.147164 0.000000
vn -0.989112 0.147164 0.000000
vn -0.989112 0.147164 0.000000
vn -0.989112 0.147164 0.000000
vn -0.744526 0.667594 0.000000
vn -0.744526 0.667594 0.000000
vn -0.744526 0.667594 0.000000
vn -0.744526 0.667594 0.000000
vn 0.162935 -0.574221 -0.802323
vn 0.162935 -0.574221 -0.802324
vn 0.162935 -0.574221 -0.802323
vn 0.162935 -0.574221 -0.802323
vn 0.162935 -0.574222 0.802323
vn 0.162935 -0.574222 0.802323
vn 0.162935 -0.574221 0.802323
vn 0.162935 -0.574222 0.802323
vn -0.162934 -0.574221 -0.802323
vn -0.162934 -0.574221 -0.802323
vn -0.162934 -0.574221 -0.802323
vn -0.162934 -0.574221 -0.802323
vn -0.162935 -0.574222 0.802323
vn -0.162935 -0.574222 0.802323
vn -0.162935 -0.574222 0.802323
vn -0.162935 -0.574221 0.802323
vn -0.437768 -0.392534 -0.808873
vn -0.437768 -0.392534 -0.808873
vn -0.437768 -0.392534 -0.808873
vn -0.437768 -0.392534 -0.808873
vn -0.437768 -0.392535 0.808873
vn -0.437768 -0.392535 0.808873
vn -0.437768 -0.392535 0.808873
vn -0.437768 -0.392535 0.808873
vn -0.572005 -0.085105 -0.815823
vn -0.572005 -0.085105 -0.815823
vn -0.572005 -0.085105 -0.815823
vn -0.572005 -0.085105 -0.815823
vn -0.572006 -0.085105 0.815822
vn -0.572006 -0.085105 0.815822
vn -0.572006 -0.085105 0.815822
vn -0.572006 -0.085105 0.815822
vn -0.520635 0.246044 -0.817559
vn -0.520635 0.246044 -0.817559
vn -0.520635 0.246044 -0.817559
vn -0.520635 0.246044 -0.817559
vn -0.520634 0.246044 0.817559
vn -0.520634 0.246044 0.817559
vn -0.520634 0.246044 0.817559
vn -0.520634 0.246044 0.817559
vn -0.305735 0.492293 -0.814968
vn -0.305735 0.492293 -0.814968
vn -0.305735 0.492293 -0.814968
vn -0.305735 0.492293 -0.814968
vn -0.305735 0.492294 0.814968
vn -0.305735 0.492294 0.814968
vn -0.305735 0.492294 0.814968
vn -0.305735 0.492294 0.814968
vn 0.000000 0.581998 -0.813190
vn 0.000000 0.581998 -0.813190
vn 0.000000 0.581998 -0.813190
vn 0.000000 0.581998 -0.813190
vn 0.000000 0.581999 0.813190
vn 0.000000 0.581999 0.813190
vn 0.000000 0.581999 0.813190
vn 0.000000 0.581999 0.813190
vn 0.305736 0.492294 -0.814968
vn 0.305736 0.492294 -0.814968
vn 0.305736 0.492294 -0.814968
vn 0.305736 0.492294 -0.814968
vn 0.305736 0.492294 0.814967
vn 0.305736 0.492294 0.814967
vn 0.305736 0.492294 0.814967
vn 0.305736 0.492294 0.814967
vn 0.520635 0.246043 -0.817558
vn 0.520635 0.246043 -0.817558
vn 0.520635 0.246043 -0.817559
vn 0.520635 0.246043 -0.817559
vn 0.520636 0.246043 0.817558
vn 0.520636 0.246043 0.817558
vn 0.520636 0.246043 0.817558
vn 0.520636 0.246043 0.817558
vn 0.572005 -0.085105 -0.815823
vn 0.572005 -0.085105 -0.815823
vn 0.572005 -0.085105 -0.815823
vn 0.572005 -0.085105 -0.815823
vn 0.572007 -0.085105 0.815822
vn 0.572007 -0.085105 0.815822
vn 0.572007 -0.085105 0.815822
vn 0.572007 -0.085105 0.815822
vn 0.437768 -0.392534 -0.808873
vn 0.437768 -0.392534 -0.808873
vn 0.437768 -0.392534 -0.808873
vn 0.437768 -0.392534 -0.808873
vn 0.437769 -0.392534 0.808873
vn 0.437769 -0.392534 0.808873
vn 0.437769 -0.392534 0.808873
vn 0.437769 -0.392534 0.808873
vn -0.140469 0.990085 0.000000
vn -0.140469 0.990085 0.000000
vn -0.140469 0.990085 0.000000
vn -0.140469 0.990085 0.000000
vn 0.140469 0.990085 0.000000
vn 0.140469 0.990085 0.000000
vn 0.140469 0.990085 0.000000
vn 0.140469 0.990085 0.000000
vn 0.773149 0.634161 0.008973
vn 0.773149 0.634161 0.008973
vn 0.989112 0.147162 0.000000
vn 0.989112 0.147162 0.000000
vn 0.904122 -0.427274 0.000000
vn 0.904122 -0.427274 0.000000
vn 0.527579 -0.849506 0.000000
vn 0.527579 -0.849506 0.000000
vn 0.000000 -1.000000 0.000000
vn 0.000000 -1.000000 0.000000
vn -0.527580 -0.849505 0.000000
vn -0.527580 -0.849505 0.000000
vn -0.904123 -0.427272 0.000000
vn -0.904123 -0.427272 0.000000
vn -0.989112 0.147164 0.000000
vn -0.989112 0.147164 0.000000
vn -0.773150 0.634159 0.008973
vn -0.773150 0.634159 0.008973
vn 0.000003 1.000000 0.000000
vn 0.000003 1.000000 0.000000
vn 0.000003 1.000000 0.000000
vn 0.000003 1.000000 0.000000
vn 0.000003 1.000000 -0.000000
vn 0.000003 1.000000 -0.000000
vn 0.000003 1.000000 -0.000000
vn 0.000003 1.000000 -0.000000
vn 0.000000 1.000000 0.000000
vn 0.000000 1.000000 0.000000
vn 0.000000 1.000000 0.000000
vn 0.000000 1.000000 0.000000
vn -0.000003 1.000000 0.000001
vn -0.000003 1.000000 0.000001
vn -0.000003 1.000000 0.000001
vn -0.000003 1.000000 0.000001
vn 0.000000 1.000000 0.000000
vn 0.000000 1.000000 0.000000
vn 0.000000 1.000000 0.000000
vn 0.000000 1.000000 0.000000
vn -0.000003 1.000000 -0.000001
vn -0.000003 1.000000 -0.000001
vn -0.000003 1.000000 -0.000001
vn -0.000003 1.000000 -0.000001
vn 0.000000 0.000000 -1.000000
vn 0.000000 0.000000 -1.000000
vn 0.000000 0.000000 -1.000000
vn 0.000000 0.000000 -1.000000
vn 0.000000 0.000000 1.000000
vn 0.000000 0.000000 1.000000
vn 0.000000 0.000000 1.000000
vn 0.000000 0.000000 1.000000
vn 1.000000 0.000000 0.000000
vn 1.000000 0.000000 0.000000
vn 1.000000 0.000000 0.000000
vn 1.000000 0.000000 0.000000
vn 0.000000 0.000000 -1.000000
vn 0.000000 0.000000 -1.000000
vn -1.000000 0.000000 0.000000
vn -1.000000 0.000000 0.000000
vn -1.000000 0.000000 0.000000
vn -1.000000 0.000000 0.000000
vn 0.000000 0.000000 1.000000
vn 0.000000 0.000000 1.000000
vn 0.797775 0.602955 0.000000
vn 0.786257 0.617885 0.004257
vn 0.785936 0.618292 0.004374
vn 0.797775 0.602955 0.000000
vn 0.989112 0.147164 0.000000
vn 0.989112 0.147164 0.000000
vn 0.989112 0.147164 0.000000
vn 0.989112 0.147164 0.000000
vn 0.904123 -0.427272 0.000000
vn 0.904123 -0.427272 0.000000
vn 0.904123 -0.427272 0.000000
vn 0.904123 -0.427272 0.000000
vn 0.527579 -0.849506 0.000000
vn 0.527579 -0.849506 0.000000
vn 0.527579 -0.849506 0.000000
vn 0.527579 -0.849506 0.000000
vn 0.000000 -1.000000 0.000000
vn 0.000000 -1.000000 0.000000
vn 0.000000 -1.000000 0.000000
vn 0.000000 -1.000000 0.000000
vn -0.527579 -0.849506 0.000000
vn -0.527579 -0.849506 0.000000
vn -0.527579 -0.849506 0.000000
vn -0.527579 -0.849506 0.000000
vn -0.904122 -0.427274 0.000000
vn -0.904122 -0.427274 0.000000
vn -0.904122 -0.427274 0.000000
vn -0.904122 -0.427274 0.000000
vn -0.989112 0.147163 0.000000
vn -0.989112 0.147163 0.000000
vn -0.989112 0.147163 0.000000
vn -0.989112 0.147163 0.000000
vn -0.797774 0.602956 0.000000
vn -0.785936 0.618293 0.004374
vn -0.786256 0.617886 0.004257
vn -0.797774 0.602956 0.000000
vn -0.000003 1.000000 0.000000
vn -0.000003 1.000000 0.000000
vn -0.000003 1.000000 0.000000
vn -0.000003 1.000000 0.000000
vn 0.000003 1.000000 0.000000
vn 0.000003 1.000000 0.000000
vn 0.000003 1.000000 0.000000
vn 0.000003 1.000000 0.000000
vn 0.000000 0.000000 -1.000000
vn 0.000000 0.000000 -1.000000
vn 0.000000 0.000000 -1.000000
vn 0.000000 0.000000 -1.000000
vn -0.000000 0.000000 -1.000000
vn -0.000000 0.000000 -1.000000
vn 0.000000 0.000000 -1.000000
vn 0.000000 0.000000 -1.000000
vn 0.000000 0.000000 -1.000000
vn 0.000000 0.000000 -1.000000
vn 0.000000 0.000000 -1.000000
vn 0.000000 0.000000 1.000000
vn 0.000000 0.000000 1.000000
vn 0.000000 0.000000 1.000000
vn 0.000000 0.000000 1.000000
vn -0.000000 0.000000 1.000000
vn 0.000000 0.000000 1.000000
vn 0.000000 0.000000 1.000000
vn 0.000000 0.000000 1.000000
vn 0.000000 0.000000 1.000000
vn 0.000000 0.000000 1.000000
vn 0.000000 0.000000 1.000000
vn 0.000000 0.000000 1.000000
vn 0.000000 0.000000 1.000000
vn 0.000000 0.000000 1.000000
vn 0.000000 0.000000 1.000000
vn 0.000000 0.000000 1.000000
vn 0.000000 0.000000 1.000000
vn 0.000000 0.000000 1.000000
vn 0.000000 0.000000 1.000000
vn 0.000000 0.000000 1.000000
vn 0.000000 0.000000 1.000000
vn 0.000000 0.000000 1.000000
vn 0.000000 0.000000 1.000000
vn 0.000000 0.000000 1.000000
vn 0.000000 0.000000 1.000000
vn 0.000000 0.000000 1.000000
vn 0.000000 0.000000 1.000000
vn 0.000000 0.000000 1.000000
vn 0.000000 0.000000 1.000000
vn 0.000000 0.000000 1.000000
vn 0.000000 0.000000 1.000000
vn 0.000000 0.000000 1.000000
vn 0.000000 0.000000 1.000000
vn 0.000000 0.000000 1.000000
vn 0.000000 0.000000 1.000000
vn 0.000000 0.000000 1.000000
vn 0.000000 0.000000 1.000000
vn 0.000000 0.000000 1.000000
vn 0.000000 0.000000 1.000000
vn 0.000000 0.000000 1.000000
vn 0.000000 0.000000 1.000000
vn 0.000000 0.000000 1.000000
vn 0.000000 0.000000 1.000000
vn 0.000000 0.000000 1.000000
vn 0.000000 0.000000 1.000000
vn 0.000000 0.000000 1.000000
vn 0.000000 0.000000 1.000000
vn 0.000000 0.000000 1.000000
vn 0.000000 0.000000 1.000000
vn 0.000000 0.000000 1.000000
vn 0.000000 0.000000 1.000000
vn 0.000000 0.000000 1.000000
vn 0.000000 0.000000 1.000000
vn 0.000000 0.000000 1.000000
vn 0.000000 0.000000 1.000000
vn 0.744524 0.667595 0.000000
vn 0.744524 0.667595 0.000000
vn 0.744524 0.667595 0.000000
vn 0.744524 0.667595 0.000000
vn 0.989112 0.147162 0.000000
vn 0.989112 0.147162 0.000000
vn 0.989112 0.147162 0.000000
vn 0.989112 0.147162 0.000000
vn 0.904123 -0.427273 0.000000
vn 0.904123 -0.427273 0.000000
vn 0.904123 -0.427273 0.000000
vn 0.904123 -0.427273 0.000000
vn 0.527580 -0.849505 0.000000
vn 0.527580 -0.849505 0.000000
vn 0.527580 -0.849505 0.000000
vn 0.527580 -0.849505 0.000000
vn 0.000000 -1.000000 0.000000
vn 0.000000 -1.000000 0.000000
vn 0.000000 -1.000000 0.000000
vn 0.000000 -1.000000 0.000000
vn -0.527580 -0.849506 0.000000
vn -0.527580 -0.849506 0.000000
vn -0.527580 -0.849506 0.000000
vn -0.527580 -0.849506 0.000000
vn -0.904123 -0.427273 0.000000
vn -0.904123 -0.427273 0.000000
vn -0.904123 -0.427273 0.000000
vn -0.904123 -0.427273 0.000000
vn -0.989112 0.147164 0.000000
vn -0.989112 0.147164 0.000000
vn -0.989112 0.147164 0.000000
vn -0.989112 0.147164 0.000000
vn -0.744526 0.667594 0.000000
vn -0.744526 0.667594 0.000000
vn -0.744526 0.667594 0.000000
vn -0.744526 0.667594 0.000000
vn -0.272973 0.962022 0.000000
vn -0.272973 0.962022 0.000000
vn -0.272973 0.962022 0.000000
vn -0.272973 0.962022 0.000000
vn 0.272973 0.962022 0.000000
vn 0.272973 0.962022 0.000000
vn 0.272973 0.962022 0.000000
vn 0.272973 0.962022 0.000000
vn 0.000002 0.000000 1.000000
vn 0.000002 0.000000 1.000000
vn 0.000002 0.000000 1.000000
vn 0.000002 0.000000 1.000000
vn 0.000000 0.000000 1.000000
vn 0.000000 0.000000 1.000000
vn 0.000000 0.000000 1.000000
vn 0.000000 0.000000 1.000000
vn 0.000000 0.000000 1.000000
vn 0.000000 0.000000 1.000000
vn 0.000000 0.000000 1.000000
vn 0.000000 0.000000 1.000000
vn 0.000000 0.000000 1.000000
vn 0.000000 0.000000 1.000000
vn 0.000000 0.000000 1.000000
vn 0.000000 0.000000 1.000000
vn 0.000000 0.000000 1.000000
vn 0.000000 0.000000 1.000000
vn 0.000000 0.000000 1.000000
vn 0.000000 0.000000 1.000000
vn 0.000000 0.000000 1.000000
vn 0.000000 0.000000 1.000000
vn 0.000000 0.000000 1.000000
vn 0.000000 0.000000 1.000000
vn 0.000000 0.000000 1.000000
vn 0.000000 0.000000 1.000000
vn 0.000000 0.000000 1.000000
vn 0.000000 0.000000 1.000000
vn 0.000000 0.000000 1.000000
vn 0.000000 0.000000 1.000000
vn 0.000000 0.000000 1.000000
vn 0.000000 0.000000 1.000000
vn 0.000000 0.000000 1.000000
vn 0.000000 0.000000 1.000000
vn 0.000000 0.000000 1.000000
vn 0.000000 0.000000 1.000000
vn -0.000001 0.000000 1.000000
vn -0.000001 0.000000 1.000000
vn -0.000001 0.000000 1.000000
vn -0.000001 0.000000 1.000000
vn 0.000000 0.000000 1.000000
vn 0.000000 0.000000 1.000000
vn 0.000000 0.000000 1.000000
vn 0.000000 0.000000 1.000000
vn -0.744524 -0.667596 0.000000
vn -0.744524 -0.667596 0.000000
vn -0.744524 -0.667596 0.000000
vn -0.744524 -0.667596 0.000000
vn -0.989112 -0.147164 0.000000
vn -0.989112 -0.147164 0.000000
vn -0.989112 -0.147164 0.000000
vn -0.989112 -0.147164 0.000000
vn -0.904122 0.427275 0.000000
vn -0.904122 0.427275 0.000000
vn -0.904122 0.427275 0.000000
vn -0.904122 0.427275 0.000000
vn -0.527580 0.849505 0.000000
vn -0.527580 0.849505 0.000000
vn -0.527580 0.849505 0.000000
vn -0.527580 0.849505 0.000000
vn 0.000000 1.000000 0.000000
vn 0.000000 1.000000 0.000000
vn 0.000000 1.000000 0.000000
vn 0.000000 1.000000 0.000000
vn 0.527578 0.849507 0.000000
vn 0.527578 0.849507 0.000000
vn 0.527578 0.849507 0.000000
vn 0.527578 0.849507 0.000000
vn 0.904123 0.427272 0.000000
vn 0.904123 0.427272 0.000000
vn 0.904123 0.427272 0.000000
vn 0.904123 0.427272 0.000000
vn 0.989112 -0.147164 0.000000
vn 0.989112 -0.147164 0.000000
vn 0.989112 -0.147164 0.000000
vn 0.989112 -0.147164 0.000000
vn 0.744527 -0.667593 0.000000
vn 0.744527 -0.667593 0.000000
vn 0.744527 -0.667593 0.000000
vn 0.744527 -0.667593 0.000000
vn 0.272972 -0.962022 0.000000
vn 0.272972 -0.962022 0.000000
vn 0.272972 -0.962022 0.000000
vn 0.272972 -0.962022 0.000000
vn -0.272973 -0.962022 0.000000
vn -0.272973 -0.962022 0.000000
vn -0.272973 -0.962022 0.000000
vn -0.272973 -0.962022 0.000000
vn 0.272973 0.962022 0.000000
vn 0.272973 0.962022 0.000000
vn 0.272973 0.962022 0.000000
vn 0.272973 0.962022 0.000000
vn -0.272972 0.962022 0.000000
vn -0.272972 0.962022 0.000000
vn -0.272972 0.962022 0.000000
vn -0.272972 0.962022 0.000000
vn -0.744525 0.667595 0.000000
vn -0.744525 0.667595 0.000000
vn -0.744525 0.667595 0.000000
vn -0.744525 0.667595 0.000000
vn -0.989112 0.147163 0.000000
vn -0.989112 0.147163 0.000000
vn -0.989112 0.147163 0.000000
vn -0.989112 0.147163 0.000000
vn -0.904122 -0.427274 0.000000
vn -0.904122 -0.427274 0.000000
vn -0.904122 -0.427274 0.000000
vn -0.904122 -0.427274 0.000000
vn -0.527579 -0.849506 0.000000
vn -0.527579 -0.849506 0.000000
vn -0.527579 -0.849506 0.000000
vn -0.527579 -0.849506 0.000000
vn 0.000000 -1.000000 0.000000
vn 0.000000 -1.000000 0.000000
vn 0.000000 -1.000000 0.000000
vn 0.000000 -1.000000 0.000000
vn 0.527580 -0.849505 0.000000
vn 0.527580 -0.849505 0.000000
vn 0.527580 -0.849505 0.000000
vn 0.527580 -0.849505 0.000000
vn 0.904123 -0.427273 0.000000
vn 0.904123 -0.427273 0.000000
vn 0.904123 -0.427273 0.000000
vn 0.904123 -0.427273 0.000000
vn 0.989112 0.147166 0.000000
vn 0.989112 0.147166 0.000000
vn 0.989112 0.147166 0.000000
vn 0.989112 0.147166 0.000000
vn 0.744526 0.667593 0.000000
vn 0.744526 0.667593 0.000000
vn 0.744526 0.667593 0.000000
vn 0.744526 0.667593 0.000000
vn -0.162935 -0.574221 -0.802323
vn -0.162935 -0.574221 -0.802323
vn -0.162935 -0.574221 -0.802323
vn -0.162935 -0.574221 -0.802323
vn -0.162935 -0.574221 0.802323
vn -0.162935 -0.574221 0.802323
vn -0.162935 -0.574221 0.802323
vn -0.162935 -0.574221 0.802323
vn 0.162934 -0.574220 -0.802324
vn 0.162934 -0.574220 -0.802324
vn 0.162934 -0.574220 -0.802324
vn 0.162934 -0.574220 -0.802324
vn 0.162935 -0.574222 0.802323
vn 0.162935 -0.574222 0.802323
vn 0.162935 -0.574222 0.802323
vn 0.162935 -0.574222 0.802323
vn 0.437769 -0.392534 -0.808873
vn 0.437769 -0.392534 -0.808873
vn 0.437769 -0.392534 -0.808873
vn 0.437769 -0.392534 -0.808873
vn 0.437768 -0.392535 0.808873
vn 0.437768 -0.392535 0.808873
vn 0.437768 -0.392535 0.808873
vn 0.437768 -0.392535 0.808873
vn 0.572005 -0.085105 -0.815823
vn 0.572005 -0.085105 -0.815823
vn 0.572005 -0.085105 -0.815823
vn 0.572005 -0.085105 -0.815823
vn 0.572006 -0.085104 0.815823
vn 0.572006 -0.085104 0.815823
vn 0.572006 -0.085104 0.815823
vn 0.572006 -0.085104 0.815823
vn 0.520634 0.246044 -0.817559
vn 0.520634 0.246044 -0.817559
vn 0.520634 0.246044 -0.817559
vn 0.520634 0.246044 -0.817559
vn 0.520635 0.246044 0.817558
vn 0.520635 0.246044 0.817558
vn 0.520635 0.246044 0.817558
vn 0.520635 0.246044 0.817559
vn 0.305735 0.492293 -0.814968
vn 0.305735 0.492293 -0.814968
vn 0.305735 0.492293 -0.814968
vn 0.305735 0.492293 -0.814968
vn 0.305735 0.492294 0.814968
vn 0.305735 0.492294 0.814968
vn 0.305735 0.492294 0.814968
vn 0.305735 0.492294 0.814968
vn 0.000000 0.581998 -0.813190
vn 0.000000 0.581998 -0.813190
vn 0.000000 0.581998 -0.813190
vn 0.000000 0.581998 -0.813190
vn 0.000000 0.581999 0.813189
vn 0.000000 0.581999 0.813189
vn 0.000000 0.581999 0.813189
vn 0.000000 0.581999 0.813189
vn -0.305736 0.492293 -0.814968
vn -0.305736 0.492293 -0.814968
vn -0.305736 0.492293 -0.814968
vn -0.305736 0.492293 -0.814968
vn -0.305736 0.492294 0.814968
vn -0.305736 0.492294 0.814968
vn -0.305736 0.492294 0.814968
vn -0.305736 0.492294 0.814968
vn -0.520634 0.246044 -0.817559
vn -0.520634 0.246044 -0.817559
vn -0.520634 0.246044 -0.817559
vn -0.520634 0.246044 -0.817559
vn -0.520636 0.246043 0.817558
vn -0.520636 0.246043 0.817558
vn -0.520636 0.246043 0.817558
vn -0.520636 0.246043 0.817558
vn -0.572005 -0.085106 -0.815823
vn -0.572005 -0.085106 -0.815823
vn -0.572005 -0.085106 -0.815823
vn -0.572005 -0.085106 -0.815823
vn -0.572006 -0.085106 0.815822
vn -0.572006 -0.085106 0.815822
vn -0.572006 -0.085106 0.815822
vn -0.572006 -0.085106 0.815822
vn -0.437769 -0.392534 -0.808873
vn -0.437769 -0.392534 -0.808873
vn -0.437769 -0.392534 -0.808873
vn -0.437769 -0.392534 -0.808873
vn -0.437769 -0.392535 0.808873
vn -0.437769 -0.392535 0.808872
vn -0.437769 -0.392535 0.808873
vn -0.437769 -0.392535 0.808872
vn 0.140469 0.990085 0.000000
vn 0.140469 0.990085 0.000000
vn 0.140469 0.990085 0.000000
vn 0.140469 0.990085 0.000000
vn -0.140469 0.990085 0.000000
vn -0.140469 0.990085 0.000000
vn -0.140469 0.990085 0.000000
vn -0.140469 0.990085 0.000000
vn -0.773150 0.634160 0.008973
vn -0.773150 0.634160 0.008973
vn -0.989112 0.147163 0.000000
vn -0.989112 0.147163 0.000000
vn -0.904122 -0.427274 0.000000
vn -0.904122 -0.427274 0.000000
vn -0.527579 -0.849506 0.000000
vn -0.527579 -0.849506 0.000000
vn 0.000000 -1.000000 0.000000
vn 0.000000 -1.000000 0.000000
vn 0.527579 -0.849506 0.000000
vn 0.527579 -0.849506 0.000000
vn 0.904123 -0.427272 0.000000
vn 0.904123 -0.427272 0.000000
vn 0.989112 0.147164 0.000000
vn 0.989112 0.147164 0.000000
vn 0.773150 0.634159 0.008973
vn 0.773150 0.634159 0.008973
vn -0.000003 1.000000 0.000000
vn -0.000003 1.000000 0.000000
vn -0.000003 1.000000 0.000000
vn -0.000003 1.000000 0.000000
vn -0.000003 1.000000 -0.000000
vn -0.000003 1.000000 -0.000000
vn -0.000003 1.000000 -0.000000
vn -0.000003 1.000000 -0.000000
vn 0.000000 1.000000 0.000000
vn 0.000000 1.000000 0.000000
vn 0.000000 1.000000 0.000000
vn 0.000000 1.000000 0.000000
vn 0.000003 1.000000 0.000000
vn 0.000003 1.000000 0.000000
vn 0.000003 1.000000 0.000000
vn 0.000003 1.000000 0.000000
vn 0.000000 1.000000 0.000000
vn 0.000000 1.000000 0.000000
vn 0.000000 1.000000 0.000000
vn 0.000000 1.000000 0.000000
vn 0.000003 1.000000 -0.000000
vn 0.000003 1.000000 -0.000000
vn 0.000003 1.000000 -0.000000
vn 0.000003 1.000000 -0.000000
vn 0.000000 0.000000 -1.000000
vn 0.000000 0.000000 -1.000000
vn 0.000000 0.000000 -1.000000
vn 0.000000 0.000000 -1.000000
vn 0.000000 0.000000 1.000000
vn 0.000000 0.000000 1.000000
vn -0.000000 0.000000 1.000000
vn -0.000000 0.000000 1.000000
vn -1.000000 0.000000 0.000000
vn -1.000000 0.000000 0.000000
vn -1.000000 0.000000 0.000000
vn -1.000000 0.000000 0.000000
vn -0.000000 0.000000 -1.000000
vn -0.000000 0.000000 -1.000000
vn 1.000000 0.000000 0.000000
vn 1.000000 0.000000 0.000000
vn 1.000000 0.000000 0.000000
vn 1.000000 0.000000 0.000000
vn 0.000000 0.000000 1.000000
vn 0.000000 0.000000 1.000000
s 1
g pCylinder2 group1
usemtl lambert1SG
f 1/12/1 2/13/2 110/138/3 100/128/4
s 2
f 2/13/5 3/14/6 109/137/7 110/138/8
s 3
f 3/14/9 4/15/10 108/136/11 109/137/12
s 4
f 4/15/13 5/16/14 107/135/15 108/136/16
s 5
f 5/16/17 6/17/18 106/134/19 107/135/20
s 6
f 6/17/21 7/18/22 105/133/23 106/134/24
s 7
f 7/18/25 8/19/26 104/132/27 105/133/28
s 8
f 8/19/29 9/20/30 103/131/31 104/132/32
s 9
f 9/20/33 10/21/34 102/130/35 103/131/36
s off
f 117/145/37 118/146/38 119/147/39 120/148/40
f 118/146/41 121/149/42 122/150/43 119/147/44
s 10
f 1/1/45 11/11/46 2/2/47
f 10/10/48 9/9/49 11/11/46
f 11/11/46 9/9/49 2/2/47
f 9/9/49 8/8/50 2/2/47
f 8/8/50 7/7/51 2/2/47
f 7/7/51 6/6/52 2/2/47
f 6/6/52 5/5/53 2/2/47
f 5/5/53 4/4/54 2/2/47
f 4/4/54 3/3/55 2/2/47
s 11
f 56/80/56 57/81/57 66/90/58
f 57/81/57 58/82/59 66/90/58
f 58/82/59 59/83/60 66/90/58
f 59/83/60 60/84/61 66/90/58
f 60/84/61 61/85/62 66/90/58
f 61/85/62 62/86/63 66/90/58
f 62/86/63 63/87/64 66/90/58
f 63/87/64 64/88/65 66/90/58
f 64/88/65 65/89/66 66/90/58
s off
f 12/45/67 13/44/68 24/48/69 23/47/70
f 13/44/71 14/43/72 25/49/73 24/48/74
f 14/43/75 15/42/76 26/50/77 25/49/78
f 15/42/79 16/41/80 27/51/81 26/50/82
f 16/41/83 17/40/84 28/52/85 27/51/86
f 17/40/87 18/39/88 29/53/89 28/52/90
f 18/39/91 19/38/92 30/54/93 29/53/94
f 19/38/95 20/37/96 31/55/97 30/54/98
f 20/37/99 21/36/100 32/56/101 31/55/102
f 21/36/103 22/46/104 33/57/105 32/56/106
f 22/46/107 12/45/108 23/47/109 33/57/110
f 23/47/111 24/48/112 35/59/113 34/58/114
f 24/48/115 25/49/116 36/60/117 35/59/118
f 25/49/119 26/50/120 37/61/121 36/60/122
f 26/50/123 27/51/124 38/62/125 37/61/126
f 27/51/127 28/52/128 39/63/129 38/62/130
f 28/52/131 29/53/132 40/64/133 39/63/134
f 29/53/135 30/54/136 41/65/137 40/64/138
f 30/54/139 31/55/140 42/66/141 41/65/142
f 31/55/143 32/56/144 43/67/145 42/66/146
f 32/56/147 33/57/148 44/68/149 43/67/150
f 33/57/151 23/47/152 34/58/153 44/68/154
f 34/58/155 35/59/156 46/70/157 45/69/158
f 35/59/159 36/60/160 47/71/161 46/70/162
f 36/60/163 37/61/164 48/72/165 47/71/166
f 37/61/167 38/62/168 49/73/169 48/72/170
f 38/62/171 39/63/172 50/74/173 49/73/174
f 39/63/175 40/64/176 51/75/177 50/74/178
f 40/64/179 41/65/180 52/76/181 51/75/182
f 41/65/183 42/66/184 53/77/185 52/76/186
f 42/66/187 43/67/188 54/78/189 53/77/190
f 43/67/191 44/68/192 55/79/193 54/78/194
f 44/68/195 34/58/196 45/69/197 55/79/198
f 45/69/199 46/70/200 57/81/201 56/80/202
f 46/70/203 47/71/204 58/82/205 57/81/206
f 47/71/207 48/72/208 59/83/209 58/82/210
f 48/72/211 49/73/212 60/84/213 59/83/214
f 49/73/215 50/74/216 61/85/217 60/84/218
f 50/74/219 51/75/220 62/86/221 61/85/222
f 51/75/223 52/76/224 63/87/225 62/86/226
f 52/76/227 53/77/228 64/88/229 63/87/230
f 53/77/231 54/78/232 65/89/233 64/88/234
f 54/78/235 55/79/236 66/90/237 65/89/238
f 55/79/239 45/69/240 56/80/241 66/90/242
f 79/103/243 78/104/244 80/105/245 81/106/246
f 82/107/247 79/103/248 81/106/249 83/108/250
f 84/109/251 82/107/252 83/108/253 85/110/254
f 86/111/255 84/109/256 85/110/257 87/112/258
f 88/113/259 86/111/260 87/112/261 89/114/262
f 90/115/263 88/113/264 89/114/265 91/116/266
f 92/117/267 90/115/268 91/116/269 93/118/270
f 94/119/271 92/117/272 93/118/273 95/120/274
f 96/121/275 94/119/276 95/120/277 97/122/278
f 98/123/279 96/121/280 97/122/281 99/124/282
f 78/125/283 98/123/284 99/124/285 80/126/286
f 68/93/287 67/91/288 78/104/289 79/103/290
f 12/35/291 22/34/292 81/106/293 80/105/294
f 69/94/295 68/93/296 79/103/297 82/107/298
f 22/34/299 21/33/300 83/108/301 81/106/302
f 70/95/303 69/94/304 82/107/305 84/109/306
f 21/33/307 20/32/308 85/110/309 83/108/310
f 71/96/311 70/95/312 84/109/313 86/111/314
f 20/32/315 19/31/316 87/112/317 85/110/318
f 72/97/319 71/96/320 86/111/321 88/113/322
f 19/31/323 18/30/324 89/114/325 87/112/326
f 73/98/327 72/97/328 88/113/329 90/115/330
f 18/30/331 17/29/332 91/116/333 89/114/334
f 74/99/335 73/98/336 90/115/337 92/117/338
f 17/29/339 16/28/340 93/118/341 91/116/342
f 75/100/343 74/99/344 92/117/345 94/119/346
f 16/28/347 15/27/348 95/120/349 93/118/350
f 76/101/351 75/100/352 94/119/353 96/121/354
f 15/27/355 14/26/356 97/122/357 95/120/358
f 77/102/359 76/101/360 96/121/361 98/123/362
f 14/26/363 13/25/364 99/124/365 97/122/366
f 67/92/367 77/102/368 98/123/369 78/125/370
f 13/25/371 12/24/372 80/126/373 99/124/374
f 101/129/375 100/127/376 67/91/377 68/93/378
f 102/130/379 101/129/380 68/93/381 69/94/382
s 9
f 103/131/36 102/130/35 69/94/383 70/95/384
s 8
f 104/132/32 103/131/31 70/95/385 71/96/386
s 7
f 105/133/28 104/132/27 71/96/387 72/97/388
s 6
f 106/134/24 105/133/23 72/97/389 73/98/390
s 5
f 107/135/20 106/134/19 73/98/391 74/99/392
s 4
f 108/136/16 107/135/15 74/99/393 75/100/394
s 3
f 109/137/12 108/136/11 75/100/395 76/101/396
s 2
f 110/138/8 109/137/7 76/101/397 77/102/398
s 1
f 100/128/4 110/138/3 77/102/399 67/92/400
s off
f 10/21/401 11/22/402 112/140/403 111/139/404
f 101/129/405 102/130/406 114/142/407 113/141/408
f 102/130/409 10/21/410 111/139/411 114/142/412
f 11/22/413 1/23/414 115/143/415 112/140/416
f 1/23/417 100/127/418 116/144/419 115/143/420
f 100/127/421 101/129/422 113/141/423 116/144/424
s 12
f 111/139/425 112/140/426 118/146/427 117/145/428
s 13
f 113/141/429 114/142/430 120/148/431 119/147/432
s off
f 114/142/433 111/139/434 117/145/435 120/148/436
s 12
f 112/140/426 115/143/437 121/149/438 118/146/427
s off
f 115/143/439 116/144/440 122/150/441 121/149/442
s 13
f 116/144/443 113/141/429 119/147/432 122/150/444
s 14
f 123/151/445 222/154/446 232/153/447 124/152/448
s 15
f 124/152/449 232/153/450 231/156/451 125/155/452
s 16
f 125/155/453 231/156/454 230/158/455 126/157/456
s 17
f 126/157/457 230/158/458 229/160/459 127/159/460
s 18
f 127/159/461 229/160/462 228/162/463 128/161/464
s 19
f 128/161/465 228/162/466 227/164/467 129/163/468
s 20
f 129/163/469 227/164/470 226/166/471 130/165/472
s 21
f 130/165/473 226/166/474 225/168/475 131/167/476
s 22
f 131/167/477 225/168/478 224/170/479 132/169/480
s off
f 239/171/481 242/174/482 241/173/483 240/172/484
f 240/172/485 241/173/486 244/176/487 243/175/488
s 23
f 123/177/489 124/187/490 133/178/491
f 132/179/492 133/178/491 131/180/493
f 133/178/491 124/187/490 131/180/493
f 124/187/490 125/186/494 131/180/493
f 125/186/494 126/185/495 131/180/493
f 126/185/495 127/184/496 131/180/493
f 127/184/496 128/183/497 131/180/493
f 128/183/497 129/182/498 131/180/493
f 129/182/498 130/181/499 131/180/493
s 24
f 178/188/500 188/198/501 179/189/502
f 188/198/501 187/197/503 179/189/502
f 187/197/503 186/196/504 179/189/502
f 186/196/504 185/195/505 179/189/502
f 185/195/505 184/194/506 179/189/502
f 184/194/506 183/193/507 179/189/502
f 183/193/507 182/192/508 179/189/502
f 182/192/508 181/191/509 179/189/502
f 181/191/509 180/190/510 179/189/502
s off
f 134/199/511 145/202/512 146/201/513 135/200/514
f 135/200/515 146/201/516 147/204/517 136/203/518
f 136/203/519 147/204/520 148/206/521 137/205/522
f 137/205/523 148/206/524 149/208/525 138/207/526
f 138/207/527 149/208/528 150/210/529 139/209/530
f 139/209/531 150/210/532 151/212/533 140/211/534
f 140/211/535 151/212/536 152/214/537 141/213/538
f 141/213/539 152/214/540 153/216/541 142/215/542
f 142/215/543 153/216/544 154/218/545 143/217/546
f 143/217/547 154/218/548 155/220/549 144/219/550
f 144/219/551 155/220/552 145/202/553 134/199/554
f 145/202/555 156/222/556 157/221/557 146/201/558
f 146/201/559 157/221/560 158/223/561 147/204/562
f 147/204/563 158/223/564 159/224/565 148/206/566
f 148/206/567 159/224/568 160/225/569 149/208/570
f 149/208/571 160/225/572 161/226/573 150/210/574
f 150/210/575 161/226/576 162/227/577 151/212/578
f 151/212/579 162/227/580 163/228/581 152/214/582
f 152/214/583 163/228/584 164/229/585 153/216/586
f 153/216/587 164/229/588 165/230/589 154/218/590
f 154/218/591 165/230/592 166/231/593 155/220/594
f 155/220/595 166/231/596 156/222/597 145/202/598
f 156/222/599 167/233/600 168/232/601 157/221/602
f 157/221/603 168/232/604 169/234/605 158/223/606
f 158/223/607 169/234/608 170/235/609 159/224/610
f 159/224/611 170/235/612 171/236/613 160/225/614
f 160/225/615 171/236/616 172/237/617 161/226/618
f 161/226/619 172/237/620 173/238/621 162/227/622
f 162/227/623 173/238/624 174/239/625 163/228/626
f 163/228/627 174/239/628 175/240/629 164/229/630
f 164/229/631 175/240/632 176/241/633 165/230/634
f 165/230/635 176/241/636 177/242/637 166/231/638
f 166/231/639 177/242/640 167/233/641 156/222/642
f 167/233/643 178/188/644 179/189/645 168/232/646
f 168/232/647 179/189/648 180/190/649 169/234/650
f 169/234/651 180/190/652 181/191/653 170/235/654
f 170/235/655 181/191/656 182/192/657 171/236/658
f 171/236/659 182/192/660 183/193/661 172/237/662
f 172/237/663 183/193/664 184/194/665 173/238/666
f 173/238/667 184/194/668 185/195/669 174/239/670
f 174/239/671 185/195/672 186/196/673 175/240/674
f 175/240/675 186/196/676 187/197/677 176/241/678
f 176/241/679 187/197/680 188/198/681 177/242/682
f 177/242/683 188/198/684 178/188/685 167/233/686
f 201/243/687 203/246/688 202/245/689 200/244/690
f 204/247/691 205/248/692 203/246/693 201/243/694
f 206/249/695 207/250/696 205/248/697 204/247/698
f 208/251/699 209/252/700 207/250/701 206/249/702
f 210/253/703 211/254/704 209/252/705 208/251/706
f 212/255/707 213/256/708 211/254/709 210/253/710
f 214/257/711 215/258/712 213/256/713 212/255/714
f 216/259/715 217/260/716 215/258/717 214/257/718
f 218/261/719 219/262/720 217/260/721 216/259/722
f 220/263/723 221/264/724 219/262/725 218/261/726
f 200/265/727 202/266/728 221/264/729 220/263/730
f 190/267/731 201/243/732 200/244/733 189/268/734
f 134/269/735 202/245/736 203/246/737 144/270/738
f 191/271/739 204/247/740 201/243/741 190/267/742
f 144/270/743 203/246/744 205/248/745 143/272/746
f 192/273/747 206/249/748 204/247/749 191/271/750
f 143/272/751 205/248/752 207/250/753 142/274/754
f 193/275/755 208/251/756 206/249/757 192/273/758
f 142/274/759 207/250/760 209/252/761 141/276/762
f 194/277/763 210/253/764 208/251/765 193/275/766
f 141/276/767 209/252/768 211/254/769 140/278/770
f 195/279/771 212/255/772 210/253/773 194/277/774
f 140/278/775 211/254/776 213/256/777 139/280/778
f 196/281/779 214/257/780 212/255/781 195/279/782
f 139/280/783 213/256/784 215/258/785 138/282/786
f 197/283/787 216/259/788 214/257/789 196/281/790
f 138/282/791 215/258/792 217/260/793 137/284/794
f 198/285/795 218/261/796 216/259/797 197/283/798
f 137/284/799 217/260/800 219/262/801 136/286/802
f 199/287/803 220/263/804 218/261/805 198/285/806
f 136/286/807 219/262/808 221/264/809 135/288/810
f 189/289/811 200/265/812 220/263/813 199/287/814
f 135/288/815 221/264/816 202/266/817 134/290/818
f 223/291/819 190/267/820 189/268/821 222/292/822
f 224/170/823 191/271/824 190/267/825 223/291/826
s 22
f 225/168/478 192/273/827 191/271/828 224/170/479
s 21
f 226/166/474 193/275/829 192/273/830 225/168/475
s 20
f 227/164/470 194/277/831 193/275/832 226/166/471
s 19
f 228/162/466 195/279/833 194/277/834 227/164/467
s 18
f 229/160/462 196/281/835 195/279/836 228/162/463
s 17
f 230/158/458 197/283/837 196/281/838 229/160/459
s 16
f 231/156/454 198/285/839 197/283/840 230/158/455
s 15
f 232/153/450 199/287/841 198/285/842 231/156/451
s 14
f 222/154/446 189/289/843 199/287/844 232/153/447
s off
f 132/169/845 233/295/846 234/294/847 133/293/848
f 223/291/849 235/297/850 236/296/851 224/170/852
f 224/170/853 236/296/854 233/295/855 132/169/856
f 133/293/857 234/294/858 237/299/859 123/298/860
f 123/298/861 237/299/862 238/300/863 222/292/864
f 222/292/865 238/300/866 235/297/867 223/291/868
s 25
f 233/295/869 239/171/870 240/172/871 234/294/872
s 26
f 235/297/873 241/173/874 242/174/875 236/296/876
s off
f 236/296/877 242/174/878 239/171/879 233/295/880
s 25
f 234/294/872 240/172/871 243/175/881 237/299/882
s off
f 237/299/883 243/175/884 244/176/885 238/300/886
s 26
f 238/300/887 244/176/888 241/173/874 235/297/873
g default
v -5.396804 9.801853 -6.854034
v -5.950562 10.251278 -6.854034
v -6.675830 10.348948 -6.854034
v -7.342343 10.063852 -6.854034
v -7.738484 9.486507 -6.854034
v -7.738484 8.800216 -6.854034
v -7.342343 8.222869 -6.854034
v -6.675831 7.937773 -6.854034
v -5.950562 8.035443 -6.854034
v -5.396804 8.484869 -6.854034
v -5.190371 9.143361 -6.854034
v -5.156054 9.950343 -0.915833
v -5.834684 10.501115 -0.915833
v -6.723502 10.620810 -0.915833
v -7.540313 10.271424 -0.915833
v -8.025786 9.563887 -0.915833
v -8.025786 8.722836 -0.915833
v -7.540313 8.015297 -0.915833
v -6.723503 7.665911 -0.915833
v -5.834686 7.785606 -0.915833
v -5.156054 8.336377 -0.915833
v -4.903070 9.143361 -0.915833
v -5.331766 9.841967 -0.915833
v -5.919259 10.318771 -0.915833
v -6.688709 10.422390 -0.915833
v -7.395824 10.119927 -0.915833
v -7.816098 9.507411 -0.915833
v -7.816098 8.779312 -0.915833
v -7.395824 8.166795 -0.915833
v -6.688709 7.864331 -0.915833
v -5.919259 7.967950 -0.915833
v -5.331766 8.444754 -0.915833
v -5.112758 9.143361 -0.915833
v -5.352805 9.828990 0.106950
v -5.929385 10.296937 0.106950
v -6.684543 10.398633 0.106950
v -7.378524 10.101788 0.106950
v -7.790992 9.500649 0.106950
v -7.790992 8.786074 0.106950
v -7.378524 8.184934 0.106950
v -6.684543 7.888088 0.106950
v -5.929385 7.989783 0.106950
v -5.352805 8.457730 0.106950
v -5.137864 9.143361 0.106950
v -5.525385 9.722546 0.106950
v -6.012451 10.117845 0.106950
v -6.650370 10.203751 0.106950
v -7.236610 9.952991 0.106950
v -7.585042 9.445179 0.106950
v -7.585042 8.841543 0.106950
v -7.236610 8.333730 0.106950
v -6.650370 8.082970 0.106950
v -6.012451 8.168877 0.106950
v -5.525385 8.564175 0.106950
v -5.343814 9.143361 0.106950
v -5.892141 9.496337 1.726572
v -6.188977 9.737247 1.726572
v -6.577749 9.789602 1.726572
v -6.935024 9.636779 1.726572
v -7.147371 9.327300 1.726572
v -7.147371 8.959422 1.726572
v -6.935024 8.649942 1.726572
v -6.577749 8.497120 1.726572
v -6.188977 8.549474 1.726572
v -5.892141 8.790384 1.726572
v -5.781485 9.143361 1.726572
v -4.806430 10.165984 -4.478754
v -4.485844 9.143361 -4.478754
v -4.806430 8.120736 -4.478754
v -5.666406 7.422787 -4.478754
v -6.792733 7.271108 -4.478754
v -7.827812 7.713857 -4.478754
v -8.443011 8.610463 -4.478754
v -8.443011 9.676260 -4.478754
v -7.827812 10.572865 -4.478754
v -6.792732 11.015613 -4.478754
v -5.666405 10.863934 -4.478754
v -4.853841 10.136743 -2.697293
v -4.542422 9.143361 -2.697293
v -4.853841 8.149978 -2.697293
v -5.689225 7.471987 -2.697293
v -6.783345 7.324645 -2.697293
v -7.788825 7.754733 -2.697293
v -8.386435 8.625701 -2.697293
v -8.386435 9.661021 -2.697293
v -7.788825 10.531988 -2.697293
v -6.783344 10.962077 -2.697293
v -5.689224 10.814734 -2.697293
v -5.999200 9.430306 1.726572
v -6.240506 9.626148 1.726572
v -6.556550 9.668708 1.726572
v -6.846989 9.544475 1.726572
v -7.019612 9.292890 1.726572
v -7.019612 8.993832 1.726572
v -6.846989 8.742246 1.726572
v -6.556550 8.618013 1.726572
v -6.240506 8.660574 1.726572
v -5.999200 8.856416 1.726572
v -5.909245 9.143361 1.726572
v -5.999200 9.430306 1.517976
v -6.240506 9.626148 1.517976
v -6.556550 9.668708 1.517976
v -6.846989 9.544475 1.517976
v -7.019612 9.292890 1.517976
v -7.019612 8.993832 1.517976
v -6.846989 8.742246 1.517976
v -6.556550 8.618013 1.517976
v -6.240506 8.660574 1.517976
v -5.999200 8.856416 1.517976
v -5.909245 9.143361 1.517976
v 5.396804 9.801853 -6.854034
v 5.950562 10.251278 -6.854034
v 6.675831 10.348948 -6.854034
v 7.342342 10.063852 -6.854034
v 7.738485 9.486507 -6.854034
v 7.738485 8.800216 -6.854034
v 7.342342 8.222869 -6.854034
v 6.675831 7.937773 -6.854034
v 5.950562 8.035443 -6.854034
v 5.396804 8.484869 -6.854034
v 5.190371 9.143361 -6.854034
v 5.156054 9.950343 -0.915833
v 5.834684 10.501115 -0.915833
v 6.723502 10.620810 -0.915833
v 7.540313 10.271424 -0.915833
v 8.025786 9.563887 -0.915833
v 8.025786 8.722836 -0.915833
v 7.540313 8.015297 -0.915833
v 6.723502 7.665911 -0.915833
v 5.834685 7.785606 -0.915833
v 5.156054 8.336377 -0.915833
v 4.903070 9.143361 -0.915833
v 5.331766 9.841967 -0.915833
v 5.919259 10.318771 -0.915833
v 6.688709 10.422390 -0.915833
v 7.395823 10.119927 -0.915833
v 7.816098 9.507411 -0.915833
v 7.816098 8.779312 -0.915833
v 7.395823 8.166795 -0.915833
v 6.688709 7.864331 -0.915833
v 5.919259 7.967950 -0.915833
v 5.331766 8.444754 -0.915833
v 5.112758 9.143361 -0.915833
v 5.352805 9.828990 0.106950
v 5.929386 10.296937 0.106950
v 6.684544 10.398633 0.106950
v 7.378525 10.101788 0.106950
v 7.790992 9.500649 0.106950
v 7.790992 8.786074 0.106950
v 7.378525 8.184934 0.106950
v 6.684544 7.888088 0.106950
v 5.929386 7.989783 0.106950
v 5.352805 8.457730 0.106950
v 5.137864 9.143361 0.106950
v 5.525385 9.722546 0.106950
v 6.012451 10.117845 0.106950
v 6.650370 10.203751 0.106950
v 7.236610 9.952991 0.106950
v 7.585042 9.445179 0.106950
v 7.585042 8.841543 0.106950
v 7.236610 8.333730 0.106950
v 6.650370 8.082970 0.106950
v 6.012451 8.168877 0.106950
v 5.525385 8.564175 0.106950
v 5.343815 9.143361 0.106950
v 5.892141 9.496337 1.726572
v 6.188977 9.737247 1.726572
v 6.577749 9.789602 1.726572
v 6.935025 9.636779 1.726572
v 7.147372 9.327300 1.726572
v 7.147372 8.959422 1.726572
v 6.935025 8.649942 1.726572
v 6.577749 8.497120 1.726572
v 6.188977 8.549474 1.726572
v 5.892141 8.790384 1.726572
v 5.781485 9.143361 1.726572
v 4.806430 10.165984 -4.478754
v 4.485844 9.143361 -4.478754
v 4.806430 8.120736 -4.478754
v 5.666406 7.422787 -4.478754
v 6.792733 7.271108 -4.478754
v 7.827812 7.713857 -4.478754
v 8.443012 8.610463 -4.478754
v 8.443012 9.676260 -4.478754
v 7.827812 10.572865 -4.478754
v 6.792731 11.015613 -4.478754
v 5.666404 10.863934 -4.478754
v 4.853840 10.136743 -2.697293
v 4.542422 9.143361 -2.697293
v 4.853840 8.149978 -2.697293
v 5.689226 7.471987 -2.697293
v 6.783345 7.324645 -2.697293
v 7.788825 7.754733 -2.697293
v 8.386436 8.625701 -2.697293
v 8.386436 9.661021 -2.697293
v 7.788825 10.531988 -2.697293
v 6.783343 10.962077 -2.697293
v 5.689224 10.814734 -2.697293
v 5.999200 9.430306 1.726572
v 6.240506 9.626148 1.726572
v 6.556550 9.668708 1.726572
v 6.846990 9.544475 1.726572
v 7.019612 9.292890 1.726572
v 7.019612 8.993832 1.726572
v 6.846990 8.742246 1.726572
v 6.556550 8.618013 1.726572
v 6.240506 8.660574 1.726572
v 5.999200 8.856416 1.726572
v 5.909245 9.143361 1.726572
v 5.999200 9.430306 1.517976
v 6.240506 9.626148 1.517976
v 6.556550 9.668708 1.517976
v 6.846990 9.544475 1.517976
v 7.019612 9.292890 1.517976
v 7.019612 8.993832 1.517976
v 6.846990 8.742246 1.517976
v 6.556550 8.618013 1.517976
v 6.240506 8.660574 1.517976
v 5.999200 8.856416 1.517976
v 5.909245 9.143361 1.517976
vt 0.631446 0.071775
vt 0.564909 0.014120
vt 0.477763 0.001590
vt 0.397678 0.038164
vt 0.350079 0.112229
vt 0.350079 0.200271
vt 0.397678 0.274336
vt 0.477763 0.310910
vt 0.564909 0.298380
vt 0.631446 0.240725
vt 0.656250 0.156250
vt 0.375000 0.312500
vt 0.397727 0.312500
vt 0.420455 0.312500
vt 0.443182 0.312500
vt 0.465909 0.312500
vt 0.488636 0.312500
vt 0.511364 0.312500
vt 0.534091 0.312500
vt 0.556818 0.312500
vt 0.579545 0.312500
vt 0.602273 0.312500
vt 0.625000 0.312500
vt 0.375000 0.687500
vt 0.397727 0.687500
vt 0.420455 0.687500
vt 0.443182 0.687500
vt 0.465909 0.687500
vt 0.488636 0.687500
vt 0.511364 0.687500
vt 0.534091 0.687500
vt 0.556818 0.687500
vt 0.579545 0.687500
vt 0.602273 0.687500
vt 0.625000 0.687500
vt 0.631446 0.759275
vt 0.564909 0.701620
vt 0.477763 0.689090
vt 0.397678 0.725664
vt 0.350079 0.799729
vt 0.350079 0.887771
vt 0.397678 0.961836
vt 0.477763 0.998410
vt 0.564909 0.985880
vt 0.631446 0.928225
vt 0.656250 0.843750
vt 0.631446 0.928225
vt 0.564909 0.985880
vt 0.477763 0.998410
vt 0.397678 0.961836
vt 0.350079 0.887771
vt 0.350079 0.799729
vt 0.397678 0.725664
vt 0.477763 0.689090
vt 0.564909 0.701620
vt 0.631446 0.759275
vt 0.656250 0.843750
vt 0.631446 0.928225
vt 0.564909 0.985880
vt 0.477763 0.998410
vt 0.397678 0.961836
vt 0.350079 0.887771
vt 0.350079 0.799729
vt 0.397678 0.725664
vt 0.477763 0.689090
vt 0.564909 0.701620
vt 0.631446 0.759275
vt 0.656250 0.843750
vt 0.631446 0.928225
vt 0.564909 0.985880
vt 0.477763 0.998410
vt 0.397678 0.961836
vt 0.350079 0.887771
vt 0.350079 0.799729
vt 0.397678 0.725664
vt 0.477763 0.689090
vt 0.564909 0.701620
vt 0.631446 0.759275
vt 0.656250 0.843750
vt 0.631446 0.928225
vt 0.564909 0.985880
vt 0.477763 0.998410
vt 0.397678 0.961836
vt 0.350079 0.887771
vt 0.350079 0.799729
vt 0.397678 0.725664
vt 0.477763 0.689090
vt 0.564909 0.701620
vt 0.631446 0.759275
vt 0.656250 0.843750
vt 0.625000 0.462500
vt 0.375000 0.462500
vt 0.602273 0.462500
vt 0.579545 0.462500
vt 0.556818 0.462500
vt 0.534091 0.462500
vt 0.511364 0.462500
vt 0.488636 0.462500
vt 0.465909 0.462500
vt 0.443182 0.462500
vt 0.420455 0.462500
vt 0.397727 0.462500
vt 0.625000 0.575000
vt 0.375000 0.575000
vt 0.602273 0.575000
vt 0.579545 0.575000
vt 0.556818 0.575000
vt 0.534091 0.575000
vt 0.511364 0.575000
vt 0.488636 0.575000
vt 0.465909 0.575000
vt 0.443182 0.575000
vt 0.420455 0.575000
vt 0.397727 0.575000
vt 0.631446 0.928225
vt 0.564909 0.985880
vt 0.477763 0.998410
vt 0.397678 0.961836
vt 0.350079 0.887771
vt 0.350079 0.799729
vt 0.397678 0.725664
vt 0.477763 0.689090
vt 0.564909 0.701620
vt 0.631446 0.759275
vt 0.656250 0.843750
vt 0.631446 0.928225
vt 0.564909 0.985880
vt 0.477763 0.998410
vt 0.397678 0.961836
vt 0.350079 0.887771
vt 0.350079 0.799729
vt 0.397678 0.725664
vt 0.477763 0.689090
vt 0.564909 0.701620
vt 0.631446 0.759275
vt 0.656250 0.843750
vt 0.375000 0.312500
vt 0.397727 0.312500
vt 0.397727 0.462500
vt 0.375000 0.462500
vt 0.420455 0.312500
vt 0.420455 0.462500
vt 0.443182 0.312500
vt 0.443182 0.462500
vt 0.465909 0.312500
vt 0.465909 0.462500
vt 0.488636 0.312500
vt 0.488636 0.462500
vt 0.511364 0.312500
vt 0.511364 0.462500
vt 0.534091 0.312500
vt 0.534091 0.462500
vt 0.556818 0.312500
vt 0.556818 0.462500
vt 0.579545 0.312500
vt 0.579545 0.462500
vt 0.602273 0.312500
vt 0.602273 0.462500
vt 0.625000 0.312500
vt 0.625000 0.462500
vt 0.631446 0.071775
vt 0.656250 0.156250
vt 0.631446 0.240725
vt 0.564909 0.298380
vt 0.477763 0.310910
vt 0.397678 0.274336
vt 0.350079 0.200271
vt 0.350079 0.112229
vt 0.397678 0.038164
vt 0.477763 0.001590
vt 0.564909 0.014120
vt 0.631446 0.928225
vt 0.564909 0.985880
vt 0.477763 0.998410
vt 0.397678 0.961836
vt 0.350079 0.887771
vt 0.350079 0.799729
vt 0.397678 0.725664
vt 0.477763 0.689090
vt 0.564909 0.701620
vt 0.631446 0.759275
vt 0.656250 0.843750
vt 0.631446 0.928225
vt 0.564909 0.985880
vt 0.564909 0.985880
vt 0.631446 0.928225
vt 0.477763 0.998410
vt 0.477763 0.998410
vt 0.397678 0.961836
vt 0.397678 0.961836
vt 0.350079 0.887771
vt 0.350079 0.887771
vt 0.350079 0.799729
vt 0.350079 0.799729
vt 0.397678 0.725664
vt 0.397678 0.725664
vt 0.477763 0.689090
vt 0.477763 0.689090
vt 0.564909 0.701620
vt 0.564909 0.701620
vt 0.631446 0.759275
vt 0.631446 0.759275
vt 0.656250 0.843750
vt 0.656250 0.843750
vt 0.564909 0.985880
vt 0.631446 0.928225
vt 0.477763 0.998410
vt 0.397678 0.961836
vt 0.350079 0.887771
vt 0.350079 0.799729
vt 0.397678 0.725664
vt 0.477763 0.689090
vt 0.564909 0.701620
vt 0.631446 0.759275
vt 0.656250 0.843750
vt 0.564909 0.985880
vt 0.631446 0.928225
vt 0.477763 0.998410
vt 0.397678 0.961836
vt 0.350079 0.887771
vt 0.350079 0.799729
vt 0.397678 0.725664
vt 0.477763 0.689090
vt 0.564909 0.701620
vt 0.631446 0.759275
vt 0.656250 0.843750
vt 0.564909 0.985880
vt 0.631446 0.928225
vt 0.477763 0.998410
vt 0.397678 0.961836
vt 0.350079 0.887771
vt 0.350079 0.799729
vt 0.397678 0.725664
vt 0.477763 0.689090
vt 0.564909 0.701620
vt 0.631446 0.759275
vt 0.656250 0.843750
vt 0.625000 0.575000
vt 0.602273 0.575000
vt 0.579545 0.575000
vt 0.556818 0.575000
vt 0.534091 0.575000
vt 0.511364 0.575000
vt 0.488636 0.575000
vt 0.465909 0.575000
vt 0.443182 0.575000
vt 0.420455 0.575000
vt 0.397727 0.575000
vt 0.375000 0.575000
vt 0.625000 0.687500
vt 0.602273 0.687500
vt 0.579545 0.687500
vt 0.556818 0.687500
vt 0.534091 0.687500
vt 0.511364 0.687500
vt 0.488636 0.687500
vt 0.465909 0.687500
vt 0.443182 0.687500
vt 0.420455 0.687500
vt 0.397727 0.687500
vt 0.375000 0.687500
vt 0.564909 0.985880
vt 0.631446 0.928225
vt 0.477763 0.998410
vt 0.397678 0.961836
vt 0.350079 0.887771
vt 0.350079 0.799729
vt 0.397678 0.725664
vt 0.477763 0.689090
vt 0.564909 0.701620
vt 0.631446 0.759275
vt 0.656250 0.843750
vn 0.607509 0.748539 -0.265747
vn 0.607509 0.748539 -0.265747
vn 0.625320 0.770485 -0.123810
vn 0.625267 0.770420 -0.124476
vn 0.128797 0.956409 -0.262094
vn 0.128797 0.956409 -0.262094
vn 0.132467 0.983660 -0.121923
vn 0.132453 0.983555 -0.122781
vn -0.378964 0.885963 -0.267312
vn -0.378964 0.885963 -0.267312
vn -0.390213 0.912261 -0.124549
vn -0.390174 0.912169 -0.125351
vn -0.791984 0.543414 -0.278320
vn -0.791984 0.543414 -0.278320
vn -0.817546 0.560954 -0.130192
vn -0.817492 0.560917 -0.130688
vn -0.958717 0.000000 -0.284363
vn -0.958717 0.000000 -0.284363
vn -0.991053 0.000000 -0.133470
vn -0.991053 0.000000 -0.133470
vn -0.791985 -0.543414 -0.278320
vn -0.791985 -0.543414 -0.278320
vn -0.817492 -0.560916 -0.130688
vn -0.817546 -0.560953 -0.130192
vn -0.378965 -0.885963 -0.267312
vn -0.378965 -0.885963 -0.267312
vn -0.390175 -0.912168 -0.125351
vn -0.390214 -0.912261 -0.124549
vn 0.128797 -0.956409 -0.262094
vn 0.128797 -0.956409 -0.262094
vn 0.132453 -0.983555 -0.122781
vn 0.132467 -0.983660 -0.121923
vn 0.607509 -0.748539 -0.265747
vn 0.607509 -0.748540 -0.265747
vn 0.625267 -0.770420 -0.124476
vn 0.625319 -0.770485 -0.123810
vn 0.918145 -0.287833 -0.272329
vn 0.918145 -0.287832 -0.272329
vn 0.946419 -0.296696 -0.127525
vn 0.946450 -0.296706 -0.127270
vn 0.918145 0.287833 -0.272329
vn 0.918145 0.287833 -0.272329
vn 0.946450 0.296706 -0.127270
vn 0.946419 0.296696 -0.127525
vn 0.000000 -0.000001 -1.000000
vn 0.000000 -0.000000 -1.000000
vn 0.000000 -0.000000 -1.000000
vn 0.000000 -0.000000 -1.000000
vn 0.000000 -0.000000 -1.000000
vn 0.000000 -0.000000 -1.000000
vn 0.000000 -0.000000 -1.000000
vn 0.000000 -0.000000 -1.000000
vn 0.000000 -0.000000 -1.000000
vn 0.000000 -0.000000 -1.000000
vn 0.000000 -0.000000 -1.000000
vn 0.000000 -0.000003 1.000000
vn 0.000000 -0.000000 1.000000
vn 0.000000 -0.000001 1.000000
vn 0.000000 0.000000 1.000000
vn 0.000000 0.000000 1.000000
vn 0.000000 0.000000 1.000000
vn 0.000000 -0.000002 1.000000
vn 0.000000 -0.000003 1.000000
vn 0.000000 0.000000 1.000000
vn 0.000000 0.000000 1.000000
vn 0.000000 0.000006 1.000000
vn 0.000000 0.000000 1.000000
vn 0.000000 0.000000 1.000000
vn 0.000000 0.000000 1.000000
vn 0.000000 0.000000 1.000000
vn 0.000000 0.000000 1.000000
vn 0.000000 0.000000 1.000000
vn 0.000000 0.000000 1.000000
vn 0.000000 0.000000 1.000000
vn 0.000000 0.000000 1.000000
vn 0.000000 0.000000 1.000000
vn 0.000000 0.000000 1.000000
vn 0.000000 0.000000 1.000000
vn 0.000000 0.000000 1.000000
vn 0.000000 0.000000 1.000000
vn 0.000000 0.000000 1.000000
vn 0.000000 0.000000 1.000000
vn 0.000000 0.000000 1.000000
vn 0.000000 0.000000 1.000000
vn 0.000000 0.000000 1.000000
vn 0.000000 0.000000 1.000000
vn 0.000000 0.000000 1.000000
vn 0.000000 0.000000 1.000000
vn 0.000000 0.000000 1.000000
vn 0.000000 0.000000 1.000000
vn 0.000000 0.000000 1.000000
vn 0.000000 0.000000 1.000000
vn 0.000000 0.000000 1.000000
vn 0.000000 0.000000 1.000000
vn 0.000000 0.000000 1.000000
vn 0.000000 0.000000 1.000000
vn 0.000000 0.000000 1.000000
vn 0.000000 0.000000 1.000000
vn 0.000000 0.000000 1.000000
vn 0.000000 0.000000 1.000000
vn 0.000000 0.000000 1.000000
vn 0.000000 0.000000 1.000000
vn 0.000000 0.000000 1.000000
vn 0.000000 0.000000 1.000000
vn 0.000000 0.000000 1.000000
vn 0.000000 0.000000 1.000000
vn 0.000000 0.000000 1.000000
vn 0.000000 0.000000 1.000000
vn 0.000000 0.000000 1.000000
vn 0.000000 0.000000 1.000000
vn 0.630003 0.776257 0.022808
vn 0.630003 0.776257 0.022808
vn 0.630003 0.776257 0.022808
vn 0.630003 0.776257 0.022808
vn 0.133429 0.990804 0.022471
vn 0.133429 0.990804 0.022471
vn 0.133429 0.990804 0.022471
vn 0.133429 0.990804 0.022471
vn -0.393172 0.919179 0.022952
vn -0.393172 0.919179 0.022952
vn -0.393172 0.919179 0.022952
vn -0.393172 0.919179 0.022952
vn -0.824327 0.565606 0.023974
vn -0.824327 0.565606 0.023974
vn -0.824327 0.565606 0.023974
vn -0.824327 0.565606 0.023974
vn -0.999699 0.000000 0.024539
vn -0.999699 0.000000 0.024539
vn -0.999699 0.000000 0.024539
vn -0.999699 0.000000 0.024539
vn -0.824327 -0.565606 0.023974
vn -0.824327 -0.565606 0.023974
vn -0.824327 -0.565606 0.023974
vn -0.824327 -0.565606 0.023974
vn -0.393173 -0.919178 0.022952
vn -0.393173 -0.919178 0.022952
vn -0.393173 -0.919178 0.022952
vn -0.393173 -0.919178 0.022952
vn 0.133428 -0.990804 0.022471
vn 0.133428 -0.990804 0.022471
vn 0.133428 -0.990804 0.022471
vn 0.133428 -0.990804 0.022471
vn 0.630003 -0.776257 0.022808
vn 0.630003 -0.776257 0.022808
vn 0.630003 -0.776257 0.022808
vn 0.630003 -0.776257 0.022808
vn 0.953948 -0.299056 0.023417
vn 0.953948 -0.299056 0.023417
vn 0.953948 -0.299056 0.023417
vn 0.953948 -0.299056 0.023417
vn 0.953948 0.299057 0.023417
vn 0.953948 0.299057 0.023417
vn 0.953948 0.299057 0.023417
vn 0.953948 0.299057 0.023417
vn 0.000000 0.000001 1.000000
vn 0.000000 0.000001 1.000000
vn 0.000000 0.000001 1.000000
vn 0.000000 0.000001 1.000000
vn 0.000000 -0.000000 1.000000
vn 0.000000 -0.000000 1.000000
vn 0.000000 -0.000000 1.000000
vn 0.000000 -0.000000 1.000000
vn 0.000000 0.000000 1.000000
vn 0.000000 0.000000 1.000000
vn 0.000000 0.000000 1.000000
vn 0.000000 0.000000 1.000000
vn 0.000000 0.000000 1.000000
vn 0.000000 0.000000 1.000000
vn 0.000000 0.000000 1.000000
vn 0.000000 0.000000 1.000000
vn 0.000000 0.000000 1.000000
vn 0.000000 0.000000 1.000000
vn 0.000000 0.000000 1.000000
vn 0.000000 0.000000 1.000000
vn 0.000000 0.000000 1.000000
vn 0.000000 0.000000 1.000000
vn 0.000000 0.000000 1.000000
vn 0.000000 0.000000 1.000000
vn 0.000000 0.000000 1.000000
vn 0.000000 0.000000 1.000000
vn 0.000000 0.000000 1.000000
vn 0.000000 0.000000 1.000000
vn 0.000000 0.000000 1.000000
vn 0.000000 0.000000 1.000000
vn 0.000000 0.000000 1.000000
vn 0.000000 0.000000 1.000000
vn 0.000000 -0.000000 1.000000
vn 0.000000 -0.000000 1.000000
vn 0.000000 -0.000000 1.000000
vn 0.000000 -0.000000 1.000000
vn 0.000000 0.000000 1.000000
vn 0.000000 0.000000 1.000000
vn 0.000000 0.000000 1.000000
vn 0.000000 0.000000 1.000000
vn 0.000000 0.000000 1.000000
vn 0.000000 0.000000 1.000000
vn 0.000000 0.000000 1.000000
vn 0.000000 0.000000 1.000000
vn 0.611187 0.753073 0.243580
vn 0.611187 0.753073 0.243581
vn 0.611187 0.753073 0.243580
vn 0.611187 0.753073 0.243581
vn 0.129556 0.962041 0.240192
vn 0.129556 0.962041 0.240192
vn 0.129556 0.962041 0.240192
vn 0.129556 0.962041 0.240192
vn -0.381287 0.891392 0.245032
vn -0.381287 0.891392 0.245032
vn -0.381287 0.891392 0.245032
vn -0.381287 0.891392 0.245032
vn -0.797249 0.547027 0.255254
vn -0.797249 0.547027 0.255254
vn -0.797249 0.547027 0.255254
vn -0.797249 0.547027 0.255254
vn -0.965373 0.000000 0.260873
vn -0.965373 0.000000 0.260873
vn -0.965373 0.000000 0.260873
vn -0.965373 0.000000 0.260873
vn -0.797249 -0.547027 0.255254
vn -0.797249 -0.547027 0.255254
vn -0.797250 -0.547027 0.255254
vn -0.797249 -0.547027 0.255254
vn -0.381287 -0.891392 0.245032
vn -0.381287 -0.891392 0.245032
vn -0.381287 -0.891392 0.245032
vn -0.381287 -0.891392 0.245032
vn 0.129555 -0.962041 0.240192
vn 0.129555 -0.962041 0.240192
vn 0.129555 -0.962041 0.240192
vn 0.129555 -0.962041 0.240192
vn 0.611187 -0.753073 0.243581
vn 0.611187 -0.753073 0.243581
vn 0.611187 -0.753073 0.243581
vn 0.611187 -0.753073 0.243581
vn 0.923986 -0.289663 0.249689
vn 0.923986 -0.289663 0.249689
vn 0.923986 -0.289663 0.249689
vn 0.923986 -0.289663 0.249689
vn 0.923986 0.289664 0.249689
vn 0.923986 0.289664 0.249689
vn 0.923986 0.289664 0.249689
vn 0.923986 0.289664 0.249689
vn 0.949086 0.297532 0.103495
vn 0.949073 0.297529 0.103617
vn 0.949073 -0.297528 0.103617
vn 0.949086 -0.297532 0.103495
vn 0.626942 -0.772485 0.101050
vn 0.626962 -0.772510 0.100730
vn 0.132798 -0.986124 0.099625
vn 0.132804 -0.986164 0.099211
vn -0.391237 -0.914651 0.101723
vn -0.391252 -0.914687 0.101336
vn -0.819907 -0.562574 0.106127
vn -0.819928 -0.562588 0.105887
vn -0.994098 0.000000 0.108481
vn -0.994099 0.000000 0.108481
vn -0.819928 0.562589 0.105887
vn -0.819907 0.562574 0.106127
vn -0.391251 0.914688 0.101336
vn -0.391236 0.914651 0.101723
vn 0.132804 0.986164 0.099211
vn 0.132798 0.986124 0.099625
vn 0.626963 0.772509 0.100730
vn 0.626943 0.772484 0.101050
vn 0.936889 0.293709 0.189669
vn 0.936889 0.293709 0.189669
vn 0.936889 -0.293709 0.189669
vn 0.936889 -0.293709 0.189669
vn 0.619301 -0.763071 0.184903
vn 0.619301 -0.763071 0.184903
vn 0.131227 -0.974453 0.182264
vn 0.131227 -0.974453 0.182264
vn -0.386411 -0.903370 0.186035
vn -0.386411 -0.903370 0.186035
vn -0.808895 -0.555018 0.194020
vn -0.808895 -0.555018 0.194020
vn -0.980117 0.000000 0.198421
vn -0.980117 0.000000 0.198421
vn -0.808895 0.555019 0.194020
vn -0.808895 0.555019 0.194020
vn -0.386411 0.903370 0.186035
vn -0.386411 0.903370 0.186035
vn 0.131227 0.974453 0.182264
vn 0.131227 0.974453 0.182264
vn 0.619302 0.763070 0.184903
vn 0.619302 0.763070 0.184903
vn 0.000000 0.000003 1.000000
vn 0.000000 0.000003 1.000000
vn 0.000000 0.000003 1.000000
vn 0.000000 0.000003 1.000000
vn 0.000000 0.000000 1.000000
vn 0.000000 0.000000 1.000000
vn 0.000000 0.000000 1.000000
vn 0.000000 0.000000 1.000000
vn 0.000000 0.000001 1.000000
vn 0.000000 0.000001 1.000000
vn 0.000000 0.000001 1.000000
vn 0.000000 0.000001 1.000000
vn 0.000000 0.000000 1.000000
vn 0.000000 0.000000 1.000000
vn 0.000000 0.000000 1.000000
vn 0.000000 0.000000 1.000000
vn 0.000000 0.000000 1.000000
vn 0.000000 0.000000 1.000000
vn 0.000000 0.000000 1.000000
vn 0.000000 0.000000 1.000000
vn 0.000000 -0.000002 1.000000
vn 0.000000 -0.000002 1.000000
vn 0.000000 -0.000002 1.000000
vn 0.000000 -0.000002 1.000000
vn 0.000000 0.000000 1.000000
vn 0.000000 0.000000 1.000000
vn 0.000000 0.000000 1.000000
vn 0.000000 0.000000 1.000000
vn 0.000000 0.000001 1.000000
vn 0.000000 0.000001 1.000000
vn 0.000000 0.000001 1.000000
vn 0.000000 0.000001 1.000000
vn 0.000000 -0.000003 1.000000
vn 0.000000 -0.000003 1.000000
vn 0.000000 -0.000003 1.000000
vn 0.000000 -0.000003 1.000000
vn 0.000000 0.000001 1.000000
vn 0.000000 0.000001 1.000000
vn 0.000000 0.000001 1.000000
vn 0.000000 0.000001 1.000000
vn 0.000000 0.000000 1.000000
vn 0.000000 0.000000 1.000000
vn 0.000000 0.000000 1.000000
vn 0.000000 0.000000 1.000000
vn -0.630167 -0.776459 0.000000
vn -0.630167 -0.776459 0.000000
vn -0.630167 -0.776459 0.000000
vn -0.630167 -0.776459 0.000000
vn -0.133462 -0.991054 0.000000
vn -0.133462 -0.991054 0.000000
vn -0.133462 -0.991054 0.000000
vn -0.133462 -0.991054 0.000000
vn 0.393277 -0.919420 0.000000
vn 0.393277 -0.919420 0.000000
vn 0.393277 -0.919420 0.000000
vn 0.393277 -0.919420 0.000000
vn 0.824564 -0.565768 0.000000
vn 0.824564 -0.565768 0.000000
vn 0.824564 -0.565768 0.000000
vn 0.824564 -0.565768 0.000000
vn 1.000000 0.000000 0.000000
vn 1.000000 0.000000 0.000000
vn 1.000000 0.000000 0.000000
vn 1.000000 0.000000 0.000000
vn 0.824565 0.565768 0.000000
vn 0.824565 0.565768 0.000000
vn 0.824565 0.565768 0.000000
vn 0.824565 0.565768 0.000000
vn 0.393276 0.919421 0.000000
vn 0.393276 0.919421 0.000000
vn 0.393276 0.919421 0.000000
vn 0.393276 0.919421 0.000000
vn -0.133462 0.991054 0.000000
vn -0.133462 0.991054 0.000000
vn -0.133462 0.991054 0.000000
vn -0.133462 0.991054 0.000000
vn -0.630167 0.776460 0.000000
vn -0.630167 0.776460 0.000000
vn -0.630167 0.776460 0.000000
vn -0.630167 0.776460 0.000000
vn -0.954210 0.299138 0.000000
vn -0.954210 0.299138 0.000000
vn -0.954210 0.299138 0.000000
vn -0.954210 0.299138 0.000000
vn -0.954210 -0.299138 0.000000
vn -0.954210 -0.299138 0.000000
vn -0.954210 -0.299138 0.000000
vn -0.954210 -0.299138 0.000000
vn -0.607509 0.748539 -0.265747
vn -0.625267 0.770420 -0.124476
vn -0.625320 0.770484 -0.123810
vn -0.607509 0.748539 -0.265747
vn -0.128797 0.956409 -0.262094
vn -0.132453 0.983555 -0.122781
vn -0.132467 0.983660 -0.121923
vn -0.128797 0.956409 -0.262094
vn 0.378964 0.885963 -0.267312
vn 0.390174 0.912169 -0.125351
vn 0.390213 0.912261 -0.124549
vn 0.378964 0.885963 -0.267312
vn 0.791984 0.543415 -0.278321
vn 0.817492 0.560917 -0.130688
vn 0.817546 0.560954 -0.130192
vn 0.791984 0.543415 -0.278321
vn 0.958717 -0.000000 -0.284363
vn 0.991053 -0.000000 -0.133470
vn 0.991053 -0.000000 -0.133470
vn 0.958717 -0.000000 -0.284363
vn 0.791984 -0.543414 -0.278321
vn 0.817546 -0.560953 -0.130192
vn 0.817492 -0.560917 -0.130688
vn 0.791984 -0.543414 -0.278321
vn 0.378965 -0.885963 -0.267312
vn 0.390214 -0.912261 -0.124549
vn 0.390175 -0.912168 -0.125351
vn 0.378965 -0.885963 -0.267312
vn -0.128797 -0.956409 -0.262094
vn -0.132467 -0.983660 -0.121923
vn -0.132453 -0.983555 -0.122781
vn -0.128797 -0.956409 -0.262094
vn -0.607509 -0.748539 -0.265747
vn -0.625319 -0.770485 -0.123810
vn -0.625267 -0.770420 -0.124476
vn -0.607509 -0.748540 -0.265747
vn -0.918145 -0.287833 -0.272329
vn -0.946450 -0.296706 -0.127271
vn -0.946419 -0.296696 -0.127526
vn -0.918145 -0.287833 -0.272329
vn -0.918145 0.287833 -0.272329
vn -0.946419 0.296696 -0.127525
vn -0.946450 0.296706 -0.127270
vn -0.918145 0.287833 -0.272329
vn 0.000000 -0.000001 -1.000000
vn 0.000000 -0.000000 -1.000000
vn 0.000000 -0.000000 -1.000000
vn 0.000000 0.000000 -1.000000
vn 0.000000 -0.000000 -1.000000
vn 0.000000 -0.000000 -1.000000
vn 0.000000 0.000000 -1.000000
vn 0.000000 0.000000 -1.000000
vn 0.000000 -0.000001 -1.000000
vn 0.000000 -0.000000 -1.000000
vn 0.000000 -0.000000 -1.000000
vn 0.000000 0.000000 1.000000
vn 0.000000 0.000000 1.000000
vn 0.000000 -0.000000 1.000000
vn 0.000000 0.000000 1.000000
vn 0.000000 0.000000 1.000000
vn 0.000000 0.000001 1.000000
vn 0.000000 -0.000000 1.000000
vn 0.000000 -0.000001 1.000000
vn 0.000000 0.000000 1.000000
vn 0.000000 -0.000001 1.000000
vn 0.000000 -0.000011 1.000000
vn 0.000000 0.000000 1.000000
vn 0.000000 0.000000 1.000000
vn 0.000000 0.000000 1.000000
vn 0.000000 0.000000 1.000000
vn 0.000000 0.000000 1.000000
vn 0.000000 0.000000 1.000000
vn 0.000000 0.000000 1.000000
vn 0.000000 0.000000 1.000000
vn 0.000000 0.000000 1.000000
vn 0.000000 0.000000 1.000000
vn 0.000000 0.000000 1.000000
vn 0.000000 0.000000 1.000000
vn 0.000000 0.000000 1.000000
vn 0.000000 0.000000 1.000000
vn 0.000000 0.000000 1.000000
vn 0.000000 0.000000 1.000000
vn 0.000000 0.000000 1.000000
vn 0.000000 0.000000 1.000000
vn 0.000000 0.000000 1.000000
vn 0.000000 0.000000 1.000000
vn 0.000000 0.000000 1.000000
vn 0.000000 0.000000 1.000000
vn 0.000000 0.000000 1.000000
vn 0.000000 0.000000 1.000000
vn 0.000000 0.000000 1.000000
vn 0.000000 0.000000 1.000000
vn 0.000000 0.000000 1.000000
vn 0.000000 0.000000 1.000000
vn 0.000000 0.000000 1.000000
vn 0.000000 0.000000 1.000000
vn 0.000000 0.000000 1.000000
vn 0.000000 0.000000 1.000000
vn 0.000000 0.000000 1.000000
vn 0.000000 0.000000 1.000000
vn 0.000000 0.000000 1.000000
vn 0.000000 0.000000 1.000000
vn 0.000000 0.000000 1.000000
vn 0.000000 0.000000 1.000000
vn 0.000000 0.000000 1.000000
vn 0.000000 0.000000 1.000000
vn 0.000000 0.000000 1.000000
vn 0.000000 0.000000 1.000000
vn 0.000000 0.000000 1.000000
vn 0.000000 0.000000 1.000000
vn -0.630003 0.776258 0.022808
vn -0.630003 0.776258 0.022808
vn -0.630003 0.776258 0.022808
vn -0.630003 0.776258 0.022808
vn -0.133429 0.990804 0.022471
vn -0.133429 0.990804 0.022471
vn -0.133429 0.990804 0.022471
vn -0.133429 0.990804 0.022471
vn 0.393172 0.919179 0.022952
vn 0.393172 0.919179 0.022952
vn 0.393172 0.919179 0.022952
vn 0.393172 0.919179 0.022952
vn 0.824327 0.565607 0.023974
vn 0.824327 0.565607 0.023974
vn 0.824327 0.565607 0.023974
vn 0.824327 0.565607 0.023974
vn 0.999699 0.000000 0.024539
vn 0.999699 0.000000 0.024539
vn 0.999699 0.000000 0.024539
vn 0.999699 0.000000 0.024539
vn 0.824327 -0.565606 0.023974
vn 0.824327 -0.565606 0.023974
vn 0.824327 -0.565606 0.023974
vn 0.824327 -0.565606 0.023974
vn 0.393172 -0.919178 0.022952
vn 0.393173 -0.919178 0.022952
vn 0.393172 -0.919178 0.022952
vn 0.393173 -0.919178 0.022952
vn -0.133429 -0.990804 0.022471
vn -0.133429 -0.990804 0.022471
vn -0.133429 -0.990804 0.022471
vn -0.133429 -0.990804 0.022471
vn -0.630003 -0.776258 0.022809
vn -0.630003 -0.776258 0.022809
vn -0.630003 -0.776258 0.022809
vn -0.630003 -0.776258 0.022809
vn -0.953948 -0.299056 0.023416
vn -0.953948 -0.299056 0.023416
vn -0.953948 -0.299056 0.023416
vn -0.953948 -0.299056 0.023416
vn -0.953948 0.299056 0.023416
vn -0.953948 0.299056 0.023416
vn -0.953948 0.299056 0.023416
vn -0.953948 0.299056 0.023416
vn 0.000000 -0.000001 1.000000
vn 0.000000 -0.000001 1.000000
vn 0.000000 -0.000001 1.000000
vn 0.000000 -0.000001 1.000000
vn 0.000000 0.000002 1.000000
vn 0.000000 0.000002 1.000000
vn 0.000000 0.000002 1.000000
vn 0.000000 0.000002 1.000000
vn 0.000000 0.000002 1.000000
vn 0.000000 0.000002 1.000000
vn 0.000000 0.000002 1.000000
vn 0.000000 0.000002 1.000000
vn 0.000000 0.000000 1.000000
vn 0.000000 0.000000 1.000000
vn 0.000000 0.000000 1.000000
vn 0.000000 0.000000 1.000000
vn 0.000000 0.000000 1.000000
vn 0.000000 0.000000 1.000000
vn 0.000000 0.000000 1.000000
vn 0.000000 0.000000 1.000000
vn 0.000000 0.000000 1.000000
vn 0.000000 0.000000 1.000000
vn 0.000000 0.000000 1.000000
vn 0.000000 0.000000 1.000000
vn 0.000000 0.000000 1.000000
vn 0.000000 0.000000 1.000000
vn 0.000000 0.000000 1.000000
vn 0.000000 0.000000 1.000000
vn 0.000000 -0.000002 1.000000
vn 0.000000 -0.000002 1.000000
vn 0.000000 -0.000002 1.000000
vn 0.000000 -0.000002 1.000000
vn 0.000000 0.000001 1.000000
vn 0.000000 0.000001 1.000000
vn 0.000000 0.000001 1.000000
vn 0.000000 0.000001 1.000000
vn 0.000000 0.000000 1.000000
vn 0.000000 0.000000 1.000000
vn 0.000000 0.000000 1.000000
vn 0.000000 0.000000 1.000000
vn 0.000000 -0.000001 1.000000
vn 0.000000 -0.000001 1.000000
vn 0.000000 -0.000001 1.000000
vn 0.000000 -0.000001 1.000000
vn -0.611188 0.753072 0.243581
vn -0.611188 0.753072 0.243581
vn -0.611188 0.753072 0.243581
vn -0.611188 0.753072 0.243581
vn -0.129556 0.962041 0.240192
vn -0.129556 0.962041 0.240192
vn -0.129556 0.962041 0.240192
vn -0.129556 0.962041 0.240192
vn 0.381287 0.891392 0.245033
vn 0.381287 0.891392 0.245033
vn 0.381287 0.891392 0.245033
vn 0.381287 0.891392 0.245033
vn 0.797250 0.547027 0.255254
vn 0.797250 0.547027 0.255254
vn 0.797250 0.547027 0.255254
vn 0.797250 0.547027 0.255254
vn 0.965373 0.000000 0.260873
vn 0.965373 0.000000 0.260873
vn 0.965373 0.000000 0.260873
vn 0.965373 0.000000 0.260873
vn 0.797250 -0.547026 0.255254
vn 0.797250 -0.547027 0.255254
vn 0.797250 -0.547026 0.255254
vn 0.797250 -0.547026 0.255254
vn 0.381287 -0.891392 0.245033
vn 0.381287 -0.891392 0.245033
vn 0.381287 -0.891392 0.245033
vn 0.381287 -0.891392 0.245033
vn -0.129555 -0.962041 0.240192
vn -0.129555 -0.962041 0.240192
vn -0.129555 -0.962041 0.240192
vn -0.129555 -0.962041 0.240192
vn -0.611187 -0.753073 0.243581
vn -0.611187 -0.753073 0.243581
vn -0.611187 -0.753073 0.243581
vn -0.611187 -0.753073 0.243581
vn -0.923986 -0.289663 0.249688
vn -0.923986 -0.289663 0.249688
vn -0.923986 -0.289663 0.249688
vn -0.923986 -0.289663 0.249688
vn -0.923986 0.289664 0.249689
vn -0.923986 0.289664 0.249689
vn -0.923986 0.289664 0.249689
vn -0.923986 0.289664 0.249689
vn -0.949073 0.297528 0.103618
vn -0.949086 0.297532 0.103495
vn -0.949086 -0.297532 0.103494
vn -0.949074 -0.297528 0.103617
vn -0.626962 -0.772510 0.100730
vn -0.626942 -0.772485 0.101050
vn -0.132804 -0.986164 0.099211
vn -0.132798 -0.986123 0.099625
vn 0.391252 -0.914687 0.101336
vn 0.391237 -0.914651 0.101723
vn 0.819928 -0.562589 0.105888
vn 0.819907 -0.562574 0.106128
vn 0.994099 0.000000 0.108481
vn 0.994098 0.000000 0.108481
vn 0.819907 0.562575 0.106127
vn 0.819928 0.562589 0.105887
vn 0.391236 0.914651 0.101723
vn 0.391251 0.914688 0.101336
vn -0.132798 0.986124 0.099625
vn -0.132804 0.986164 0.099211
vn -0.626943 0.772484 0.101050
vn -0.626963 0.772509 0.100730
vn -0.936889 0.293709 0.189669
vn -0.936889 0.293709 0.189669
vn -0.936889 -0.293708 0.189669
vn -0.936889 -0.293708 0.189669
vn -0.619301 -0.763071 0.184903
vn -0.619301 -0.763071 0.184903
vn -0.131227 -0.974453 0.182264
vn -0.131227 -0.974453 0.182264
vn 0.386411 -0.903370 0.186035
vn 0.386411 -0.903370 0.186035
vn 0.808895 -0.555019 0.194020
vn 0.808895 -0.555019 0.194020
vn 0.980117 0.000000 0.198421
vn 0.980117 0.000000 0.198421
vn 0.808894 0.555019 0.194020
vn 0.808894 0.555019 0.194020
vn 0.386411 0.903370 0.186035
vn 0.386411 0.903370 0.186035
vn -0.131227 0.974453 0.182264
vn -0.131227 0.974453 0.182264
vn -0.619302 0.763070 0.184903
vn -0.619302 0.763070 0.184903
vn 0.000000 0.000000 1.000000
vn 0.000000 0.000000 1.000000
vn 0.000000 0.000000 1.000000
vn 0.000000 0.000000 1.000000
vn 0.000000 0.000000 1.000000
vn 0.000000 0.000000 1.000000
vn 0.000000 0.000000 1.000000
vn 0.000000 0.000000 1.000000
vn 0.000000 0.000000 1.000000
vn 0.000000 0.000000 1.000000
vn 0.000000 0.000000 1.000000
vn 0.000000 0.000000 1.000000
vn 0.000000 0.000000 1.000000
vn 0.000000 0.000000 1.000000
vn 0.000000 0.000000 1.000000
vn 0.000000 0.000000 1.000000
vn 0.000000 0.000000 1.000000
vn 0.000000 0.000000 1.000000
vn 0.000000 0.000000 1.000000
vn 0.000000 0.000000 1.000000
vn 0.000000 0.000002 1.000000
vn 0.000000 0.000002 1.000000
vn 0.000000 0.000002 1.000000
vn 0.000000 0.000002 1.000000
vn 0.000000 0.000000 1.000000
vn 0.000000 0.000000 1.000000
vn 0.000000 0.000000 1.000000
vn 0.000000 0.000000 1.000000
vn 0.000000 0.000000 1.000000
vn 0.000000 0.000000 1.000000
vn 0.000000 0.000000 1.000000
vn 0.000000 0.000000 1.000000
vn 0.000000 0.000000 1.000000
vn 0.000000 0.000000 1.000000
vn 0.000000 0.000000 1.000000
vn 0.000000 0.000000 1.000000
vn 0.000000 0.000002 1.000000
vn 0.000000 0.000002 1.000000
vn 0.000000 0.000002 1.000000
vn 0.000000 0.000002 1.000000
vn 0.000000 -0.000002 1.000000
vn 0.000000 -0.000002 1.000000
vn 0.000000 -0.000002 1.000000
vn 0.000000 -0.000002 1.000000
vn 0.630170 -0.776458 0.000000
vn 0.630170 -0.776458 0.000000
vn 0.630170 -0.776458 0.000000
vn 0.630170 -0.776458 0.000000
vn 0.133462 -0.991054 0.000000
vn 0.133462 -0.991054 0.000000
vn 0.133462 -0.991054 0.000000
vn 0.133462 -0.991054 0.000000
vn -0.393277 -0.919420 0.000000
vn -0.393277 -0.919420 0.000000
vn -0.393277 -0.919420 0.000000
vn -0.393277 -0.919420 0.000000
vn -0.824565 -0.565767 0.000000
vn -0.824565 -0.565767 0.000000
vn -0.824565 -0.565767 0.000000
vn -0.824565 -0.565767 0.000000
vn -1.000000 0.000000 0.000000
vn -1.000000 0.000000 0.000000
vn -1.000000 0.000000 0.000000
vn -1.000000 0.000000 0.000000
vn -0.824566 0.565766 0.000000
vn -0.824566 0.565766 0.000000
vn -0.824566 0.565766 0.000000
vn -0.824566 0.565766 0.000000
vn -0.393276 0.919421 0.000000
vn -0.393276 0.919421 0.000000
vn -0.393276 0.919421 0.000000
vn -0.393276 0.919421 0.000000
vn 0.133462 0.991054 0.000000
vn 0.133462 0.991054 0.000000
vn 0.133462 0.991054 0.000000
vn 0.133462 0.991054 0.000000
vn 0.630169 0.776458 0.000000
vn 0.630169 0.776458 0.000000
vn 0.630169 0.776458 0.000000
vn 0.630169 0.776458 0.000000
vn 0.954210 0.299139 0.000000
vn 0.954210 0.299139 0.000000
vn 0.954210 0.299139 0.000000
vn 0.954210 0.299139 0.000000
vn 0.954210 -0.299139 0.000000
vn 0.954210 -0.299139 0.000000
vn 0.954210 -0.299139 0.000000
vn 0.954210 -0.299139 0.000000
s 1
g group1 pCylinder1
usemtl lambert1SG
f 245/312/889 246/313/890 321/402/891 311/392/892
s 2
f 246/313/893 247/314/894 320/401/895 321/402/896
s 3
f 247/314/897 248/315/898 319/400/899 320/401/900
s 4
f 248/315/901 249/316/902 318/399/903 319/400/904
s 5
f 249/316/905 250/317/906 317/398/907 318/399/908
s 6
f 250/317/909 251/318/910 316/397/911 317/398/912
s 7
f 251/318/913 252/319/914 315/396/915 316/397/916
s 8
f 252/319/917 253/320/918 314/395/919 315/396/920
s 9
f 253/320/921 254/321/922 313/394/923 314/395/924
s 10
f 254/321/925 255/322/926 312/393/927 313/394/928
s 11
f 255/322/929 245/323/930 311/391/931 312/393/932
s 12
f 245/301/933 255/311/934 246/302/935
f 255/311/934 254/310/936 246/302/935
f 254/310/936 253/309/937 246/302/935
f 253/309/937 252/308/938 246/302/935
f 252/308/938 251/307/939 246/302/935
f 251/307/939 250/306/940 246/302/935
f 250/306/940 249/305/941 246/302/935
f 249/305/941 248/304/942 246/302/935
f 248/304/942 247/303/943 246/302/935
s 13
f 344/426/944 345/427/945 354/436/946
f 345/427/945 346/428/947 354/436/946
f 346/428/947 347/429/948 354/436/946
f 347/429/948 348/430/949 354/436/946
f 348/430/949 349/431/950 354/436/946
f 349/431/950 350/432/951 354/436/946
f 350/432/951 351/433/952 354/436/946
f 351/433/952 352/434/953 354/436/946
f 352/434/953 353/435/954 354/436/946
s off
f 256/345/955 257/344/956 268/348/957 267/347/958
f 257/344/959 258/343/960 269/349/961 268/348/962
f 258/343/963 259/342/964 270/350/965 269/349/966
f 259/342/967 260/341/968 271/351/969 270/350/970
f 260/341/971 261/340/972 272/352/973 271/351/974
f 261/340/975 262/339/976 273/353/977 272/352/978
f 262/339/979 263/338/980 274/354/981 273/353/982
f 263/338/983 264/337/984 275/355/985 274/354/986
f 264/337/987 265/336/988 276/356/989 275/355/990
f 265/336/991 266/346/992 277/357/993 276/356/994
f 266/346/995 256/345/996 267/347/997 277/357/998
f 267/347/999 268/348/1000 279/359/1001 278/358/1002
f 268/348/1003 269/349/1004 280/360/1005 279/359/1006
f 269/349/1007 270/350/1008 281/361/1009 280/360/1010
f 270/350/1011 271/351/1012 282/362/1013 281/361/1014
f 271/351/1015 272/352/1016 283/363/1017 282/362/1018
f 272/352/1019 273/353/1020 284/364/1021 283/363/1022
f 273/353/1023 274/354/1024 285/365/1025 284/364/1026
f 274/354/1027 275/355/1028 286/366/1029 285/365/1030
f 275/355/1031 276/356/1032 287/367/1033 286/366/1034
f 276/356/1035 277/357/1036 288/368/1037 287/367/1038
f 277/357/1039 267/347/1040 278/358/1041 288/368/1042
f 278/358/1043 279/359/1044 290/370/1045 289/369/1046
f 279/359/1047 280/360/1048 291/371/1049 290/370/1050
f 280/360/1051 281/361/1052 292/372/1053 291/371/1054
f 281/361/1055 282/362/1056 293/373/1057 292/372/1058
f 282/362/1059 283/363/1060 294/374/1061 293/373/1062
f 283/363/1063 284/364/1064 295/375/1065 294/374/1066
f 284/364/1067 285/365/1068 296/376/1069 295/375/1070
f 285/365/1071 286/366/1072 297/377/1073 296/376/1074
f 286/366/1075 287/367/1076 298/378/1077 297/377/1078
f 287/367/1079 288/368/1080 299/379/1081 298/378/1082
f 288/368/1083 278/358/1084 289/369/1085 299/379/1086
f 289/369/1087 290/370/1088 301/381/1089 300/380/1090
f 290/370/1091 291/371/1092 302/382/1093 301/381/1094
f 291/371/1095 292/372/1096 303/383/1097 302/382/1098
f 292/372/1099 293/373/1100 304/384/1101 303/383/1102
f 293/373/1103 294/374/1104 305/385/1105 304/384/1106
f 294/374/1107 295/375/1108 306/386/1109 305/385/1110
f 295/375/1111 296/376/1112 307/387/1113 306/386/1114
f 296/376/1115 297/377/1116 308/388/1117 307/387/1118
f 297/377/1119 298/378/1120 309/389/1121 308/388/1122
f 298/378/1123 299/379/1124 310/390/1125 309/389/1126
f 299/379/1127 289/369/1128 300/380/1129 310/390/1130
s 11
f 312/393/932 311/391/931 322/403/1131 323/405/1132
s 10
f 313/394/928 312/393/927 323/405/1133 324/406/1134
s 9
f 314/395/924 313/394/923 324/406/1135 325/407/1136
s 8
f 315/396/920 314/395/919 325/407/1137 326/408/1138
s 7
f 316/397/916 315/396/915 326/408/1139 327/409/1140
s 6
f 317/398/912 316/397/911 327/409/1141 328/410/1142
s 5
f 318/399/908 317/398/907 328/410/1143 329/411/1144
s 4
f 319/400/904 318/399/903 329/411/1145 330/412/1146
s 3
f 320/401/900 319/400/899 330/412/1147 331/413/1148
s 2
f 321/402/896 320/401/895 331/413/1149 332/414/1150
s 1
f 311/392/892 321/402/891 332/414/1151 322/404/1152
s 11
f 323/405/1132 322/403/1131 256/335/1153 266/334/1154
s 10
f 324/406/1134 323/405/1133 266/334/1155 265/333/1156
s 9
f 325/407/1136 324/406/1135 265/333/1157 264/332/1158
s 8
f 326/408/1138 325/407/1137 264/332/1159 263/331/1160
s 7
f 327/409/1140 326/408/1139 263/331/1161 262/330/1162
s 6
f 328/410/1142 327/409/1141 262/330/1163 261/329/1164
s 5
f 329/411/1144 328/410/1143 261/329/1165 260/328/1166
s 4
f 330/412/1146 329/411/1145 260/328/1167 259/327/1168
s 3
f 331/413/1148 330/412/1147 259/327/1169 258/326/1170
s 2
f 332/414/1150 331/413/1149 258/326/1171 257/325/1172
s 1
f 322/404/1152 332/414/1151 257/325/1173 256/324/1174
s off
f 300/380/1175 301/381/1176 334/416/1177 333/415/1178
f 301/381/1179 302/382/1180 335/417/1181 334/416/1182
f 302/382/1183 303/383/1184 336/418/1185 335/417/1186
f 303/383/1187 304/384/1188 337/419/1189 336/418/1190
f 304/384/1191 305/385/1192 338/420/1193 337/419/1194
f 305/385/1195 306/386/1196 339/421/1197 338/420/1198
f 306/386/1199 307/387/1200 340/422/1201 339/421/1202
f 307/387/1203 308/388/1204 341/423/1205 340/422/1206
f 308/388/1207 309/389/1208 342/424/1209 341/423/1210
f 309/389/1211 310/390/1212 343/425/1213 342/424/1214
f 310/390/1215 300/380/1216 333/415/1217 343/425/1218
f 333/415/1219 334/416/1220 345/427/1221 344/426/1222
f 334/416/1223 335/417/1224 346/428/1225 345/427/1226
f 335/417/1227 336/418/1228 347/429/1229 346/428/1230
f 336/418/1231 337/419/1232 348/430/1233 347/429/1234
f 337/419/1235 338/420/1236 349/431/1237 348/430/1238
f 338/420/1239 339/421/1240 350/432/1241 349/431/1242
f 339/421/1243 340/422/1244 351/433/1245 350/432/1246
f 340/422/1247 341/423/1248 352/434/1249 351/433/1250
f 341/423/1251 342/424/1252 353/435/1253 352/434/1254
f 342/424/1255 343/425/1256 354/436/1257 353/435/1258
f 343/425/1259 333/415/1260 344/426/1261 354/436/1262
s 14
f 355/437/1263 421/440/1264 431/439/1265 356/438/1266
s 15
f 356/438/1267 431/439/1268 430/442/1269 357/441/1270
s 16
f 357/441/1271 430/442/1272 429/444/1273 358/443/1274
s 17
f 358/443/1275 429/444/1276 428/446/1277 359/445/1278
s 18
f 359/445/1279 428/446/1280 427/448/1281 360/447/1282
s 19
f 360/447/1283 427/448/1284 426/450/1285 361/449/1286
s 20
f 361/449/1287 426/450/1288 425/452/1289 362/451/1290
s 21
f 362/451/1291 425/452/1292 424/454/1293 363/453/1294
s 22
f 363/453/1295 424/454/1296 423/456/1297 364/455/1298
s 23
f 364/455/1299 423/456/1300 422/458/1301 365/457/1302
s 24
f 365/457/1303 422/458/1304 421/460/1305 355/459/1306
s 25
f 355/461/1307 356/471/1308 365/462/1309
f 356/471/1308 357/470/1310 365/462/1309
f 357/470/1310 358/469/1311 365/462/1309
f 358/469/1311 359/468/1312 365/462/1309
f 359/468/1312 360/467/1313 365/462/1309
f 360/467/1313 361/466/1314 365/462/1309
f 361/466/1314 362/465/1315 365/462/1309
f 362/465/1315 363/464/1316 365/462/1309
f 363/464/1316 364/463/1317 365/462/1309
s 26
f 454/472/1318 464/482/1319 455/473/1320
f 464/482/1319 463/481/1321 455/473/1320
f 463/481/1321 462/480/1322 455/473/1320
f 462/480/1322 461/479/1323 455/473/1320
f 461/479/1323 460/478/1324 455/473/1320
f 460/478/1324 459/477/1325 455/473/1320
f 459/477/1325 458/476/1326 455/473/1320
f 458/476/1326 457/475/1327 455/473/1320
f 457/475/1327 456/474/1328 455/473/1320
s off
f 366/483/1329 377/486/1330 378/485/1331 367/484/1332
f 367/484/1333 378/485/1334 379/488/1335 368/487/1336
f 368/487/1337 379/488/1338 380/490/1339 369/489/1340
f 369/489/1341 380/490/1342 381/492/1343 370/491/1344
f 370/491/1345 381/492/1346 382/494/1347 371/493/1348
f 371/493/1349 382/494/1350 383/496/1351 372/495/1352
f 372/495/1353 383/496/1354 384/498/1355 373/497/1356
f 373/497/1357 384/498/1358 385/500/1359 374/499/1360
f 374/499/1361 385/500/1362 386/502/1363 375/501/1364
f 375/501/1365 386/502/1366 387/504/1367 376/503/1368
f 376/503/1369 387/504/1370 377/486/1371 366/483/1372
f 377/486/1373 388/506/1374 389/505/1375 378/485/1376
f 378/485/1377 389/505/1378 390/507/1379 379/488/1380
f 379/488/1381 390/507/1382 391/508/1383 380/490/1384
f 380/490/1385 391/508/1386 392/509/1387 381/492/1388
f 381/492/1389 392/509/1390 393/510/1391 382/494/1392
f 382/494/1393 393/510/1394 394/511/1395 383/496/1396
f 383/496/1397 394/511/1398 395/512/1399 384/498/1400
f 384/498/1401 395/512/1402 396/513/1403 385/500/1404
f 385/500/1405 396/513/1406 397/514/1407 386/502/1408
f 386/502/1409 397/514/1410 398/515/1411 387/504/1412
f 387/504/1413 398/515/1414 388/506/1415 377/486/1416
f 388/506/1417 399/517/1418 400/516/1419 389/505/1420
f 389/505/1421 400/516/1422 401/518/1423 390/507/1424
f 390/507/1425 401/518/1426 402/519/1427 391/508/1428
f 391/508/1429 402/519/1430 403/520/1431 392/509/1432
f 392/509/1433 403/520/1434 404/521/1435 393/510/1436
f 393/510/1437 404/521/1438 405/522/1439 394/511/1440
f 394/511/1441 405/522/1442 406/523/1443 395/512/1444
f 395/512/1445 406/523/1446 407/524/1447 396/513/1448
f 396/513/1449 407/524/1450 408/525/1451 397/514/1452
f 397/514/1453 408/525/1454 409/526/1455 398/515/1456
f 398/515/1457 409/526/1458 399/517/1459 388/506/1460
f 399/517/1461 410/528/1462 411/527/1463 400/516/1464
f 400/516/1465 411/527/1466 412/529/1467 401/518/1468
f 401/518/1469 412/529/1470 413/530/1471 402/519/1472
f 402/519/1473 413/530/1474 414/531/1475 403/520/1476
f 403/520/1477 414/531/1478 415/532/1479 404/521/1480
f 404/521/1481 415/532/1482 416/533/1483 405/522/1484
f 405/522/1485 416/533/1486 417/534/1487 406/523/1488
f 406/523/1489 417/534/1490 418/535/1491 407/524/1492
f 407/524/1493 418/535/1494 419/536/1495 408/525/1496
f 408/525/1497 419/536/1498 420/537/1499 409/526/1500
f 409/526/1501 420/537/1502 410/528/1503 399/517/1504
s 24
f 422/458/1304 433/539/1505 432/538/1506 421/460/1305
s 23
f 423/456/1300 434/540/1507 433/539/1508 422/458/1301
s 22
f 424/454/1296 435/541/1509 434/540/1510 423/456/1297
s 21
f 425/452/1292 436/542/1511 435/541/1512 424/454/1293
s 20
f 426/450/1288 437/543/1513 436/542/1514 425/452/1289
s 19
f 427/448/1284 438/544/1515 437/543/1516 426/450/1285
s 18
f 428/446/1280 439/545/1517 438/544/1518 427/448/1281
s 17
f 429/444/1276 440/546/1519 439/545/1520 428/446/1277
s 16
f 430/442/1272 441/547/1521 440/546/1522 429/444/1273
s 15
f 431/439/1268 442/548/1523 441/547/1524 430/442/1269
s 14
f 421/440/1264 432/549/1525 442/548/1526 431/439/1265
s 24
f 433/539/1505 376/551/1527 366/550/1528 432/538/1506
s 23
f 434/540/1507 375/552/1529 376/551/1530 433/539/1508
s 22
f 435/541/1509 374/553/1531 375/552/1532 434/540/1510
s 21
f 436/542/1511 373/554/1533 374/553/1534 435/541/1512
s 20
f 437/543/1513 372/555/1535 373/554/1536 436/542/1514
s 19
f 438/544/1515 371/556/1537 372/555/1538 437/543/1516
s 18
f 439/545/1517 370/557/1539 371/556/1540 438/544/1518
s 17
f 440/546/1519 369/558/1541 370/557/1542 439/545/1520
s 16
f 441/547/1521 368/559/1543 369/558/1544 440/546/1522
s 15
f 442/548/1523 367/560/1545 368/559/1546 441/547/1524
s 14
f 432/549/1525 366/561/1547 367/560/1548 442/548/1526
s off
f 410/528/1549 443/563/1550 444/562/1551 411/527/1552
f 411/527/1553 444/562/1554 445/564/1555 412/529/1556
f 412/529/1557 445/564/1558 446/565/1559 413/530/1560
f 413/530/1561 446/565/1562 447/566/1563 414/531/1564
f 414/531/1565 447/566/1566 448/567/1567 415/532/1568
f 415/532/1569 448/567/1570 449/568/1571 416/533/1572
f 416/533/1573 449/568/1574 450/569/1575 417/534/1576
f 417/534/1577 450/569/1578 451/570/1579 418/535/1580
f 418/535/1581 451/570/1582 452/571/1583 419/536/1584
f 419/536/1585 452/571/1586 453/572/1587 420/537/1588
f 420/537/1589 453/572/1590 443/563/1591 410/528/1592
f 443/563/1593 454/472/1594 455/473/1595 444/562/1596
f 444/562/1597 455/473/1598 456/474/1599 445/564/1600
f 445/564/1601 456/474/1602 457/475/1603 446/565/1604
f 446/565/1605 457/475/1606 458/476/1607 447/566/1608
f 447/566/1609 458/476/1610 459/477/1611 448/567/1612
f 448/567/1613 459/477/1614 460/478/1615 449/568/1616
f 449/568/1617 460/478/1618 461/479/1619 450/569/1620
f 450/569/1621 461/479/1622 462/480/1623 451/570/1624
f 451/570/1625 462/480/1626 463/481/1627 452/571/1628
f 452/571/1629 463/481/1630 464/482/1631 453/572/1632
f 453/572/1633 464/482/1634 454/472/1635 443/563/1636
g default
v 2.121553 2.116854 0.650998
v 2.169255 2.091814 0.218646
v 2.749830 2.345340 0.211536
v -5.009042 8.511069 1.270805
v -4.585107 9.481687 0.787027
v -4.974064 8.755890 0.442511
v -4.585732 9.654110 -0.290943
v -8.202842 4.241224 9.193761
v -8.293533 3.898283 9.050501
v -8.257573 3.878982 9.193761
v -8.540331 4.745599 8.806811
v -8.407198 4.516805 8.799129
v -10.045917 5.342634 9.948185
v -10.098403 5.366297 9.765265
v -10.324674 4.813105 9.948186
v -7.176989 3.704832 8.818837
v -7.572736 3.174505 8.514959
v -7.171326 3.637344 8.789638
v 2.126734 2.142686 1.053779
v 1.732203 1.875441 0.899042
v -3.198215 3.632072 3.945111
v -2.683357 3.127387 4.051896
v -2.813921 3.946583 4.747581
v -1.652484 2.489048 4.539031
v -1.833035 2.432686 3.977474
v -1.453498 2.159278 4.100417
v 1.708602 1.894719 1.340670
v 3.923589 2.765684 -1.910012
v 4.211528 2.784964 -1.387841
v 3.187216 2.428319 -1.215063
v -9.336790 5.041419 9.050501
v -9.023813 5.030791 8.911640
v -9.023814 5.098576 9.050501
v -8.123719 3.838054 9.456519
v -8.197639 3.860121 9.327150
v -8.316596 3.503189 9.456518
v -9.352202 5.086454 9.193761
v -7.198381 3.738953 8.831498
v -7.589545 3.229085 8.497231
v -7.250516 3.731324 8.877073
v -7.324121 3.695893 8.960999
v -7.630507 3.227219 8.573195
v -2.209426 2.737914 4.089520
v -2.390560 3.360943 4.785069
v -7.409931 3.646606 9.088710
v -7.688341 3.187490 8.725493
v -7.160617 4.644476 7.672695
v -7.222606 4.570628 7.289366
v -7.241378 4.817740 7.173292
v -7.206394 4.983701 7.389627
v -9.792248 5.018305 9.587708
v -9.731028 4.976597 9.456518
v -9.442959 5.231689 9.587708
v -9.409567 5.177516 9.456519
v -9.672951 4.939911 9.327152
v -9.377887 5.130462 9.327151
v -8.333938 4.557564 8.913562
v -8.284460 4.241224 8.911639
v -8.241371 4.241224 9.050501
v -0.352043 1.767232 4.067565
v -0.683776 1.773452 4.039499
v -0.345239 1.470711 3.209041
v -9.929252 5.192987 10.011042
v -10.176188 4.741377 10.011042
v -9.892708 5.128452 9.878931
v -7.498668 3.597410 9.265645
v -7.755762 3.128482 8.936771
v -8.760349 4.880821 8.799129
v -8.728354 4.978496 8.913562
v 1.714928 1.937277 1.778864
v 1.468792 1.658272 1.509970
v -7.949220 3.006966 9.731839
v -7.890225 3.026966 9.466850
v -7.656152 3.543178 9.739434
v -3.666351 4.292466 3.852255
v -3.196343 4.661024 4.706476
v -10.000705 5.306896 10.079435
v -7.309539 5.436909 7.036389
v -7.287233 5.165743 6.889731
v -10.291862 5.408227 9.605302
v -10.222138 5.394753 9.523940
v -9.715475 5.719101 9.696465
v -10.157396 5.382223 9.600555
v -9.677444 5.711931 9.569523
v 3.385988 2.509508 -0.774307
v 2.779174 8.021056 -5.366723
v 3.480205 7.816848 -5.105203
v 2.614624 6.447421 -5.541161
v -7.419007 5.705739 7.213249
v -7.568586 5.774450 6.294282
v -7.077340 4.237824 8.416327
v -7.156009 3.499177 8.528490
v -7.134105 3.572032 8.287012
v -8.482018 4.820967 8.915482
v -3.720619 11.124974 -1.418961
v -3.727240 10.799153 -2.695003
v -4.220002 10.450002 -1.384478
v -7.715263 5.940264 7.354874
v -7.864853 5.994449 6.306492
v -8.297935 6.108516 7.395824
v -7.973884 3.769710 9.726562
v -8.255378 3.453494 9.587708
v -8.198868 3.387874 9.726562
v -8.138627 4.241224 9.327150
v 1.178277 1.398195 2.275019
v 1.178278 1.578049 3.022995
v 0.954645 1.313799 2.336034
v 0.670210 1.481437 3.190437
v 0.670210 1.271610 2.366540
v 0.954646 1.513636 3.134624
v -9.022602 6.132059 8.391952
v -9.023005 6.179407 7.391588
v 1.470373 1.722876 2.013694
v -7.581066 3.562252 9.497237
v -7.825485 3.068779 9.189674
v -10.474886 5.507946 9.852021
v -9.821856 5.889614 9.694724
v -10.483867 5.558524 9.564287
v -9.963534 5.254741 10.089132
v -10.219823 4.768913 10.089133
v -8.045805 3.809133 9.587707
v -9.848757 5.067952 9.726562
v -9.473783 5.297053 9.726562
v -9.023812 5.146828 9.193760
v -10.267132 4.793535 10.079436
v -8.710835 5.041419 9.050501
v -10.359282 5.424464 9.761716
v -9.752251 5.729506 9.903019
v -9.023813 5.193979 9.327150
v -8.001707 3.012705 9.948185
v -7.722951 3.542234 9.948186
v -1.285431 2.152234 4.476728
v -8.293533 4.584165 9.050501
v -9.642131 5.703394 9.618788
v -7.099205 4.229618 8.109629
v -7.917945 3.716139 9.878929
v -8.154917 3.300754 9.878931
v -1.984126 2.882351 4.741401
v -7.126896 4.761241 8.005482
v -7.146495 4.226538 7.760026
v -10.417116 5.445284 9.910256
v -4.000112 5.149066 3.856416
v -9.836335 5.967557 9.154465
v 3.545373 2.572011 -0.328240
v 2.696857 2.289847 -0.207691
v 0.000000 1.470717 3.209040
v 0.000000 1.767237 4.067564
v -1.035609 2.148016 4.702513
v -0.974887 1.792131 3.955293
v 1.320838 1.538868 2.173326
v 1.320839 1.685418 2.836942
v -3.000614 11.176273 -2.799946
v -4.196504 10.459332 -0.146145
v 0.000000 10.696582 -4.075065
v 0.000000 9.606471 -4.991317
v -1.038529 9.606470 -4.991317
v -1.067178 10.696582 -4.075064
v -8.046918 3.048107 10.079435
v -7.066781 4.254777 8.681859
v -7.166373 3.544870 8.694443
v -8.450022 4.869949 9.050500
v -10.458079 5.472504 9.967999
v -9.815308 5.826142 10.034347
v -7.871436 3.657514 10.011042
v -8.118373 3.205904 10.011042
v -7.200249 5.195766 7.656143
v -9.783796 5.747747 10.092583
v -9.023813 5.244489 9.456517
v 2.809652 2.384589 0.615026
v -8.695426 5.086454 9.193761
v 2.142546 2.169127 1.451575
v -7.780492 3.561468 10.079436
v -8.084090 3.117097 10.089132
v -7.827802 3.602925 10.089133
v -8.257573 4.603465 9.193761
v 1.468793 1.828816 2.580139
v -9.023005 6.067368 9.172708
v -9.823091 6.048719 8.394973
v -9.609951 5.688024 9.769822
v -9.497755 5.377683 9.878930
v 4.477926 4.405500 -3.523613
v 5.049166 4.356837 -3.047589
v 4.140841 3.396793 -3.102721
v -4.966441 8.103023 0.439405
v -4.574857 9.132715 1.809314
v 3.806345 6.080154 -4.810517
v 3.293189 6.309696 -5.267170
v 3.988068 7.476499 -4.669338
v -8.059427 4.239893 9.456518
v -2.098116 11.364832 -2.852418
v -2.076870 10.641633 -4.045754
v 4.799699 3.327218 -2.560848
v 4.006721 4.546868 -4.095191
v 4.665675 5.571703 -3.691142
v -7.975946 4.235899 9.587710
v -8.197639 4.622326 9.327151
v -4.872495 6.693317 1.275056
v -4.505566 7.915220 1.805939
v -4.944630 7.505767 0.978018
v -7.053406 4.284096 8.907963
v -9.023811 5.302816 9.587710
v -8.421768 4.905334 9.193762
v 1.708604 2.001318 2.256258
v -9.517688 5.463953 10.011042
v 5.096916 3.086110 -1.876309
v -9.581324 5.660352 9.948187
v -4.420434 7.051740 2.160472
v -4.286726 6.102086 2.298442
v 4.236403 5.815317 -4.256681
v -1.446159 2.545901 5.002614
v 2.023019 9.561518 -4.953084
v 1.933269 8.123161 -5.497482
v 1.038529 9.606470 -4.991317
v -0.724471 2.145915 4.815403
v -4.556643 8.609719 1.145370
v 0.683776 1.773452 4.039499
v 0.345239 1.470711 3.209041
v -9.536387 5.546238 10.089133
v -8.669738 5.130462 9.327150
v -7.389729 4.231766 9.356808
v -7.294654 4.268355 9.271037
v -8.219691 6.039975 8.392226
v -7.898888 4.227913 9.726562
v -7.043931 4.316130 9.080040
v -9.023812 5.373421 9.726562
v -7.202716 4.305977 9.243603
v -8.123719 4.641731 9.456519
v 4.436519 2.807981 -0.877224
v -7.478014 4.204594 9.533702
v -8.374677 4.939911 9.327152
v -9.806140 5.778425 10.168559
v -7.123852 4.336251 9.241725
v -7.045073 4.341225 9.183490
v -7.262096 5.433527 7.959270
v -7.134104 4.901272 8.333688
v 2.841275 2.405486 1.014567
v 2.126736 2.195995 1.868971
v -7.838953 4.214603 9.878930
v -8.638058 5.177516 9.456519
v 2.899432 9.426663 -4.838386
v -7.558462 4.186631 9.748550
v 3.663577 2.620575 0.104960
v -3.479964 5.526024 4.739300
v -9.556664 5.614913 10.079436
v -1.078370 11.427688 -2.869908
v 0.352043 1.767232 4.067565
v -9.023811 5.817657 9.584716
v 0.974887 1.792131 3.955293
v -8.045805 4.662666 9.587707
v -8.316596 4.976597 9.456518
v -9.023812 5.822726 9.726853
v -7.630033 4.177670 9.948185
v -7.789124 4.199445 10.011041
v -9.023811 5.810451 9.624865
v -1.714038 3.010176 5.274596
v -9.023811 5.460760 9.878930
v -8.604667 5.231689 9.587707
v -7.742374 4.185919 10.089131
v 4.392188 7.079892 -4.142422
v 1.205067 1.829506 3.786876
v -7.691681 4.177501 10.079436
v -9.023812 5.831187 9.950119
v -7.067992 4.350795 9.232617
v -7.973884 4.686116 9.726562
v -0.372455 2.145221 4.853032
v 1.502713 1.980101 3.142822
v -7.473416 5.721323 8.403408
v 1.354004 1.891812 3.506180
v 1.732207 2.095429 2.726422
v -9.023811 5.795266 9.771342
v -8.255378 5.018305 9.587708
v -2.991491 11.529958 -1.439651
v -7.156009 5.007073 8.671434
v -9.023611 5.996896 9.738789
v 2.809653 2.405922 1.421949
v -9.023812 5.554275 10.011041
v -1.157053 2.580021 5.280761
v -8.573843 5.297053 9.726562
v 2.121556 2.238691 2.283846
v -9.023812 5.766258 9.948185
v 5.808689 3.731917 -2.500130
v -9.023812 5.643404 10.089131
v 3.711968 2.642988 0.532665
v 5.338746 3.048292 -1.324656
v -7.917945 4.713066 9.878929
v -4.157339 10.222173 1.130766
v -8.549870 5.377683 9.878929
v 5.175778 5.420717 -3.209487
v -8.198869 5.067952 9.726563
v -9.023811 5.932208 10.095121
v 4.594732 2.850791 -0.395869
v -2.042187 3.558383 5.373980
v -7.498668 4.866123 9.447971
v -9.023812 5.880399 10.235412
v -8.208061 5.963228 9.152634
v -7.166373 5.021148 9.032841
v -7.581066 4.846937 9.570168
v -7.409931 4.890103 9.453363
v -3.680671 11.136425 -0.024708
v -7.871436 4.741377 10.011042
v -9.023811 5.717585 10.079436
v -3.684935 6.473698 4.735164
v -8.405493 5.703394 9.618788
v 3.613727 9.156951 -4.608990
v -9.023812 5.848568 10.153358
v -8.529937 5.463953 10.011042
v -8.370179 5.711931 9.569523
v 2.749833 2.410783 1.841961
v -8.154918 5.128452 9.878931
v -2.766367 4.915710 5.280563
v -7.722951 4.813105 9.948187
v -7.324121 4.916061 9.526211
v 1.067178 10.696582 -4.075064
v -8.437672 5.688024 9.769822
v -7.171324 4.994372 9.348286
v -7.539763 5.624651 9.103066
v -0.805861 2.597089 5.419833
v -7.827803 4.768913 10.089133
v -7.656152 4.830085 9.757667
v 3.661912 2.627039 0.962249
v -7.780492 4.793535 10.079436
v 4.781981 6.706907 -3.607745
v -7.250516 4.941178 9.606380
v -8.224962 5.888532 9.694266
v -7.176990 4.977618 9.548142
v 2.169259 2.312619 2.674076
v -8.332148 5.719101 9.696465
v 0.724471 2.145915 4.815403
v -8.511237 5.546238 10.089133
v -8.466300 5.660352 9.948186
v 1.828310 2.228198 3.142919
v -1.359458 3.086877 5.594512
v 5.965597 3.382837 -2.067731
v -8.118373 5.192987 10.011042
v -8.490960 5.614913 10.079436
v 0.000000 11.427687 -2.869908
v -7.825485 5.394753 9.523940
v 1.610796 2.180736 3.635255
v -7.890225 5.382223 9.600555
v 4.655477 2.878269 0.070692
v 5.797698 4.488092 -2.785622
v -2.137206 3.737959 5.376229
v -7.755762 5.408227 9.605303
v -1.949597 3.583607 5.449212
v 2.696861 2.444957 2.279390
v 1.035609 2.148016 4.702513
v -7.949220 5.366297 9.765265
v -4.101878 9.769900 2.344203
v -8.295373 5.729506 9.903019
v 5.509338 3.075384 -0.806911
v -7.198381 4.962636 9.633735
v 3.543036 2.611342 1.417687
v 0.372455 2.145221 4.853032
v 1.453498 2.159278 4.100417
v -8.084090 5.254741 10.089132
v -8.263829 5.747747 10.092584
v -8.232316 5.826142 10.034347
v -3.932228 7.844011 4.307518
v -8.001707 5.342634 9.948185
v 1.285431 2.152234 4.476728
v -8.046918 5.306896 10.079435
v -0.413278 2.602784 5.466188
v 4.111868 8.707432 -4.226663
v -7.562128 5.556898 9.563362
v -2.090054 11.732449 -1.449996
v -8.241484 5.778425 10.168559
v -0.941510 3.125235 5.754467
v 0.000000 2.145226 4.853030
v -3.782771 7.116553 4.633650
v -7.688341 5.424464 9.761716
v -2.568887 4.093118 5.108975
v 2.258070 2.401113 2.958453
v -4.029490 9.133889 3.392118
v 4.588067 2.855290 0.536925
v -3.849493 7.175808 4.536159
v -3.891053 7.394811 4.489005
v 6.167535 3.287988 -1.559775
v 3.384965 2.634512 1.922956
v -7.630507 5.445284 9.910256
v 5.246872 6.437422 -3.148604
v 2.044820 2.400041 3.405409
v 2.605281 2.510978 2.785998
v -7.572736 5.507946 9.852020
v 6.663062 3.990576 -2.439149
v -1.485387 3.386619 5.661988
v -3.140947 4.563772 3.971924
v -1.928256 3.566048 4.672061
v -3.273799 6.692952 5.238129
v -7.589545 5.472504 9.967999
v 2.076870 10.641633 -4.045754
v 5.572659 3.107966 -0.306529
v 4.490939 8.177967 -3.764216
v 4.427162 2.840009 1.027946
v -2.949193 11.542681 0.048155
v 5.848326 5.433760 -2.907308
v -3.614091 10.845365 1.416891
v 1.833035 2.432686 3.977474
v -3.886169 7.896648 4.375196
v 6.782507 3.627442 -2.087642
v 2.971586 10.476788 -3.957825
v -3.939544 8.345516 4.172462
v 3.187764 2.722328 2.523749
v -0.767464 3.095751 5.080916
v 0.127939 3.806346 5.159320
v 0.805861 2.597089 5.419833
v 2.429640 2.611376 3.413547
v -0.954046 3.171345 5.765754
v -0.846737 3.127869 5.765447
v -2.250110 5.400760 4.493925
v -2.919439 5.839854 5.449573
v -3.036696 6.507456 5.461717
v 4.207425 2.890582 1.568872
v 6.313620 3.294501 -1.047615
v -3.616275 7.123598 4.117865
v -2.846985 6.451124 5.189380
v 1.652484 2.489048 4.539031
v 6.615156 4.675499 -2.656566
v 5.492676 3.086615 0.193032
v 4.848023 7.668420 -3.294455
v -0.468090 3.033978 5.741379
v 1.157053 2.580021 5.280761
v 0.413278 2.602784 5.466188
v -2.697159 4.980734 5.381807
v 1.446159 2.545901 5.002614
v -1.073745 11.799947 -1.453444
v 6.920200 3.487932 -1.644758
v -3.740670 7.801128 3.963944
v -3.171674 7.649934 4.986253
v 2.209426 2.737914 4.089520
v 6.364367 3.328712 -0.534174
v 5.312580 3.086028 0.704924
v 2.951493 2.900567 3.265759
v 3.925766 3.036181 2.224711
v 0.127939 2.910992 5.080916
v 3.693841 10.147099 -3.781968
v 7.436187 4.142975 -2.385142
v -3.140947 4.563772 4.715889
v 1.078370 11.427688 -2.869908
v -3.527501 10.307362 2.788437
v 5.280208 7.278652 -2.890192
v -3.595760 8.170578 4.663558
v -2.737236 6.993670 5.581964
v -3.007459 6.487049 5.477202
v 5.876282 6.351318 -2.848290
v 7.512587 3.772218 -2.061586
v 0.461198 2.979757 5.706775
v 6.608664 5.525535 -2.735940
v -3.316267 8.108010 4.162264
v 5.075563 3.180900 1.242296
v -2.055981 11.745809 0.084586
v 7.022840 3.473879 -1.153207
v 6.280293 3.316956 -0.022372
v -2.268602 6.028152 5.875737
v 4.186148 9.597616 -3.488872
v -2.129992 5.367326 5.811040
v -2.141581 5.368631 5.807953
v -2.175498 5.379992 5.790336
v -3.427523 9.577979 3.972530
v -2.878697 11.219281 1.588566
v 1.984126 2.882351 4.741401
v -2.148144 5.402707 5.811456
v 2.683357 3.127387 4.051896
v 7.393181 4.795291 -2.579276
v 1.023342 3.095751 5.080916
v 3.579097 3.305974 3.060473
v 7.594053 3.608989 -1.641784
v 7.052483 3.506919 -0.638594
v 0.000000 2.602789 5.466187
v 6.109654 3.338646 0.480809
v 0.928934 3.076271 5.723444
v 4.549523 8.946910 -3.133873
v 1.714038 3.010176 5.274596
v -3.320777 8.712782 4.851773
v 4.807214 3.531053 1.886169
v 5.884577 7.108527 -2.624236
v 8.119116 4.163496 -2.336553
v -2.148857 5.406413 5.811837
v 4.884982 8.313551 -2.772306
v 0.127939 4.738851 5.276926
v -0.903526 5.475948 5.276926
v -2.338758 6.554200 5.892363
v 8.157314 3.790916 -2.010181
v 2.098116 11.364832 -2.852418
v 5.900707 3.473195 0.968392
v 7.652263 3.579257 -1.158910
v 1.359458 3.086877 5.594512
v 6.971183 3.508683 -0.126523
v 6.613449 6.384010 -2.673318
v 8.097612 4.801655 -2.532376
v 2.390560 3.360943 4.785069
v 7.382133 5.610745 -2.646717
v -2.498395 7.902174 5.601733
v -1.623174 6.561760 5.857900
v -3.268474 8.250158 5.075389
v 3.000614 11.176273 -2.799946
v 5.293543 7.816108 -2.459507
v 8.195549 3.617385 -1.586800
v 3.198215 3.632072 3.945111
v 2.184134 3.566048 4.672061
v -1.054946 11.813518 0.096730
v 4.157017 3.904084 2.906442
v 1.067561 3.113666 5.706225
v 6.825298 3.552451 0.362270
v 8.702897 4.026518 -2.291825
v -2.789126 10.629839 3.054976
v 1.432899 3.261684 5.633863
v 8.718177 3.657289 -1.954047
v 7.658890 3.608993 -0.646141
v -1.738833 6.587652 6.065344
v 5.764547 3.849008 1.362216
v -1.999193 11.406240 1.674404
v 8.217155 3.576371 -1.099949
v 8.103519 5.605074 -2.604958
v -2.355666 8.320010 5.230048
v 8.694295 4.648776 -2.494492
v -1.550031 6.122302 6.088819
v 5.876223 7.573151 -2.250811
v 8.731136 3.479350 -1.515755
v 7.585610 3.624165 -0.136652
v 2.002798 3.492579 5.362050
v 3.727240 10.799153 -2.695003
v 0.127939 4.892483 5.276926
v 6.661185 3.711500 0.807047
v 9.169264 3.848480 -2.225190
v -2.689602 9.844433 4.320778
v 9.178370 3.491560 -1.883510
v -2.589249 8.933142 5.259361
v 2.813921 3.946583 4.747581
v 6.608558 7.099298 -2.469460
v 7.401613 6.470914 -2.590199
v -1.928553 7.301187 5.994457
v 4.219371 10.170618 -2.520099
v 4.904463 8.693581 -2.089416
v -1.928256 3.566048 5.453135
v 4.578086 9.424238 -2.307485
v 9.172400 4.432037 -2.429982
v 0.000000 2.937391 5.679733
v 3.666351 4.292466 3.852255
v 8.205472 3.601343 -0.583167
v 8.732781 3.430960 -1.011548
v 9.188616 3.309239 -1.434422
v 5.299580 8.112218 -1.898143
v 7.466423 3.682030 0.355973
v 2.090054 11.732449 -1.449996
v 9.499951 3.745820 -2.110878
v 8.707601 5.424212 -2.575980
v -1.605566 6.741102 6.112507
v 5.117677 4.538133 2.093071
v 9.521100 3.413954 -1.788896
v -2.534638 8.359445 5.546927
v 6.537298 4.082112 1.156172
v 0.000000 4.951335 6.044569
v 0.000000 5.258776 6.053850
v -0.431417 5.258776 6.053850
v 3.396826 4.563772 3.971924
v 9.521100 4.246820 -2.303203
v 8.143835 3.625770 -0.069993
v 1.073745 11.799947 -1.453444
v -0.786305 6.153685 6.159846
v 1.159405 5.475948 5.276926
v 2.505989 5.400760 4.493925
v 9.555785 3.221411 -1.348576
v 9.680221 3.755361 -1.980676
v 9.188891 3.249479 -0.907409
v 9.195394 5.154053 -2.516455
v 7.335335 3.839845 0.818152
v -1.183441 7.083717 6.037922
v -1.927750 10.791077 3.188246
v 8.714109 3.450379 -0.476023
v -1.023614 11.468559 1.703016
v 9.758269 3.518547 -1.720221
v -1.400019 7.567366 5.856804
v 9.758268 4.075241 -2.080320
v -2.532641 8.359630 5.547467
v 6.573034 7.519774 -2.125122
v 8.147552 6.473433 -2.561609
v 5.864515 7.813715 -1.765920
v 9.567911 4.880494 -2.383056
v 7.399577 7.192216 -2.398737
v 5.812274 4.594493 1.584126
v 8.051845 3.683465 0.439818
v -1.255969 7.094795 6.159952
v 9.822574 3.332286 -1.285880
v 9.575243 3.138385 -0.801234
v 4.529820 4.771380 2.912421
v 2.717062 4.004506 4.890436
v 2.945550 4.192491 4.733432
v 2.991491 11.529958 -1.439651
v 9.901777 3.899416 -1.727499
v 8.758044 6.252970 -2.550222
v -2.102599 8.015601 5.852699
v 9.173624 3.254840 -0.343675
v 4.918067 8.859795 -1.293904
v 7.211878 4.197899 1.183876
v 9.830440 4.643521 -2.138828
v 8.666128 3.475868 0.056221
v -1.773150 9.043320 5.463154
v 5.311013 8.229411 -1.247697
v -1.680694 7.708242 6.021107
v 9.978915 3.758284 -1.274000
v -1.251354 7.098921 6.159728
v -0.829550 7.111662 6.198646
v 9.245852 5.926347 -2.503178
v -1.706115 8.065397 5.961798
v 0.000000 11.799947 -1.453444
v 9.861409 3.238535 -0.734600
v 7.949090 3.808243 0.946510
v -1.510722 7.592148 6.055358
v 6.512087 4.760571 1.358007
v 6.531093 7.723474 -1.679614
v 4.586773 9.647466 -1.341145
v 9.572835 3.113463 -0.205087
v 9.988258 4.483117 -1.746819
v 3.720619 11.124974 -1.418961
v 5.317065 5.521521 2.150459
v 5.862748 7.898743 -1.207469
v 9.623750 5.610384 -2.367617
v 9.137236 3.267881 0.215573
v 4.220002 10.450002 -1.384478
v 7.323987 7.591070 -2.061347
v 4.000112 5.149066 3.856416
v 8.600372 3.512838 0.591700
v 10.016968 3.690787 -0.749086
v -0.984375 10.844824 3.232669
v -0.865454 8.098515 6.034357
v 8.264955 7.350154 -2.384511
v 9.892866 5.351523 -2.114371
v 2.055981 11.745809 0.084586
v 5.937363 5.503876 1.651759
v 10.067895 4.390605 -1.268299
v 5.340547 8.230118 -0.549766
v 9.913979 3.157778 -0.074196
v 7.231130 7.766896 -1.626090
v 8.885662 6.970036 -2.452275
v 9.541916 3.095232 0.381646
v 6.506949 7.788432 -1.172239
v 1.054946 11.813518 0.096730
v 9.093114 3.276982 0.779732
v 7.115594 4.856481 1.387138
v 10.054337 5.196207 -1.714273
v 8.528392 3.566702 1.136927
v 4.741643 5.752809 1.385748
v 9.348169 6.620467 -2.413732
v 7.838580 4.072846 1.500728
v 5.884217 7.896763 -0.613362
v 4.937399 8.863470 -0.433888
v 8.017425 7.725158 -2.014101
v 10.039820 3.703025 -0.284959
v 10.095884 4.357307 -0.764535
v 9.714277 6.304102 -2.272991
v 6.551960 5.592395 1.421381
v 9.844747 3.036540 0.540353
v 7.177295 7.819117 -1.141028
v 3.219182 4.730678 4.709119
v 3.479964 5.526024 4.739300
v 9.511168 3.082730 0.972028
v -0.767464 3.095751 5.752026
v 10.132607 5.120448 -1.224140
v 6.509912 7.784260 -0.637954
v 5.942215 7.876299 -0.021502
v 2.949193 11.542681 0.048155
v 7.532617 4.829538 1.680976
v 9.979199 6.054299 -2.015462
v 5.450704 6.440121 2.067144
v 9.054646 3.270521 1.358197
v 10.038152 3.376115 0.232541
v 5.400877 8.176766 0.154056
v 4.585732 9.654110 -0.290943
v 8.471125 3.546667 1.729543
v 7.883532 7.870139 -1.586143
v 10.098653 4.354053 -0.336176
v 2.151580 5.420549 5.813290
v 2.268602 6.028152 5.875737
v 4.286726 6.102086 2.298442
v 6.033291 6.371386 1.582754
v 8.770739 7.679985 -2.217419
v 10.010303 3.170425 0.677606
v 9.823619 3.005789 1.132867
v 10.071351 3.801098 -0.013819
v 6.549288 7.780568 -0.111712
v 10.138154 5.904418 -1.626554
v 7.091026 5.679598 1.443965
v 4.196504 10.459332 -0.146145
v 4.974064 8.755890 0.442511
v 7.961575 3.898946 2.270194
v 3.680671 11.136425 -0.024708
v 0.786305 6.153685 6.159846
v 1.550031 6.122302 6.088819
v 1.605566 6.741102 6.112507
v 9.526731 7.107959 -2.271696
v 9.509268 3.074996 1.579118
v 8.541687 7.860158 -1.938002
v 10.104662 3.595292 0.359685
v 9.028519 3.203594 1.961599
v 0.829550 7.111662 6.198646
v 1.255969 7.094795 6.159952
v 7.807465 7.911440 -1.112857
v 4.872495 6.693317 1.275056
v 6.011433 7.775441 0.531074
v 7.159135 7.813460 -0.636819
v 9.130507 7.410393 -2.317196
v 9.865155 6.829260 -2.115282
v 1.999193 11.406240 1.674404
v 6.623324 6.423101 1.355121
v -1.463302 5.444692 6.011200
v 7.672973 4.627056 2.248978
v 10.112963 3.934666 0.117165
v 8.449522 3.361939 2.407191
v 9.999551 3.121862 1.226534
v 10.097701 3.403993 0.772501
v 5.467032 8.020224 0.815713
v 1.023614 11.468559 1.703016
v 7.465292 5.665609 1.723186
v 10.152125 5.100259 -0.700788
v 1.738833 6.587652 6.065344
v 10.102634 4.351674 -0.083868
v 10.213936 5.831837 -1.144136
v 5.516920 7.201034 1.820312
v 10.166056 3.797741 0.402066
v 10.123091 6.606900 -1.850614
v 6.605419 7.712496 0.381645
v 8.407201 7.959361 -1.540569
v 9.845766 3.025713 1.740831
v 1.623174 6.561760 5.857900
v 1.183441 7.083717 6.037922
v 3.684935 6.473698 4.735164
v 7.942314 3.601611 2.968170
v 10.166055 4.053394 0.160827
v 6.082282 7.084895 1.370237
v 10.166055 3.644350 0.804133
v 2.919439 5.839854 5.449573
v 3.036696 6.507456 5.461717
v 4.585107 9.481687 0.787027
v 10.120782 4.353118 0.039343
v 9.021411 3.031300 2.600570
v 9.528672 3.034145 2.189793
v 1.251354 7.098921 6.159728
v 6.066559 7.532276 1.007332
v 7.773388 7.905217 -0.623236
v 5.009042 8.511069 1.270805
v 8.435183 3.088448 3.073497
v 10.095011 3.346280 1.271593
v 9.123037 7.853867 -2.098112
v 2.338758 6.554200 5.892363
v 3.007459 6.487049 5.477202
v 7.173305 7.815651 -0.144121
v 4.944630 7.505767 0.978019
v 9.410475 7.662105 -2.171830
v 10.166055 4.361332 0.080413
v 5.514038 7.711357 1.387150
v 7.647635 4.321847 2.920220
v 10.124744 4.934147 -0.000000
v 1.928553 7.301187 5.994457
v 10.140351 5.062529 -0.255610
v 7.182718 6.531258 1.370383
v 8.933278 7.969869 -1.857175
v 4.420434 7.051740 2.160472
v 1.510722 7.592148 6.055358
v 7.879624 3.279677 3.564391
v 2.846985 6.451124 5.189380
v 2.737236 6.993670 5.581964
v 3.273799 6.692952 5.238129
v 6.675709 7.111195 1.155122
v 7.585489 5.450552 2.262716
v 10.126311 4.781651 0.120620
v 6.658651 7.515182 0.817276
v 10.017647 3.168258 1.784478
v 10.166055 3.594375 1.286613
v 8.331136 7.986041 -1.086746
v 10.401389 4.034762 0.402066
v 9.737339 7.434856 -2.105434
v 10.401389 4.189324 0.160827
v 2.878697 11.219281 1.588566
v 10.166055 4.671581 0.160827
v 8.399711 2.802128 3.632084
v 4.966441 8.103023 0.439405
v 9.023211 2.803671 3.207134
v 0.865454 8.098515 6.034357
v 7.567574 3.986723 3.523775
v 10.401388 4.375497 0.080413
v 1.400019 7.567366 5.856804
v 7.831751 3.007265 3.978519
v 10.277851 6.473483 -1.480354
v 10.572170 4.211792 0.196566
v 10.401389 3.942025 0.804133
v 8.373596 2.565956 4.012365
v 7.856940 2.858500 4.130216
v 8.818104 8.026604 -1.496512
v 3.616275 7.123598 4.117865
v 10.575030 4.377427 0.118386
v 8.387337 2.442911 4.143754
v 7.914400 2.790772 4.155286
v 9.561834 2.922294 2.790929
v 10.401389 4.563067 0.160827
v 7.506643 3.698345 3.958211
v 8.417240 2.395201 4.172685
v 7.963338 2.761468 4.189534
v 10.045380 7.212398 -1.926030
v 4.157339 10.222173 1.130766
v 9.950209 3.124224 2.404640
v 7.212166 7.767166 0.332183
v 7.538703 3.533375 4.122093
v 10.229339 5.813935 -0.606081
v 10.569310 4.073975 0.430546
v 3.849493 7.175808 4.536159
v 7.619031 3.453507 4.136442
v 10.099537 3.407666 1.772939
v 8.439616 2.385035 4.245596
v 0.127939 2.910992 5.662887
v 2.093473 3.529317 5.287282
v 7.702903 3.420437 4.122285
v 7.551589 5.128083 2.909439
v 7.932551 2.722503 4.424848
v 9.023813 2.570741 3.713314
v 9.392576 7.949699 -2.004356
v 4.574857 9.132715 1.809314
v 0.984375 10.844824 3.232669
v 1.927750 10.791077 3.188246
v 3.614091 10.845365 1.416891
v 4.505566 7.915220 1.805939
v 3.782771 7.116553 4.633650
v 8.294175 7.980384 -0.610483
v 7.751666 3.450599 4.158627
v 9.643466 7.813234 -2.043026
v 9.023811 2.382752 4.052980
v 9.228711 8.028091 -1.795746
v 7.765476 7.907627 -0.146278
v 9.023813 2.289941 4.160000
v 10.572170 4.544361 0.196566
v 9.024015 2.261442 4.182941
v 10.166056 4.934167 0.402066
v 8.447482 2.376791 4.559386
v 1.680694 7.708242 6.021107
v 7.278972 7.233779 1.155195
v 10.572170 3.990496 0.819769
v 10.401388 3.911811 1.286613
v 10.401389 4.721821 0.402066
v 7.584300 6.535061 1.653785
v 10.130212 5.143120 0.365452
v 7.463556 4.791857 3.510237
v 8.754402 8.040566 -1.063618
v 10.294236 7.029011 -1.652797
v 10.140351 5.422217 0.255610
v 2.355666 8.320010 5.230048
v 7.729693 3.027415 4.691691
v 10.352769 6.408797 -1.030900
v 10.166055 3.648972 1.769092
v 10.056328 3.379158 2.250710
v 7.268090 7.609478 0.787209
v 3.171674 7.649934 4.986253
v 4.556643 8.609719 1.145370
v 9.024619 2.266387 4.270372
v 9.603375 2.768589 3.340016
v 9.935787 7.647188 -1.943313
v 2.498395 7.902174 5.601733
v -0.903526 5.475948 6.065107
v -0.738087 5.399845 6.070559
v 7.398273 4.505980 3.951442
v 9.132198 8.063911 -1.461119
v 1.706115 8.065397 5.961798
v 3.740670 7.801128 3.963944
v 10.859798 4.235652 0.515985
v 7.949058 2.510747 5.308243
v 0.900670 9.080047 5.531087
v 7.432624 4.334560 4.119384
v 7.523213 4.249008 4.126659
v 10.880637 4.379017 0.459026
v 7.700896 6.273716 2.230577
v 7.626646 4.220738 4.085863
v 9.586770 7.990098 -1.936872
v 10.200973 5.819218 -0.000000
v 7.726664 3.560427 4.324477
v 3.891053 7.394811 4.489005
v 10.569310 4.685977 0.430546
v 9.440006 8.046325 -1.752638
v 10.817582 4.139554 0.631393
v 2.184134 3.566048 5.195505
v 8.277015 7.982575 -0.145730
v 10.109206 3.606591 2.191046
v 10.575030 3.963017 1.286613
v 9.993730 3.100856 2.962269
v 9.647914 2.602178 3.794546
v 9.820271 7.893481 -1.942589
v 7.789669 7.871901 0.326766
v 9.025024 2.275504 4.596550
v 7.626104 3.267138 4.928735
v 3.316267 8.108010 4.162264
v 10.223942 7.480054 -1.736778
v 3.932228 7.844011 4.307518
v 7.702567 4.221120 4.088581
v 10.443548 6.918979 -1.304915
v 10.401389 4.821544 0.804133
v 7.674574 2.750275 5.401028
v 8.723292 8.036181 -0.599070
v 10.859799 4.092294 0.897948
v 2.102599 8.015601 5.852699
v 9.631192 2.384139 4.180351
v 9.660288 2.402921 4.176247
v 10.859799 4.523642 0.515985
v 9.083364 8.072658 -1.044399
v 9.359332 8.072750 -1.435234
v 10.166055 5.099114 0.804133
v 10.937428 4.220759 0.866677
v 9.713037 7.997685 -1.896382
v 8.433856 2.334849 5.310960
v 2.789126 10.629839 3.054976
v 4.101878 9.769900 2.344203
v 9.579192 8.036071 -1.726773
v 9.611238 2.380775 4.243764
v 1.773150 9.043320 5.463154
v 7.654616 5.899243 2.915619
v 7.666701 3.698211 4.581198
v 10.371169 6.392626 -0.528649
v 10.096092 7.776397 -1.809938
v 10.963575 4.381761 0.835405
v 9.931670 7.932547 -1.882326
v 10.401389 3.944819 1.769092
v 10.166056 3.809297 2.171159
v 9.663648 8.020402 -1.710982
v 9.787848 7.995904 -1.872875
v 7.710610 4.221525 4.226399
v 10.133156 5.360377 0.778297
v 10.140553 3.702020 2.724069
v 9.674028 2.465981 4.093596
v 7.851905 7.751265 0.804642
v 10.572170 3.993201 1.753456
v 10.572170 4.775660 0.819769
v 7.542263 3.021122 5.539319
v 9.509353 8.054590 -1.419704
v 10.817582 4.622252 0.631393
v 9.710750 8.022388 -1.698096
v 9.827676 8.008195 -1.856344
v 10.462334 7.340321 -1.454980
v 9.604987 2.368178 4.556639
v 9.993738 7.954782 -1.849003
v 3.886169 7.896648 4.375196
v 7.567574 5.563665 3.523775
v 10.107327 3.824104 2.524497
v 7.610591 3.812241 4.890154
v 9.848990 8.058003 -1.836777
v 9.600817 8.032482 -1.409836
v 9.324112 8.079962 -1.030011
v 10.880637 4.069800 1.286613
v 7.564814 3.476880 5.173225
v 4.029490 9.133889 3.392118
v 3.527501 10.307362 2.788437
v 7.864852 2.457999 6.282911
v 9.737880 8.065100 -1.680946
v 10.022551 7.984542 -1.829382
v 7.977409 7.436691 1.412449
v 10.517591 6.865312 -0.901047
v 10.082230 3.017184 3.453928
v 2.532641 8.359630 5.547467
v 10.937428 4.543606 0.866677
v 10.963575 4.209680 1.286613
v 10.192277 7.853923 -1.729912
v 3.939544 8.345516 4.172462
v 8.705879 8.037880 -0.143442
v 10.152125 5.689587 0.700788
v 7.506643 5.296953 3.958211
v 9.062534 8.069829 -0.589510
v -2.250110 5.400760 5.750662
v 9.868269 8.168771 -1.804166
v 9.652287 8.029484 -1.400942
v 7.568586 2.676372 6.282613
v 7.676188 4.221964 4.473192
v 10.369836 7.658768 -1.579069
v 10.034177 8.046176 -1.810227
v 7.538703 5.129080 4.122093
v 10.401388 4.860142 1.286613
v 10.121956 3.961493 2.440423
v 7.619031 5.042875 4.136442
v 9.024620 2.259520 5.335736
v 9.762413 8.171609 -1.652363
v 9.482741 8.060123 -1.021378
v 8.295910 7.959151 0.309473
v 7.702903 5.021166 4.122285
v 10.240370 7.905323 -1.687124
v 9.682323 8.068647 -1.388330
v 7.483976 3.290975 5.673120
v 8.387690 2.312259 6.281430
v 10.859798 4.673480 0.897948
v 7.751666 4.991875 4.158627
v 10.991359 4.385532 1.286613
v 10.859798 4.096451 1.675277
v 7.624712 4.222450 4.802825
v 10.044693 8.164040 -1.778302
v 10.166055 5.162956 1.286613
v 10.256402 7.956157 -1.665461
v 10.366241 6.420656 0.000000
v 3.595760 8.170578 4.663558
v 2.689602 9.844433 4.320778
v 9.579041 8.036350 -1.015952
v 7.726663 4.882921 4.324477
v 10.401389 4.041748 2.171159
v 8.011423 6.875650 2.254205
v 10.605371 7.256482 -1.129476
v 9.709486 8.173029 -1.367311
v 10.575030 4.810569 1.286613
v 10.166055 4.076505 2.412399
v 7.431349 2.943092 6.281723
v 10.569310 4.080533 2.142679
v 7.548601 3.883261 5.273485
v 9.632800 8.031849 -1.011183
v 10.256400 8.031984 -1.648810
v 2.589249 8.933142 5.259361
v 0.687295 5.258775 6.053850
v 0.127939 4.892483 6.041817
v 10.215875 2.823977 4.127443
v 10.090813 2.755093 4.185833
v 10.229339 6.070926 0.606081
v 7.529831 3.638776 5.389560
v 10.452053 7.775080 -1.484443
v 10.134855 2.770849 4.169253
v 7.666702 4.746023 4.581198
v 10.168000 2.913100 3.862239
v 10.240027 3.632924 3.098591
v 10.963575 4.561622 1.286613
v 9.663803 8.069830 -1.004524
v 10.190683 2.785185 4.189785
v 10.540627 6.851019 -0.459855
v 2.534638 8.359445 5.546927
v 10.597084 7.560518 -1.290132
v 10.132845 5.443505 1.275560
v 9.616998 2.321698 5.309129
v 9.050037 8.070925 -0.140377
v 9.939567 8.432183 -1.632940
v 9.313696 8.078548 -0.582316
v 3.320777 8.712782 4.851773
v 3.268474 8.250158 5.075389
v 10.256401 8.158363 -1.621057
v 10.486794 7.855809 -1.434998
v 10.937428 4.226824 1.706548
v 7.557322 4.223024 5.219560
v 8.367126 7.876645 0.757087
v 3.427523 9.577979 3.972530
v 7.385604 3.233874 6.281425
v 10.817582 4.146831 1.941832
v 10.131006 2.701503 4.415813
v 9.853948 8.442013 -1.508324
v 7.954775 6.482961 2.964172
v 9.478576 8.059557 -0.578000
v 10.880638 4.702210 1.286613
v 9.691845 8.173502 -0.993425
v 10.141252 4.410027 2.611651
v 10.166055 5.122225 1.769092
v 10.490252 7.927773 -1.412830
v 8.724669 8.023983 0.291190
v 10.130436 4.399319 2.522522
v 9.023814 2.253681 6.280244
v 9.577999 8.036208 -0.575842
v 10.083426 8.442013 -1.612339
v 10.572170 4.787865 1.753456
v 10.676888 7.215365 -0.771195
v 10.203482 4.409670 2.807250
v 10.401389 4.203296 2.412399
v 10.401389 4.835517 1.769092
v 9.811571 8.456757 -1.264639
v 9.990721 8.515967 -1.509303
v 10.478625 8.017793 -1.400037
v 7.309539 3.015981 7.024720
v 10.166055 4.395999 2.492812
v 10.150887 5.789232 1.242404
v 10.572170 4.224499 2.376659
v 9.307447 8.079096 -0.137499
v 10.963575 4.389540 1.737821
v 7.715263 2.525372 7.260550
v 10.937428 4.551861 1.706549
v 8.558223 7.739822 1.167700
v 7.879624 6.170736 3.564391
v 9.663803 8.069830 -0.575122
v 10.126989 5.402587 1.773651
v 7.610590 4.632902 4.890154
v 9.632799 8.031849 -0.575122
v 10.668185 7.709288 -1.191223
v 10.733435 7.501567 -0.983277
v 9.946939 8.552243 -1.397730
v 10.859799 4.682153 1.675277
v 10.859799 4.246289 2.057240
v 10.366333 3.583435 3.530655
v 10.223945 6.171640 1.169570
v 7.287232 3.284929 6.889731
v 10.468109 8.152686 -1.378715
v 10.371169 6.488576 0.528649
v 10.099287 8.552242 -1.466784
v 10.539396 6.863085 0.000000
v 10.256401 8.451842 -1.485360
v 7.831751 5.938046 3.978519
v 7.419007 2.753069 7.166574
v 3.359513 4.533074 4.409921
v 10.692058 7.814524 -1.140383
v 9.691843 8.173501 -0.575122
v 7.856940 5.783960 4.130216
v 10.166056 4.973456 2.171159
v 7.914400 5.700665 4.155286
v 10.322124 4.379794 3.156370
v 9.476076 8.059777 -0.135773
v 10.166055 4.713182 2.412399
v 9.797445 8.461671 -0.928036
v 9.914899 8.579098 -1.173071
v 9.069710 8.061465 0.282805
v 10.401388 4.396456 2.492812
v 7.470096 3.575912 5.758950
v 8.297935 2.362069 7.251909
v 8.802156 7.972815 0.692751
v 10.569310 4.706786 2.142679
v 10.700727 7.203801 -0.391060
v 7.385604 3.546959 6.281425
v 10.401389 4.745574 2.171159
v 7.963338 5.680349 4.189534
v 10.575030 4.396159 2.454839
v 10.127302 4.847015 2.438795
v 10.880638 4.392994 2.114199
v 9.632800 8.031849 -0.139061
v 10.663810 8.005966 -1.111422
v 7.626104 5.178073 4.928734
v 10.108458 2.475474 5.302636
v 7.729693 5.417013 4.691691
v 10.089323 8.618942 -1.285427
v 10.127458 5.774127 1.787330
v 10.859798 4.538795 2.057240
v 10.817582 4.636464 1.941832
v 8.647935 7.335092 1.858351
v 10.401389 4.588218 2.412399
v 10.685128 7.904119 -1.119739
v 10.256400 8.570147 -1.352868
v 10.122750 5.212223 2.189190
v 9.577375 8.036263 -0.136019
v 10.801609 7.472494 -0.662984
v 10.354679 3.416235 4.116639
v 10.797866 7.669812 -0.895558
v 9.659937 2.296794 6.281431
v 10.322668 3.437697 4.143480
v 10.429377 8.442013 -1.290845
v 10.572170 4.566569 2.376659
v 10.355785 6.562230 1.039484
v 10.431084 3.429129 4.153985
v 10.540981 3.465070 4.147750
v 10.128708 5.043860 2.517985
v 9.904220 8.588049 -0.858810
v 10.480052 3.520172 3.902854
v 9.328089 8.071528 0.279942
v 10.644533 8.147955 -1.097560
v 10.072165 8.652643 -1.053260
v 10.508923 3.440064 4.197908
v 9.797448 8.461671 -0.544973
v 8.509299 7.035455 2.435242
v 7.564814 4.969045 5.173225
v 10.815220 7.789753 -0.851038
v 10.256401 8.641410 -1.160180
v 10.540627 6.888496 0.459855
v 9.496855 8.054101 0.278223
v 9.145393 8.026971 0.659840
v 10.110506 5.555321 2.243284
v 7.200249 3.260454 7.638641
v 10.461034 4.335522 3.559315
v 7.932550 5.720863 4.424847
v 8.973678 7.872254 1.041321
v 10.700727 7.208618 0.000000
v 10.413515 8.552243 -1.189680
v 10.178191 6.191027 1.728289
v 7.206394 3.468352 7.389627
v 7.548601 4.562937 5.273485
v 7.529831 4.807744 5.389560
v 9.649215 8.026698 0.273795
v 10.774922 7.998869 -0.830478
v 7.262096 3.033809 7.889257
v 9.023005 2.293230 7.222391
v 10.824335 7.463873 -0.333732
v 10.802052 7.889927 -0.834438
v 10.862704 7.650236 -0.598058
v 9.663804 8.069830 -0.145721
v 9.675611 8.064469 0.263490
v 10.361461 2.970043 4.667007
v 10.172626 5.197761 2.714303
v 9.596925 8.031664 0.276544
v 10.066446 8.663877 -0.755274
v 10.573234 8.432183 -1.062141
v 8.936750 7.553447 1.511902
v 10.750389 8.145117 -0.823877
v 9.904218 8.588049 -0.499750
v 9.691844 8.173501 -0.156820
v 9.698007 8.170243 0.239141
v 10.256401 8.677217 -0.917476
v 8.399711 6.481659 3.632084
v 10.423480 8.618942 -1.010754
v 9.398347 8.045765 0.645508
v 10.700727 7.216648 0.391060
v 7.470095 4.871628 5.758950
v 10.516157 6.928850 0.888203
v 8.450126 6.726866 3.080510
v 9.797445 8.461671 -0.161911
v 10.876797 7.777408 -0.565646
v 10.522081 8.515967 -1.046102
v 10.261411 5.202763 3.092080
v 10.289926 6.607465 1.514692
v 9.300927 7.952963 0.970530
v 7.542262 5.425799 5.539319
v 9.562529 8.035848 0.636908
v 8.373596 6.296042 4.012365
v 10.658854 8.442013 -0.832597
v 10.830477 7.995321 -0.555286
v 10.884318 7.644138 -0.299335
v 10.378013 3.529830 4.292124
v 8.219691 2.465170 8.006182
v 7.473415 2.772259 8.173141
v 10.860516 7.882831 -0.554978
v 10.064900 6.117989 2.363488
v 10.824334 7.466282 0.000000
v 9.656409 8.017561 0.634875
v 10.565862 8.552242 -0.885457
v 10.584069 4.291980 3.916392
v 9.274552 7.710182 1.316982
v 8.387337 6.166224 4.143754
v 8.417240 6.087936 4.172685
v 9.187407 7.089515 2.142313
v 10.256399 8.689153 -0.634938
v 9.389663 7.307107 1.763797
v 7.674575 5.696198 5.401029
v 10.396462 2.674935 5.387752
v 9.711033 8.048385 0.632320
v 10.440636 8.652643 -0.777991
v 10.803315 8.143698 -0.555799
v 9.797446 8.461671 0.195446
v 9.904220 8.588050 -0.140690
v 10.432686 4.220843 4.079225
v 7.483975 5.156333 5.673120
v 9.716494 8.160466 0.590418
v 9.698456 8.011245 0.640242
v 8.439615 6.056911 4.245596
v 10.897326 7.773400 -0.282889
v 10.502521 3.166250 4.865053
v 10.375234 4.221394 4.071471
v 0.000000 6.153686 6.159846
v 0.000000 7.111663 6.198646
v 9.540946 7.991731 0.934700
v 7.160617 3.808360 7.672696
v 10.824335 7.470297 0.333732
v 1.023343 3.095751 5.706788
v 9.081515 6.875709 2.664021
v 10.674806 7.239346 0.751783
v 10.437819 6.985745 1.253539
v 10.182773 2.418139 6.282911
v 10.597901 8.579098 -0.661958
v 10.848998 7.994139 -0.283930
v 10.701231 8.456757 -0.596534
v 10.884317 7.645102 0.000000
v 10.880002 7.880466 -0.279414
v 10.527342 4.224041 4.145308
v 7.126897 3.697178 7.993811
v 9.560150 7.824961 1.194681
v 7.949058 5.935391 5.308243
v 10.649351 4.256042 4.154520
v 9.694708 7.998339 0.913202
v 10.122871 6.718709 1.839088
v 10.446354 8.663877 -0.515318
v 10.371679 5.141626 3.529028
v 10.820958 8.143225 -0.291456
v 9.778654 7.990309 0.907019
v 10.615003 4.234585 4.200616
v 10.480645 3.644741 4.495123
v 9.635274 7.507254 1.500285
v 9.809234 7.985163 0.917138
v 9.797445 8.461671 0.501393
v 9.904218 8.588050 0.194165
v 9.803910 6.990392 1.897491
v 10.897325 7.773641 -0.001449
v 10.033766 5.962328 2.964116
v 9.739072 8.152056 0.851771
v 10.880004 7.880465 -0.005796
v 10.399179 4.222094 4.191147
v 10.884318 7.646708 0.299335
v 9.038239 6.679100 3.222997
v 9.668877 6.708707 2.319313
v 7.156009 3.499177 8.528490
v 9.022602 2.376127 7.955828
v 9.778610 7.899345 1.123020
v 10.608582 8.588050 -0.413924
v 9.796050 8.010074 0.951857
v 10.800568 7.484484 0.644292
v 10.848997 7.994138 -0.014491
v 10.715355 8.461671 -0.348271
v 8.447482 6.066795 4.559386
v 10.597040 7.288167 1.051831
v 10.554627 2.886686 5.505588
v 9.986324 7.284131 1.571779
v 10.272309 7.092923 1.500014
v 7.134105 3.572032 8.287012
v 7.431349 5.506358 6.284639
v 0.730331 5.278572 6.056194
v 1.159405 5.475948 6.042056
v 9.871216 7.668723 1.323588
v 9.904220 8.588049 0.480609
v 9.746461 2.348923 7.253739
v 10.897326 7.774043 0.279990
v 10.590495 3.734539 4.685032
v 10.820959 8.143225 -0.028982
v 9.615068 6.518989 2.830871
v 9.915007 7.934892 1.080023
v 8.208061 2.602451 8.328032
v 10.446354 8.663877 -0.237690
v 9.797448 8.461671 0.730223
v 9.986498 7.946265 1.061020
v 9.757499 8.152897 0.977958
v 7.385604 5.215115 6.281425
v 9.023813 6.513095 3.713314
v 10.615269 3.325790 5.027116
v 10.880002 7.880466 0.267821
v 10.010257 7.948123 1.061338
v 7.539763 2.939109 8.473919
v 10.477267 4.222852 4.377809
v 9.844301 8.023786 1.038128
v 10.862288 7.655032 0.579797
v 7.146495 4.226538 7.760026
v 10.441504 7.374569 1.260866
v 10.480051 5.097113 3.902854
v 10.608582 8.588049 -0.153623
v 10.848998 7.994139 0.254948
v 10.715355 8.461671 -0.093909
v 10.014262 7.947316 1.070817
v 10.479041 2.594257 6.282614
v 10.063808 7.787165 1.212514
v 9.773655 8.158219 1.015957
v 10.182282 7.510007 1.348551
v 10.729269 7.517411 0.908509
v 9.865823 8.032175 1.058286
v 9.023813 6.279204 4.160000
v 9.024016 6.211714 4.182941
v 10.322668 5.005293 4.143480
v 7.301113 4.877977 6.803902
v 7.241378 4.817740 7.173292
v 7.568586 5.774450 6.294282
v 9.797447 8.461671 0.856232
v 10.026500 7.950692 1.079298
v 9.904218 8.588049 0.694438
v 10.097723 8.250852 0.621992
v 10.119694 8.210276 0.651535
v 10.092238 5.869725 3.454390
v 10.170091 8.246092 0.587080
v 10.820958 8.143225 0.233492
v 10.877462 7.778167 0.545505
v 7.222606 4.570628 7.289366
v 10.175075 8.192708 0.636576
v 10.040488 7.957642 1.078921
v 10.378014 4.914634 4.292124
v 10.446354 8.663877 0.039938
v 10.256402 8.184037 0.625443
v 10.102959 8.369182 0.581018
v 10.256402 8.241331 0.572103
v 10.179363 7.858230 1.145870
v 9.801145 8.460449 0.907079
v 10.172628 8.373942 0.543026
v 9.983822 8.224351 0.884593
v 10.431085 5.020645 4.153985
v 10.656561 3.077330 5.597257
v 7.099205 4.229618 8.109629
v 10.037472 8.152963 0.905368
v 10.863586 7.881067 0.528623
v 10.237142 7.895785 1.112337
v 9.616684 6.387802 3.350002
v 10.127732 8.409759 0.582515
v 10.586670 7.577642 1.103212
v 9.024619 6.175621 4.270372
v 10.337729 8.192708 0.625281
v 10.796199 7.676150 0.822516
v 10.256401 7.920898 1.097637
v 10.714436 3.802901 4.833068
v 10.349006 7.673745 1.205230
v 10.342711 8.246092 0.575093
v 10.256400 8.378703 0.524958
v 10.180310 8.427327 0.555692
v 9.023812 6.379271 4.052981
v 10.256402 7.926332 1.090441
v 9.904220 8.588050 0.811446
v 10.256402 7.932799 1.077141
v 10.608582 8.588050 0.106677
v 8.224962 2.743099 8.382001
v 7.287233 5.165743 6.889731
v 10.715355 8.461671 0.160453
v 9.997149 8.395683 0.824867
v 10.582236 4.223579 4.571005
v 10.837190 7.992676 0.512961
v 7.562128 3.074254 8.536985
v 10.340174 8.373942 0.531392
v 7.166373 3.544870 8.694443
v 10.256400 7.913694 1.100597
v 10.256400 8.435997 0.538972
v 10.393112 8.210276 0.632549
v 10.540981 5.063677 4.147750
v 10.726824 3.450765 5.143431
v 9.023005 2.500333 8.274201
v 9.907057 8.585810 0.858201
v 10.415081 8.250852 0.599955
v 10.480645 4.801275 4.495123
v 10.817875 7.789575 0.779172
v 10.332491 8.427327 0.545125
v 10.354678 5.025558 4.116639
v 10.057460 8.467072 0.796179
v 10.814796 8.141934 0.482331
v 10.443722 7.781072 1.119237
v 10.409843 8.369182 0.559708
v 10.664020 7.716138 1.008620
v 10.508923 5.035770 4.197908
v 7.572736 3.174505 8.514959
v 8.232318 2.856308 8.332633
v 10.446356 8.663877 0.298450
v 7.077340 4.237824 8.416327
v 10.385071 8.409759 0.564646
v 10.487785 7.849224 1.076431
v 10.814346 7.882872 0.763795
v 10.627300 2.795273 6.281723
v 10.472314 7.955826 1.052225
v 10.149099 8.509905 0.775116
v 10.710308 4.224208 4.729615
v 10.498542 7.925063 1.062517
v 7.171326 3.637344 8.789638
v 10.486301 7.943425 1.060529
v 7.589545 3.229085 8.497231
v 8.241484 2.923164 8.296674
v 8.433856 6.111236 5.310960
v 7.864853 5.994449 6.306492
v 10.502548 7.895442 1.062671
v 10.695627 7.812012 0.962357
v 10.801772 7.988286 0.748124
v 10.608581 8.588050 0.348946
v 10.715355 8.461671 0.397153
v 10.067976 8.661026 0.822974
v 7.630507 3.227219 8.573195
v 10.377031 8.110129 0.896490
v 10.475330 8.152962 0.874964
v 7.176989 3.704832 8.818837
v 10.864301 3.543275 5.204229
v 10.168000 5.804160 3.862239
v 10.747470 3.236717 5.660701
v 10.322472 2.490111 7.266158
v 9.647914 6.281708 3.794546
v 9.025024 6.168182 4.596550
v 7.309539 5.436909 7.036389
v 10.066446 8.663876 0.781199
v 10.703568 7.887217 0.949692
v 10.796308 8.138062 0.703898
v 10.590494 4.712911 4.685032
v 7.126896 4.761241 8.005482
v 8.263827 2.924755 8.390868
v 9.023611 2.635241 8.329041
v 7.160617 4.644476 7.672695
v 10.528981 8.224351 0.846738
v 10.446354 8.663877 0.518731
v 10.859344 3.853505 4.910449
v 0.000000 10.844825 3.232669
v 7.066781 4.254777 8.681859
v 7.250516 3.731324 8.877073
v 7.688341 3.187490 8.725493
v 10.716752 7.974226 0.957870
v 10.646980 8.029450 1.010157
v 10.668504 8.012886 1.005350
v 1.465117 5.458878 6.012825
v 7.206394 4.983701 7.389627
v 9.631192 6.079022 4.180351
v 7.198381 3.738953 8.831498
v 9.611239 6.061245 4.243764
v 10.256401 8.686098 0.803063
v 9.023812 2.750243 8.271857
v 10.608582 8.588050 0.555148
v 10.715355 8.461671 0.598531
v 9.674028 6.196066 4.093596
v 10.515654 8.395683 0.788863
v 10.090814 5.686864 4.185833
v 8.295373 2.882448 8.584190
v 10.773732 8.137372 0.867062
v 10.706111 2.991312 6.281426
v 9.023811 2.821190 8.229821
v 10.256399 8.689153 0.766445
v 9.823090 2.456564 8.008927
v 7.324121 3.695893 8.960999
v 10.134856 5.683965 4.169253
v 7.200249 5.195766 7.656143
v 11.004670 3.897224 4.981224
v 10.446354 8.663877 0.681665
v 10.755302 8.145630 0.940690
v 10.872559 3.354700 5.693864
v 10.857691 4.224674 4.812522
v 7.755762 3.128482 8.936771
v 10.739148 8.156402 0.956919
v 7.053406 4.284096 8.907963
v 9.660289 6.126234 4.176247
v 10.215875 5.754758 4.127443
v 10.444826 8.661026 0.800135
v 11.003765 3.623539 5.260755
v 10.715355 8.461671 0.746923
v 10.608582 8.588049 0.707253
v 10.190684 5.710645 4.189785
v 10.446354 8.663877 0.768136
v 9.604987 6.075547 4.556639
v 9.023811 2.823934 8.330092
v 10.361461 5.475475 4.667007
v 7.409931 3.646606 9.088710
v 8.332149 2.817608 8.845608
v 10.710868 2.881230 7.058450
v 10.131006 5.742258 4.415813
v 7.043931 4.316130 9.080040
v 7.419007 5.705739 7.213249
v 10.608582 8.588050 0.787227
v 10.772245 3.162613 6.281426
v 10.715356 8.461671 0.824670
v 10.714437 4.645767 4.833068
v 8.387690 6.141415 6.317410
v 11.006398 4.225040 4.887619
v 10.605742 8.585810 0.815858
v 10.605206 2.677759 7.179850
v 7.825485 3.068779 9.189674
v 10.859344 4.596065 4.910449
v 10.711657 8.460449 0.851898
v 11.129860 3.944932 5.109447
v 7.134104 4.901272 8.333688
v 11.007975 3.457926 5.724930
v 10.502521 5.280758 4.865054
v 7.045073 4.341225 9.183490
v 9.023811 2.780767 8.537088
v 9.024620 6.186655 5.335736
v 7.498668 3.597410 9.265645
v 11.121286 3.711777 5.364252
v 7.123852 4.336251 9.241725
v 8.370179 2.751601 9.144094
v 11.138433 4.225373 5.022799
v 10.755661 3.069889 6.965594
v 9.836335 2.598194 8.329864
v 11.004669 4.553049 4.981224
v 10.882469 3.289414 6.281425
v 7.202716 4.305977 9.243603
v 7.262096 5.433527 7.959270
v 7.890225 3.026966 9.466850
v 9.023811 2.713983 8.815221
v 11.129861 3.573044 5.782083
v 11.226001 3.973590 5.354036
v 10.615269 5.122539 5.027116
v 7.294654 4.268355 9.271037
v 9.821856 2.742036 8.382459
v 7.067992 4.350795 9.232617
v 9.616998 6.124574 5.309128
v 7.156009 5.007073 8.671434
v 7.581066 3.562252 9.497237
v 10.797022 3.230307 6.902149
v 9.815307 2.856308 8.332634
v 11.194364 3.798306 5.496474
v 2.747197 5.174132 5.397062
v 8.405493 2.705794 9.448618
v 2.505989 5.400760 5.597468
v 11.241614 4.225743 5.283393
v 11.012595 3.400940 6.281425
v 9.783796 2.924755 8.390869
v 7.389729 4.231766 9.356808
v 7.715263 5.940264 7.354874
v 10.864301 4.906962 5.204229
v 9.023811 2.645875 9.128900
v 7.949220 3.006966 9.731839
v 11.129860 4.505963 5.109446
v 9.752250 2.882448 8.584190
v 11.226001 3.730355 5.815137
v 10.892381 3.349052 6.868987
v 10.726824 4.998661 5.143431
v 10.558279 2.751274 8.182176
v 7.166373 5.021148 9.032841
v 10.108458 5.971175 5.302636
v 7.656152 3.543178 9.739434
v 11.284176 3.960156 5.773910
v 8.437673 2.685239 9.727279
v 9.806141 2.923164 8.296673
v 11.138436 3.526415 6.281426
v 10.742001 2.976478 7.913941
v 7.478014 4.204594 9.533702
v 9.715475 2.817608 8.845608
v 11.003765 4.827318 5.260755
v 9.023812 2.598738 9.442538
v 11.012932 3.453136 6.837921
v 8.001707 3.012705 9.948185
v 7.171324 4.994372 9.348286
v 11.226001 4.477992 5.354036
v 11.303771 4.226221 5.734725
v 10.396463 5.772644 5.387752
v 10.788423 3.159100 7.702322
v 8.297935 6.108516 7.395824
v 7.722951 3.542234 9.948186
v 8.466301 2.694987 9.948187
v 7.176990 4.977618 9.548142
v 9.677444 2.751601 9.144094
v 11.241617 3.696738 6.281426
v 9.023814 6.200558 6.322545
v 11.121286 4.739599 5.364252
v 10.554627 5.562050 5.505588
v 7.558462 4.186631 9.748550
v 7.473416 5.721323 8.403408
v 10.796952 3.315215 7.535734
v 11.129864 3.569570 6.780769
v 7.250516 4.941178 9.606380
v 7.324121 4.916061 9.526211
v 9.023811 2.577997 9.725760
v 8.046918 3.048107 10.079435
v 10.656561 5.372465 5.597257
v 8.540331 3.736848 8.806811
v 8.482018 3.661480 8.915482
v 8.760350 3.601626 8.799129
v 8.333937 3.924883 8.913562
v 11.303772 3.942809 6.281426
v 8.450022 3.612499 9.050500
v 8.728354 3.503952 8.913562
v 7.409931 4.890103 9.453363
v 10.817669 3.441654 7.419420
v 8.293533 3.898283 9.050501
v 8.407197 3.965643 8.799129
v 8.710835 3.441028 9.050501
v 10.747469 5.213971 5.660701
v 8.779969 3.753482 8.712962
v 8.421768 3.577114 9.193762
v 8.540331 3.992889 8.712962
v 8.490960 2.740090 10.079436
v 10.501336 2.932739 8.477620
v 7.498668 4.866123 9.447971
v 11.194364 4.653476 5.496474
v 8.257573 3.878982 9.193761
v 9.642131 2.705794 9.448618
v 8.695425 3.395993 9.193761
v 9.023814 3.451656 8.911640
v 10.872560 5.096650 5.693864
v 9.659937 6.157088 6.317409
v 8.374677 3.542536 9.327152
v 8.284460 4.241224 8.911639
v 8.669738 3.351985 9.327151
v 7.780492 3.561468 10.079436
v 8.760350 3.978950 8.660824
v 10.900640 3.535248 7.358620
v 9.023814 3.720845 8.698967
v 8.504595 4.241224 8.698968
v 11.226004 3.728414 6.747713
v 11.284176 4.492322 5.773910
v 8.084090 3.117097 10.089132
v 8.511237 2.825601 10.089133
v 8.197639 3.860121 9.327150
v 8.316596 3.503189 9.456518
v 7.630033 4.177670 9.948185
v 8.638058 3.302269 9.456519
v 9.023813 3.557409 8.791446
v 9.023813 3.383871 9.050501
v 8.241371 4.241224 9.050501
v 9.023813 2.589081 9.948185
v 8.123719 3.838054 9.456519
v 8.255378 3.453494 9.587708
v 8.362353 4.241224 8.791446
v 8.604666 3.240110 9.587708
v 8.198868 3.387874 9.726562
v 11.007975 4.993914 5.724930
v 10.483866 3.072662 8.537910
v 7.973884 3.769710 9.726562
v 8.118373 3.205904 10.011042
v 8.529936 2.934938 10.011042
v 8.154917 3.300754 9.878931
v 8.573843 3.158773 9.726562
v 11.324590 4.226740 6.281425
v 7.827802 3.602925 10.089133
v 7.198381 4.962636 9.633735
v 8.549870 3.051522 9.878930
v 8.045805 3.809133 9.587707
v 7.917945 3.716139 9.878929
v 10.474886 3.174505 8.514959
v 7.871436 3.657514 10.011042
v 8.202842 4.241224 9.193761
v 8.740730 4.241224 8.643262
v 9.023813 3.288468 9.327150
v 9.023813 3.961684 8.643262
v 9.023812 3.335619 9.193760
v 7.539763 5.624651 9.103066
v 10.417116 3.227219 8.573195
v 11.012853 3.616746 7.302097
v 11.129861 4.879178 5.782083
v 9.609952 2.685239 9.727279
v 8.138627 4.241224 9.327150
v 9.287275 3.601626 8.799129
v 9.023812 3.235296 9.456517
v 8.407198 4.516805 8.799129
v 9.023811 2.728435 10.089131
v 10.359282 3.187490 8.725493
v 9.023811 3.168983 9.587710
v 9.023811 2.637418 10.079436
v 11.226001 4.722095 5.815138
v 7.975946 4.235899 9.587710
v 9.336790 3.441028 9.050501
v 7.581066 4.846937 9.570168
v 9.023812 3.082406 9.726562
v 7.898888 4.227913 9.726562
v 8.333938 4.557564 8.913562
v 9.023813 2.844616 10.011041
v 9.267657 3.753482 8.712962
v 11.121292 3.706898 7.198599
v 9.319275 3.503952 8.913562
v 8.540331 4.489558 8.712962
v 9.023811 2.968445 9.878930
v 8.059427 4.239893 9.456518
v 7.691681 4.177501 10.079436
v 9.023814 4.241224 8.624602
v 7.838953 4.214603 9.878930
v 9.352202 3.395993 9.193761
v 10.291862 3.128482 8.936771
v 9.023005 6.179407 7.391588
v 7.789124 4.199445 10.011041
v 7.742374 4.185919 10.089131
v 8.293533 4.584165 9.050501
v 9.581324 2.694987 9.948186
v 11.194366 3.795470 7.066379
v 8.219691 6.039975 8.392226
v 11.284178 3.959728 6.788941
v 9.287275 3.978950 8.660823
v 8.760349 4.503497 8.660823
v 10.458079 3.229085 8.497232
v 11.303772 4.510645 6.281426
v 9.377887 3.351985 9.327150
v 10.222138 3.068779 9.189674
v 10.182773 6.034848 6.306492
v 9.507298 3.736848 8.806811
v 8.197639 4.622326 9.327151
v 9.565609 3.661480 8.915482
v 8.257573 4.603465 9.193761
v 8.540331 4.745599 8.806811
v 10.772245 5.289590 6.281426
v 9.409568 3.302269 9.456519
v 9.556664 2.740090 10.079436
v 8.123719 4.641731 9.456519
v 10.830055 3.798511 7.729782
v 10.706111 5.460242 6.281426
v 10.882468 5.163270 6.281425
v 10.821728 3.729443 7.877817
v 7.722951 4.813105 9.948187
v 7.656152 4.830085 9.757667
v 10.479041 5.857684 6.294282
v 10.627300 5.656011 6.284640
v 9.597604 3.612499 9.050500
v 10.843053 3.643426 8.079886
v 8.045805 4.662666 9.587707
v 11.012595 5.052081 6.281425
v 9.442959 3.240110 9.587707
v 7.562128 5.556898 9.563362
v 11.138436 4.926825 6.281426
v 8.482018 4.820967 8.915482
v 9.023813 4.520763 8.643262
v 9.306896 4.241224 8.643262
v 10.864909 3.486282 8.543636
v 10.157396 3.026966 9.466850
v 7.973884 4.686116 9.726562
v 9.497755 3.051522 9.878929
v 10.905596 3.849637 7.652402
v 9.507298 3.992889 8.712962
v 11.241617 4.756635 6.281425
v 8.779969 4.728965 8.712962
v 9.625859 3.577114 9.193762
v 9.536387 2.825601 10.089133
v 9.517687 2.934938 10.011042
v 11.303774 4.227232 6.828128
v 7.755762 5.408227 9.605303
v 7.917945 4.713066 9.878929
v 8.450022 4.869949 9.050500
v 7.780492 4.793535 10.079436
v 7.572736 5.507946 9.852020
v 7.688341 5.424464 9.761716
v 9.640429 3.965643 8.799129
v 9.473783 3.158773 9.726562
v 11.129866 3.942785 7.453405
v 11.226005 3.972518 7.208816
v 11.284178 4.494651 6.788942
v 9.287276 4.503497 8.660823
v 7.825485 5.394753 9.523940
v 7.871436 4.741377 10.011042
v 7.630507 5.445284 9.910256
v 7.827803 4.768913 10.089133
v 10.098402 3.006966 9.731839
v 9.713691 3.924883 8.913562
v 8.760349 4.880821 8.799129
v 9.672951 3.542536 9.327152
v 11.016236 3.894001 7.581629
v 8.374677 4.939911 9.327152
v 9.543033 4.241224 8.698967
v 9.023814 4.761602 8.698967
v 10.856470 3.541453 8.319366
v 8.421768 4.905334 9.193762
v 11.226004 4.725842 6.747713
v 9.754091 3.898283 9.050501
v 7.890225 5.382223 9.600555
v 10.871297 3.540670 8.700089
v 8.316596 4.976597 9.456518
v 9.731029 3.503189 9.456518
v 8.728354 4.978496 8.913562
v 10.045917 3.012705 9.948185
v 9.267657 4.728965 8.712962
v 9.507297 4.489558 8.712962
v 8.255378 5.018305 9.587708
v 11.129864 4.884666 6.780769
v 11.241620 4.227630 7.279458
v 9.790054 3.878982 9.193761
v 11.012932 5.001061 6.837921
v 10.892381 5.104967 6.868988
v 10.873812 3.636294 8.791049
v 9.848757 3.387874 9.726562
v 9.685273 4.241224 8.791446
v 10.834185 4.227995 7.833237
v 9.023813 4.925039 8.791446
v 8.198869 5.067952 9.726563
v 8.710835 5.041419 9.050501
v 10.797022 5.223411 6.902149
v 10.000707 3.048107 10.079435
v 10.870637 3.704832 8.818837
v 7.589545 5.472504 9.967999
v 10.907248 4.228010 7.750330
v 9.792248 3.453494 9.587708
v 10.797108 3.731324 8.877072
v 7.949220 5.366297 9.765265
v 11.226004 4.482607 7.208816
v 9.892708 3.300754 9.878931
v 10.723501 3.695893 8.960999
v 9.763166 4.241224 8.911640
v 11.138440 4.227867 7.540051
v 9.746461 6.121849 7.397657
v 9.022602 6.132059 8.391952
v 10.637693 3.646606 9.088710
v 9.023813 5.030791 8.911640
v 9.929252 3.205904 10.011042
v 10.829987 4.227975 7.991847
v 9.963534 3.117097 10.089132
v 10.755662 5.383423 6.965594
v 9.640429 4.516805 8.799129
v 9.287275 4.880821 8.799129
v 11.194366 4.659372 7.066379
v 8.208061 5.963228 9.152634
v 10.548955 3.597410 9.265645
v 9.849987 3.860121 9.327151
v 8.669738 5.130462 9.327150
v 8.154918 5.128452 9.878931
v 8.695426 5.086454 9.193761
v 11.018792 4.227981 7.675232
v 9.806256 4.241224 9.050501
v 10.710868 5.573501 7.070119
v 8.046918 5.306896 10.079435
v 10.864637 4.230564 8.205011
v 9.507297 4.745599 8.806811
v 8.118373 5.192987 10.011042
v 10.466558 3.562251 9.497237
v 8.638058 5.177516 9.456519
v 11.121292 4.748162 7.198599
v 9.923905 3.838054 9.456519
v 11.129866 4.512778 7.453406
v 8.084090 5.254741 10.089132
v 10.605206 5.782143 7.226526
v 9.844784 4.241224 9.193760
v 8.001707 5.342634 9.948185
v 11.012854 4.838429 7.302097
v 9.023814 5.098576 9.050501
v 10.905597 4.606162 7.652402
v 11.016236 4.561763 7.581628
v 10.900640 4.919883 7.358621
v 10.849242 3.738953 8.831498
v 8.604667 5.231689 9.587707
v 9.713690 4.557564 8.913562
v 9.319275 4.978496 8.913562
v 10.391473 3.543178 9.739434
v 10.908124 4.238375 8.451579
v 8.332148 5.719101 9.696465
v 8.370179 5.711931 9.569523
v 10.830054 4.657227 7.729782
v 10.817668 5.013326 7.419421
v 9.565609 4.820967 8.915482
v 10.073742 3.769710 9.726562
v 10.821728 4.726214 7.877818
v 8.224962 5.888532 9.694266
v 10.322472 5.976031 7.360481
v 10.001820 3.809133 9.587708
v 8.573843 5.297053 9.726562
v 9.023812 5.146828 9.193760
v 9.336790 5.041419 9.050501
v 8.295373 5.729506 9.903019
v 9.023813 5.193979 9.327150
v 10.324674 3.542234 9.948187
v 9.754092 4.584165 9.050501
v 8.405493 5.703394 9.618788
v 9.909000 4.241224 9.327150
v 10.129680 3.716139 9.878930
v 10.796952 5.139563 7.535734
v 10.950671 4.255042 8.698970
v 9.597604 4.869949 9.050500
v 8.232316 5.826142 10.034347
v 10.176188 3.657514 10.011042
v 8.263829 5.747747 10.092584
v 9.023813 5.244489 9.456517
v 9.352202 5.086454 9.193761
v 10.267132 3.561468 10.079436
v 10.219822 3.602925 10.089133
v 9.023005 6.067368 9.172708
v 9.790054 4.603465 9.193761
v 8.437672 5.688024 9.769822
v 8.549870 5.377683 9.878929
v 9.988199 4.239893 9.456517
v 10.843053 4.816868 8.091558
v 10.071676 4.235899 9.587710
v 10.982515 4.284198 8.914600
v 9.023811 5.302816 9.587710
v 10.788423 5.298969 7.719825
v 9.625859 4.905333 9.193762
v 8.529937 5.463953 10.011042
v 8.466300 5.660352 9.948186
v 9.849987 4.622326 9.327150
v 8.511237 5.546238 10.089133
v 9.377887 5.130462 9.327151
v 10.657893 4.231766 9.356808
v 10.752970 4.268354 9.271037
v 10.148736 4.227913 9.726562
v 9.823091 6.048719 8.394973
v 11.000769 4.316156 9.081700
v 9.023812 5.373421 9.726562
v 10.844909 4.305977 9.243605
v 9.923905 4.641731 9.456519
v 10.569610 4.204594 9.533702
v 9.672951 4.939911 9.327152
v 8.241484 5.778425 10.168559
v 10.923773 4.336251 9.241725
v 11.002551 4.341225 9.183490
v 10.742002 5.491923 7.983953
v 10.856471 4.932933 8.366041
v 10.208670 4.214603 9.878930
v 9.409567 5.177516 9.456519
v 10.489161 4.186631 9.748550
v 8.490960 5.614913 10.079436
v 9.023811 5.817657 9.584716
v 10.001820 4.662666 9.587707
v 9.731028 4.976597 9.456518
v 9.023812 5.822726 9.726853
v 10.417592 4.177670 9.948185
v 10.258501 4.199445 10.011041
v 9.023811 5.810451 9.624865
v 9.023811 5.460760 9.878930
v 9.442959 5.231689 9.587708
v 10.305249 4.185919 10.089131
v 10.355941 4.177501 10.079436
v 9.023812 5.831187 9.950119
v 10.979631 4.350795 9.232617
v 10.073742 4.686116 9.726562
v 9.023811 5.795266 9.771342
v 9.792248 5.018305 9.587708
v 10.558279 5.742694 8.412442
v 10.864909 5.020468 8.686581
v 9.023611 5.996896 9.738789
v 9.023812 5.554275 10.011041
v 9.473783 5.297053 9.726562
v 9.023812 5.766258 9.948185
v 9.023812 5.643404 10.089131
v 10.129681 4.713066 9.878929
v 9.497755 5.377683 9.878930
v 9.848757 5.067952 9.726562
v 9.023811 5.932208 10.095121
v 10.548955 4.866123 9.447971
v 9.023812 5.880399 10.235412
v 9.836335 5.967557 9.154465
v 10.871297 5.025533 9.038487
v 10.466558 4.846937 9.570168
v 10.637692 4.890103 9.453363
v 10.176188 4.741377 10.011042
v 9.023811 5.717585 10.079436
v 9.642131 5.703394 9.618788
v 9.023812 5.848568 10.153358
v 9.517688 5.463953 10.011042
v 9.677444 5.711931 9.569523
v 9.892708 5.128452 9.878931
v 10.324674 4.813105 9.948186
v 10.723501 4.916061 9.526211
v 9.609951 5.688024 9.769822
v 10.873812 4.995469 9.349697
v 10.219823 4.768913 10.089133
v 10.391473 4.830085 9.757667
v 10.267132 4.793535 10.079436
v 10.797109 4.941178 9.606380
v 9.821856 5.889614 9.694724
v 10.870638 4.977618 9.548143
v 9.715475 5.719101 9.696465
v 9.536387 5.546238 10.089133
v 9.581324 5.660352 9.948187
v 10.501336 5.631157 9.106768
v 9.929252 5.192987 10.011042
v 9.556664 5.614913 10.079436
v 10.222138 5.394753 9.523940
v 10.157396 5.382223 9.600555
v 10.291862 5.408227 9.605302
v 10.098403 5.366297 9.765265
v 9.752251 5.729506 9.903019
v 10.849242 4.962636 9.633734
v 9.963534 5.254741 10.089132
v 9.783796 5.747747 10.092583
v 9.815308 5.826142 10.034347
v 10.045917 5.342634 9.948185
v 10.000705 5.306896 10.079435
v 10.483867 5.558524 9.564287
v 9.806140 5.778425 10.168559
v 10.359282 5.424464 9.761716
v 10.417116 5.445284 9.910256
v 10.474886 5.507946 9.852021
v 10.458079 5.472504 9.967999
v 3.396826 4.563772 4.374852
v 7.301113 3.572452 6.803902
v 7.241378 3.633712 7.173292
v 10.066446 8.663877 -0.424379
v 7.222607 3.881143 7.289366
v 7.385605 4.902025 6.281425
v 10.256398 8.689153 -0.332483
v 10.066446 8.663876 -0.093484
v 7.213887 4.225960 7.343291
v 10.256399 8.689153 -0.030028
v 10.066444 8.663877 0.214967
v 10.256401 8.689153 0.251760
v 10.066446 8.663877 0.478527
v 9.931292 8.076791 1.004764
v 9.851620 8.182803 0.973913
v 10.077270 8.013184 1.016457
v 10.135774 8.110129 0.913242
v 9.871410 8.437231 0.885221
v 10.256402 7.991982 1.011295
v 10.256402 8.095852 0.909766
v 10.066446 8.663877 0.674753
v 10.256399 8.689153 0.492213
v 9.960977 8.543243 0.842619
v 10.435533 8.013184 0.991580
v 10.256398 8.689153 0.670664
v 10.097058 8.606850 0.811340
v 10.256401 8.524183 0.762765
v 10.581511 8.076791 0.959614
v 10.363702 8.509905 0.760214
v 10.256400 8.628053 0.792999
v 10.455339 8.467071 0.768551
v 10.661181 8.182803 0.917699
v 10.415742 8.606850 0.789211
v 10.551826 8.543243 0.801591
v 10.641392 8.437231 0.831755
v -4.741643 5.752809 1.385748
v -7.126897 3.697178 7.993811
v -8.529936 2.934938 10.011042
v 1.320838 1.450929 1.595952
v -8.511237 2.825601 10.089133
v -8.779969 4.728965 8.712962
v -1.205067 1.829506 3.786876
v -9.023813 4.925039 8.791446
v -10.129681 4.713066 9.878929
v -8.549870 3.051522 9.878930
v -9.625859 4.905333 9.193762
v 3.558292 4.693729 -4.643821
v -8.362353 4.241224 8.791446
v -8.333937 3.924883 8.913562
v -7.562128 3.074254 8.536985
v -8.540331 4.489558 8.712962
v 0.345239 1.257555 2.376708
v -8.374677 3.542536 9.327152
v -7.431349 5.506358 6.284639
v -8.573843 3.158773 9.726562
v -9.319275 4.978496 8.913562
v 3.576534 2.734081 -2.426032
v -8.466301 2.694987 9.948187
v -10.501336 5.631157 9.106768
v 2.605276 2.203572 -0.584420
v -10.391473 4.830085 9.757667
v -9.023814 4.761602 8.698967
v -7.301113 4.877977 6.803902
v -8.504595 4.241224 8.698968
v -10.001820 4.662666 9.587707
v -9.287275 4.880821 8.799129
v 1.178277 1.290274 1.632887
v -8.604666 3.240110 9.587708
v -7.213887 4.225960 7.343291
v -0.670210 1.481437 3.190437
v -8.407197 3.965643 8.799129
v -9.746461 6.121849 7.397657
v -8.760349 4.503497 8.660823
v -8.387690 6.141415 6.317410
v 0.990780 8.157196 -5.541069
v -7.539763 2.939109 8.473919
v -8.490960 2.740090 10.079436
v -10.073742 4.686116 9.726562
v 1.502710 1.639063 1.008224
v -7.160617 3.808360 7.672696
v -8.437673 2.685239 9.727279
v -9.923905 4.641731 9.456519
v -8.450022 3.612499 9.050500
v -10.849242 4.962636 9.633734
v -8.421768 3.577114 9.193762
v -9.597604 4.869949 9.050500
v -5.516920 7.201034 1.820312
v -1.610796 2.180736 3.635255
v 1.828305 1.881239 0.411343
v -10.797109 4.941178 9.606380
v -10.558279 5.742694 8.412442
v -10.466558 4.846937 9.570168
v -2.971586 10.476788 -3.957825
v 2.258065 2.076760 -0.161576
v -5.514038 7.711357 1.387150
v -9.849987 4.622326 9.327150
v -4.586773 9.647466 -1.341145
v 3.672097 3.448626 -3.650789
v -10.723501 4.916061 9.526211
v -1.354004 1.891812 3.506180
v 0.954645 1.193891 1.655048
v -8.638058 3.302269 9.456519
v -7.262096 3.033809 7.889257
v -8.482018 3.661480 8.915482
v -8.740730 4.241224 8.643262
v -9.023813 4.520763 8.643262
v -7.385604 5.215115 6.281425
v -10.305249 4.185919 10.089131
v -10.548955 4.866123 9.447971
v -10.870638 4.977618 9.548143
v -10.355941 4.177501 10.079436
v -8.405493 2.705794 9.448618
v -9.565609 4.820967 8.915482
v -9.790054 4.603465 9.193761
v -9.267657 4.728965 8.712962
v -8.540331 3.992889 8.712962
v -2.044820 2.400041 3.405409
v -10.208670 4.214603 9.878930
v -0.954646 1.513636 3.134624
v -8.540331 3.736848 8.806811
v -8.669738 3.351985 9.327151
v 2.950849 2.323696 -1.632334
v 1.354001 1.425683 1.031103
v -10.417592 4.177670 9.948185
v -2.429640 2.611376 3.413547
v -5.450704 6.440121 2.067144
v -2.023019 9.561518 -4.953084
v -4.219371 10.170618 -2.520099
v -9.023813 2.844616 10.011041
v -4.529820 4.771380 2.912421
v -9.023811 2.968445 9.878930
v -9.507297 4.745599 8.806811
v -10.148736 4.227913 9.726562
v -7.200249 3.260454 7.638641
v -8.370179 2.751601 9.144094
v -9.023811 2.728435 10.089131
v -10.258501 4.199445 10.011041
v -4.937399 8.863470 -0.433888
v -9.023812 3.082406 9.726562
v 2.044814 1.938089 -0.161964
v 0.670210 1.145709 1.666127
v -9.023814 4.241224 8.624602
v 1.610791 1.669308 0.447710
v -9.754092 4.584165 9.050501
v -5.467032 8.020224 0.815713
v -7.674575 5.696198 5.401029
v -10.873812 4.995469 9.349697
v -8.710835 3.441028 9.050501
v -10.071676 4.235899 9.587710
v -7.542262 5.425799 5.539319
v 2.429636 2.071970 -0.860417
v -8.695425 3.395993 9.193761
v -7.473415 2.772259 8.173141
v -10.637692 4.890103 9.453363
v -9.287276 4.503497 8.660823
v 3.052598 4.818402 -5.091453
v -8.760350 3.978950 8.660824
v -9.988199 4.239893 9.456517
v -9.023814 6.200558 6.322545
v -2.951493 2.900567 3.265759
v -10.489161 4.186631 9.748550
v -9.023811 3.168983 9.587710
v -8.332149 2.817608 8.845608
v -9.023813 2.589081 9.948185
v -8.728354 3.503952 8.913562
v -9.713690 4.557564 8.913562
v 1.205065 1.257452 1.014208
v -9.909000 4.241224 9.327150
v -7.222607 3.881143 7.289366
v -1.178278 1.578049 3.022995
v -1.502713 1.980101 3.142822
v -7.483975 5.156333 5.673120
v -9.023811 2.637418 10.079436
v -7.949058 5.935391 5.308243
v -9.023812 3.235296 9.456517
v -8.760350 3.601626 8.799129
v -8.295373 2.882448 8.584190
v 0.000000 1.257560 2.376708
v -9.640429 4.516805 8.799129
v -7.206394 3.468352 7.389627
v -3.579097 3.305974 3.060473
v -8.779969 3.753482 8.712962
v -0.345239 1.257555 2.376708
v -9.507297 4.489558 8.712962
v -1.828310 2.228198 3.142919
v -9.023813 3.288468 9.327150
v -9.844784 4.241224 9.193760
v -8.263827 2.924755 8.390868
v 0.345239 1.129658 1.669819
v -9.023811 2.577997 9.725760
v -10.176188 3.657514 10.011042
v -10.322472 5.976031 7.360481
v -7.385605 4.902025 6.281425
v -10.219822 3.602925 10.089133
v -9.023813 3.961684 8.643262
v 1.833030 1.759110 -0.231541
v -10.129680 3.716139 9.878930
v 3.201489 2.694671 -2.916318
v -9.306896 4.241224 8.643262
v 1.453494 1.467209 0.405059
v -8.241484 2.923164 8.296674
v -9.659937 6.157088 6.317409
v -9.806256 4.241224 9.050501
v -8.232318 2.856308 8.332633
v -10.073742 3.769710 9.726562
v -9.023813 3.383871 9.050501
v -9.517687 2.934938 10.011042
v -9.497755 3.051522 9.878929
v 0.974885 1.156527 1.004071
v -9.536387 2.825601 10.089133
v -9.023812 3.335619 9.193760
v -10.267132 3.561468 10.079436
v -10.001820 3.809133 9.587708
v -9.442959 3.240110 9.587707
v -10.871297 5.025533 9.038487
v -10.569610 4.204594 9.533702
v -1.320839 1.685418 2.836942
v -9.923905 3.838054 9.456519
v -9.763166 4.241224 8.911640
v -8.224962 2.743099 8.382001
v 1.812003 6.516284 -5.678158
v -9.023814 3.451656 8.911640
v -9.287275 3.978950 8.660823
v -9.543033 4.241224 8.698967
v -9.409568 3.302269 9.456519
v -9.556664 2.740090 10.079436
v -9.023812 2.598738 9.442538
v -9.023814 3.720845 8.698967
v -10.864909 5.020468 8.686581
v -0.670210 1.271610 2.366540
v -5.400877 8.176766 0.154056
v 3.235507 3.492556 -4.162871
v -9.473783 3.158773 9.726562
v -3.693841 10.147099 -3.781968
v -9.849987 3.860121 9.327151
v -9.377887 3.351985 9.327150
v -2.258070 2.401113 2.958453
v -9.685273 4.241224 8.791446
v 2.684172 2.209740 -2.019861
v -9.023813 3.557409 8.791446
v -8.433856 6.111236 5.310960
v -9.352202 3.395993 9.193761
v 2.209421 1.918570 -1.089500
v -4.157017 3.904084 2.906442
v -9.754091 3.898283 9.050501
v -10.752970 4.268354 9.271037
v -1.732207 2.095429 2.726422
v -9.929252 3.205904 10.011042
v -10.324674 3.542234 9.948187
v -9.892708 3.300754 9.878931
v -9.790054 3.878982 9.193761
v -9.267657 3.753482 8.712962
v -9.507298 3.992889 8.712962
v -9.848757 3.387874 9.726562
v -10.844909 4.305977 9.243605
v -10.923773 4.336251 9.241725
v -10.979631 4.350795 9.232617
v -9.963534 3.117097 10.089132
v -7.309539 3.015981 7.024720
v 0.683774 1.106074 0.999002
v -9.024620 6.186655 5.335736
v -8.208061 2.602451 8.328032
v -9.792248 3.453494 9.587708
v -10.391473 3.543178 9.739434
v -9.023811 2.645875 9.128900
v -9.713691 3.924883 8.913562
v -9.731029 3.503189 9.456518
v -9.336790 3.441028 9.050501
v -9.640429 3.965643 8.799129
v -10.657893 4.231766 9.356808
v -7.419007 2.753069 7.166574
v -4.918067 8.859795 -1.293904
v -9.581324 2.694987 9.948186
v -9.672951 3.542536 9.327152
v -9.287275 3.601626 8.799129
v -0.954645 1.313799 2.336034
v 2.409594 4.893207 -5.360032
v -10.000707 3.048107 10.079435
v -1.468793 1.828816 2.580139
v 1.285428 1.302895 0.336592
v -4.578086 9.424238 -2.307485
v -9.625859 3.577114 9.193762
v -11.002551 4.341225 9.183490
v -9.319275 3.503952 8.913562
v 1.652479 1.579588 -0.355897
v -9.597604 3.612499 9.050500
v -2.605281 2.510978 2.785998
v -6.082282 7.084895 1.370237
v -2.169259 2.312619 2.674076
v -5.317065 5.521521 2.150459
v -6.066559 7.532276 1.007332
v -9.507298 3.736848 8.806811
v -9.023811 2.713983 8.815221
v -7.564814 4.969045 5.173225
v -10.742002 5.491923 7.983953
v -9.565609 3.661480 8.915482
v -7.626104 5.178073 4.928734
v -7.287232 3.284929 6.889731
v -7.241378 3.633712 7.173292
v -10.466558 3.562251 9.497237
v -10.045917 3.012705 9.948185
v -7.715263 2.525372 7.260550
v 1.035607 1.204320 0.295511
v -9.609952 2.685239 9.727279
v -1.178277 1.398195 2.275019
v -7.729693 5.417013 4.691691
v 0.352042 1.089267 0.997312
v -11.000769 4.316156 9.081700
v -10.182773 6.034848 6.306492
v -9.023811 2.780767 8.537088
v -5.340547 8.230118 -0.549766
v -10.098402 3.006966 9.731839
v -0.345239 1.129658 1.669819
v -7.470095 4.871628 5.758950
v -7.529831 4.807744 5.389560
v -6.011433 7.775441 0.531074
v -1.708604 2.001318 2.256258
v 2.829585 2.651969 -3.361287
v -1.320838 1.538868 2.173326
v -6.033291 6.371386 1.582754
v -8.447482 6.066795 4.559386
v -8.219691 2.465170 8.006182
v -10.548955 3.597410 9.265645
v -9.023811 2.823934 8.330092
v 1.984122 1.766898 -1.325484
v -9.642131 2.705794 9.448618
v -2.121556 2.238691 2.283846
v -10.982515 4.284198 8.914600
v 1.446156 1.429766 -0.482352
v -10.605206 5.782143 7.226526
v 2.758347 3.525872 -4.574614
v 0.724469 1.155044 0.274971
v -3.187764 2.722328 2.523749
v -9.023811 2.821190 8.229821
v 0.000000 1.129663 1.669819
v 0.000000 1.089274 0.997312
v -4.186148 9.597616 -3.488872
v -10.856471 4.932933 8.366041
v 0.926678 6.539238 -5.723823
v 2.394473 2.100553 -2.371387
v -2.899432 9.426663 -4.838386
v -7.932550 5.720863 4.424847
v -10.157396 3.026966 9.466850
v -9.023812 2.750243 8.271857
v -10.637693 3.646606 9.088710
v -0.670210 1.145709 1.666127
v -7.548601 4.562937 5.273485
v -1.470373 1.722876 2.013694
v -9.023611 2.635241 8.329041
v -2.696861 2.444957 2.279390
v -9.677444 2.751601 9.144094
v -10.723501 3.695893 8.960999
v -7.431349 2.943092 6.281723
v 1.157050 1.339885 -0.558225
v -10.788423 5.298969 7.719825
v -5.117677 4.538133 2.093071
v -10.950671 4.255042 8.698970
v -7.301113 3.572452 6.803902
v -10.843053 4.816868 8.091558
v -9.025024 6.168182 4.596550
v -5.942215 7.876299 -0.021502
v -10.797108 3.731324 8.877072
v -9.616998 6.124574 5.309128
v -0.954645 1.193891 1.655048
v -7.385604 3.546959 6.281425
v -7.470096 3.575912 5.758950
v 0.372454 1.138629 0.268124
v -10.849242 3.738953 8.831498
v -7.610590 4.632902 4.890154
v -10.222138 3.068779 9.189674
v -2.126736 2.195995 1.868971
v -4.904463 8.693581 -2.089416
v -1.933269 8.123161 -5.497482
v -1.714928 1.937277 1.778864
v -7.385604 3.233874 6.281425
v -3.925766 3.036181 2.224711
v -9.715475 2.817608 8.845608
v -9.023005 2.500333 8.274201
v -5.311013 8.229411 -1.247697
v 1.714035 1.641229 -1.525014
v -1.178277 1.290274 1.632887
v -5.937363 5.503876 1.651759
v -7.568586 2.676372 6.282613
v -10.870637 3.704832 8.818837
v -10.710868 5.573501 7.070119
v -6.658651 7.515182 0.817276
v -6.675709 7.111195 1.155122
v -1.320838 1.450929 1.595952
v -7.726663 4.882921 4.324477
v -0.352042 1.089267 0.997312
v -10.908124 4.238375 8.451579
v -8.439615 6.056911 4.245596
v -10.479041 5.857684 6.294282
v 0.805859 1.294957 -0.596162
v -10.291862 3.128482 8.936771
v -10.873812 3.636294 8.791049
v -9.752250 2.882448 8.584190
v -10.108458 5.971175 5.302636
v -10.821728 4.726214 7.877818
v -7.831751 5.938046 3.978519
v -8.387337 6.166224 4.143754
v -7.856940 5.783960 4.130216
v -7.666702 4.746023 4.581198
v -10.796952 5.139563 7.535734
v 2.410354 2.615013 -3.713213
v -7.751666 4.991875 4.158627
v -7.963338 5.680349 4.189534
v -1.468792 1.658272 1.509970
v -8.373596 6.296042 4.012365
v -2.749833 2.410783 1.841961
v -0.990780 8.157196 -5.541069
v -7.506643 5.296953 3.958211
v -7.879624 6.170736 3.564391
v -8.417240 6.087936 4.172685
v -7.914400 5.700665 4.155286
v -4.549523 8.946910 -3.133873
v -7.538703 5.129080 4.122093
v -6.605419 7.712496 0.381645
v 1.663608 4.930610 -5.494320
v -9.783796 2.924755 8.390869
v 2.048842 2.011555 -2.649324
v -5.884217 7.896763 -0.613362
v -8.297935 2.362069 7.251909
v 2.167893 3.545865 -4.821658
v -10.871297 3.540670 8.700089
v -10.359282 3.187490 8.725493
v -3.613727 9.156951 -4.608990
v -8.399711 6.481659 3.632084
v -9.024619 6.175621 4.270372
v -7.567574 5.563665 3.523775
v -0.683774 1.106074 0.999002
v -6.623324 6.423101 1.355121
v -10.864637 4.230564 8.205011
v -2.142546 2.169127 1.451575
v -10.755662 5.383423 6.965594
v -7.483976 3.290975 5.673120
v -9.815307 2.856308 8.332634
v -9.022602 2.376127 7.955828
v -7.702903 5.021166 4.122285
v -9.023813 6.279204 4.160000
v -5.299580 8.112218 -1.898143
v -3.384965 2.634512 1.922956
v -9.821856 2.742036 8.382459
v -1.708602 1.894719 1.340670
v -10.830054 4.657227 7.729782
v -7.619031 5.042875 4.136442
v -10.417116 3.227219 8.573195
v -10.817668 5.013326 7.419421
v -9.024016 6.211714 4.182941
v -7.954775 6.482961 2.964172
v 1.359456 1.565839 -1.644732
v 0.413277 1.279992 -0.608808
v -7.624712 4.222450 4.802825
v -9.806141 2.923164 8.296673
v -10.864909 3.486282 8.543636
v -10.627300 5.656011 6.284640
v -9.023813 6.513095 3.713314
v -5.862748 7.898743 -1.207469
v -0.974885 1.156527 1.004071
v -10.458079 3.229085 8.497232
v -9.836335 2.598194 8.329864
v -4.807214 3.531053 1.886169
v -9.023812 6.379271 4.052981
v -10.829987 4.227975 7.991847
v -10.396463 5.772644 5.387752
v -7.548601 3.883261 5.273485
v -7.610591 3.812241 4.890154
v -7.557322 4.223024 5.219560
v -9.604987 6.075547 4.556639
v -10.834185 4.227995 7.833237
v -8.450126 6.726866 3.080510
v -10.900640 4.919883 7.358621
v -1.205065 1.257452 1.014208
v -10.797022 5.223411 6.902149
v -7.654616 5.899243 2.915619
v -1.354001 1.425683 1.031103
v -6.549288 7.780568 -0.111712
v -7.398273 4.505980 3.951442
v -2.809653 2.405922 1.421949
v -10.474886 3.174505 8.514959
v -7.278972 7.233779 1.155195
v -1.502710 1.639063 1.008224
v -10.856470 3.541453 8.319366
v -7.864852 2.457999 6.282911
v -7.432624 4.334560 4.119384
v -7.542263 3.021122 5.539319
v -10.905597 4.606162 7.652402
v -5.812274 4.594493 1.584126
v 0.941509 1.528155 -1.704591
v -7.529831 3.638776 5.389560
v -7.564814 3.476880 5.173225
v -0.372454 1.138629 0.268124
v -7.463556 4.791857 3.510237
v -7.676188 4.221964 4.473192
v -2.126734 2.142686 1.053779
v -7.212166 7.767166 0.332183
v -10.483866 3.072662 8.537910
v -10.706111 5.460242 6.281426
v -9.038239 6.679100 3.222997
v -7.268090 7.609478 0.787209
v -7.710610 4.221525 4.226399
v -11.012854 4.838429 7.302097
v -7.523213 4.249008 4.126659
v -10.843053 3.643426 8.079886
v -8.509299 7.035455 2.435242
v -10.892381 5.104967 6.868988
v -1.732203 1.875441 0.899042
v -9.823090 2.456564 8.008927
v -10.907248 4.228010 7.750330
v -4.884982 8.313551 -2.772306
v -11.016236 4.561763 7.581628
v -6.551960 5.592395 1.421381
v 1.893333 2.592845 -3.924369
v -8.011423 6.875650 2.254205
v -4.111868 8.707432 -4.226663
v -7.626646 4.220738 4.085863
v -10.554627 5.562050 5.505588
v -7.702567 4.221120 4.088581
v -9.611239 6.061245 4.243764
v 1.614368 1.958164 -2.816087
v -7.182718 6.531258 1.370383
v -7.700896 6.273716 2.230577
v -10.501336 2.932739 8.477620
v -9.674028 6.196066 4.093596
v -9.631192 6.079022 4.180351
v -10.821728 3.729443 7.877817
v -0.724469 1.155044 0.274971
v -10.772245 5.289590 6.281426
v -7.551589 5.128083 2.909439
v -3.543036 2.611342 1.417687
v -6.509912 7.784260 -0.637954
v -2.841275 2.405486 1.014567
v -9.023005 2.293230 7.222391
v -7.173305 7.815651 -0.144121
v -7.666701 3.698211 4.581198
v 0.848968 4.943079 -5.539083
v -11.129866 4.512778 7.453406
v -11.018792 4.227981 7.675232
v -9.647914 6.281708 3.794546
v -11.012932 5.001061 6.837921
v -7.851905 7.751265 0.804642
v -10.905596 3.849637 7.652402
v -7.674574 2.750275 5.401028
v 0.481316 1.515603 -1.724544
v -11.121292 4.748162 7.198599
v -9.081515 6.875709 2.664021
v -5.864515 7.813715 -1.765920
v -4.207425 2.890582 1.568872
v -2.121553 2.116854 0.650998
v -7.626104 3.267138 4.928735
v -1.035607 1.204320 0.295511
v -10.830055 3.798511 7.729782
v -1.610791 1.669308 0.447710
v -9.660289 6.126234 4.176247
v -7.977409 7.436691 1.412449
v -1.453494 1.467209 0.405059
v -10.656561 5.372465 5.597257
v -11.138440 4.227867 7.540051
v -8.647935 7.335092 1.858351
v -7.584300 6.535061 1.653785
v -2.779174 8.021056 -5.366723
v -10.882468 5.163270 6.281425
v -10.558279 2.751274 8.182176
v -7.789669 7.871901 0.326766
v -11.016236 3.894001 7.581629
v -8.387690 2.312259 6.281430
v -6.506949 7.788432 -1.172239
v -10.742001 2.976478 7.913941
v -7.506643 3.698345 3.958211
v -10.131006 5.742258 4.415813
v 1.113263 1.931477 -2.899468
v -9.616684 6.387802 3.350002
v -11.129864 4.884666 6.780769
v -1.828305 1.881239 0.411343
v -11.226004 4.482607 7.208816
v 1.492468 3.555863 -4.945180
v -7.585489 5.450552 2.262716
v -0.413277 1.279992 -0.608808
v -7.538703 3.533375 4.122093
v -10.747469 5.213971 5.660701
v -8.558223 7.739822 1.167700
v -7.091026 5.679598 1.443965
v -2.809652 2.384589 0.615026
v -11.194366 4.659372 7.066379
v -1.285428 1.302895 0.336592
v -4.490939 8.177967 -3.764216
v -7.567574 3.986723 3.523775
v -9.746461 2.348923 7.253739
v -7.159135 7.813460 -0.636819
v -10.788423 3.159100 7.702322
v -11.241620 4.227630 7.279458
v -10.361461 5.475475 4.667007
v -11.012595 5.052081 6.281425
v -5.293543 7.816108 -2.459507
v -5.764547 3.849008 1.362216
v -9.187407 7.089515 2.142313
v 0.000000 1.280000 -0.608808
v 0.000000 1.515610 -1.724544
v -10.796952 3.315215 7.535734
v -3.661912 2.627039 0.962249
v -7.726664 3.560427 4.324477
v -7.619031 3.453507 4.136442
v -7.765476 7.907627 -0.146278
v -11.129866 3.942785 7.453405
v -1.812003 6.516284 -5.678158
v -7.465292 5.665609 1.723186
v -8.367126 7.876645 0.757087
v -11.226004 4.725842 6.747713
v -10.900640 3.535248 7.358620
v -6.512087 4.760571 1.358007
v -10.872560 5.096650 5.693864
v -2.169255 2.091814 0.218646
v -7.949058 2.510747 5.308243
v 1.302968 2.581766 -4.029947
v -7.751666 3.450599 4.158627
v -10.090814 5.686864 4.185833
v -8.295910 7.959151 0.309473
v -0.805859 1.294957 -0.596162
v -9.615068 6.518989 2.830871
v -7.729693 3.027415 4.691691
v -8.936750 7.553447 1.511902
v -11.284178 4.494651 6.788942
v -10.134856 5.683965 4.169253
v -11.012853 3.616746 7.302097
v -11.138436 4.926825 6.281426
v -10.215875 5.754758 4.127443
v -10.502521 5.280758 4.865054
v -7.647635 4.321847 2.920220
v -10.817669 3.441654 7.419420
v -1.833030 1.759110 -0.231541
v -2.749830 2.345340 0.211536
v 0.567737 1.922588 -2.927262
v -11.007975 4.993914 5.724930
v -5.876223 7.573151 -2.250811
v -10.168000 5.804160 3.862239
v -0.926678 6.539238 -5.723823
v -3.480205 7.816848 -5.105203
v -6.531093 7.723474 -1.679614
v -7.702903 3.420437 4.122285
v -11.226005 3.972518 7.208816
v -11.303774 4.227232 6.828128
v -8.802156 7.972815 0.692751
v -10.322472 2.490111 7.266158
v -1.157050 1.339885 -0.558225
v -8.973678 7.872254 1.041321
v -10.615269 5.122539 5.027116
v -9.389663 7.307107 1.763797
v -1.652479 1.579588 -0.355897
v -2.044814 1.938089 -0.161964
v 0.000000 6.539238 -5.723823
v -7.177295 7.819117 -1.141028
v -4.848023 7.668420 -3.294455
v -3.711968 2.642988 0.532665
v -5.075563 3.180900 1.242296
v -9.023814 2.253681 6.280244
v -4.427162 2.840009 1.027946
v -11.241617 4.756635 6.281425
v -10.190684 5.710645 4.189785
v -7.773388 7.905217 -0.623236
v -11.121292 3.706898 7.198599
v -8.277015 7.982575 -0.145730
v -11.129861 4.879178 5.782083
v -9.668877 6.708707 2.319313
v -10.726824 4.998661 5.143431
v -8.724669 8.023983 0.291190
v -9.274552 7.710182 1.316982
v -7.672973 4.627056 2.248978
v -10.092238 5.869725 3.454390
v -11.303772 4.510645 6.281426
v 0.760396 3.559199 -4.986355
v -7.115594 4.856481 1.387138
v -2.258065 2.076760 -0.161576
v -1.446156 1.429766 -0.482352
v -10.605206 2.677759 7.179850
v -0.481316 1.515603 -1.724544
v -7.831751 3.007265 3.978519
v -11.194366 3.795470 7.066379
v -10.755661 3.069889 6.965594
v -10.797022 3.230307 6.902149
v -10.710868 2.881230 7.058450
v -9.145393 8.026971 0.659840
v -2.696857 2.289847 -0.207691
v -9.300927 7.952963 0.970530
v -10.864301 4.906962 5.204229
v -8.433856 2.334849 5.310960
v -9.659937 2.296794 6.281431
v -10.892381 3.349052 6.868987
v -7.856940 2.858500 4.130216
v -11.226001 4.722095 5.815138
v 0.663708 2.578078 -4.065140
v -11.284178 3.959728 6.788941
v -3.988068 7.476499 -4.669338
v -7.932551 2.722503 4.424848
v -3.663577 2.620575 0.104960
v -0.000000 1.922594 -2.927262
v -7.879624 3.279677 3.564391
v -7.532617 4.829538 1.680976
v 0.000000 4.943080 -5.539084
v -11.012932 3.453136 6.837921
v -11.324590 4.226740 6.281425
v 0.000000 1.138637 0.268123
v -2.614624 6.447421 -5.541161
v -7.914400 2.790772 4.155286
v -9.560150 7.824961 1.194681
v -9.803910 6.990392 1.897491
v -9.635274 7.507254 1.500285
v -8.705879 8.037880 -0.143442
v -10.033766 5.962328 2.964116
v -9.069710 8.061465 0.282805
v -11.003765 4.827318 5.260755
v -5.280208 7.278652 -2.890192
v -7.963338 2.761468 4.189534
v -6.537298 4.082112 1.156172
v -11.129864 3.569570 6.780769
v -9.907057 8.585810 0.858201
v -9.801145 8.460449 0.907079
v -10.322668 5.005293 4.143480
v -9.797447 8.461671 0.856232
v -9.904220 8.588050 0.811446
v -6.573034 7.519774 -2.125122
v -10.067976 8.661026 0.822974
v -9.540946 7.991731 0.934700
v -9.398347 8.045765 0.645508
v -9.797448 8.461671 0.730223
v -0.941509 1.528155 -1.704591
v -11.226004 3.728414 6.747713
v -9.757499 8.152897 0.977958
v -9.773655 8.158219 1.015957
v -10.066446 8.663876 0.781199
v -10.354678 5.025558 4.116639
v -9.904218 8.588049 0.694438
v -10.378014 4.914634 4.292124
v -11.121286 4.739599 5.364252
v -2.429636 2.071970 -0.860417
v -4.588067 2.855290 0.536925
v -10.431085 5.020645 4.153985
v -7.942314 3.601611 2.968170
v -8.294175 7.980384 -0.610483
v -9.739072 8.152056 0.851771
v -9.778610 7.899345 1.123020
v -2.605276 2.203572 -0.584420
v -10.256401 8.686098 0.803063
v -10.540981 5.063677 4.147750
v -9.865823 8.032175 1.058286
v -7.807465 7.911440 -1.112857
v -4.392188 7.079892 -4.142422
v -9.844301 8.023786 1.038128
v -10.590494 4.712911 4.685032
v -9.871216 7.668723 1.323588
v -9.797445 8.461671 0.501393
v -7.231130 7.766896 -1.626090
v -9.986324 7.284131 1.571779
v -3.545373 2.572011 -0.328240
v -2.209421 1.918570 -1.089500
v -9.328089 8.071528 0.279942
v -9.694708 7.998339 0.913202
v -9.997149 8.395683 0.824867
v -10.256399 8.689153 0.766445
v -10.182773 2.418139 6.282911
v -9.796050 8.010074 0.951857
v -11.194364 4.653476 5.496474
v -9.562529 8.035848 0.636908
v -11.284176 4.492322 5.773910
v -9.050037 8.070925 -0.140377
v -10.057460 8.467072 0.796179
v -10.714437 4.645767 4.833068
v -9.904220 8.588049 0.480609
v -10.480051 5.097113 3.902854
v -9.716494 8.160466 0.590418
v -11.303772 3.942809 6.281426
v -8.447482 2.376791 4.559386
v -9.915007 7.934892 1.080023
v -1.984122 1.766898 -1.325484
v -1.714035 1.641229 -1.525014
v -10.064900 6.117989 2.363488
v -10.149099 8.509905 0.775116
v -10.444826 8.661026 0.800135
v -10.026500 7.950692 1.079298
v -9.778654 7.990309 0.907019
v -10.040488 7.957642 1.078921
v -9.711033 8.048385 0.632320
v -10.014262 7.947316 1.070817
v -9.983822 8.224351 0.884593
v -5.900707 3.473195 0.968392
v -10.772245 3.162613 6.281426
v -9.656409 8.017561 0.634875
v 0.000000 3.559200 -4.986355
v -10.063808 7.787165 1.212514
v -9.024620 2.259520 5.335736
v -10.882469 3.289414 6.281425
v -10.480645 4.801275 4.495123
v -5.312580 3.086028 0.704924
v -10.010257 7.948123 1.061338
v -9.809234 7.985163 0.917138
v 0.000000 2.578081 -4.065140
v -9.986498 7.946265 1.061020
v -9.496855 8.054101 0.278223
v -10.446354 8.663877 0.768136
v -9.797446 8.461671 0.195446
v -10.706111 2.991312 6.281426
v -10.508923 5.035770 4.197908
v -11.012595 3.400940 6.281425
v -9.698456 8.011245 0.640242
v -5.884577 7.108527 -2.624236
v -11.138436 3.526415 6.281426
v -10.037472 8.152963 0.905368
v -10.479041 2.594257 6.282614
v -1.359456 1.565839 -1.644732
v -10.371679 5.141626 3.529028
v -7.961575 3.898946 2.270194
v -8.723292 8.036181 -0.599070
v -10.627300 2.795273 6.281723
v -4.781981 6.706907 -3.607745
v -10.179363 7.858230 1.145870
v -9.307447 8.079096 -0.137499
v -11.241617 3.696738 6.281426
v -7.211878 4.197899 1.183876
v -9.904218 8.588050 0.194165
v -10.122871 6.718709 1.839088
v -11.004669 4.553049 4.981224
v -9.698007 8.170243 0.239141
v -11.303771 4.226221 5.734725
v -4.655477 2.878269 0.070692
v -9.596925 8.031664 0.276544
v -10.237142 7.895785 1.112337
v -10.256401 7.920898 1.097637
v -10.608582 8.588050 0.787227
v -10.256402 7.926332 1.090441
v -3.385988 2.509508 -0.774307
v -10.182282 7.510007 1.348551
v -0.567737 1.922588 -2.927262
v -10.102959 8.369182 0.581018
v -10.256402 7.932799 1.077141
v -1.663608 4.930610 -5.494320
v -10.127732 8.409759 0.582515
v -10.859344 4.596065 4.910449
v -9.675611 8.064469 0.263490
v -8.331136 7.986041 -1.086746
v -10.605742 8.585810 0.815858
v -9.649215 8.026698 0.273795
v -10.608582 8.588049 0.707253
v -10.446354 8.663877 0.681665
v -10.097723 8.250852 0.621992
v -11.284176 3.960156 5.773910
v -11.129860 4.505963 5.109446
v -10.180310 8.427327 0.555692
v -11.226001 4.477992 5.354036
v -10.256400 7.913694 1.100597
v -8.373596 2.565956 4.012365
v -10.172628 8.373942 0.543026
v -10.119694 8.210276 0.651535
v -8.439616 2.385035 4.245596
v -8.387337 2.442911 4.143754
v -10.256400 8.435997 0.538972
v -9.476076 8.059777 -0.135773
v -7.883532 7.870139 -1.586143
v -10.349006 7.673745 1.205230
v -6.608558 7.099298 -2.469460
v -9.904220 8.588050 -0.140690
v -10.272309 7.092923 1.500014
v -10.170091 8.246092 0.587080
v -0.848968 4.943079 -5.539083
v -10.256400 8.378703 0.524958
v -10.608582 8.588050 0.555148
v -10.446354 8.663877 0.518731
v -8.417240 2.395201 4.172685
v -10.261411 5.202763 3.092080
v -10.332491 8.427327 0.545125
v -8.399711 2.802128 3.632084
v -10.715356 8.461671 0.824670
v -10.175075 8.192708 0.636576
v -10.443722 7.781072 1.119237
v -10.472314 7.955826 1.052225
v -10.486301 7.943425 1.060529
v -9.062534 8.069829 -0.589510
v -10.498542 7.925063 1.062517
v -10.711657 8.460449 0.851898
v -11.226001 3.730355 5.815137
v -10.487785 7.849224 1.076431
v -10.385071 8.409759 0.564646
v -7.323987 7.591070 -2.061347
v -10.256402 8.241331 0.572103
v -7.838580 4.072846 1.500728
v -9.797445 8.461671 -0.161911
v -10.256402 8.184037 0.625443
v -9.577375 8.036263 -0.136019
v -10.340174 8.373942 0.531392
v -10.515654 8.395683 0.788863
v -9.691844 8.173501 -0.156820
v -3.187216 2.428319 -1.215063
v -10.710308 4.224208 4.729615
v -3.293189 6.309696 -5.267170
v -0.760396 3.559199 -4.986355
v -10.475330 8.152962 0.874964
v -10.377031 8.110129 0.896490
v -5.246872 6.437422 -3.148604
v -10.477267 4.222852 4.377809
v -10.409843 8.369182 0.559708
v -10.502548 7.895442 1.062671
v -10.399179 4.222094 4.191147
v -9.025024 2.275504 4.596550
v -10.342711 8.246092 0.575093
v -9.663804 8.069830 -0.145721
v -4.594732 2.850791 -0.395869
v -10.528981 8.224351 0.846738
v -10.608581 8.588050 0.348946
v -10.337729 8.192708 0.625281
v -10.446356 8.663877 0.298450
v -10.375234 4.221394 4.071471
v -10.715355 8.461671 0.598531
v -11.129861 3.573044 5.782083
v -9.632800 8.031849 -0.139061
v -10.872559 3.354700 5.693864
v -11.007975 3.457926 5.724930
v -11.241614 4.225743 5.283393
v -10.715355 8.461671 0.746923
v -8.754402 8.040566 -1.063618
v -9.616998 2.321698 5.309129
v -10.432686 4.220843 4.079225
v -10.646980 8.029450 1.010157
v -10.393112 8.210276 0.632549
v -10.441504 7.374569 1.260866
v -10.747470 3.236717 5.660701
v -10.415081 8.250852 0.599955
v -1.113263 1.931477 -2.899468
v -10.668504 8.012886 1.005350
v -10.857691 4.224674 4.812522
v -8.435183 3.088448 3.073497
v -10.615003 4.234585 4.200616
v -10.582236 4.223579 4.571005
v -9.313696 8.078548 -0.582316
v -9.904218 8.588049 -0.499750
v -10.739148 8.156402 0.956919
v -11.226001 3.973590 5.354036
v -10.755302 8.145630 0.940690
v -10.649351 4.256042 4.154520
v -2.950849 2.323696 -1.632334
v -11.138433 4.225373 5.022799
v -10.108458 2.475474 5.302636
v -6.661185 3.711500 0.807047
v -9.478576 8.059557 -0.578000
v -10.586670 7.577642 1.103212
v -10.703568 7.887217 0.949692
v -5.492676 3.086615 0.193032
v -10.716752 7.974226 0.957870
v -10.172626 5.197761 2.714303
v -9.797448 8.461671 -0.544973
v -10.656561 3.077330 5.597257
v -10.715355 8.461671 0.397153
v -10.773732 8.137372 0.867062
v -8.407201 7.959361 -1.540569
v -10.695627 7.812012 0.962357
v -10.664020 7.716138 1.008620
v -0.663708 2.578078 -4.065140
v -10.608582 8.588050 0.106677
v -11.194364 3.798306 5.496474
v -10.446354 8.663877 0.039938
v -3.806345 6.080154 -4.810517
v -11.006398 4.225040 4.887619
v -10.584069 4.291980 3.916392
v -6.109654 3.338646 0.480809
v -10.554627 2.886686 5.505588
v -9.577999 8.036208 -0.575842
v -10.796308 8.138062 0.703898
v -10.178191 6.191027 1.728289
v -10.289926 6.607465 1.514692
v -9.083364 8.072658 -1.044399
v -2.684172 2.209740 -2.019861
v -10.396462 2.674935 5.387752
v -4.436519 2.807981 -0.877224
v -10.527342 4.224041 4.145308
v -2.409594 4.893207 -5.360032
v -7.399577 7.192216 -2.398737
v -10.801772 7.988286 0.748124
v -10.715355 8.461671 0.160453
v -11.121286 3.711777 5.364252
v -10.859344 3.853505 4.910449
v -9.324112 8.079962 -1.030011
v -10.437819 6.985745 1.253539
v -11.129860 3.944932 5.109447
v -8.017425 7.725158 -2.014101
v -10.590495 3.734539 4.685032
v -2.048842 2.011555 -2.649324
v -5.876282 6.351318 -2.848290
v -10.461034 4.335522 3.559315
v -11.003765 3.623539 5.260755
v -10.864301 3.543275 5.204229
v -2.394473 2.100553 -2.371387
v -9.024619 2.266387 4.270372
v -4.236403 5.815317 -4.256681
v -10.814346 7.882872 0.763795
v -10.608582 8.588049 -0.153623
v -11.004670 3.897224 4.981224
v -8.449522 3.361939 2.407191
v -9.904220 8.588049 -0.858810
v -10.714436 3.802901 4.833068
v -10.446354 8.663877 -0.237690
v -10.726824 3.450765 5.143431
v -10.814796 8.141934 0.482331
v -10.597040 7.288167 1.051831
v -1.614368 1.958164 -2.816087
v -9.632799 8.031849 -0.575122
v -10.817875 7.789575 0.779172
v -8.818104 8.026604 -1.496512
v -9.797445 8.461671 -0.928036
v -10.729269 7.517411 0.908509
v -10.110506 5.555321 2.243284
v -10.796199 7.676150 0.822516
v -9.023811 2.382752 4.052980
v -10.480645 3.644741 4.495123
v -9.023813 2.289941 4.160000
v -9.024015 2.261442 4.182941
v -9.482741 8.060123 -1.021378
v -6.613449 6.384010 -2.673318
v -10.837190 7.992676 0.512961
v -10.715355 8.461671 -0.093909
v -10.615269 3.325790 5.027116
v -10.127458 5.774127 1.787330
v -4.665675 5.571703 -3.691142
v -4.211528 2.784964 -1.387841
v -10.322124 4.379794 3.156370
v -9.023813 2.570741 3.713314
v -1.492468 3.555863 -4.945180
v -5.572659 3.107966 -0.306529
v -10.378013 3.529830 4.292124
v -10.608582 8.588050 -0.413924
v -7.335335 3.839845 0.818152
v -10.820958 8.143225 0.233492
v -9.579041 8.036350 -1.015952
v -10.863586 7.881067 0.528623
v -10.446354 8.663877 -0.515318
v -9.691843 8.173501 -0.575122
v -9.663803 8.069830 -0.575122
v -9.691845 8.173502 -0.993425
v -10.066446 8.663877 -0.755274
v -10.072165 8.652643 -1.053260
v -9.604987 2.368178 4.556639
v -10.256399 8.689153 -0.634938
v -10.256401 8.677217 -0.917476
v -9.132198 8.063911 -1.461119
v -10.502521 3.166250 4.865053
v -8.541687 7.860158 -1.938002
v -9.632800 8.031849 -1.011183
v -9.914899 8.579098 -1.173071
v -10.322668 3.437697 4.143480
v -10.877462 7.778167 0.545505
v -1.302968 2.581766 -4.029947
v -10.440636 8.652643 -0.777991
v -10.355785 6.562230 1.039484
v -10.848998 7.994139 0.254948
v -10.715355 8.461671 -0.348271
v -10.431084 3.429129 4.153985
v -10.128708 5.043860 2.517985
v -10.516157 6.928850 0.888203
v -10.862288 7.655032 0.579797
v -10.508923 3.440064 4.197908
v -10.203482 4.409670 2.807250
v -10.674806 7.239346 0.751783
v -9.023211 2.803671 3.207134
v -8.471125 3.546667 1.729543
v -9.811571 8.456757 -1.264639
v -10.800568 7.484484 0.644292
v -9.663803 8.069830 -1.004524
v -7.949090 3.808243 0.946510
v -3.923589 2.765684 -1.910012
v -10.223945 6.171640 1.169570
v -6.825298 3.552451 0.362270
v -10.540981 3.465070 4.147750
v -10.361461 2.970043 4.667007
v -10.597901 8.579098 -0.661958
v -10.820959 8.143225 -0.028982
v -9.359332 8.072750 -1.435234
v -6.280293 3.316956 -0.022372
v -10.880002 7.880466 0.267821
v -10.122750 5.212223 2.189190
v -8.933278 7.969869 -1.857175
v -5.848326 5.433760 -2.907308
v -10.480052 3.520172 3.902854
v -10.354679 3.416235 4.116639
v -5.175778 5.420717 -3.209487
v -10.089323 8.618942 -1.285427
v -10.256401 8.641410 -1.160180
v -10.126989 5.402587 1.773651
v -10.897326 7.774043 0.279990
v -10.701231 8.456757 -0.596534
v -10.423480 8.618942 -1.010754
v -5.509338 3.075384 -0.806911
v -10.848997 7.994138 -0.014491
v -9.946939 8.552243 -1.397730
v -10.150887 5.789232 1.242404
v -9.600817 8.032482 -1.409836
v -9.709486 8.173029 -1.367311
v -3.576534 2.734081 -2.426032
v -10.131006 2.701503 4.415813
v -9.509353 8.054590 -1.419704
v -9.611238 2.380775 4.243764
v -7.401613 6.470914 -2.590199
v -3.052598 4.818402 -5.091453
v -10.884318 7.646708 0.299335
v -10.127302 4.847015 2.438795
v -10.565862 8.552242 -0.885457
v -10.366333 3.583435 3.530655
v -9.652287 8.029484 -1.400942
v -10.820958 8.143225 -0.291456
v -8.264955 7.350154 -2.384511
v -9.682323 8.068647 -1.388330
v -9.631192 2.384139 4.180351
v -9.660288 2.402921 4.176247
v -9.228711 8.028091 -1.795746
v -9.853948 8.442013 -1.508324
v -10.824335 7.470297 0.333732
v -10.880004 7.880465 -0.005796
v -9.021411 3.031300 2.600570
v -1.893333 2.592845 -3.924369
v -10.700727 7.216648 0.391060
v -10.141252 4.410027 2.611651
v -2.167893 3.545865 -4.821658
v -10.099287 8.552242 -1.466784
v -10.256400 8.570147 -1.352868
v -10.658854 8.442013 -0.832597
v -10.540627 6.888496 0.459855
v -9.647914 2.602178 3.794546
v -3.201489 2.694671 -2.916318
v -10.166056 4.973456 2.171159
v -10.413515 8.552243 -1.189680
v -2.410354 2.615013 -3.713213
v -9.990721 8.515967 -1.509303
v -10.897325 7.773641 -0.001449
v -10.090813 2.755093 4.185833
v -10.848998 7.994139 -0.283930
v -3.558292 4.693729 -4.643821
v -9.440006 8.046325 -1.752638
v -8.770739 7.679985 -2.217419
v -10.522081 8.515967 -1.046102
v -9.674028 2.465981 4.093596
v -10.371169 6.488576 0.528649
v -10.240027 3.632924 3.098591
v -10.134855 2.770849 4.169253
v -2.829585 2.651969 -3.361287
v -10.166055 4.713182 2.412399
v -10.132845 5.443505 1.275560
v -10.190683 2.785185 4.189785
v -5.338746 3.048292 -1.324656
v -10.166055 5.122225 1.769092
v -10.803315 8.143698 -0.555799
v -7.466423 3.682030 0.355973
v -4.006721 4.546868 -4.095191
v -10.884317 7.645102 0.000000
v -9.939567 8.432183 -1.632940
v -10.215875 2.823977 4.127443
v -10.130436 4.399319 2.522522
v -6.608664 5.525535 -2.735940
v -9.579192 8.036071 -1.726773
v -9.762413 8.171609 -1.652363
v -10.573234 8.432183 -1.062141
v -10.880002 7.880466 -0.279414
v -9.123037 7.853867 -2.098112
v -10.229339 6.070926 0.606081
v -9.603375 2.768589 3.340016
v -10.083426 8.442013 -1.612339
v -8.528392 3.566702 1.136927
v -10.824334 7.466282 0.000000
v -6.364367 3.328712 -0.534174
v -10.256401 8.451842 -1.485360
v -4.477926 4.405500 -3.523613
v -10.429377 8.442013 -1.290845
v -10.168000 2.913100 3.862239
v -9.737880 8.065100 -1.680946
v -9.710750 8.022388 -1.698096
v -6.971183 3.508683 -0.126523
v -10.140553 3.702020 2.724069
v -10.830477 7.995321 -0.555286
v -10.166055 4.395999 2.492812
v -10.897326 7.773400 -0.282889
v -9.392576 7.949699 -2.004356
v -9.663648 8.020402 -1.710982
v -10.700727 7.208618 0.000000
v -10.750389 8.145117 -0.823877
v -9.028519 3.203594 1.961599
v -10.152125 5.689587 0.700788
v -5.096916 3.086110 -1.876309
v -10.107327 3.824104 2.524497
v -10.166055 5.162956 1.286613
v -9.586770 7.990098 -1.936872
v -10.860516 7.882831 -0.554978
v -10.401389 4.745574 2.171159
v -10.539396 6.863085 0.000000
v -10.401389 4.588218 2.412399
v -10.121956 3.961493 2.440423
v -9.868269 8.168771 -1.804166
v -10.884318 7.644138 -0.299335
v -8.147552 6.473433 -2.561609
v -10.166055 4.076505 2.412399
v -10.774922 7.998869 -0.830478
v -10.644533 8.147955 -1.097560
v -9.713037 7.997685 -1.896382
v -9.561834 2.922294 2.790929
v -10.082230 3.017184 3.453928
v -10.401388 4.396456 2.492812
v -5.049166 4.356837 -3.047589
v -9.848990 8.058003 -1.836777
v -4.799699 3.327218 -2.560848
v -5.797698 4.488092 -2.785622
v -9.787848 7.995904 -1.872875
v -10.044693 8.164040 -1.778302
v -2.758347 3.525872 -4.574614
v -10.572170 4.566569 2.376659
v -4.140841 3.396793 -3.102721
v -10.401389 4.835517 1.769092
v -10.824335 7.463873 -0.333732
v -8.051845 3.683465 0.439818
v -10.876797 7.777408 -0.565646
v -10.575030 4.396159 2.454839
v -10.401389 4.203296 2.412399
v -10.802052 7.889927 -0.834438
v -9.827676 8.008195 -1.856344
v -10.468109 8.152686 -1.378715
v -10.256401 8.158363 -1.621057
v -9.130507 7.410393 -2.317196
v -9.410475 7.662105 -2.171830
v -10.663810 8.005966 -1.111422
v -10.569310 4.706786 2.142679
v -3.672097 3.448626 -3.650789
v -7.382133 5.610745 -2.646717
v -10.366241 6.420656 0.000000
v -9.643466 7.813234 -2.043026
v -6.313620 3.294501 -1.047615
v -10.034177 8.046176 -1.810227
v -3.235507 3.492556 -4.162871
v -8.885662 6.970036 -2.452275
v -9.820271 7.893481 -1.942589
v -10.862704 7.650236 -0.598058
v -9.993730 3.100856 2.962269
v -10.700727 7.203801 -0.391060
v -7.585610 3.624165 -0.136652
v -10.133156 5.360377 0.778297
v -9.931670 7.932547 -1.882326
v -10.022551 7.984542 -1.829382
v -9.993738 7.954782 -1.849003
v -10.256400 8.031984 -1.648810
v -10.685128 7.904119 -1.119739
v -10.478625 8.017793 -1.400037
v -10.815220 7.789753 -0.851038
v -6.167535 3.287988 -1.559775
v -7.052483 3.506919 -0.638594
v -9.054646 3.270521 1.358197
v -10.572170 4.224499 2.376659
v -10.801609 7.472494 -0.662984
v -8.600372 3.512838 0.591700
v -9.528672 3.034145 2.189793
v -10.572170 4.787865 1.753456
v -10.166056 3.809297 2.171159
v -10.401388 4.860142 1.286613
v -10.490252 7.927773 -1.412830
v -10.256402 7.956157 -1.665461
v -10.401389 4.041748 2.171159
v -10.200973 5.819218 -0.000000
v -10.797866 7.669812 -0.895558
v -10.540627 6.851019 -0.459855
v -6.615156 4.675499 -2.656566
v -10.240370 7.905323 -1.687124
v -10.109206 3.606591 2.191046
v -10.692058 7.814524 -1.140383
v -10.192277 7.853923 -1.729912
v -10.096092 7.776397 -1.809938
v -10.056328 3.379158 2.250710
v -10.166055 5.099114 0.804133
v -9.935787 7.647188 -1.943313
v -10.486794 7.855809 -1.434998
v -9.950209 3.124224 2.404640
v -10.676888 7.215365 -0.771195
v -5.965597 3.382837 -2.067731
v -10.859798 4.538795 2.057240
v -10.668185 7.709288 -1.191223
v -9.737339 7.434856 -2.105434
v -10.140351 5.422217 0.255610
v -10.733435 7.501567 -0.983277
v -10.452053 7.775080 -1.484443
v -10.880638 4.392994 2.114199
v -5.808689 3.731917 -2.500130
v -10.369836 7.658768 -1.579069
v -10.817582 4.636464 1.941832
v -10.569310 4.080533 2.142679
v -10.371169 6.392626 -0.528649
v -8.143835 3.625770 -0.069993
v -10.597084 7.560518 -1.290132
v -9.526731 7.107959 -2.271696
v -10.575030 4.810569 1.286613
v -10.223942 7.480054 -1.736778
v -8.103519 5.605074 -2.604958
v -10.130212 5.143120 0.365452
v -10.605371 7.256482 -1.129476
v -10.517591 6.865312 -0.901047
v -7.022840 3.473879 -1.153207
v -7.658890 3.608993 -0.646141
v -10.401389 3.944819 1.769092
v -10.859799 4.682153 1.675277
v -9.509268 3.074996 1.579118
v -10.859799 4.246289 2.057240
v -10.937428 4.551861 1.706549
v -10.462334 7.340321 -1.454980
v -10.166055 3.648972 1.769092
v -9.093114 3.276982 0.779732
v -10.045380 7.212398 -1.926030
v -7.393181 4.795291 -2.579276
v -10.963575 4.389540 1.737821
v -8.666128 3.475868 0.056221
v -10.401389 4.821544 0.804133
v -6.920200 3.487932 -1.644758
v -10.166056 4.934167 0.402066
v -10.099537 3.407666 1.772939
v -8.758044 6.252970 -2.550222
v -10.572170 4.775660 0.819769
v -10.572170 3.993201 1.753456
v -6.663062 3.990576 -2.439149
v -9.845766 3.025713 1.740831
v -10.817582 4.146831 1.941832
v -10.443548 6.918979 -1.304915
v -10.229339 5.813935 -0.606081
v -10.017647 3.168258 1.784478
v -10.294236 7.029011 -1.652797
v -10.352769 6.408797 -1.030900
v -10.880638 4.702210 1.286613
v -7.652263 3.579257 -1.158910
v -10.140351 5.062529 -0.255610
v -9.348169 6.620467 -2.413732
v -9.960977 8.543243 0.842619
v -9.871410 8.437231 0.885221
v -9.865155 6.829260 -2.115282
v -10.124744 4.934147 -0.000000
v -10.937428 4.226824 1.706548
v -10.963575 4.561622 1.286613
v -6.782507 3.627442 -2.087642
v -8.205472 3.601343 -0.583167
v -10.401388 3.911811 1.286613
v -10.097058 8.606850 0.811340
v -10.126311 4.781651 0.120620
v -10.066446 8.663877 0.674753
v -9.851620 8.182803 0.973913
v -9.511168 3.082730 0.972028
v -10.859798 4.096451 1.675277
v -10.991359 4.385532 1.286613
v -10.859798 4.673480 0.897948
v -10.166055 3.594375 1.286613
v -10.277851 6.473483 -1.480354
v -10.123091 6.606900 -1.850614
v -10.401389 4.721821 0.402066
v -10.575030 3.963017 1.286613
v -9.137236 3.267881 0.215573
v -10.569310 4.685977 0.430546
v -10.166055 4.671581 0.160827
v -10.256400 8.628053 0.792999
v -7.436187 4.142975 -2.385142
v -7.594053 3.608989 -1.641784
v -9.931292 8.076791 1.004764
v -10.256398 8.689153 0.670664
v -10.095011 3.346280 1.271593
v -8.714109 3.450379 -0.476023
v -10.213936 5.831837 -1.144136
v -10.066446 8.663877 0.478527
v -10.963575 4.209680 1.286613
v -9.823619 3.005789 1.132867
v -8.217155 3.576371 -1.099949
v -9.999551 3.121862 1.226534
v -10.937428 4.543606 0.866677
v -9.714277 6.304102 -2.272991
v -10.817582 4.622252 0.631393
v -8.707601 5.424212 -2.575980
v -9.245852 5.926347 -2.503178
v -10.880637 4.069800 1.286613
v -10.152125 5.100259 -0.700788
v -8.097612 4.801655 -2.532376
v -10.256401 8.524183 0.762765
v -7.512587 3.772218 -2.061586
v -10.166055 3.644350 0.804133
v -10.256399 8.689153 0.492213
v -10.102634 4.351674 -0.083868
v -10.415742 8.606850 0.789211
v -10.120782 4.353118 0.039343
v -10.572170 3.990496 0.819769
v -10.077270 8.013184 1.016457
v -10.401389 4.563067 0.160827
v -10.401389 3.942025 0.804133
v -10.138154 5.904418 -1.626554
v -10.166055 4.361332 0.080413
v -9.541916 3.095232 0.381646
v -10.572170 4.544361 0.196566
v -10.963575 4.381761 0.835405
v -10.098653 4.354053 -0.336176
v -10.937428 4.220759 0.866677
v -10.097701 3.403993 0.772501
v -10.363702 8.509905 0.760214
v -10.066444 8.663877 0.214967
v -10.859799 4.092294 0.897948
v -10.135774 8.110129 0.913242
v -10.859799 4.523642 0.515985
v -9.979199 6.054299 -2.015462
v -8.195549 3.617385 -1.586800
v -9.173624 3.254840 -0.343675
v -8.732781 3.430960 -1.011548
v -10.166056 3.797741 0.402066
v -10.551826 8.543243 0.801591
v -10.256401 8.689153 0.251760
v -10.166055 4.053394 0.160827
v -9.844747 3.036540 0.540353
v -10.401388 4.375497 0.080413
v -10.569310 4.073975 0.430546
v -10.455339 8.467071 0.768551
v -10.010303 3.170425 0.677606
v -10.132607 5.120448 -1.224140
v -10.401389 4.034762 0.402066
v -10.256402 7.991982 1.011295
v -10.575030 4.377427 0.118386
v -10.880637 4.379017 0.459026
v -10.112963 3.934666 0.117165
v -10.256402 8.095852 0.909766
v -10.859798 4.235652 0.515985
v -10.817582 4.139554 0.631393
v -8.119116 4.163496 -2.336553
v -10.104662 3.595292 0.359685
v -10.401389 4.189324 0.160827
v -8.157314 3.790916 -2.010181
v -9.623750 5.610384 -2.367617
v -10.054337 5.196207 -1.714273
v -10.572170 4.211792 0.196566
v -10.071351 3.801098 -0.013819
v -8.694295 4.648776 -2.494492
v -10.641392 8.437231 0.831755
v -9.195394 5.154053 -2.516455
v -10.095884 4.357307 -0.764535
v -9.572835 3.113463 -0.205087
v -10.066446 8.663876 -0.093484
v -9.892866 5.351523 -2.114371
v -10.435533 8.013184 0.991580
v -8.731136 3.479350 -1.515755
v -10.038152 3.376115 0.232541
v -9.188891 3.249479 -0.907409
v -10.256399 8.689153 -0.030028
v -10.039820 3.703025 -0.284959
v -9.913979 3.157778 -0.074196
v -10.581511 8.076791 0.959614
v -10.661181 8.182803 0.917699
v -8.718177 3.657289 -1.954047
v -8.702897 4.026518 -2.291825
v -10.016968 3.690787 -0.749086
v -10.067895 4.390605 -1.268299
v -9.567911 4.880494 -2.383056
v -9.988258 4.483117 -1.746819
v -9.575243 3.138385 -0.801234
v -10.066446 8.663877 -0.424379
v -9.172400 4.432037 -2.429982
v -9.188616 3.309239 -1.434422
v -10.256398 8.689153 -0.332483
v -9.830440 4.643521 -2.138828
v -9.861409 3.238535 -0.734600
v -9.978915 3.758284 -1.274000
v -9.178370 3.491560 -1.883510
v -9.169264 3.848480 -2.225190
v -9.555785 3.221411 -1.348576
v -9.521100 4.246820 -2.303203
v -9.901777 3.899416 -1.727499
v -9.822574 3.332286 -1.285880
v -9.758268 4.075241 -2.080320
v -9.521100 3.413954 -1.788896
v -9.499951 3.745820 -2.110878
v -9.758269 3.518547 -1.720221
v -9.680221 3.755361 -1.980676
v 0.127939 4.563772 5.057284
v -2.828023 4.574591 3.814073
v -1.870150 3.773414 4.452249
v 0.127939 4.005514 4.914581
v -2.192338 5.183331 4.259304
v 0.127939 4.541290 5.008076
v 2.126029 3.773414 4.452249
v 3.083901 4.574591 3.814073
v 2.448216 5.183331 4.259304
v 0.000000 11.977015 -1.473094
v -0.969226 11.977015 -1.473094
v -0.949217 11.813908 -0.125990
v 0.949217 11.813908 -0.125990
v 0.969226 11.977015 -1.473094
v -0.823659 11.469856 1.479311
v 0.823659 11.469856 1.479311
v 0.000000 10.920341 2.827832
v -0.789069 10.920340 2.827831
v 0.789069 10.920340 2.827831
v -0.000000 12.149241 -0.088740
v -0.000000 12.314459 -1.476101
v -0.969152 12.314459 -1.476101
v -0.949166 12.147605 -0.092100
v 0.949166 12.147605 -0.092100
v 0.969152 12.314459 -1.476101
v 0.000000 11.790996 1.582935
v -0.823680 11.791077 1.578395
v 0.823680 11.791077 1.578395
v 0.000000 11.232833 2.955213
v -0.789139 11.232832 2.955213
v 0.789139 11.232832 2.955213
v 7.128141 3.880587 6.239791
v 7.213541 3.892009 5.711692
v 7.212634 3.575910 5.717314
v 7.128142 3.546958 6.239790
v 7.272368 4.807744 5.347924
v 7.291139 4.562937 5.231850
v 7.213542 4.555511 5.711692
v 7.212633 4.871628 5.717315
v 7.042741 4.559349 6.767889
v 7.128142 4.568392 6.239791
v 7.128141 4.224490 6.239789
v 7.038589 4.225256 6.793563
v 6.983916 4.817740 7.131657
v 7.043650 4.877977 6.762267
v 6.965144 4.570628 7.247731
v 7.272368 3.638774 5.347925
v 7.291139 3.883260 5.231850
v 7.299860 4.223024 5.177924
v 7.217693 4.223725 5.686018
v 7.043650 3.572451 6.762267
v 7.042741 3.891092 6.767889
v 6.983916 3.633711 7.131657
v 6.965145 3.881143 7.247731
v 7.128142 4.902025 6.239790
v 6.956424 4.225960 7.301656
v -6.965144 4.570628 7.247731
v -6.983916 4.817740 7.131657
v -7.042741 4.559349 6.767889
v -7.043650 4.877977 6.762267
v -6.956424 4.225960 7.301656
v -7.038589 4.225256 6.793563
v -7.128141 4.224490 6.239789
v -7.128142 4.568392 6.239791
v -7.128142 4.902025 6.239790
v -6.965145 3.881143 7.247731
v -7.042741 3.891092 6.767889
v -7.272368 4.807744 5.347924
v -7.212633 4.871628 5.717315
v -7.213542 4.555511 5.711692
v -7.291139 4.562937 5.231850
v -6.983916 3.633711 7.131657
v -7.043650 3.572451 6.762267
v -7.128141 3.880587 6.239791
v -7.128142 3.546958 6.239790
v -7.212634 3.575910 5.717314
v -7.213541 3.892009 5.711692
v -7.217693 4.223725 5.686018
v -7.299860 4.223024 5.177924
v -7.291139 3.883260 5.231850
v -7.272368 3.638774 5.347925
v 1.038529 9.509991 -4.736977
v 0.000000 9.509992 -4.736977
v 0.990780 8.093691 -5.278746
v -0.990780 8.093691 -5.278746
v -1.038529 9.509991 -4.736977
v 0.926678 6.508706 -5.453517
v 0.000000 6.508706 -5.453517
v -0.926678 6.508706 -5.453517
v 0.794694 9.157657 -4.821095
v 0.000000 9.157657 -4.821095
v 0.758156 8.073888 -5.235662
v -0.758156 8.073888 -5.235662
v -0.794694 9.157657 -4.821095
v 0.709104 6.861041 -5.369399
v 0.000000 6.861041 -5.369399
v -0.709104 6.861041 -5.369399
v 0.795045 8.735705 -4.706949
v 0.000000 8.735705 -4.706949
v 0.758518 8.295413 -4.706954
v 0.000000 8.294979 -4.706953
v -0.758518 8.295413 -4.706954
v -0.795045 8.735705 -4.706949
v 0.709476 6.823695 -5.032819
v 0.000000 6.823695 -5.032819
v -0.709476 6.823695 -5.032819
v 0.795045 8.735703 -4.585603
v -0.000000 8.735704 -4.585603
v 0.758518 8.295411 -4.585608
v 0.000000 8.294978 -4.585608
v -0.758518 8.295411 -4.585608
v -0.795045 8.735703 -4.585603
v -2.055981 11.745809 0.084586
v -1.054946 11.813518 0.096730
v -1.999193 11.406240 1.674404
v -1.023614 11.468559 1.703016
v -2.789126 10.629839 3.054976
v -1.927750 10.791077 3.188246
v -2.689602 9.844433 4.320778
v -1.849715 9.977660 4.494900
v -0.984375 10.844824 3.232669
v -2.589249 8.933142 5.259361
v -1.773150 9.043320 5.463154
v -0.941852 10.022069 4.552941
v -0.900670 9.080047 5.531087
v -1.706115 8.065397 5.961798
v -0.865454 8.098515 6.034357
v 1.999193 11.406240 1.674404
v 2.055981 11.745809 0.084586
v 1.054946 11.813518 0.096730
v 1.023614 11.468559 1.703016
v 0.984375 10.844824 3.232669
v 1.927750 10.791077 3.188246
v 0.941852 10.022069 4.552941
v 1.849715 9.977660 4.494900
v 0.900670 9.080047 5.531087
v 1.773150 9.043320 5.463154
v 2.689602 9.844433 4.320778
v 2.789126 10.629839 3.054976
v 2.589249 8.933142 5.259361
v 0.000000 7.111663 6.198646
v 0.000000 8.098514 6.034357
v -0.829550 7.111662 6.198646
v 0.000000 10.022069 4.552941
v 0.000000 10.844825 3.232669
v 0.000000 9.080048 5.531086
v 0.829550 7.111662 6.198646
v 0.865454 8.098515 6.034357
v 0.000000 9.606471 -4.991317
v -1.038529 9.606470 -4.991317
v 0.000000 9.509992 -4.736977
v -1.038529 9.509991 -4.736977
vt 0.809408 0.000000
vt 0.831380 0.000000
vt 0.809787 0.000000
vt 0.689453 0.246094
vt 0.718750 0.250000
vt 0.718750 0.250000
vt 0.750000 0.250000
vt 0.625000 0.125000
vt 0.625000 0.078125
vt 0.625000 0.078125
vt 0.625000 0.199870
vt 0.625000 0.165799
vt 0.625000 0.210938
vt 0.625000 0.210938
vt 0.625000 0.171875
vt 0.625000 0.078125
vt 0.625000 0.039062
vt 0.625000 0.077422
vt 0.781250 0.000000
vt 0.809787 0.000000
vt 0.626602 0.012969
vt 0.628520 0.003242
vt 0.625000 0.007812
vt 0.638672 0.000000
vt 0.644450 0.000000
vt 0.660156 0.000000
vt 0.781250 0.000000
vt 0.857578 0.009453
vt 0.837344 0.005000
vt 0.854613 0.002363
vt 0.625000 0.234375
vt 0.625000 0.238498
vt 0.625000 0.242188
vt 0.625000 0.078125
vt 0.625000 0.078125
vt 0.625000 0.039062
vt 0.625000 0.234375
vt 0.625000 0.078125
vt 0.625000 0.039062
vt 0.625000 0.078125
vt 0.625000 0.078125
vt 0.625000 0.039062
vt 0.633572 0.000000
vt 0.625977 0.001953
vt 0.625000 0.078125
vt 0.625000 0.039062
vt 0.625000 0.165799
vt 0.625000 0.162760
vt 0.625000 0.188657
vt 0.625000 0.199870
vt 0.625000 0.210938
vt 0.625000 0.210938
vt 0.625000 0.234375
vt 0.625000 0.234375
vt 0.625000 0.210938
vt 0.625000 0.234375
vt 0.625000 0.170356
vt 0.625000 0.125000
vt 0.625000 0.125000
vt 0.531250 0.936523
vt 0.562500 0.936035
vt 0.531250 0.906250
vt 0.625000 0.210938
vt 0.625000 0.171875
vt 0.625000 0.210938
vt 0.625000 0.078125
vt 0.625000 0.039062
vt 0.625000 0.220486
vt 0.625000 0.230903
vt 0.750000 0.000000
vt 0.781250 0.000000
vt 0.625000 0.039062
vt 0.625000 0.039062
vt 0.625000 0.078125
vt 0.625938 0.035078
vt 0.624023 0.027344
vt 0.625000 0.210938
vt 0.625000 0.231606
vt 0.625000 0.220486
vt 0.625000 0.210938
vt 0.625000 0.210938
vt 0.625000 0.234375
vt 0.625000 0.210938
vt 0.625000 0.234375
vt 0.835530 0.001250
vt 0.593750 0.566406
vt 0.625000 0.562500
vt 0.593750 0.624023
vt 0.625000 0.237188
vt 0.625000 0.243594
vt 0.625000 0.125000
vt 0.625000 0.073906
vt 0.625000 0.075312
vt 0.625000 0.208171
vt 0.781250 0.250000
vt 0.812500 0.250000
vt 0.781250 0.250000
vt 0.625000 0.240547
vt 0.625000 0.245273
vt 0.625000 0.245000
vt 0.625000 0.078125
vt 0.625000 0.039062
vt 0.625000 0.039062
vt 0.625000 0.125000
vt 0.625000 0.875000
vt 0.625000 0.906250
vt 0.593750 0.875000
vt 0.562500 0.906250
vt 0.562500 0.875000
vt 0.593750 0.906250
vt 0.625000 0.245273
vt 0.625000 0.247500
vt 0.750000 0.000000
vt 0.625000 0.078125
vt 0.625000 0.039062
vt 0.625000 0.210938
vt 0.625000 0.235078
vt 0.625000 0.211992
vt 0.625000 0.210938
vt 0.625000 0.171875
vt 0.625000 0.078125
vt 0.625000 0.210938
vt 0.625000 0.234375
vt 0.625000 0.242188
vt 0.625000 0.171875
vt 0.625000 0.234375
vt 0.625000 0.210938
vt 0.625000 0.234375
vt 0.625000 0.242188
vt 0.625000 0.039062
vt 0.625000 0.078125
vt 0.656250 0.000000
vt 0.625000 0.171875
vt 0.625000 0.234375
vt 0.625000 0.125000
vt 0.625000 0.078125
vt 0.625000 0.039062
vt 0.628906 0.000000
vt 0.625000 0.171059
vt 0.625000 0.125000
vt 0.625000 0.210938
vt 0.624649 0.075469
vt 0.625000 0.237188
vt 0.810445 0.000312
vt 0.832899 0.000000
vt 0.500000 0.906250
vt 0.500000 0.937500
vt 0.593750 0.964844
vt 0.593750 0.936523
vt 0.750000 0.000000
vt 0.718750 0.000000
vt 0.750000 0.000000
vt 0.625000 0.406250
vt 0.593750 0.438477
vt 0.625000 0.437500
vt 0.750000 0.250000
vt 0.500000 0.468750
vt 0.500000 0.500000
vt 0.531250 0.513672
vt 0.531250 0.472656
vt 0.625000 0.039062
vt 0.625000 0.125000
vt 0.625000 0.075313
vt 0.625000 0.210938
vt 0.625000 0.210938
vt 0.625000 0.234375
vt 0.625000 0.078125
vt 0.625000 0.039062
vt 0.625000 0.968750
vt 0.625000 0.209225
vt 0.625000 0.234375
vt 0.625000 0.242188
vt 0.781250 0.000000
vt 0.625000 0.234375
vt 0.750000 0.000000
vt 0.625000 0.078125
vt 0.625000 0.039062
vt 0.625000 0.078125
vt 0.625000 0.171875
vt 0.718750 0.000000
vt 0.625000 0.243594
vt 0.625000 0.240547
vt 0.625000 0.234375
vt 0.625000 0.234375
vt 0.872500 0.075313
vt 0.870273 0.073906
vt 0.870273 0.034844
vt 0.664062 0.234375
vt 0.689209 0.246582
vt 0.874023 0.125000
vt 0.875000 0.125000
vt 0.871094 0.179688
vt 0.625000 0.125000
vt 0.562500 0.438965
vt 0.562500 0.474609
vt 0.861625 0.026750
vt 0.874375 0.075469
vt 0.872422 0.124297
vt 0.625000 0.125000
vt 0.625000 0.171875
vt 0.632812 0.171875
vt 0.642822 0.213867
vt 0.644531 0.210938
vt 0.625000 0.125000
vt 0.625000 0.242188
vt 0.718750 0.000000
vt 0.625000 0.210938
vt 0.718750 0.000000
vt 0.625000 0.234375
vt 0.838047 0.009453
vt 0.625000 0.234375
vt 0.630859 0.173828
vt 0.625400 0.124824
vt 0.873135 0.124824
vt 0.625000 0.000000
vt 0.562500 0.516602
vt 0.562500 0.568359
vt 0.531250 0.513672
vt 0.562500 0.962891
vt 0.663086 0.236328
vt 0.562500 0.936035
vt 0.531250 0.906250
vt 0.625000 0.234375
vt 0.625000 0.234375
vt 0.625000 0.125000
vt 0.625000 0.125000
vt 0.625000 0.240547
vt 0.625000 0.125000
vt 0.625000 0.125000
vt 0.625000 0.242188
vt 0.625000 0.125000
vt 0.625000 0.171875
vt 0.810898 0.001250
vt 0.625000 0.125000
vt 0.625000 0.210938
vt 0.625000 0.234375
vt 0.625000 0.125000
vt 0.625000 0.125000
vt 0.625000 0.215156
vt 0.625000 1.000000
vt 0.625000 0.174688
vt 0.875000 0.187500
vt 0.750000 0.000000
vt 0.718750 0.000000
vt 0.625000 0.125000
vt 0.625000 0.234375
vt 0.593750 0.513672
vt 0.625000 0.125000
vt 0.781250 0.000000
vt 0.621094 0.070312
vt 0.625000 0.234375
vt 0.531250 0.438477
vt 0.531250 0.936523
vt 0.625000 0.242188
vt 0.593750 0.936523
vt 0.625000 0.171875
vt 0.625000 0.210938
vt 0.625000 0.242188
vt 0.625000 0.125000
vt 0.625000 0.125000
vt 0.625000 0.242188
vt 0.625000 0.000000
vt 0.625000 0.242188
vt 0.625000 0.234375
vt 0.625000 0.125000
vt 0.868164 0.173828
vt 0.625000 0.937500
vt 0.625000 0.125000
vt 0.625000 0.242188
vt 0.625000 0.125000
vt 0.625000 0.171875
vt 0.531250 0.964844
vt 0.689399 0.000000
vt 0.625000 0.223250
vt 0.688477 0.000000
vt 0.690213 0.000000
vt 0.625000 0.242188
vt 0.625000 0.210938
vt 0.593750 0.406250
vt 0.625000 0.176094
vt 0.625000 0.242539
vt 0.718750 0.000000
vt 0.625000 0.242188
vt 0.593750 0.986328
vt 0.625000 0.234375
vt 0.690592 0.000000
vt 0.625000 0.242188
vt 0.857578 0.034844
vt 0.625000 0.242188
vt 0.750000 0.000000
vt 0.811074 0.002363
vt 0.625000 0.171875
vt 0.718750 0.250000
vt 0.625000 0.234375
vt 0.871865 0.123945
vt 0.625000 0.210938
vt 0.625000 0.242188
vt 0.781250 0.000000
vt 0.625000 0.000000
vt 0.625000 0.171875
vt 0.625000 0.242188
vt 0.625000 0.237188
vt 0.687500 0.000000
vt 0.625000 1.000000
vt 0.625000 0.174688
vt 0.625000 0.171875
vt 0.625000 0.171875
vt 0.750000 0.250000
vt 0.625000 0.171875
vt 0.625000 0.242188
vt 0.620117 0.125000
vt 0.625000 0.234375
vt 0.625000 0.500000
vt 0.625000 0.242188
vt 0.625000 0.234375
vt 0.625000 0.234375
vt 0.690213 0.000000
vt 0.625000 0.210938
vt 0.624856 0.004043
vt 0.625000 0.171875
vt 0.625000 0.171875
vt 0.531250 0.472656
vt 0.625000 0.234375
vt 0.625000 0.172578
vt 0.625000 0.215156
vt 0.562500 0.983398
vt 0.625000 0.171875
vt 0.625000 0.171875
vt 0.718750 0.000000
vt 0.625000 0.171875
vt 0.867188 0.171875
vt 0.625000 0.171875
vt 0.625000 0.235078
vt 0.625000 0.171875
vt 0.668620 0.000000
vt 0.625000 0.234375
vt 0.562500 0.962891
vt 0.625000 0.234375
vt 0.625000 0.234375
vt 0.667101 0.000000
vt 0.625000 0.375000
vt 0.593750 0.996094
vt 0.837344 0.012812
vt 0.625000 0.210938
vt 0.625000 0.234375
vt 0.500000 0.437500
vt 0.625000 0.210938
vt 0.663845 0.000000
vt 0.625000 0.210938
vt 0.750000 0.000000
vt 0.868594 0.075312
vt 0.625000 1.000000
vt 0.625000 1.000000
vt 0.625000 0.210938
vt 0.618346 0.999792
vt 0.667101 0.000000
vt 0.593750 0.964844
vt 0.625000 0.210938
vt 0.688477 0.248047
vt 0.625000 0.234375
vt 0.781250 0.000000
vt 0.625000 0.171875
vt 0.689555 0.000312
vt 0.531250 0.964844
vt 0.660156 0.000000
vt 0.625000 0.210938
vt 0.625000 0.234375
vt 0.625000 0.234375
vt 0.631672 0.200032
vt 0.625000 0.210938
vt 0.625000 0.968750
vt 0.625000 0.210938
vt 0.531250 0.986328
vt 0.861328 0.222656
vt 0.625000 0.211992
vt 0.562500 0.406250
vt 0.625000 0.234375
vt 0.562500 0.994141
vt 0.500000 0.968750
vt 0.623379 0.161527
vt 0.625000 0.210938
vt 0.625000 0.003363
vt 0.655671 0.000000
vt 0.660156 0.242188
vt 0.718750 0.000000
vt 0.624414 0.166399
vt 0.625630 0.179057
vt 0.810898 0.003203
vt 0.664470 0.001250
vt 0.625000 0.210938
vt 0.656250 0.000000
vt 0.867188 0.171875
vt 0.650065 0.000000
vt 0.650065 0.000000
vt 0.625000 0.210938
vt 0.855996 0.038008
vt 0.593750 0.997582
vt 0.500000 0.500000
vt 0.000000 0.500000
vt 0.000000 0.200000
vt 0.875000 0.250000
vt 0.612230 0.124832
vt 0.625000 0.210938
vt 0.562500 0.474609
vt 0.750000 0.000000
vt 0.856934 0.213867
vt 0.689102 0.001250
vt 0.593750 0.375000
vt 0.871445 0.124297
vt 0.718750 0.250000
vt 0.644450 0.000000
vt 0.631429 0.201446
vt 0.836289 0.014922
vt 0.593750 0.472656
vt 0.637695 0.222656
vt 0.645387 0.002363
vt 0.625000 0.000000
vt 0.000000 0.000000
vt 0.500000 0.200000
vt 0.562500 0.983398
vt 0.639757 0.000000
vt 0.562500 0.994472
vt 0.556064 0.994543
vt 0.000000 0.700000
vt 0.611328 0.064453
vt 0.609447 0.106705
vt 0.662656 0.005000
vt 0.781250 0.000000
vt 1.000000 1.000000
vt 1.000000 1.000000
vt 0.500000 1.000000
vt 0.638672 0.000000
vt 0.867539 0.077422
vt 0.718750 0.000000
vt 0.855469 0.210938
vt 0.531250 0.994195
vt 0.593750 0.986328
vt 0.955705 1.000000
vt 0.531250 0.986328
vt 0.625000 0.343750
vt 0.624676 0.001526
vt 0.625000 1.000000
vt 0.531250 0.406250
vt 0.810635 0.003730
vt 1.000000 0.500000
vt 0.750000 0.500000
vt 0.633572 0.000000
vt 0.750000 0.000000
vt 0.688926 0.002363
vt 0.646203 1.000000
vt 0.634197 0.003203
vt 0.642422 0.009453
vt 0.625000 0.000000
vt 0.500000 0.000000
vt 0.625000 0.468750
vt 0.855469 0.039062
vt 0.624158 0.024598
vt 0.531250 0.438477
vt 0.687500 0.250000
vt 0.855469 0.210938
vt 0.626563 0.219261
vt 0.500000 0.750000
vt 0.608718 0.104893
vt 0.867188 0.171875
vt 0.835938 0.015625
vt 0.513855 1.000000
vt 0.531250 0.993206
vt 0.871270 0.125000
vt 1.000000 0.000000
vt 0.661953 0.009453
vt 0.562500 0.375000
vt 0.781250 0.000000
vt 0.500000 1.000000
vt 0.718750 0.000000
vt 0.589844 0.062500
vt 0.839844 0.242188
vt 0.025256 0.700000
vt 0.022819 0.697807
vt 0.015688 0.700000
vt 0.656250 0.250000
vt 0.593750 0.343750
vt 0.628906 0.000000
vt 0.003520 0.721099
vt 0.628520 0.003242
vt 0.867188 0.078125
vt 1.000000 0.000000
vt 0.631406 0.012812
vt 0.810547 0.003906
vt 0.750000 0.000000
vt 0.500000 1.000000
vt 0.689102 0.003203
vt 0.562500 0.993145
vt 0.836914 0.236328
vt 0.625000 1.000000
vt 0.625000 0.250000
vt 0.638375 0.026750
vt 0.625000 0.312500
vt 0.855469 0.210938
vt 0.855469 0.039062
vt 0.592576 0.018786
vt 0.843750 0.250000
vt 0.835938 0.234375
vt 0.625000 0.000000
vt 0.500000 0.700000
vt 0.000000 1.000000
vt 0.588769 0.096357
vt 0.835938 0.015625
vt 0.562500 0.438965
vt 0.662656 0.012812
vt 0.781250 0.000000
vt 0.593750 0.996094
vt 0.718750 0.000000
vt 0.867539 0.172578
vt 0.867188 0.078125
vt 0.625977 0.001953
vt 0.871445 0.125703
vt 0.500000 0.250000
vt 0.000000 1.000000
vt 0.618788 0.217984
vt 0.593750 0.438477
vt 0.835938 0.234375
vt 0.810547 0.003906
vt 0.626602 0.012969
vt 1.000000 0.200000
vt 0.531250 0.375000
vt 0.629727 0.034844
vt 0.571925 0.994730
vt 0.689277 0.003555
vt 0.855469 0.039062
vt 0.593750 0.311523
vt 0.593750 0.996962
vt 0.835938 0.015625
vt 0.625000 0.281250
vt 0.750000 0.000000
vt 0.566414 0.093425
vt 0.642422 0.034844
vt 0.562500 0.343750
vt 0.781250 0.000000
vt 0.871865 0.126055
vt 0.500000 0.000000
vt 0.867188 0.078125
vt 0.561523 0.062500
vt 0.835938 0.234375
vt 0.810547 0.003906
vt 0.718750 0.000000
vt 0.625000 1.000000
vt 0.625000 0.437500
vt 0.500000 1.000000
vt 0.663359 0.014219
vt 0.854085 0.041829
vt 0.593750 0.277344
vt 0.835178 0.019097
vt 0.592773 0.236328
vt 0.625000 0.007812
vt 0.855996 0.211992
vt 0.868594 0.174688
vt 0.250000 0.500000
vt 0.811523 0.248047
vt 0.810547 0.246094
vt 0.617677 0.999771
vt 0.810791 0.246582
vt 0.865451 0.079644
vt 0.500000 1.000000
vt 0.625938 0.035078
vt 0.750000 0.000000
vt 0.781250 0.000000
vt 0.810357 0.007528
vt 0.810547 0.246094
vt 0.689102 0.003203
vt 0.562500 0.406250
vt 0.849935 0.050130
vt 0.872422 0.125703
vt 0.561208 0.101947
vt 0.629727 0.073906
vt 0.000000 1.000000
vt 0.000000 0.852285
vt 0.832899 0.029514
vt 0.591035 0.205045
vt 0.643477 0.036953
vt 0.500000 1.000000
vt 0.500000 1.000000
vt 0.518492 1.000000
vt 1.000000 0.500000
vt 0.860243 0.084201
vt 0.718750 0.000000
vt 0.531250 0.406250
vt 0.531250 0.062500
vt 1.000000 1.000000
vt 1.000000 0.700000
vt 0.809787 0.018394
vt 0.844329 0.061343
vt 0.781250 0.003203
vt 0.812500 0.250000
vt 0.870992 0.125556
vt 0.662656 0.012812
vt 0.000000 0.500000
vt 0.562500 0.311035
vt 0.750000 0.000000
vt 0.531250 0.343750
vt 0.831380 0.050130
vt 0.000000 0.000000
vt 0.849935 0.087240
vt 0.590961 0.205034
vt 0.836289 0.235078
vt 0.870273 0.176094
vt 0.500000 0.000000
vt 0.810547 0.246094
vt 0.865451 0.126519
vt 0.857578 0.215156
vt 0.631406 0.075312
vt 0.688926 0.002363
vt 0.547000 0.123765
vt 0.809652 0.040775
vt 0.781250 0.012812
vt 0.627500 0.075312
vt 0.625000 0.006054
vt 0.624664 0.014535
vt 0.593750 0.406250
vt 0.832899 0.084201
vt 0.872500 0.174688
vt 0.270046 0.000000
vt 0.000000 0.504157
vt 0.750000 0.002363
vt 0.781250 0.250000
vt 0.642422 0.034844
vt 0.854085 0.127279
vt 0.718750 0.000000
vt 0.562500 0.275391
vt 0.562256 0.233398
vt 0.781250 0.250000
vt 0.072435 0.000000
vt 0.575717 0.182620
vt 0.810764 0.078941
vt 0.000000 0.500000
vt 0.531250 0.124023
vt 0.872422 0.172578
vt 0.561523 0.181641
vt 0.561346 0.160585
vt 0.500000 0.406250
vt 0.782227 0.034844
vt 0.661953 0.009453
vt 0.000000 0.000000
vt 0.632109 0.076719
vt 0.810635 0.246270
vt 0.781250 0.250000
vt 0.750000 0.009453
vt 0.546824 0.124006
vt 0.835178 0.126519
vt 0.555479 0.153742
vt 0.625000 0.406250
vt 0.592742 0.016130
vt 0.592592 0.018525
vt 0.593646 0.017630
vt 0.628135 0.123945
vt 0.781250 0.250000
vt 0.867188 0.171875
vt 0.718750 0.001250
vt 0.781250 0.250000
vt 0.837344 0.237188
vt 0.624649 0.075469
vt 0.689102 0.001250
vt 0.785156 0.075312
vt 0.592232 0.015933
vt 0.531250 0.311523
vt 0.531250 0.183594
vt 0.861625 0.223250
vt 0.855469 0.171875
vt 0.562500 0.375000
vt 0.628555 0.124297
vt 0.811822 0.125380
vt 0.750000 0.250000
vt 0.750000 0.026750
vt 0.810898 0.246797
vt 0.870274 0.215156
vt 0.718750 0.005000
vt 0.781250 0.250000
vt 0.531250 0.375000
vt 0.689277 0.000937
vt 0.781250 0.250000
vt 0.631406 0.075312
vt 0.835938 0.171875
vt 0.662656 0.005000
vt 0.627578 0.124297
vt 0.871865 0.211992
vt 0.638375 0.026750
vt 0.750000 0.250000
vt 0.750000 0.250000
vt 0.531250 0.236328
vt 0.838047 0.240547
vt 0.762695 0.073906
vt 0.531250 0.277344
vt 0.787109 0.125000
vt 0.867188 0.210938
vt 0.628595 0.124920
vt 0.717773 0.009453
vt 0.781250 0.250000
vt 0.623788 0.030804
vt 0.621094 0.070312
vt 0.689102 0.002500
vt 0.551276 0.994149
vt 0.811523 0.172578
vt 0.750000 0.250000
vt 0.718750 0.250000
vt 0.593750 0.375000
vt 0.629727 0.073906
vt 0.855469 0.210938
vt 0.632812 0.171875
vt 0.663359 0.002500
vt 0.737305 0.034844
vt 0.718750 0.250000
vt 0.750000 0.250000
vt 1.000000 0.500000
vt 1.000000 0.838614
vt 0.642422 0.009453
vt 0.811074 0.247637
vt 0.766113 0.125000
vt 0.592514 0.019780
vt 0.589844 0.062500
vt 0.625400 0.124824
vt 0.632812 0.171875
vt 0.857578 0.240547
vt 0.714844 0.012812
vt 0.688682 0.004727
vt 0.750000 0.075312
vt 0.718750 0.250000
vt 0.835938 0.210938
vt 0.628012 0.125382
vt 0.750000 0.250000
vt 0.718750 0.250000
vt 0.629727 0.034844
vt 0.625000 0.375000
vt 0.531250 0.062500
vt 0.561523 0.062500
vt 0.561208 0.101947
vt 0.871445 0.235078
vt 0.662656 0.005000
vt 0.837344 0.245000
vt 0.732178 0.038008
vt 0.643477 0.004727
vt 0.531250 0.124023
vt 0.547000 0.123765
vt 0.781250 0.250000
vt 0.632812 0.171875
vt 0.689453 0.246094
vt 0.750000 0.250000
vt 0.868594 0.237188
vt 0.867188 0.234375
vt 0.562500 0.343750
vt 0.632270 0.172960
vt 0.562264 0.015097
vt 0.627500 0.075312
vt 0.744141 0.077422
vt 0.631406 0.012812
vt 0.688125 0.006406
vt 0.711914 0.014922
vt 0.689453 0.246094
vt 0.531250 0.343750
vt 0.627077 0.125573
vt 0.785156 0.174688
vt 0.566414 0.093425
vt 0.753906 0.125000
vt 0.810791 0.211992
vt 0.644531 0.210938
vt 0.730469 0.039062
vt 0.855469 0.234375
vt 0.689317 0.246365
vt 0.810898 0.248750
vt 0.750000 0.250000
vt 0.661953 0.009453
vt 0.000000 1.000000
vt 0.000000 0.500000
vt 0.000000 0.852285
vt 0.620117 0.125000
vt 0.626182 0.038008
vt 0.000000 1.000000
vt 0.742188 0.078125
vt 0.644531 0.210938
vt 0.710938 0.015625
vt 0.611328 0.064453
vt 0.609447 0.106705
vt 0.718750 0.250000
vt 0.748047 0.125000
vt 0.632109 0.006406
vt 0.642422 0.009453
vt 0.546824 0.124006
vt 0.664062 0.234375
vt 0.750000 0.250000
vt 0.689453 0.246094
vt 0.000000 0.504157
vt 0.000000 0.500000
vt 0.626602 0.014922
vt 0.687656 0.007461
vt 0.855996 0.247637
vt 0.588769 0.096357
vt 0.608718 0.104893
vt 0.718750 0.250000
vt 0.644531 0.210938
vt 0.867539 0.246797
vt 0.746094 0.125000
vt 0.664062 0.234375
vt 0.625625 0.077422
vt 0.750000 0.174688
vt 0.250000 0.500000
vt 0.762695 0.176094
vt 0.630642 0.176215
vt 0.836289 0.248750
vt 0.630859 0.173828
vt 0.555479 0.153742
vt 0.625000 0.039062
vt 0.500000 1.000000
vt 0.500000 0.750000
vt 0.612230 0.124832
vt 0.643717 0.212565
vt 0.626059 0.125382
vt 0.744141 0.172578
vt 0.663520 0.235460
vt 0.662656 0.012812
vt 0.687500 0.007812
vt 0.781250 0.250000
vt 0.730469 0.039062
vt 0.871182 0.246270
vt 0.742188 0.078125
vt 0.593750 0.343750
vt 0.742188 0.171875
vt 0.625000 0.015625
vt 0.664062 0.234375
vt 0.626777 0.007461
vt 0.531250 0.183594
vt 0.625000 0.078125
vt 0.746094 0.125000
vt 0.000000 0.000000
vt 0.625000 0.039062
vt 0.500000 1.000000
vt 0.513855 1.000000
vt 0.835938 0.234375
vt 0.740451 0.079644
vt 0.710938 0.015625
vt 0.625000 0.015625
vt 0.625000 0.039062
vt 0.810635 0.249687
vt 1.000000 1.000000
vt 0.744249 0.125000
vt 0.625000 0.015625
vt 0.625000 0.038008
vt 0.631406 0.012812
vt 0.742188 0.171875
vt 0.646203 1.000000
vt 0.625000 0.078125
vt 0.625000 0.014922
vt 0.625000 0.034844
vt 0.867188 0.246094
vt 0.718750 0.250000
vt 0.638375 0.026750
vt 0.688911 0.247179
vt 0.625000 0.078125
vt 0.782227 0.215156
vt 0.729085 0.041829
vt 1.000000 1.000000
vt 0.625000 0.077422
vt 0.663711 0.014922
vt 0.625000 0.012812
vt 0.509674 0.995768
vt 0.625000 0.000000
vt 0.625144 0.000288
vt 0.625000 0.075312
vt 0.625265 0.125095
vt 0.625000 0.026750
vt 0.625000 0.007812
vt 0.500000 0.375000
vt 0.855469 0.250000
vt 0.689209 0.246582
vt 0.531250 0.311523
vt 0.562500 0.311035
vt 0.625000 0.343750
vt 0.642822 0.213867
vt 0.955705 1.000000
vt 1.000000 0.000000
vt 1.000000 0.421686
vt 0.750000 0.250000
vt 0.625000 0.073906
vt 0.867188 0.250000
vt 0.625000 0.007812
vt 0.835938 0.250000
vt 0.718750 0.250000
vt 0.625000 0.007812
vt 0.740451 0.170356
vt 0.625000 0.007461
vt 0.730469 0.210938
vt 0.625000 0.009453
vt 0.561346 0.160585
vt 0.623379 0.161527
vt 0.641276 0.217448
vt 0.710178 0.019097
vt 0.687500 0.007812
vt 0.730469 0.210938
vt 0.628581 0.178385
vt 0.732178 0.211992
vt 0.625000 0.125000
vt 0.781250 0.250000
vt 0.855469 0.246094
vt 0.737305 0.215156
vt 0.500000 0.000000
vt 0.000000 0.000000
vt 0.625000 0.034844
vt 0.810547 0.235078
vt 0.664062 0.015625
vt 0.642422 0.034844
vt 0.661892 0.238715
vt 0.750000 0.500000
vt 0.663086 0.236328
vt 0.625000 0.006406
vt 0.626602 0.014922
vt 0.871094 0.250000
vt 0.500000 0.250000
vt 0.538332 0.015640
vt 0.531250 0.009852
vt 0.625000 0.125000
vt 0.810547 0.250000
vt 0.561523 0.181641
vt 1.000000 0.500000
vt 0.718750 0.250000
vt 0.724935 0.087240
vt 0.625000 0.009453
vt 0.624414 0.166399
vt 0.531250 0.236328
vt 0.625000 0.125000
vt 0.625000 0.125000
vt 0.727702 0.125000
vt 0.626736 0.176215
vt 0.625000 0.125000
vt 0.855469 0.250000
vt 0.750000 0.223250
vt 0.625000 0.075312
vt 0.072435 0.000000
vt 0.625630 0.179057
vt 0.729085 0.208171
vt 0.835938 0.250000
vt 0.719329 0.061343
vt 0.625297 0.000595
vt 0.718750 0.250000
vt 0.644004 0.038008
vt 0.687500 0.011502
vt 0.629727 0.034844
vt 0.625000 0.015625
vt 0.867188 0.250000
vt 0.688639 0.248210
vt 0.625000 0.004727
vt 0.625000 0.040775
vt 1.000000 0.000000
vt 0.531250 0.277344
vt 0.562500 0.275391
vt 0.867188 0.250000
vt 0.631672 0.200032
vt 0.625000 0.125000
vt 0.835938 0.246094
vt 0.710938 0.234375
vt 0.625000 0.012812
vt 0.750000 0.250000
vt 0.706380 0.050130
vt 0.575717 0.182620
vt 0.625000 0.014922
vt 0.625000 0.015625
vt 0.724935 0.162760
vt 0.781250 0.250000
vt 0.810547 0.250000
vt 0.710938 0.234375
vt 0.707899 0.084201
vt 0.855469 0.250000
vt 0.625000 0.005000
vt 0.593750 0.311523
vt 0.688477 0.248047
vt 0.835938 0.250000
vt 0.625000 0.012812
vt 0.270046 0.000000
vt 0.562256 0.233398
vt 0.625434 0.172960
vt 0.625000 0.078941
vt 0.781250 0.237188
vt 0.871094 0.250000
vt 0.709418 0.125000
vt 0.867188 0.250000
vt 0.664062 0.015625
vt 0.644531 0.039062
vt 0.835938 0.250000
vt 0.855469 0.250000
vt 0.625000 0.125000
vt 0.711914 0.235078
vt 0.629727 0.073906
vt 0.625000 0.015625
vt 0.660807 0.242839
vt 0.664822 0.019097
vt 0.710178 0.230903
vt 0.625000 0.018394
vt 0.810547 0.250000
vt 0.719329 0.188657
vt 0.835938 0.250000
vt 0.855469 0.250000
vt 0.855469 0.250000
vt 0.625000 0.009453
vt 0.867188 0.250000
vt 0.631429 0.201446
vt 0.625000 0.171875
vt 0.631406 0.075312
vt 0.625000 0.084201
vt 0.855469 0.250000
vt 0.810547 0.250000
vt 0.781250 0.250000
vt 0.687500 0.044596
vt 0.625000 0.050130
vt 0.660156 0.242188
vt 0.625000 0.312500
vt 0.625000 0.004727
vt 0.835938 0.250000
vt 0.867188 0.250000
vt 0.634693 0.230613
vt 0.810547 0.246270
vt 0.626182 0.038008
vt 0.500000 0.000000
vt 0.707899 0.165799
vt 0.687500 0.081163
vt 0.871094 0.250000
vt 0.637695 0.222656
vt 0.718750 0.250000
vt 0.714844 0.237188
vt 0.625000 0.171875
vt 0.750000 0.250000
vt 0.595677 0.020651
vt 0.855469 0.250000
vt 0.810547 0.250000
vt 0.625000 0.006406
vt 0.625000 0.125000
vt 0.867188 0.250000
vt 0.867188 0.250000
vt 0.625000 0.171875
vt 0.687500 0.242188
vt 0.632461 0.077422
vt 0.625000 0.172578
vt 0.625000 0.002500
vt 0.835938 0.250000
vt 0.781250 0.250000
vt 0.688911 0.249132
vt 0.625000 0.174688
vt 0.590961 0.205034
vt 0.687500 0.250000
vt 0.871094 0.250000
vt 0.810547 0.250000
vt 0.625000 0.029514
vt 0.625000 0.002500
vt 0.706380 0.199870
vt 0.625000 0.176094
vt 0.687500 0.125000
vt 0.668620 0.050130
vt 0.625000 0.125000
vt 0.867188 0.250000
vt 0.687500 0.242188
vt 0.871094 0.250000
vt 0.750000 0.240547
vt 0.626563 0.219261
vt 0.593750 0.277344
vt 0.781250 0.250000
vt 0.625000 0.174688
vt 0.644531 0.039062
vt 0.627604 0.217448
vt 0.835938 0.250000
vt 0.810547 0.250000
vt 0.687500 0.238498
vt 0.632812 0.078125
vt 0.625000 0.011150
vt 0.645915 0.041829
vt 0.625000 0.087240
vt 0.781250 0.250000
vt 0.871094 0.250000
vt 0.592773 0.236328
vt 0.529460 1.000000
vt 0.505716 1.000000
vt 0.625000 0.039062
vt 0.625000 0.034844
vt 0.717773 0.240547
vt 0.625000 0.061343
vt 0.867188 0.250000
vt 0.625000 0.038008
vt 0.625000 0.171059
vt 0.625000 0.039062
vt 0.627500 0.075312
vt 0.687500 0.168837
vt 0.781250 0.250000
vt 0.625000 0.039062
vt 0.781250 0.246797
vt 0.591035 0.205045
vt 0.855469 0.250000
vt 0.687608 0.242635
vt 0.625000 0.005000
vt 0.718750 0.250000
vt 0.849935 0.250000
vt 0.750000 0.250000
vt 0.625000 0.250000
vt 0.618788 0.217984
vt 0.871094 0.250000
vt 0.867188 0.250000
vt 0.667101 0.084201
vt 0.625000 0.125000
vt 0.661892 0.246528
vt 0.656250 0.250000
vt 0.625000 0.022569
vt 0.655671 0.061343
vt 0.625000 0.026750
vt 0.832899 0.250000
vt 0.625000 0.281250
vt 0.625651 0.212565
vt 0.750000 0.250000
vt 0.687500 0.205404
vt 0.781250 0.250000
vt 0.628012 0.125382
vt 0.664062 0.234375
vt 0.867188 0.250000
vt 0.689317 0.249783
vt 0.628683 0.125095
vt 0.625000 0.001250
vt 0.750000 0.250000
vt 0.860243 0.250000
vt 0.664822 0.230903
vt 0.810547 0.250000
vt 0.627077 0.125573
vt 0.632812 0.078125
vt 0.664062 0.234375
vt 0.809787 0.250000
vt 0.844329 0.250000
vt 0.867188 0.250000
vt 0.625000 0.018394
vt 0.628906 0.125000
vt 0.687934 0.243976
vt 0.634549 0.079644
vt 0.718750 0.250000
vt 0.665582 0.125000
vt 0.625000 0.009453
vt 0.667101 0.165799
vt 0.641276 0.244792
vt 0.625000 0.210938
vt 0.750000 0.250000
vt 0.663520 0.235460
vt 0.625000 0.165799
vt 0.750000 0.250000
vt 0.855469 0.250000
vt 0.835938 0.250000
vt 0.831380 0.250000
vt 0.668620 0.199870
vt 0.650065 0.087240
vt 0.625625 0.077422
vt 0.688395 0.245846
vt 0.625000 0.029514
vt 0.867188 0.250000
vt 0.718750 0.245000
vt 0.849935 0.250000
vt 0.750000 0.247637
vt 0.863715 0.250000
vt 0.625000 0.210938
vt 0.625000 0.012812
vt 0.624688 0.030029
vt 0.855469 0.250000
vt 0.750000 0.250000
vt 0.625000 0.210938
vt 0.644531 0.210938
vt 0.625000 0.211992
vt 0.626059 0.125382
vt 0.718750 0.250000
vt 0.632812 0.171875
vt 0.781250 0.250000
vt 0.809408 0.250000
vt 0.689453 0.250000
vt 0.628906 0.125000
vt 0.625000 0.084201
vt 0.625000 0.050130
vt 0.625000 0.081163
vt 0.625000 0.005000
vt 0.663520 0.249132
vt 0.645915 0.208171
vt 0.781250 0.250000
vt 0.625000 0.044596
vt 0.644531 0.210938
vt 0.625000 0.215156
vt 0.630751 0.125000
vt 0.632270 0.172960
vt 0.647298 0.125000
vt 0.718750 0.250000
vt 0.855469 0.250000
vt 0.625000 0.209225
vt 0.625000 0.009453
vt 0.625000 0.215156
vt 0.832899 0.250000
vt 0.661892 0.238715
vt 0.650065 0.162760
vt 0.655671 0.188657
vt 0.628581 0.242839
vt 0.632812 0.171875
vt 0.855469 0.250000
vt 0.852702 0.250000
vt 0.643717 0.212565
vt 0.718750 0.250000
vt 0.810547 0.250000
vt 0.625000 0.075313
vt 0.835938 0.250000
vt 0.625000 0.002500
vt 0.625000 0.073906
vt 0.860243 0.250000
vt 0.634549 0.170356
vt 0.688911 0.247882
vt 0.625000 0.077422
vt 0.625000 0.078125
vt 0.630642 0.176215
vt 0.781250 0.250000
vt 0.625000 0.078125
vt 0.689453 0.250000
vt 0.855469 0.250000
vt 0.809787 0.250000
vt 0.625000 0.078125
vt 0.750000 0.250000
vt 0.626736 0.238715
vt 0.625000 0.199870
vt 0.835938 0.250000
vt 0.834418 0.250000
vt 0.718750 0.248750
vt 0.689453 0.250000
vt 0.664062 0.250000
vt 0.500000 0.343750
vt 0.641276 0.217448
vt 0.625000 0.040775
vt 0.625265 0.125095
vt 0.625000 0.223250
vt 0.643717 0.248698
vt 0.750000 0.250000
vt 0.849935 0.250000
vt 0.660807 0.242839
vt 0.625000 0.050130
vt 0.625000 0.162760
vt 0.625000 0.165799
vt 0.625000 0.188657
vt 0.689102 0.250000
vt 0.835938 0.250000
vt 0.625000 0.034844
vt 0.625000 0.002500
vt 0.781250 0.250000
vt 0.835938 0.250000
vt 0.810547 0.250000
vt 0.718750 0.250000
vt 0.688926 0.250000
vt 0.625000 0.034844
vt 0.628581 0.178385
vt 0.689365 0.250000
vt 0.781250 0.250000
vt 0.849935 0.250000
vt 0.630642 0.246528
vt 0.835938 0.250000
vt 0.750000 0.250000
vt 0.718750 0.250000
vt 0.689102 0.250000
vt 0.810167 0.250000
vt 0.625000 0.234375
vt 0.832899 0.250000
vt 0.664062 0.250000
vt 0.718750 0.250000
vt 0.625000 0.199870
vt 0.689317 0.249470
vt 0.625434 0.235460
vt 0.718750 0.250000
vt 0.810547 0.250000
vt 0.844329 0.250000
vt 0.626736 0.176215
vt 0.661892 0.246528
vt 0.644531 0.250000
vt 0.625000 0.231606
vt 0.664062 0.250000
vt 0.625000 0.234375
vt 0.832899 0.250000
vt 0.810547 0.250000
vt 0.781250 0.250000
vt 0.625000 0.075312
vt 0.625000 0.009453
vt 0.625000 0.026750
vt 0.810547 0.250000
vt 0.634693 0.230613
vt 0.750000 0.250000
vt 0.663711 0.250000
vt 0.831380 0.250000
vt 0.625000 0.125000
vt 0.632270 0.249132
vt 0.625000 0.234375
vt 0.625000 0.235078
vt 0.626790 0.246419
vt 0.781250 0.250000
vt 0.627821 0.248264
vt 0.625000 0.237188
vt 0.625000 0.012812
vt 0.661953 0.250000
vt 0.809787 0.250000
vt 0.810547 0.250000
vt 0.689453 0.250000
vt 0.718750 0.250000
vt 0.625000 0.125000
vt 0.625000 0.220486
vt 0.662656 0.250000
vt 0.662656 0.250000
vt 0.625000 0.237188
vt 0.781250 0.250000
vt 0.625000 0.038008
vt 0.625000 0.125000
vt 0.500000 0.062500
vt 0.500000 0.125000
vt 0.644531 0.250000
vt 0.625000 0.168837
vt 0.625000 0.125000
vt 0.625000 0.165799
vt 0.625000 0.084201
vt 0.718750 0.250000
vt 0.569251 0.994154
vt 0.625868 0.244358
vt 0.689453 0.250000
vt 0.625000 0.125000
vt 0.663520 0.249132
vt 0.625000 0.004727
vt 0.809408 0.250000
vt 0.781250 0.250000
vt 0.809787 0.250000
vt 0.750000 0.250000
vt 0.781250 0.250000
vt 0.625000 0.125000
vt 0.625000 0.078941
vt 0.632812 0.250000
vt 0.625000 0.240547
vt 0.625000 0.125000
vt 0.644531 0.250000
vt 0.641276 0.244792
vt 0.781250 0.250000
vt 0.625434 0.172960
vt 0.781250 0.250000
vt 0.644004 0.250000
vt 0.625000 0.125000
vt 0.625000 0.077422
vt 0.628635 0.249566
vt 0.642422 0.250000
vt 0.664062 0.250000
vt 0.689453 0.250000
vt 0.630642 0.246528
vt 0.750000 0.250000
vt 0.627604 0.217448
vt 0.642422 0.250000
vt 0.750000 0.250000
vt 0.625000 0.125000
vt 0.718750 0.250000
vt 0.625217 0.242730
vt 0.628581 0.242839
vt 0.625000 0.073906
vt 0.625000 0.004727
vt 0.632812 0.250000
vt 0.781250 0.250000
vt 0.638375 0.250000
vt 0.689453 0.250000
vt 0.750000 0.250000
vt 0.781250 0.250000
vt 0.625000 0.240547
vt 0.664062 0.250000
vt 0.625000 0.014922
vt 0.632270 0.249132
vt 0.643717 0.248698
vt 0.625000 0.075312
vt 0.625000 0.238850
vt 0.531250 0.001383
vt 0.549618 0.016394
vt 0.628906 0.250000
vt 0.664062 0.250000
vt 0.625000 0.005000
vt 0.718750 0.250000
vt 0.625000 0.078125
vt 0.750000 0.250000
vt 0.626736 0.238715
vt 0.632812 0.250000
vt 0.625000 0.012812
vt 0.750000 0.250000
vt 0.644531 0.250000
vt 0.632461 0.250000
vt 0.631406 0.250000
vt 0.625000 0.227431
vt 0.625000 0.242188
vt 0.625000 0.039062
vt 0.718750 0.250000
vt 0.631406 0.250000
vt 0.625000 0.034844
vt 0.625000 0.125000
vt 0.629727 0.250000
vt 0.689453 0.250000
vt 0.218087 1.000000
vt 0.625000 0.125000
vt 0.644531 0.250000
vt 0.625000 0.171875
vt 0.750000 0.250000
vt 0.718750 0.250000
vt 0.750000 0.250000
vt 0.629727 0.250000
vt 0.625000 0.006406
vt 0.628906 0.250000
vt 0.626602 0.250000
vt 0.632812 0.250000
vt 0.664062 0.250000
vt 0.626182 0.250000
vt 0.625000 0.242188
vt 0.625000 0.242539
vt 0.625000 0.176094
vt 0.625000 0.199870
vt 0.625000 0.188657
vt 0.625000 0.243594
vt 0.632812 0.250000
vt 0.627500 0.250000
vt 0.644531 0.250000
vt 0.625000 0.250000
vt 0.625000 0.250000
vt 0.625651 0.212565
vt 0.625000 0.250000
vt 0.718750 0.250000
vt 0.689365 0.250000
vt 0.625000 0.162760
vt 0.625000 0.250000
vt 0.625625 0.250000
vt 0.625000 0.174688
vt 0.718750 0.250000
vt 0.625000 0.250000
vt 0.625000 0.250000
vt 0.625000 0.250000
vt 0.628906 0.250000
vt 0.626953 0.250000
vt 0.625000 0.250000
vt 0.625000 0.250000
vt 0.625000 0.172578
vt 0.625000 0.015625
vt 0.625000 0.125000
vt 0.625000 0.250000
vt 0.689102 0.250000
vt 0.628730 0.250000
vt 0.625434 0.235460
vt 0.625000 0.250000
vt 0.644531 0.250000
vt 0.625000 0.243594
vt 0.625000 0.250000
vt 0.664062 0.250000
vt 0.627363 0.250000
vt 0.625000 0.078125
vt 0.632812 0.250000
vt 0.625000 0.250000
vt 0.625000 0.250000
vt 0.625000 0.250000
vt 0.625000 0.242188
vt 0.626250 0.250000
vt 0.632812 0.250000
vt 0.625313 0.250000
vt 0.718750 0.250000
vt 0.625000 0.014922
vt 0.625000 0.220486
vt 0.718750 0.250000
vt 0.625000 0.250000
vt 0.625000 0.125000
vt 0.688926 0.250000
vt 0.625000 0.038008
vt 0.625000 0.250000
vt 0.625000 0.075313
vt 0.628203 0.250000
vt 0.625000 0.250000
vt 0.625000 0.250000
vt 0.625000 0.171875
vt 0.625000 0.039062
vt 0.625000 0.006406
vt 0.626953 0.250000
vt 0.625000 0.250000
vt 0.625000 0.172578
vt 0.663711 0.250000
vt 0.625000 0.250000
vt 0.625000 0.174688
vt 0.625000 0.250000
vt 0.689102 0.250000
vt 0.632812 0.250000
vt 0.625000 0.250000
vt 0.644531 0.250000
vt 0.625000 0.171875
vt 0.625000 0.039062
vt 0.625000 0.015625
vt 0.689453 0.250000
vt 0.625000 0.125000
vt 0.625000 0.250000
vt 0.632461 0.250000
vt 0.662656 0.250000
vt 0.625000 0.007461
vt 0.625625 0.250000
vt 0.625000 0.250000
vt 0.625000 0.125000
vt 0.629727 0.250000
vt 0.625000 0.077422
vt 0.627500 0.250000
vt 0.625000 0.039062
vt 0.625000 0.015625
vt 0.625000 0.245000
vt 0.625000 0.245273
vt 0.631406 0.250000
vt 0.644004 0.250000
vt 0.661953 0.250000
vt 0.689453 0.250000
vt 0.689453 0.250000
vt 0.626953 0.250000
vt 0.625000 0.039062
vt 0.625000 0.250000
vt 0.625000 0.250000
vt 0.625000 0.078125
vt 0.625000 0.039062
vt 0.625000 0.210938
vt 0.625000 0.015625
vt 0.625000 0.009453
vt 0.625000 0.234375
vt 0.625000 0.245273
vt 0.625000 0.231606
vt 0.632812 0.250000
vt 0.642422 0.250000
vt 0.662656 0.250000
vt 0.625000 0.171875
vt 0.625000 0.171059
vt 0.625000 0.015625
vt 0.625000 0.007461
vt 0.625000 0.165799
vt 0.625000 0.250000
vt 0.664062 0.250000
vt 0.625000 0.078125
vt 0.500000 0.312500
vt 0.625000 0.125000
vt 0.625000 0.078125
vt 0.625000 0.039062
vt 0.638375 0.250000
vt 0.626182 0.250000
vt 0.629727 0.250000
vt 0.562249 0.016089
vt 0.625000 0.199870
vt 0.625000 0.235078
vt 0.625000 0.078125
vt 0.625000 0.237188
vt 0.626953 0.250000
vt 0.625000 0.007812
vt 0.664062 0.250000
vt 0.664062 0.250000
vt 0.625000 0.234375
vt 0.625000 0.250000
vt 0.625000 0.215156
vt 0.625000 0.015625
vt 0.642422 0.250000
vt 0.625000 0.007812
vt 0.625000 0.007812
vt 0.632812 0.250000
vt 0.625000 0.009453
vt 0.625000 0.078125
vt 0.625000 0.211992
vt 0.625000 0.209225
vt 0.625000 0.079644
vt 0.644531 0.250000
vt 0.631406 0.250000
vt 0.625000 0.015625
vt 0.625000 0.125000
vt 0.625000 0.039062
vt 0.626602 0.250000
vt 0.625000 0.125000
vt 0.625000 0.234375
vt 0.625000 0.210938
vt 0.626953 0.250000
vt 0.625000 0.041829
vt 0.644531 0.250000
vt 0.644531 0.250000
vt 0.625000 0.210938
vt 0.632812 0.250000
vt 0.625000 0.240547
vt 0.625000 0.007812
vt 0.500000 0.187500
vt 0.625000 0.215156
vt 0.625000 0.078125
vt 0.625000 0.015625
vt 0.625000 0.014922
vt 0.625000 0.223250
vt 0.625000 0.125000
vt 0.625000 0.237188
vt 0.632812 0.250000
vt 0.625000 0.007812
vt 0.632812 0.250000
vt 0.625000 0.171875
vt 0.625000 0.247500
vt 0.625000 0.125000
vt 0.626953 0.250000
vt 0.625000 0.012812
vt 0.625000 0.039062
vt 0.625000 0.171875
vt 0.626953 0.250000
vt 0.625000 0.084201
vt 0.625000 0.174688
vt 0.625000 0.019097
vt 0.625000 0.211992
vt 0.625000 0.125000
vt 0.625000 0.007812
vt 0.625000 0.247500
vt 0.625000 0.078125
vt 0.625000 0.050130
vt 0.625000 0.125000
vt 0.625000 0.015625
vt 0.625000 0.125000
vt 0.625000 0.015625
vt 0.625000 0.012812
vt 0.625000 0.170356
vt 0.625000 0.007812
vt 0.625000 0.125000
vt 0.625000 0.215156
vt 0.625000 0.039062
vt 0.625000 0.007812
vt 0.625000 0.029514
vt 0.625000 0.087240
vt 0.625000 0.210938
vt 0.625000 0.125000
vt 0.625000 0.014922
vt 0.625000 0.125000
vt 0.625000 0.245000
vt 0.625000 0.176094
vt 0.625000 0.078125
vt 0.625000 0.015625
vt 0.625000 0.015625
vt 0.625000 0.061343
vt 0.621671 0.015692
vt 0.625000 0.015625
vt 0.604831 0.026145
vt 0.625000 0.125000
vt 0.625000 0.011502
vt 0.625000 0.015625
vt 0.625000 0.125000
vt 0.625000 0.240547
vt 0.625000 0.210938
vt 0.625000 0.007812
vt 0.625000 0.039062
vt 0.625000 0.165799
vt 0.625000 0.015625
vt 0.625000 0.050130
vt 0.625000 0.015625
vt 0.625000 0.210938
vt 0.625000 0.026750
vt 0.625000 0.174688
vt 0.625000 0.240547
vt 0.625000 0.078125
vt 0.625000 0.084201
vt 0.625000 0.015625
vt 0.625000 0.015625
vt 0.625000 0.022569
vt 0.625000 0.034844
vt 0.625000 0.125000
vt 0.625000 0.015625
vt 0.625000 0.208171
vt 0.625000 0.007812
vt 0.500000 0.281250
vt 0.625000 0.019097
vt 0.625000 0.039062
vt 0.625000 0.172578
vt 0.625000 0.162760
vt 0.625000 0.125000
vt 0.625000 0.237188
vt 0.625000 0.038008
vt 0.625000 0.245000
vt 0.625000 0.078125
vt 0.500000 0.250000
vt 0.625000 0.015625
vt 0.625000 0.171875
vt 0.625000 0.015625
vt 0.625000 0.044596
vt 0.625000 0.248750
vt 0.625000 0.199870
vt 0.625000 0.235078
vt 0.625000 0.125000
vt 0.625000 0.223250
vt 0.625000 0.039062
vt 0.625000 0.029514
vt 0.000000 0.500000
vt 0.000000 0.358481
vt 0.000000 0.251691
vt 0.000000 0.205280
vt 0.000000 0.200000
vt 0.625000 0.171875
vt 0.625000 0.171875
vt 0.625000 0.007812
vt 0.625000 0.039062
vt 0.625000 0.234375
vt 0.625000 0.050130
vt 0.625000 0.041829
vt 0.625000 0.029514
vt 0.625000 0.079644
vt 0.625000 0.081163
vt 0.625000 0.039062
vt 0.625000 0.019097
vt 0.625000 0.171875
vt 0.625000 0.039062
vt 0.625000 0.078125
vt 0.625000 0.084201
vt 0.625000 0.015625
vt 0.625000 0.234375
vt 0.625000 0.050130
vt 0.625000 0.039062
vt 0.625000 0.087240
vt 0.625000 0.015625
vt 0.625000 0.034844
vt 0.625000 0.171875
vt 0.625000 0.188657
vt 0.625000 0.078125
vt 0.625000 0.015625
vt 0.625000 0.015625
vt 0.625000 0.011502
vt 0.625000 0.234375
vt 0.625000 0.247500
vt 0.625000 0.039062
vt 0.625000 0.125000
vt 0.625000 0.015625
vt 0.625000 0.078125
vt 0.625000 0.084201
vt 0.625000 0.039062
vt 0.625000 0.044596
vt 0.625000 0.125000
vt 0.625000 0.050130
vt 0.625000 0.165799
vt 0.625000 0.039062
vt 0.625000 0.015625
vt 0.625000 0.078125
vt 0.625000 0.039062
vt 0.625000 0.125000
vt 0.625000 0.015625
vt 0.625000 0.022569
vt 0.625000 0.007812
vt 0.625000 0.125000
vt 0.625000 0.007812
vt 0.625000 0.078125
vt 0.625000 0.039062
vt 0.625000 0.125000
vt 0.625000 0.015625
vt 0.625000 0.039062
vt 0.625000 0.230903
vt 0.625000 0.038008
vt 0.625000 0.078125
vt 0.625000 0.039062
vt 0.625000 0.015625
vt 0.625000 0.039062
vt 0.625000 0.015625
vt 0.625000 0.125000
vt 0.625000 0.078125
vt 0.625000 0.171875
vt 0.625000 0.015625
vt 0.625000 0.078125
vt 0.625000 0.078125
vt 0.625000 0.039062
vt 0.625000 0.078125
vt 0.625000 0.125000
vt 0.625000 0.125000
vt 0.625000 0.007812
vt 0.625000 0.081163
vt 0.625000 0.007812
vt 0.625000 0.215156
vt 0.625000 0.039062
vt 0.625000 0.041829
vt 0.625000 0.220486
vt 0.625000 0.015625
vt 0.625000 0.125000
vt 0.625000 0.029514
vt 0.625000 0.007812
vt 0.625000 0.165799
vt 0.625000 0.007812
vt 0.625000 0.039062
vt 0.625000 0.007812
vt 0.625000 0.007812
vt 0.625000 0.199870
vt 0.625000 0.125000
vt 0.625000 0.015625
vt 0.625000 0.171875
vt 0.625000 0.007812
vt 0.625000 0.125000
vt 0.625000 0.170356
vt 0.625000 0.007812
vt 0.625000 0.050130
vt 0.625000 0.050130
vt 0.625000 0.019097
vt 0.625000 0.162760
vt 0.625000 0.007812
vt 0.625000 0.125000
vt 0.625000 0.125000
vt 0.625000 0.125000
vt 0.625000 0.125000
vt 0.625000 0.015625
vt 0.625000 0.039062
vt 0.625000 0.247500
vt 0.625000 0.125000
vt 0.625000 0.125000
vt 0.625000 0.171875
vt 0.625000 0.015625
vt 0.625000 0.061343
vt 0.625000 0.240547
vt 0.625000 0.084201
vt 0.625000 0.084201
vt 0.625000 0.165799
vt 0.625000 0.039062
vt 0.625000 0.168837
vt 0.625000 0.015625
vt 0.625000 0.039062
vt 0.625000 0.245273
vt 0.625000 0.050130
vt 0.625000 0.171875
vt 0.625000 0.041829
vt 0.625000 0.171875
vt 0.625000 0.199870
vt 0.625000 0.242188
vt 0.625000 0.015625
vt 0.625000 0.015625
vt 0.625000 0.171875
vt 0.625000 0.078125
vt 0.625000 0.242188
vt 0.625000 0.242188
vt 0.625000 0.078125
vt 0.625000 0.171875
vt 0.625000 0.171875
vt 0.625000 0.243594
vt 0.625000 0.242539
vt 0.625000 0.039062
vt 0.625000 0.077422
vt 0.625000 0.171875
vt 0.625000 0.238498
vt 0.625000 0.015625
vt 0.625000 0.211992
vt 0.625000 0.227431
vt 0.625000 0.208171
vt 0.625000 0.168837
vt 0.625000 0.125000
vt 0.625000 0.073906
vt 0.625000 0.039062
vt 0.625000 0.171875
vt 0.625000 0.015625
vt 0.625000 0.078125
vt 0.625000 0.087240
vt 0.625000 0.205404
vt 0.625000 0.199870
vt 0.625000 0.039062
vt 0.625000 0.015625
vt 0.625000 0.015625
vt 0.625000 0.125000
vt 0.625000 0.210938
vt 0.625000 0.171875
vt 0.625000 0.210938
vt 0.625000 0.171875
vt 0.625000 0.210938
vt 0.625000 0.210938
vt 0.625000 0.084201
vt 0.625000 0.015625
vt 0.625000 0.084201
vt 0.625000 0.087240
vt 0.625000 0.165799
vt 0.625000 0.165799
vt 0.625000 0.210938
vt 0.625000 0.171875
vt 0.625000 0.210938
vt 0.625000 0.171875
vt 0.625000 0.039062
vt 0.625000 0.079644
vt 0.625000 0.220486
vt 0.625000 0.039062
vt 0.625000 0.079644
vt 0.625000 0.210938
vt 0.625000 0.125000
vt 0.625000 0.205404
vt 0.625000 0.075312
vt 0.625000 0.210938
vt 0.625000 0.199870
vt 0.625000 0.078125
vt 0.625000 0.210938
vt 0.625000 0.075312
vt 0.625000 0.210938
vt 0.625000 0.039062
vt 0.625000 0.230903
vt 0.625000 0.039062
vt 0.625000 0.199870
vt 0.625000 0.162760
vt 0.625000 0.210938
vt 0.625000 0.220486
vt 0.625000 0.125000
vt 0.625000 0.078125
vt 0.625000 0.230903
vt 0.625000 0.234375
vt 0.625000 0.077422
vt 0.625000 0.039062
vt 0.625000 0.125000
vt 0.625000 0.125000
vt 0.625000 0.227431
vt 0.625000 0.210938
vt 0.625000 0.234375
vt 0.625000 0.234375
vt 0.625000 0.039062
vt 0.625000 0.078125
vt 0.625000 0.210938
vt 0.625000 0.125000
vt 0.625000 0.039062
vt 0.625000 0.078125
vt 0.625000 0.210938
vt 0.625000 0.162760
vt 0.625000 0.039062
vt 0.625000 0.078125
vt 0.625000 0.125000
vt 0.625000 0.125000
vt 0.625000 0.245000
vt 0.625000 0.245273
vt 0.625000 0.078125
vt 0.625000 0.238498
vt 0.625000 0.039062
vt 0.625000 0.125000
vt 0.625000 0.039062
vt 0.625000 0.234375
vt 0.625000 0.165799
vt 0.625000 0.220486
vt 0.625000 0.188657
vt 0.625000 0.237188
vt 0.625000 0.078125
vt 0.625000 0.078125
vt 0.625000 0.234375
vt 0.625000 0.210938
vt 0.625000 0.234375
vt 0.625000 0.125000
vt 0.625000 0.125000
vt 0.625000 0.235078
vt 0.518492 0.000000
vt 0.500000 0.000000
vt 0.625000 0.210938
vt 0.625000 0.125000
vt 0.625000 0.199870
vt 0.625000 0.210938
vt 0.625000 0.078125
vt 0.625000 0.234375
vt 0.625000 0.199870
vt 0.625000 0.078125
vt 0.625000 0.165799
vt 0.625000 0.210938
vt 0.625000 0.237188
vt 0.625000 0.125000
vt 0.625000 0.210938
vt 0.625000 0.208171
vt 0.625000 0.242188
vt 0.625000 0.171875
vt 0.625000 0.170356
vt 0.625000 0.210938
vt 0.625000 0.078125
vt 0.625000 0.234375
vt 0.625000 0.170356
vt 0.625000 0.230903
vt 0.625000 0.078125
vt 0.625000 0.125000
vt 0.625000 0.234375
vt 0.625000 0.234375
vt 0.625000 0.171875
vt 0.625000 0.210938
vt 0.625000 0.208171
vt 0.625000 0.078125
vt 0.625000 0.171875
vt 0.625000 0.235078
vt 0.625000 0.240547
vt 0.625000 0.078125
vt 0.625000 0.234375
vt 0.625000 0.242188
vt 0.625000 0.234375
vt 0.625000 0.234375
vt 0.625000 0.242188
vt 0.625000 0.078125
vt 0.625000 0.171875
vt 0.625000 0.234375
vt 0.625000 0.125000
vt 0.625000 0.078125
vt 0.625000 0.210938
vt 0.625000 0.125000
vt 0.625000 0.210938
vt 0.625000 0.234375
vt 0.625000 0.078125
vt 0.625000 0.234375
vt 0.625000 0.242188
vt 0.625000 0.234375
vt 0.625000 0.078125
vt 0.625000 0.078125
vt 0.625000 0.243594
vt 0.625000 0.171875
vt 0.625000 0.234375
vt 0.625000 0.234375
vt 0.625000 0.125000
vt 0.625000 0.172578
vt 0.625000 0.125000
vt 0.625000 0.125000
vt 0.625000 0.242188
vt 0.625000 0.211992
vt 0.625000 0.210938
vt 0.625000 0.234375
vt 0.625000 0.234375
vt 0.625000 0.171875
vt 0.625000 0.234375
vt 0.625000 0.234375
vt 0.625000 0.125000
vt 0.625000 0.125000
vt 0.625000 0.125000
vt 0.625000 0.240547
vt 0.625000 0.125000
vt 0.625000 0.242188
vt 0.625000 0.125000
vt 0.625000 0.171875
vt 0.625000 0.125000
vt 0.625000 0.210938
vt 0.625000 0.234375
vt 0.625000 0.125000
vt 0.625000 0.125000
vt 0.625000 0.215156
vt 0.625000 0.174688
vt 0.625000 0.125000
vt 0.625000 0.234375
vt 0.625000 0.125000
vt 0.625000 0.234375
vt 0.625000 0.242188
vt 0.625000 0.171875
vt 0.625000 0.210938
vt 0.625000 0.242188
vt 0.625000 0.125000
vt 0.625000 0.125000
vt 0.625000 0.242188
vt 0.625000 0.242188
vt 0.625000 0.234375
vt 0.625000 0.125000
vt 0.625000 0.125000
vt 0.625000 0.242188
vt 0.625000 0.125000
vt 0.625000 0.171875
vt 0.625000 0.242188
vt 0.625000 0.210938
vt 0.625000 0.223250
vt 0.625000 0.176094
vt 0.625000 0.242539
vt 0.625000 0.242188
vt 0.625000 0.234375
vt 0.625000 0.242188
vt 0.625000 0.242188
vt 0.625000 0.171875
vt 0.625000 0.234375
vt 0.625000 0.210938
vt 0.625000 0.242188
vt 0.625000 0.171875
vt 0.625000 0.242188
vt 0.625000 0.237188
vt 0.625000 0.174688
vt 0.625000 0.171875
vt 0.625000 0.171875
vt 0.625000 0.171875
vt 0.625000 0.242188
vt 0.625000 0.234375
vt 0.625000 0.242188
vt 0.625000 0.234375
vt 0.625000 0.234375
vt 0.625000 0.210938
vt 0.625000 0.171875
vt 0.625000 0.171875
vt 0.625000 0.234375
vt 0.625000 0.172578
vt 0.625000 0.171875
vt 0.625000 0.171875
vt 0.625000 0.171875
vt 0.625000 0.171875
vt 0.625000 0.235078
vt 0.625000 0.171875
vt 0.625000 0.234375
vt 0.625000 0.234375
vt 0.625000 0.234375
vt 0.625000 0.215156
vt 0.625000 0.210938
vt 0.625000 0.234375
vt 0.625000 0.210938
vt 0.625000 0.210938
vt 0.625000 0.210938
vt 0.625000 0.210938
vt 0.529460 0.000000
vt 0.625000 0.234375
vt 0.625000 0.171875
vt 0.625000 0.210938
vt 0.625000 0.234375
vt 0.625000 0.234375
vt 0.625000 0.210938
vt 0.625000 0.210938
vt 0.625000 0.211992
vt 0.625000 0.234375
vt 0.625000 0.210938
vt 0.625000 0.210938
vt 0.625000 0.210938
vt 0.625000 0.210938
vt 0.624698 0.032514
vt 0.625000 0.125000
vt 0.500738 0.000000
vt 0.821040 0.000000
vt 0.625000 0.050130
vt 0.000000 0.700000
vt 0.000000 0.599634
vt 0.000000 0.584096
vt 0.625000 0.084201
vt 0.625000 0.061343
vt 0.750000 0.250000
vt 0.625000 0.087240
vt 0.625000 0.205404
vt 0.750000 0.250000
vt 0.718750 0.250000
vt 0.625000 0.125000
vt 0.718750 0.250000
vt 0.689453 0.250000
vt 0.000000 0.000000
vt 0.167173 0.000000
vt 0.428558 0.000000
vt 0.500000 0.000000
vt 0.689453 0.250000
vt 0.664062 0.250000
vt 0.625000 0.250000
vt 0.625000 0.250000
vt 0.625000 0.250000
vt 0.625000 0.250000
vt 0.625000 0.250000
vt 0.625000 0.250000
vt 0.625000 0.250000
vt 0.644531 0.250000
vt 0.664062 0.250000
vt 0.625000 0.250000
vt 0.625000 0.250000
vt 0.644531 0.250000
vt 0.625000 0.250000
vt 0.625000 0.250000
vt 0.625000 0.250000
vt 0.625000 0.250000
vt 0.625000 0.250000
vt 0.625000 0.250000
vt 0.625000 0.250000
vt 0.625000 0.250000
vt 0.625000 0.250000
vt 0.625000 0.250000
vt 0.218087 1.000000
vt 1.000000 1.000000
vt 0.792008 1.000000
vt 0.771146 1.000000
vt 0.500000 1.000000
vt 1.000000 0.838614
vt 1.000000 0.500000
vt 0.000000 0.123695
vt 0.000000 0.032147
vt 0.000000 0.013658
vt 1.000000 0.421686
vt 1.000000 0.000000
vt 0.437982 1.000000
vt 0.228854 1.000000
vt 0.080196 1.000000
vt 0.000000 1.000000
vt 0.000000 0.875290
vt 0.000000 0.722558
vt 0.686094 0.000000
vt 0.947282 0.000000
vt 1.000000 0.000000
vt 0.821040 0.000000
vt 0.500738 0.000000
vt 1.000000 0.500000
vt 1.000000 0.539882
vt 1.000000 0.645847
vt 1.000000 0.700000
vt 1.000000 0.007619
vt 1.000000 0.070565
vt 1.000000 0.168756
vt 1.000000 0.184379
vt 1.000000 0.200000
vt 1.000000 0.331837
vt 1.000000 0.388362
vt 1.000000 0.490769
vt 1.000000 0.778957
vt 1.000000 0.931892
vt 0.627578 0.124297
vt 0.625000 0.078941
vt 0.625000 0.015625
vt 0.781250 0.000000
vt 0.625000 0.015625
vt 0.625000 0.199870
vt 0.687500 0.000000
vt 0.625000 0.227431
vt 0.625000 0.937500
vt 0.625000 0.171875
vt 0.625000 0.015625
vt 0.625000 0.210938
vt 0.875000 0.070312
vt 0.625000 0.125000
vt 0.625000 0.079644
vt 0.625000 0.038008
vt 0.625000 0.162760
vt 0.531250 0.875000
vt 0.625000 0.039062
vt 0.625000 0.238850
vt 0.625000 0.015625
vt 0.625000 0.230903
vt 0.868594 0.012812
vt 0.625000 0.015625
vt 0.625000 0.215156
vt 0.849935 0.000000
vt 0.625000 0.171875
vt 0.625000 0.205404
vt 0.625000 0.625000
vt 0.625000 0.199870
vt 0.625000 0.125000
vt 0.625000 0.171875
vt 0.625000 0.220486
vt 0.781250 0.000000
vt 0.625000 0.015625
vt 0.625000 0.125000
vt 0.562500 0.906250
vt 0.625000 0.084201
vt 0.625000 0.245000
vt 0.625000 0.165799
vt 0.625000 0.247500
vt 0.531250 0.566406
vt 0.625000 0.034844
vt 0.625000 0.015625
vt 0.625000 0.171875
vt 0.810601 0.000000
vt 0.625000 0.084201
vt 0.625000 0.015625
vt 0.625000 0.171875
vt 0.625000 0.039062
vt 0.625000 0.171875
vt 0.625000 0.039062
vt 0.625000 0.210938
vt 0.644531 0.210938
vt 0.663845 0.000000
vt 0.832899 0.000000
vt 0.625000 0.171875
vt 0.625000 0.223250
vt 0.625000 0.171875
vt 0.625000 0.165799
vt 0.593750 0.472656
vt 0.844329 0.000000
vt 0.664062 0.234375
vt 0.625000 0.171875
vt 0.781250 0.250000
vt 0.873818 0.035078
vt 0.625000 0.171875
vt 0.688477 0.000000
vt 0.593750 0.843750
vt 0.625000 0.015625
vt 0.625000 0.034844
vt 0.625000 0.041829
vt 0.625000 0.125000
vt 0.625000 0.168837
vt 0.625000 0.227431
vt 0.625000 0.125000
vt 0.625000 0.171875
vt 0.625000 0.171875
vt 0.625000 0.125000
vt 0.625000 0.015625
vt 0.625000 0.208171
vt 0.625000 0.171875
vt 0.625000 0.199870
vt 0.625000 0.087240
vt 0.650065 0.000000
vt 0.625000 0.125000
vt 0.593750 0.906250
vt 0.625000 0.050130
vt 0.625000 0.015625
vt 0.865803 0.003203
vt 0.811523 0.000000
vt 0.625000 0.843750
vt 0.625000 0.125000
vt 0.639757 0.000000
vt 0.632812 0.171875
vt 0.562500 0.516602
vt 0.811523 0.248047
vt 0.625000 0.007812
vt 0.627500 0.075312
vt 0.625000 0.007812
vt 0.625000 0.199870
vt 0.625000 0.125000
vt 0.625000 0.040775
vt 0.625000 0.015625
vt 0.625000 0.007812
vt 0.625000 0.125000
vt 0.750000 0.250000
vt 0.625000 0.007812
vt 0.849935 0.000000
vt 0.562500 0.843750
vt 0.625000 0.125000
vt 0.836155 0.000000
vt 0.625000 0.171875
vt 0.689453 0.246094
vt 0.625000 0.237188
vt 0.625000 0.172578
vt 0.625000 0.015625
vt 0.625000 0.125000
vt 0.625000 0.231606
vt 0.860243 0.000000
vt 0.625000 0.015625
vt 0.625000 0.026750
vt 0.625000 0.171875
vt 0.625000 0.165799
vt 0.875000 0.062500
vt 0.625000 0.084201
vt 0.625000 0.125000
vt 0.625000 0.248750
vt 0.634197 0.003203
vt 0.625000 0.125000
vt 0.625000 0.007812
vt 0.625000 0.015625
vt 0.625000 0.007812
vt 0.625000 0.019097
vt 0.625000 0.170356
vt 0.812500 0.000000
vt 0.625000 0.125000
vt 0.625000 0.087240
vt 0.718750 0.000000
vt 0.689399 0.000000
vt 0.625000 0.220486
vt 0.625000 0.007812
vt 0.625000 0.240547
vt 0.625000 0.007812
vt 0.625000 0.029514
vt 0.625000 0.015625
vt 0.500000 0.875000
vt 0.625000 0.165799
vt 0.625000 0.050130
vt 0.631406 0.012812
vt 0.625000 0.050130
vt 0.531250 0.875000
vt 0.625000 0.162760
vt 0.625000 0.906250
vt 0.667101 0.000000
vt 0.625000 0.007812
vt 0.625000 0.125000
vt 0.625000 0.015625
vt 0.531250 0.843750
vt 0.625000 0.007812
vt 0.625000 0.078125
vt 0.625000 0.240547
vt 0.625000 0.205404
vt 0.625000 0.078125
vt 0.625000 0.081163
vt 0.855550 0.000000
vt 0.625000 0.078125
vt 0.873398 0.012969
vt 0.625000 0.125000
vt 0.839844 0.000000
vt 0.625000 0.015625
vt 0.625000 0.247500
vt 0.625000 0.125000
vt 0.625000 0.015625
vt 0.625000 0.078125
vt 0.625000 0.007812
vt 0.625000 0.015625
vt 0.625000 0.015625
vt 0.593750 0.813477
vt 0.625000 0.125000
vt 0.625000 0.015625
vt 0.625000 0.007812
vt 0.625000 0.078125
vt 0.625000 0.125000
vt 0.625000 0.078125
vt 0.625000 0.015625
vt 0.625000 0.174688
vt 0.625000 0.125000
vt 0.718750 0.000000
vt 0.625000 0.078125
vt 0.625000 0.125000
vt 0.625000 0.014922
vt 0.562500 0.623535
vt 0.625000 0.011502
vt 0.625000 0.084201
vt 0.625000 0.125000
vt 0.625000 0.015625
vt 0.625000 0.015625
vt 0.625000 0.007812
vt 0.625000 0.044596
vt 0.625000 0.812500
vt 0.625000 0.176094
vt 0.562500 0.875000
vt 0.625000 0.168837
vt 0.718750 0.250000
vt 0.875000 0.027344
vt 0.625000 0.015625
vt 0.625000 0.468750
vt 0.500000 0.562500
vt 0.625000 0.078125
vt 0.625000 0.015625
vt 0.843750 0.250000
vt 0.655671 0.000000
vt 0.625000 0.125000
vt 0.871480 0.003242
vt 0.625000 0.022569
vt 0.625000 0.245000
vt 0.625000 0.015625
vt 0.866428 0.000000
vt 0.629727 0.034844
vt 0.625000 0.078125
vt 0.625000 0.125000
vt 0.690213 0.000000
vt 0.625000 0.039062
vt 0.625000 0.078125
vt 0.625000 0.039062
vt 0.625000 0.078125
vt 0.625000 0.050130
vt 0.625000 0.087240
vt 0.625000 0.039062
vt 0.625000 0.125000
vt 0.625000 0.125000
vt 0.625000 0.125000
vt 0.625000 0.039062
vt 0.625000 0.018394
vt 0.562500 0.813965
vt 0.625000 0.247500
vt 0.625000 0.012812
vt 0.625000 0.039062
vt 0.625000 0.078125
vt 0.625000 0.007812
vt 0.625000 0.079644
vt 0.625000 0.039062
vt 0.625000 0.015625
vt 0.625000 0.084201
vt 0.625000 0.125000
vt 0.625000 0.012812
vt 0.781250 0.250000
vt 0.625000 0.015625
vt 0.625000 0.039062
vt 0.625000 0.029514
vt 0.593750 0.875000
vt 0.593750 0.679688
vt 0.625000 0.039062
vt 0.718750 0.000000
vt 0.843750 0.000000
vt 0.810791 0.246582
vt 0.625000 0.039062
vt 0.625000 0.125000
vt 0.625000 0.019097
vt 0.861328 0.000000
vt 0.625000 0.039062
vt 0.650065 0.000000
vt 0.644531 0.210938
vt 0.668620 0.000000
vt 0.628135 0.123945
vt 0.664062 0.234375
vt 0.625000 0.050130
vt 0.625000 0.007812
vt 0.625000 0.199870
vt 0.625000 0.215156
vt 0.625000 0.041829
vt 0.625000 0.209225
vt 0.625000 0.029514
vt 0.625000 0.061343
vt 0.625000 0.084201
vt 0.625000 0.078125
vt 0.625000 0.039062
vt 0.625000 0.009453
vt 0.593750 0.785156
vt 0.625000 0.015625
vt 0.750000 0.000000
vt 0.625000 0.215156
vt 0.531250 0.813477
vt 0.625000 0.125000
vt 0.625000 0.687500
vt 0.625000 0.245273
vt 0.625000 0.781250
vt 0.625000 0.007812
vt 0.750000 0.250000
vt 0.625000 0.039062
vt 0.531250 0.843750
vt 0.625000 0.199870
vt 0.625000 0.165799
vt 0.625000 0.188657
vt 0.625000 0.875000
vt 0.689453 0.246094
vt 0.718750 0.000000
vt 0.875000 0.007812
vt 0.750000 0.000000
vt 0.632812 0.171875
vt 0.625000 0.240547
vt 0.625000 0.009453
vt 0.625000 0.078125
vt 0.625000 0.007812
vt 0.871094 0.000000
vt 0.625000 0.015625
vt 0.690592 0.000000
vt 0.625000 0.125000
vt 0.875000 0.000000
vt 0.625000 0.237188
vt 0.875000 0.000000
vt 0.562500 0.787109
vt 0.645387 0.002363
vt 0.625000 0.007812
vt 0.500000 0.843750
vt 0.500000 0.812500
vt 0.839844 0.242188
vt 0.625000 0.174688
vt 0.531250 0.624023
vt 0.874023 0.001953
vt 0.593750 0.513672
vt 0.625000 0.223250
vt 0.625000 0.039062
vt 0.625000 0.007812
vt 0.625000 0.078125
vt 0.562500 0.843750
vt 0.625000 0.162760
vt 0.750000 0.000000
vt 0.625000 0.007461
vt 0.667101 0.000000
vt 0.625000 0.015625
vt 0.625000 0.078125
vt 0.625000 0.011150
vt 0.593750 0.763672
vt 0.625000 0.211992
vt 0.629727 0.073906
vt 0.625000 0.125000
vt 0.625000 0.750000
vt 0.625000 0.050130
vt 0.625000 0.172578
vt 0.625000 0.245273
vt 0.718750 0.250000
vt 0.625000 0.078125
vt 0.625000 0.245000
vt 0.593750 0.843750
vt 0.625000 0.044596
vt 0.625000 0.050130
vt 0.625000 0.081163
vt 0.531250 0.785156
vt 0.625000 0.078125
vt 0.625000 0.165799
vt 0.625000 0.039062
vt 0.718750 0.000000
vt 0.810547 0.246094
vt 0.562500 0.568359
vt 0.750000 0.000000
vt 0.625000 0.084201
vt 0.625000 0.022569
vt 0.642422 0.009453
vt 0.625000 0.015625
vt 0.625000 0.006406
vt 0.781250 0.250000
vt 0.875000 0.000000
vt 0.781250 0.000000
vt 0.628555 0.124297
vt 0.625000 0.006406
vt 0.625000 0.078125
vt 0.625000 0.235078
vt 0.663520 0.235460
vt 0.643717 0.212565
vt 0.781250 0.000000
vt 0.625000 0.174688
vt 0.531250 0.813477
vt 0.625000 0.125000
vt 0.625000 0.237188
vt 0.625000 0.243594
vt 0.562500 0.766602
vt 0.625000 0.039062
vt 0.625000 0.077422
vt 0.625000 0.750000
vt 0.625000 0.015625
vt 0.625000 0.240547
vt 0.625000 0.843750
vt 0.625000 0.171875
vt 0.625000 0.210938
vt 0.625000 0.234375
vt 0.625000 0.210938
vt 0.625000 0.171059
vt 0.625000 0.210938
vt 0.875000 0.000000
vt 0.625000 0.176094
vt 0.625000 0.215156
vt 0.781250 0.000000
vt 0.625000 0.234375
vt 0.690213 0.000000
vt 0.531250 0.566406
vt 0.625000 0.171875
vt 0.625000 0.210938
vt 0.625000 0.235078
vt 0.625000 0.211992
vt 0.836914 0.236328
vt 0.625000 0.171875
vt 0.689317 0.246365
vt 0.562500 0.675781
vt 0.625000 0.015625
vt 0.875000 0.000000
vt 0.750000 0.250000
vt 0.625000 0.005000
vt 0.593750 0.722656
vt 0.625000 0.075312
vt 0.625000 0.039062
vt 0.875000 0.250000
vt 0.625000 0.234375
vt 0.625000 0.243594
vt 0.625000 0.171875
vt 0.562500 0.813965
vt 0.632270 0.172960
vt 0.625000 0.125000
vt 0.750000 0.000000
vt 0.625000 0.234375
vt 0.625000 0.029514
vt 0.625000 0.015625
vt 0.625000 0.750000
vt 0.625000 0.004727
vt 0.625000 0.500000
vt 0.625000 0.174688
vt 0.625000 0.242188
vt 0.810547 0.246094
vt 0.664470 0.001250
vt 0.625000 0.014922
vt 0.781250 0.000000
vt 0.625000 0.171875
vt 0.625000 0.172578
vt 0.625000 0.039062
vt 0.625000 0.210938
vt 0.625000 0.242539
vt 0.625651 0.212565
vt 0.593750 0.753906
vt 0.531250 0.763672
vt 0.625000 0.125000
vt 0.625000 0.015625
vt 0.625000 0.073906
vt 0.625000 0.242539
vt 0.625000 0.242188
vt 0.781250 0.250000
vt 0.593750 0.813477
vt 0.625000 0.039062
vt 0.625000 0.012812
vt 0.638375 0.026750
vt 0.625000 0.242188
vt 0.625000 0.125000
vt 0.625000 0.237188
vt 0.625000 0.087240
vt 0.625000 0.084201
vt 0.625000 0.125000
vt 0.625000 0.240547
vt 0.625000 0.125000
vt 0.625434 0.235460
vt 0.625000 0.210938
vt 0.812500 0.000000
vt 0.625000 0.234375
vt 0.625434 0.172960
vt 0.811523 0.000000
vt 0.625000 0.750000
vt 0.718750 0.250000
vt 0.625000 0.125000
vt 0.625000 0.125000
vt 0.718750 0.000000
vt 0.625000 0.039062
vt 0.641276 0.217448
vt 0.810601 0.000000
vt 0.625000 0.075312
vt 0.625000 0.004727
vt 0.625000 0.125000
vt 0.625000 0.018394
vt 0.625000 0.171875
vt 0.631406 0.075312
vt 0.562500 0.755859
vt 0.625000 0.061343
vt 0.625000 0.050130
vt 0.531250 0.785156
vt 0.625000 0.125000
vt 0.625000 0.125000
vt 0.781250 0.000000
vt 0.688911 0.247179
vt 0.625000 0.038008
vt 0.625000 0.812500
vt 0.625000 0.242188
vt 0.625217 0.242730
vt 0.661892 0.238715
vt 0.625000 0.125000
vt 0.625000 0.208171
vt 0.625000 0.125000
vt 0.625000 0.077422
vt 0.626736 0.238715
vt 0.625000 0.234375
vt 0.809787 0.000000
vt 0.625000 0.009453
vt 0.625000 0.125000
vt 0.835938 0.234375
vt 0.625000 0.170356
vt 0.628595 0.124920
vt 0.625000 0.750000
vt 0.593750 0.742188
vt 0.627604 0.217448
vt 0.861328 0.222656
vt 0.625000 0.125000
vt 0.625000 0.235078
vt 0.625000 0.125000
vt 0.625000 0.237188
vt 0.593750 0.749023
vt 0.630642 0.176215
vt 0.626736 0.176215
vt 0.625000 0.034844
vt 0.625000 0.234375
vt 0.625000 0.235078
vt 0.625000 0.078125
vt 0.562500 0.787109
vt 0.625000 0.242188
vt 0.625265 0.125095
vt 0.689555 0.000312
vt 0.750000 0.250000
vt 0.750000 0.000000
vt 0.625000 0.002500
vt 0.718750 0.250000
vt 0.625000 0.078941
vt 0.531250 0.679688
vt 0.625000 0.165799
vt 0.625000 0.125000
vt 0.625000 0.234375
vt 0.625000 0.230903
vt 0.660807 0.242839
vt 0.625000 0.078125
vt 0.625000 0.012812
vt 0.531250 0.753906
vt 0.625000 0.199870
vt 0.625868 0.244358
vt 0.810547 0.246094
vt 0.662656 0.005000
vt 0.809408 0.000000
vt 0.625000 0.040775
vt 0.593750 0.785156
vt 0.625000 0.078125
vt 0.836155 0.000000
vt 0.625000 0.234375
vt 0.634693 0.230613
vt 0.839844 0.000000
vt 0.625000 0.234375
vt 0.625000 0.125000
vt 0.628581 0.242839
vt 0.628581 0.178385
vt 0.593750 0.566406
vt 0.625000 0.242188
vt 0.625000 0.026750
vt 0.688639 0.248210
vt 0.625000 0.079644
vt 0.625000 0.002500
vt 0.781250 0.250000
vt 0.625000 0.034844
vt 0.625000 0.078125
vt 0.625000 0.223250
vt 0.562500 0.748535
vt 0.625434 0.235460
vt 0.625000 0.220486
vt 0.832899 0.000000
vt 0.625000 0.162760
vt 0.562500 0.716797
vt 0.626059 0.125382
vt 0.531250 0.763672
vt 0.625000 0.078125
vt 0.625000 0.234375
vt 0.641276 0.244792
vt 0.628012 0.125382
vt 0.781250 0.000000
vt 0.625000 0.188657
vt 0.625000 0.781250
vt 0.856934 0.213867
vt 0.625000 0.078125
vt 0.843750 0.000000
vt 0.625000 0.005000
vt 0.750000 0.250000
vt 0.625000 0.038008
vt 0.625000 0.125000
vt 0.625000 0.215156
vt 0.625000 0.238498
vt 0.835938 0.234375
vt 0.642422 0.034844
vt 0.626790 0.246419
vt 0.500000 0.750000
vt 0.500000 0.750000
vt 0.625000 0.039062
vt 0.718750 0.000000
vt 0.625000 0.075312
vt 0.625000 0.077422
vt 0.718750 0.250000
vt 0.625000 0.084201
vt 0.562500 0.623535
vt 0.627077 0.125573
vt 0.661892 0.246528
vt 0.625000 0.199870
vt 0.625000 0.039062
vt 0.632109 0.076719
vt 0.625000 0.234375
vt 0.831380 0.000000
vt 0.625000 0.009453
vt 0.562500 0.738281
vt 0.625000 0.073906
vt 0.625000 0.215156
vt 0.688911 0.249132
vt 0.562500 0.766602
vt 0.626736 0.238715
vt 0.625000 0.034844
vt 0.630642 0.246528
vt 0.625000 0.165799
vt 0.625000 0.211992
vt 0.625000 0.041829
vt 0.625000 0.227431
vt 0.625000 0.210938
vt 0.625000 0.211992
vt 0.625625 0.077422
vt 0.625000 0.039062
vt 0.855550 0.000000
vt 0.809787 0.000000
vt 0.531250 0.749023
vt 0.625000 0.230903
vt 0.835938 0.234375
vt 0.625000 0.210938
vt 0.531250 0.624023
vt 0.875000 0.187500
vt 0.810635 0.246270
vt 0.625000 0.075312
vt 0.625000 0.087240
vt 0.625000 0.125000
vt 0.663520 0.249132
vt 0.625000 0.009453
vt 0.593750 0.763672
vt 0.643717 0.248698
vt 0.625000 0.210938
vt 0.627821 0.248264
vt 0.861328 0.000000
vt 0.849935 0.000000
vt 0.500000 0.625000
vt 0.781250 0.250000
vt 0.855469 0.210938
vt 0.750000 0.000000
vt 0.661953 0.009453
vt 0.625000 0.001250
vt 0.689102 0.001250
vt 0.625000 0.205404
vt 0.625000 0.210938
vt 0.625000 0.562500
vt 0.750000 0.250000
vt 0.625000 0.050130
vt 0.718750 0.250000
vt 0.625000 0.220486
vt 0.628581 0.242839
vt 0.625000 0.210938
vt 0.689317 0.249783
vt 0.632270 0.249132
vt 0.627500 0.075312
vt 0.625651 0.212565
vt 0.625000 0.168837
vt 0.531250 0.722656
vt 0.631406 0.075312
vt 0.844329 0.000000
vt 0.625000 0.750000
vt 0.625000 0.012812
vt 0.531250 0.753906
vt 0.875000 0.000000
vt 0.625000 0.039062
vt 0.625000 0.061343
vt 0.625000 0.015625
vt 0.625000 0.015625
vt 0.625000 0.014922
vt 0.664062 0.250000
vt 0.832899 0.000000
vt 0.644531 0.250000
vt 0.625000 0.210938
vt 0.625000 0.005000
vt 0.625000 0.002500
vt 0.625000 0.015625
vt 0.625000 0.039062
vt 0.625000 0.199870
vt 0.531250 0.742188
vt 0.625000 0.084201
vt 0.871094 0.179688
vt 0.625000 0.026750
vt 0.781250 0.000000
vt 0.500000 0.750000
vt 0.625000 0.039062
vt 0.629727 0.073906
vt 0.500000 0.687500
vt 0.625000 0.019097
vt 0.625000 0.125000
vt 0.500000 0.781250
vt 0.593750 0.624023
vt 0.625000 0.038008
vt 0.632812 0.250000
vt 0.630642 0.246528
vt 0.628635 0.249566
vt 0.718750 0.250000
vt 0.627604 0.217448
vt 0.689453 0.250000
vt 0.625000 0.208171
vt 0.855469 0.210938
vt 0.625000 0.034844
vt 0.643477 0.036953
vt 0.625000 0.029514
vt 0.626953 0.250000
vt 0.626953 0.250000
vt 0.625000 0.176094
vt 0.632812 0.250000
vt 0.632812 0.250000
vt 0.836289 0.235078
vt 0.626953 0.250000
vt 0.644531 0.250000
vt 0.664062 0.250000
vt 0.644531 0.250000
vt 0.562500 0.755859
vt 0.625000 0.050130
vt 0.631406 0.250000
vt 0.626602 0.250000
vt 0.632812 0.250000
vt 0.625000 0.174688
vt 0.644531 0.250000
vt 0.625000 0.174688
vt 0.625000 0.199870
vt 0.860243 0.000000
vt 0.718750 0.000000
vt 0.625000 0.172578
vt 0.626182 0.038008
vt 0.750000 0.250000
vt 0.642422 0.250000
vt 0.632812 0.250000
vt 0.849935 0.000000
vt 0.626953 0.250000
vt 0.625000 0.171875
vt 0.626182 0.250000
vt 0.781250 0.250000
vt 0.868164 0.173828
vt 0.629727 0.250000
vt 0.625000 0.171875
vt 0.628906 0.250000
vt 0.664062 0.250000
vt 0.810898 0.246797
vt 0.632270 0.249132
vt 0.810445 0.000312
vt 0.866428 0.000000
vt 0.689453 0.250000
vt 0.644531 0.250000
vt 0.625000 0.250000
vt 0.632812 0.250000
vt 0.625000 0.004727
vt 0.638375 0.250000
vt 0.625000 0.188657
vt 0.664062 0.250000
vt 0.625000 0.165799
vt 0.718750 0.250000
vt 0.625000 0.250000
vt 0.625000 0.171875
vt 0.664062 0.250000
vt 0.625000 0.171875
vt 0.662656 0.250000
vt 0.625000 0.081163
vt 0.625000 0.009453
vt 0.632812 0.250000
vt 0.871094 0.000000
vt 0.625000 0.750000
vt 0.634693 0.230613
vt 0.625000 0.250000
vt 0.626953 0.250000
vt 0.627500 0.250000
vt 0.644004 0.250000
vt 0.625625 0.250000
vt 0.661953 0.250000
vt 0.629727 0.250000
vt 0.625000 0.250000
vt 0.662656 0.012812
vt 0.625000 0.007812
vt 0.663711 0.250000
vt 0.500000 0.750000
vt 0.628906 0.250000
vt 0.625000 0.002500
vt 0.625000 0.007812
vt 0.625000 0.172578
vt 0.688926 0.002363
vt 0.631406 0.250000
vt 0.642422 0.250000
vt 0.500000 0.750000
vt 0.632461 0.250000
vt 0.689453 0.250000
vt 0.632812 0.250000
vt 0.689453 0.250000
vt 0.625000 0.007812
vt 0.625000 0.171875
vt 0.625000 0.011502
vt 0.662656 0.250000
vt 0.855469 0.210938
vt 0.625000 0.022569
vt 0.625000 0.250000
vt 0.625000 0.006406
vt 0.593750 0.753906
vt 0.625434 0.172960
vt 0.629727 0.034844
vt 0.750000 0.250000
vt 0.625000 0.007461
vt 0.867188 0.171875
vt 0.628906 0.250000
vt 0.718750 0.250000
vt 0.625000 0.044596
vt 0.642422 0.034844
vt 0.689453 0.250000
vt 0.641276 0.244792
vt 0.625000 0.170356
vt 0.689102 0.250000
vt 0.625000 0.125000
vt 0.750000 0.000000
vt 0.689365 0.250000
vt 0.628730 0.250000
vt 0.627363 0.250000
vt 0.632812 0.250000
vt 0.626250 0.250000
vt 0.835530 0.001250
vt 0.632812 0.250000
vt 0.531250 0.749023
vt 0.625000 0.250000
vt 0.625313 0.250000
vt 0.562500 0.675781
vt 0.625000 0.250000
vt 0.625000 0.171875
vt 0.688926 0.250000
vt 0.781250 0.250000
vt 0.626953 0.250000
vt 0.689102 0.250000
vt 0.644531 0.250000
vt 0.644531 0.250000
vt 0.625000 0.250000
vt 0.625000 0.084201
vt 0.625000 0.165799
vt 0.625000 0.250000
vt 0.625000 0.162760
vt 0.628203 0.250000
vt 0.625000 0.015625
vt 0.625000 0.250000
vt 0.625000 0.250000
vt 0.625000 0.012812
vt 0.625000 0.015625
vt 0.875000 0.000000
vt 0.625000 0.250000
vt 0.718750 0.250000
vt 0.811074 0.247637
vt 0.632812 0.250000
vt 0.855996 0.211992
vt 0.718750 0.250000
vt 0.643717 0.248698
vt 0.625000 0.250000
vt 0.531250 0.679688
vt 0.625000 0.250000
vt 0.664062 0.250000
vt 0.664062 0.250000
vt 0.625000 0.014922
vt 0.626736 0.176215
vt 0.625000 0.250000
vt 0.625000 0.015625
vt 0.632812 0.250000
vt 0.625000 0.250000
vt 0.632812 0.250000
vt 0.625625 0.250000
vt 0.627500 0.250000
vt 0.750000 0.250000
vt 0.629727 0.250000
vt 0.626953 0.250000
vt 0.625000 0.050130
vt 0.632461 0.250000
vt 0.625000 0.250000
vt 0.837344 0.237188
vt 0.625000 0.250000
vt 0.638375 0.026750
vt 0.718750 0.250000
vt 0.625000 0.250000
vt 0.718750 0.250000
vt 0.625000 0.250000
vt 0.625000 0.250000
vt 0.718750 0.250000
vt 0.854613 0.002363
vt 0.625000 0.125000
vt 0.875000 0.125000
vt 0.531250 0.722656
vt 0.625000 0.250000
vt 0.625000 0.250000
vt 0.867188 0.171875
vt 0.625000 0.125000
vt 0.625000 0.250000
vt 0.631406 0.250000
vt 0.625000 0.125000
vt 0.625000 0.004727
vt 0.625000 0.250000
vt 0.718750 0.250000
vt 0.781250 0.000000
vt 0.625000 0.250000
vt 0.689453 0.250000
vt 0.625000 0.250000
vt 0.689453 0.250000
vt 0.625000 0.125000
vt 0.664062 0.250000
vt 0.625000 0.029514
vt 0.718750 0.250000
vt 0.625000 0.015625
vt 0.625000 0.019097
vt 0.625000 0.125000
vt 0.644531 0.250000
vt 0.781250 0.250000
vt 0.625000 0.005000
vt 0.625000 0.125000
vt 0.626182 0.250000
vt 0.625000 0.250000
vt 0.644531 0.250000
vt 0.625000 0.015625
vt 0.625000 0.250000
vt 0.562500 0.748535
vt 0.629727 0.250000
vt 0.625000 0.125000
vt 0.626602 0.014922
vt 0.625000 0.125000
vt 0.625000 0.625000
vt 0.625000 0.125000
vt 0.750000 0.250000
vt 0.750000 0.250000
vt 0.626602 0.250000
vt 0.625000 0.087240
vt 0.631406 0.250000
vt 0.625000 0.125000
vt 0.865803 0.003203
vt 0.625000 0.125000
vt 0.625000 0.009453
vt 0.663359 0.014219
vt 0.750000 0.250000
vt 0.644531 0.250000
vt 0.642422 0.250000
vt 0.718750 0.000000
vt 0.638375 0.250000
vt 0.628581 0.178385
vt 0.750000 0.250000
vt 0.625000 0.015625
vt 0.689453 0.250000
vt 0.642422 0.250000
vt 0.810898 0.248750
vt 0.644004 0.250000
vt 0.644531 0.250000
vt 0.531250 0.742188
vt 0.718750 0.250000
vt 0.625000 0.061343
vt 0.718750 0.250000
vt 0.874023 0.125000
vt 0.625000 0.125000
vt 0.625000 0.125000
vt 0.689102 0.003203
vt 0.625000 0.014922
vt 0.750000 0.250000
vt 0.662656 0.250000
vt 0.660807 0.242839
vt 0.661892 0.246528
vt 0.781250 0.250000
vt 0.871480 0.003242
vt 0.625000 0.012812
vt 0.810898 0.001250
vt 0.625000 0.125000
vt 0.593750 0.679688
vt 0.857578 0.215156
vt 0.661953 0.250000
vt 0.718750 0.250000
vt 0.625000 0.050130
vt 0.625000 0.078125
vt 0.781250 0.250000
vt 0.663520 0.249132
vt 0.625000 0.084201
vt 0.838047 0.240547
vt 0.625000 0.078125
vt 0.625000 0.750000
vt 0.867188 0.171875
vt 0.625265 0.125095
vt 0.625000 0.041829
vt 0.625000 0.039062
vt 0.874023 0.001953
vt 0.625000 0.006406
vt 0.873135 0.124824
vt 0.662656 0.250000
vt 0.750000 0.250000
vt 0.625000 0.079644
vt 0.631406 0.012812
vt 0.781250 0.250000
vt 0.625000 0.078125
vt 0.750000 0.250000
vt 0.625000 0.039062
vt 0.689102 0.250000
vt 0.664062 0.250000
vt 0.593750 0.749023
vt 0.750000 0.250000
vt 0.663711 0.250000
vt 0.810635 0.249687
vt 0.781250 0.250000
vt 0.664062 0.250000
vt 0.641276 0.217448
vt 0.664062 0.250000
vt 0.625000 0.007812
vt 0.625000 0.077422
vt 0.625000 0.007812
vt 0.625000 0.007461
vt 0.781250 0.250000
vt 0.867539 0.172578
vt 0.688926 0.250000
vt 0.750000 0.250000
vt 0.625000 0.039062
vt 0.661892 0.238715
vt 0.872422 0.124297
vt 0.837344 0.005000
vt 0.626059 0.125382
vt 0.625000 0.007812
vt 0.562500 0.716797
vt 0.750000 0.000000
vt 0.625000 0.075312
vt 0.781250 0.250000
vt 0.662656 0.012812
vt 0.718750 0.250000
vt 0.781250 0.250000
vt 0.689102 0.250000
vt 0.781250 0.250000
vt 0.750000 0.250000
vt 0.750000 0.250000
vt 0.781250 0.250000
vt 0.781250 0.250000
vt 0.809787 0.250000
vt 0.625000 0.009453
vt 0.781250 0.250000
vt 0.810167 0.250000
vt 0.810547 0.250000
vt 0.625000 0.038008
vt 0.837344 0.245000
vt 0.781250 0.250000
vt 0.809408 0.250000
vt 0.875000 0.000000
vt 0.625000 0.073906
vt 0.689365 0.250000
vt 0.562500 0.738281
vt 0.809787 0.250000
vt 0.688911 0.247882
vt 0.718750 0.250000
vt 0.781250 0.250000
vt 0.625000 0.077422
vt 0.630642 0.176215
vt 0.689317 0.249470
vt 0.689453 0.250000
vt 0.625000 0.078125
vt 0.627077 0.125573
vt 0.689453 0.250000
vt 0.626777 0.007461
vt 0.642422 0.009453
vt 0.809787 0.250000
vt 0.689453 0.250000
vt 0.781250 0.250000
vt 0.661953 0.009453
vt 0.857578 0.009453
vt 0.688395 0.245846
vt 0.689277 0.003555
vt 0.625000 0.078125
vt 0.625000 0.034844
vt 0.809408 0.250000
vt 0.750000 0.250000
vt 0.810547 0.250000
vt 0.718750 0.000000
vt 0.718750 0.250000
vt 0.643717 0.212565
vt 0.836289 0.248750
vt 0.871445 0.124297
vt 0.625000 0.078125
vt 0.625000 0.075313
vt 0.871865 0.123945
vt 0.832899 0.250000
vt 0.834418 0.250000
vt 0.663520 0.235460
vt 0.718750 0.250000
vt 0.809787 0.250000
vt 0.832899 0.250000
vt 0.781250 0.000000
vt 0.750000 0.250000
vt 0.831380 0.250000
vt 0.687934 0.243976
vt 0.810547 0.250000
vt 0.810547 0.250000
vt 0.868594 0.012812
vt 0.625000 0.026750
vt 0.810547 0.250000
vt 0.625000 0.012812
vt 0.868594 0.174688
vt 0.875000 0.062500
vt 0.718750 0.250000
vt 0.632270 0.172960
vt 0.831380 0.250000
vt 0.625625 0.077422
vt 0.810547 0.250000
vt 0.781250 0.250000
vt 0.861625 0.223250
vt 0.810547 0.250000
vt 0.625000 0.014922
vt 0.625000 0.015625
vt 0.835938 0.250000
vt 0.832899 0.250000
vt 0.718750 0.250000
vt 0.750000 0.250000
vt 0.632109 0.006406
vt 0.593750 0.742188
vt 0.718750 0.250000
vt 0.625000 0.687500
vt 0.628012 0.125382
vt 0.593750 0.722656
vt 0.849935 0.250000
vt 0.852702 0.250000
vt 0.832899 0.250000
vt 0.718750 0.248750
vt 0.625000 0.015625
vt 0.873398 0.012969
vt 0.644531 0.210938
vt 0.849935 0.250000
vt 0.625000 0.750000
vt 0.844329 0.250000
vt 0.750000 0.250000
vt 0.625000 0.034844
vt 0.781250 0.250000
vt 0.875000 0.070312
vt 0.835938 0.250000
vt 0.857578 0.240547
vt 0.844329 0.250000
vt 0.625000 0.015625
vt 0.718750 0.245000
vt 0.627500 0.075312
vt 0.625000 0.038008
vt 0.875000 0.007812
vt 0.632812 0.171875
vt 0.687608 0.242635
vt 0.625000 0.039062
vt 0.811074 0.002363
vt 0.664062 0.234375
vt 0.810547 0.250000
vt 0.689102 0.003203
vt 0.874375 0.075469
vt 0.750000 0.250000
vt 0.849935 0.250000
vt 0.625000 0.039062
vt 0.628683 0.125095
vt 0.871270 0.125000
vt 0.835938 0.250000
vt 0.835938 0.250000
vt 0.849935 0.250000
vt 0.781250 0.250000
vt 0.855996 0.247637
vt 0.717773 0.240547
vt 0.626602 0.014922
vt 0.860243 0.250000
vt 0.662656 0.005000
vt 0.750000 0.250000
vt 0.750000 0.000000
vt 0.863715 0.250000
vt 0.872500 0.075313
vt 0.860243 0.250000
vt 0.625000 0.039062
vt 0.835938 0.250000
vt 0.835938 0.250000
vt 0.718750 0.000000
vt 0.629727 0.073906
vt 0.810547 0.250000
vt 0.628906 0.125000
vt 0.781250 0.250000
vt 0.855469 0.250000
vt 0.835938 0.250000
vt 0.750000 0.250000
vt 0.835938 0.250000
vt 0.875000 0.000000
vt 0.643477 0.004727
vt 0.714844 0.237188
vt 0.838047 0.009453
vt 0.631406 0.075312
vt 0.687500 0.242188
vt 0.855469 0.250000
vt 0.810547 0.250000
vt 0.644531 0.210938
vt 0.750000 0.247637
vt 0.632812 0.171875
vt 0.632461 0.077422
vt 0.855469 0.250000
vt 0.781250 0.250000
vt 0.870273 0.176094
vt 0.632812 0.078125
vt 0.835938 0.250000
vt 0.855469 0.250000
vt 0.855469 0.250000
vt 0.631406 0.012812
vt 0.626182 0.038008
vt 0.628906 0.125000
vt 0.870273 0.073906
vt 0.855469 0.250000
vt 0.861625 0.026750
vt 0.868594 0.075312
vt 0.855469 0.250000
vt 0.867188 0.250000
vt 0.625000 0.750000
vt 0.634549 0.170356
vt 0.870273 0.034844
vt 0.664062 0.234375
vt 0.781250 0.250000
vt 0.688926 0.002363
vt 0.810547 0.250000
vt 0.630751 0.125000
vt 0.875000 0.000000
vt 0.632812 0.078125
vt 0.835938 0.250000
vt 0.855469 0.250000
vt 0.867188 0.250000
vt 0.871094 0.250000
vt 0.868594 0.237188
vt 0.867539 0.246797
vt 0.855469 0.250000
vt 0.645915 0.208171
vt 0.873818 0.035078
vt 0.871445 0.125703
vt 0.750000 0.240547
vt 0.867188 0.250000
vt 0.781250 0.000000
vt 0.867188 0.250000
vt 0.875000 0.027344
vt 0.870274 0.215156
vt 0.867188 0.250000
vt 0.810547 0.250000
vt 0.629727 0.034844
vt 0.781250 0.250000
vt 0.718750 0.000000
vt 0.711914 0.235078
vt 0.867188 0.250000
vt 0.867188 0.250000
vt 0.867188 0.250000
vt 0.871094 0.250000
vt 0.855469 0.250000
vt 0.867188 0.250000
vt 0.835938 0.250000
vt 0.810898 0.003203
vt 0.750000 0.000000
vt 0.663359 0.002500
vt 0.634549 0.079644
vt 0.810547 0.250000
vt 0.689102 0.001250
vt 0.642422 0.009453
vt 0.664822 0.230903
vt 0.644531 0.039062
vt 0.687500 0.242188
vt 0.867188 0.250000
vt 0.871094 0.250000
vt 0.644531 0.039062
vt 0.750000 0.223250
vt 0.835938 0.250000
vt 0.781250 0.246797
vt 0.867539 0.077422
vt 0.871094 0.250000
vt 0.644004 0.038008
vt 0.855469 0.250000
vt 0.871094 0.250000
vt 0.871094 0.250000
vt 0.642422 0.034844
vt 0.710938 0.234375
vt 0.871094 0.250000
vt 0.867188 0.250000
vt 0.638375 0.026750
vt 0.810547 0.250000
vt 0.837344 0.012812
vt 0.650065 0.162760
vt 0.855469 0.250000
vt 0.871182 0.246270
vt 0.737305 0.215156
vt 0.835938 0.250000
vt 0.867188 0.250000
vt 0.647298 0.125000
vt 0.857578 0.034844
vt 0.867188 0.250000
vt 0.655671 0.188657
vt 0.645915 0.041829
vt 0.781250 0.237188
vt 0.718750 0.000000
vt 0.855469 0.250000
vt 0.871445 0.235078
vt 0.687500 0.238498
vt 0.867188 0.250000
vt 0.871865 0.126055
vt 0.732178 0.211992
vt 0.835938 0.250000
vt 0.810547 0.246270
vt 0.781250 0.000000
vt 0.750000 0.000000
vt 0.664062 0.015625
vt 0.668620 0.199870
vt 0.662656 0.005000
vt 0.650065 0.087240
vt 0.667101 0.165799
vt 0.855469 0.250000
vt 0.664062 0.015625
vt 0.689277 0.000937
vt 0.867188 0.246094
vt 0.867188 0.078125
vt 0.665582 0.125000
vt 0.718750 0.000000
vt 0.710938 0.234375
vt 0.810635 0.003730
vt 0.730469 0.210938
vt 0.663711 0.014922
vt 0.872500 0.174688
vt 0.710178 0.230903
vt 0.664822 0.019097
vt 0.855996 0.038008
vt 0.661953 0.009453
vt 0.655671 0.061343
vt 0.835938 0.246094
vt 0.782227 0.215156
vt 0.662656 0.012812
vt 0.855469 0.246094
vt 0.810547 0.235078
vt 0.687500 0.205404
vt 0.781250 0.000000
vt 0.762695 0.176094
vt 0.871865 0.211992
vt 0.625000 0.250000
vt 0.625000 0.250000
vt 0.867188 0.234375
vt 0.750000 0.174688
vt 0.667101 0.084201
vt 0.687500 0.168837
vt 0.836289 0.014922
vt 0.750000 0.000000
vt 0.687500 0.007812
vt 0.625000 0.250000
vt 0.744141 0.172578
vt 0.644531 0.250000
vt 0.625000 0.250000
vt 0.689102 0.002500
vt 0.668620 0.050130
vt 0.687500 0.125000
vt 0.706380 0.199870
vt 0.687500 0.007812
vt 0.835938 0.234375
vt 0.855469 0.234375
vt 0.730469 0.210938
vt 0.687500 0.011502
vt 0.718750 0.001250
vt 0.729085 0.208171
vt 0.742188 0.171875
vt 0.625000 0.250000
vt 0.855469 0.039062
vt 0.810547 0.003906
vt 0.625000 0.250000
vt 0.644531 0.250000
vt 0.687656 0.007461
vt 0.750000 0.000000
vt 0.810791 0.211992
vt 0.664062 0.250000
vt 0.687500 0.081163
vt 0.688682 0.004727
vt 0.781250 0.000000
vt 0.688125 0.006406
vt 0.707899 0.165799
vt 0.867188 0.210938
vt 0.719329 0.188657
vt 0.872422 0.125703
vt 0.872422 0.172578
vt 0.687500 0.044596
vt 0.785156 0.174688
vt 0.867188 0.078125
vt 0.625000 0.250000
vt 0.835938 0.015625
vt 0.710938 0.015625
vt 0.664062 0.250000
vt 0.753906 0.125000
vt 0.625000 0.250000
vt 0.748047 0.125000
vt 0.710178 0.019097
vt 0.625000 0.250000
vt 0.742188 0.171875
vt 0.710938 0.015625
vt 0.835938 0.210938
vt 0.746094 0.125000
vt 0.718750 0.005000
vt 0.740451 0.170356
vt 0.709418 0.125000
vt 0.766113 0.125000
vt 0.707899 0.084201
vt 0.711914 0.014922
vt 0.625000 0.250000
vt 0.689453 0.250000
vt 0.706380 0.050130
vt 0.625000 0.250000
vt 0.724935 0.162760
vt 0.855469 0.210938
vt 0.810547 0.003906
vt 0.750000 0.002363
vt 0.781250 0.000000
vt 0.730469 0.039062
vt 0.625000 0.250000
vt 0.689453 0.250000
vt 0.742188 0.078125
vt 0.717773 0.009453
vt 0.746094 0.125000
vt 0.729085 0.041829
vt 0.625000 0.250000
vt 0.714844 0.012812
vt 0.811523 0.172578
vt 0.730469 0.039062
vt 0.625000 0.250000
vt 0.744249 0.125000
vt 0.727702 0.125000
vt 0.744141 0.077422
vt 0.625000 0.250000
vt 0.724935 0.087240
vt 0.719329 0.061343
vt 0.855469 0.039062
vt 0.732178 0.038008
vt 0.742188 0.078125
vt 0.835938 0.015625
vt 0.867188 0.171875
vt 0.835938 0.171875
vt 0.740451 0.079644
vt 0.750000 0.075312
vt 0.867188 0.078125
vt 0.625000 0.250000
vt 0.870992 0.125556
vt 0.787109 0.125000
vt 0.750000 0.009453
vt 0.718750 0.250000
vt 0.855469 0.171875
vt 0.625000 0.250000
vt 0.810547 0.003906
vt 0.737305 0.034844
vt 0.781250 0.003203
vt 0.718750 0.250000
vt 0.762695 0.073906
vt 0.750000 0.026750
vt 0.625000 0.250000
vt 0.625000 0.250000
vt 0.835938 0.015625
vt 0.855469 0.039062
vt 0.785156 0.075312
vt 0.811822 0.125380
vt 0.865451 0.126519
vt 0.835178 0.126519
vt 0.781250 0.012812
vt 0.750000 0.250000
vt 0.865451 0.079644
vt 0.810357 0.007528
vt 0.750000 0.250000
vt 0.854085 0.127279
vt 0.782227 0.034844
vt 0.810764 0.078941
vt 0.835178 0.019097
vt 0.854085 0.041829
vt 0.809787 0.018394
vt 0.860243 0.084201
vt 0.832899 0.084201
vt 0.809652 0.040775
vt 0.849935 0.087240
vt 0.832899 0.029514
vt 0.849935 0.050130
vt 0.831380 0.050130
vt 0.844329 0.061343
vt 0.000000 0.500000
vt 0.000000 0.200000
vt 0.500000 0.200000
vt 0.000000 0.700000
vt 0.500000 0.700000
vt 1.000000 0.200000
vt 1.000000 0.500000
vt 1.000000 0.700000
vt 0.500000 0.406250
vt 0.531250 0.406250
vt 0.531250 0.375000
vt 0.531250 0.375000
vt 0.531250 0.406250
vt 0.531250 0.343750
vt 0.531250 0.343750
vt 0.531250 0.311523
vt 0.500000 0.312500
vt 0.531250 0.311523
vt 0.500000 0.406250
vt 0.531250 0.406250
vt 0.531250 0.375000
vt 0.531250 0.375000
vt 0.531250 0.406250
vt 0.531250 0.343750
vt 0.531250 0.343750
vt 0.531250 0.311523
vt 0.500000 0.312500
vt 0.531250 0.311523
vt 0.625000 0.050130
vt 0.625000 0.044596
vt 0.625000 0.188657
vt 0.625000 0.162760
vt 0.625000 0.199870
vt 0.625000 0.188657
vt 0.625000 0.199870
vt 0.625000 0.162760
vt 0.625000 0.087240
vt 0.625000 0.061343
vt 0.625000 0.125000
vt 0.625000 0.050130
vt 0.625000 0.061343
vt 0.625000 0.087240
vt 0.625000 0.205404
vt 0.625000 0.125000
vt 0.625000 0.188657
vt 0.625000 0.162760
vt 0.625000 0.199870
vt 0.625000 0.125000
vt 0.625000 0.205404
vt 0.625000 0.087240
vt 0.625000 0.188657
vt 0.625000 0.199870
vt 0.625000 0.162760
vt 0.625000 0.061343
vt 0.625000 0.050130
vt 0.625000 0.044596
vt 0.625000 0.050130
vt 0.625000 0.125000
vt 0.625000 0.087240
vt 0.625000 0.061343
vt 0.500000 0.500000
vt 0.531250 0.513672
vt 0.531250 0.566406
vt 0.531250 0.566406
vt 0.531250 0.513672
vt 0.531250 0.624023
vt 0.500000 0.625000
vt 0.531250 0.624023
vt 0.500000 0.500000
vt 0.531250 0.513672
vt 0.531250 0.566406
vt 0.531250 0.566406
vt 0.531250 0.513672
vt 0.531250 0.624023
vt 0.500000 0.625000
vt 0.531250 0.624023
vt 0.500000 0.500000
vt 0.531250 0.513672
vt 0.531250 0.566406
vt 0.531250 0.566406
vt 0.531250 0.513672
vt 0.531250 0.624023
vt 0.500000 0.625000
vt 0.531250 0.624023
vt 0.500000 0.500000
vt 0.531250 0.513672
vt 0.531250 0.566406
vt 0.500000 0.562500
vt 0.531250 0.566406
vt 0.531250 0.513672
vt 0.531250 0.375000
vt 0.562500 0.375000
vt 0.562500 0.343750
vt 0.531250 0.343750
vt 0.562500 0.311035
vt 0.593750 0.311523
vt 0.593750 0.277344
vt 0.531250 0.311523
vt 0.592773 0.236328
vt 0.562256 0.233398
vt 0.561523 0.181641
vt 0.531250 0.183594
vt 0.562500 0.343750
vt 0.562500 0.375000
vt 0.531250 0.375000
vt 0.531250 0.343750
vt 0.531250 0.311523
vt 0.562500 0.311035
vt 0.531250 0.236328
vt 0.562256 0.233398
vt 0.593750 0.277344
vt 0.593750 0.311523
vt 0.592773 0.236328
vt 0.531250 0.124023
vt 0.500000 0.125000
vt 0.500000 0.312500
vt 0.531250 0.124023
vt 0.531250 0.183594
vt 0.531250 0.513672
vt 0.500000 0.500000
vt 0.500000 0.500000
vt 0.531250 0.513672
vn 0.337316 -0.939879 0.053349
vn 0.453787 -0.888363 0.069917
vn 0.473349 -0.874423 0.106422
vn 0.369327 -0.926727 0.069104
vn -0.887938 0.444582 0.117949
vn -0.865973 0.494397 0.075244
vn -0.847337 0.153758 0.508309
vn -0.931617 0.243022 0.270242
vn -0.904253 0.425480 0.035963
vn -0.883790 0.467848 0.005812
vn -0.899914 -0.000000 0.436067
vn -0.899914 -0.000000 0.436067
vn -0.899914 -0.000000 0.436067
vn -0.844210 -0.000000 0.536013
vn -0.793738 0.277494 0.541274
vn -0.843320 0.291351 0.451581
vn -0.843320 0.291351 0.451581
vn -0.843320 0.291351 0.451581
vn -0.843320 0.291351 0.451581
vn -0.843320 0.291351 0.451581
vn -0.843320 0.291351 0.451581
vn -0.843320 0.291351 0.451581
vn -0.834610 0.296329 0.464345
vn -0.900392 0.003893 0.435062
vn -0.899914 -0.000000 0.436067
vn -0.899914 -0.000000 0.436067
vn -0.899914 -0.000000 0.436067
vn -0.899914 -0.000000 0.436067
vn 0.735033 -0.313081 0.601421
vn 0.471299 -0.547570 0.691408
vn -0.161459 -0.305774 0.938314
vn -0.068065 -0.220819 0.972937
vn 0.637320 -0.765866 0.085280
vn 0.429856 -0.901718 0.046134
vn 0.620930 -0.781233 0.064196
vn -0.711599 -0.439928 0.547805
vn -0.694605 -0.508616 0.508758
vn -0.639608 -0.629055 0.441804
vn -0.674928 -0.536171 0.506945
vn -0.636608 -0.732217 0.242049
vn -0.607838 -0.720460 0.333872
vn -0.568077 -0.778472 0.266964
vn -0.614441 -0.765988 0.189010
vn 0.375051 -0.926420 -0.032925
vn 0.335432 -0.911085 -0.239604
vn 0.271102 -0.952167 -0.141002
vn 0.316941 -0.948440 -0.003208
vn 0.321365 -0.836539 0.443765
vn 0.321365 -0.836539 0.443765
vn 0.321365 -0.836539 0.443765
vn 0.311998 -0.780975 0.541049
vn -0.000000 -0.836725 0.547623
vn -0.000000 -0.898124 0.439743
vn -0.000000 -0.898124 0.439743
vn -0.000000 -0.898124 0.439743
vn -0.000000 -0.898124 0.439743
vn -0.000000 -0.898124 0.439743
vn -0.000000 -0.898124 0.439742
vn -0.000000 -0.898124 0.439743
vn -0.000000 -0.867846 0.496833
vn 0.312803 -0.812392 0.492112
vn 0.321365 -0.836539 0.443765
vn 0.321365 -0.836539 0.443765
vn 0.321365 -0.836539 0.443765
vn 0.321365 -0.836539 0.443765
vn 0.165317 -0.646382 0.744890
vn 0.360176 -0.593038 0.720125
vn 0.635201 -0.579264 0.510856
vn 0.545802 -0.810072 0.214207
vn -0.587583 -0.725563 0.358195
vn -0.633816 -0.641914 0.431537
vn 0.742568 -0.557014 0.371926
vn 0.825221 -0.469014 0.314701
vn 0.648291 -0.760981 0.025046
vn 0.611082 -0.791447 0.013808
vn 0.991131 0.028336 -0.129830
vn 0.987175 -0.000000 -0.159639
vn 0.987175 0.000002 -0.159639
vn 0.989217 0.072899 -0.127025
vn 0.638597 -0.607026 0.472982
vn 0.648553 -0.615038 0.448450
vn 0.648553 -0.615038 0.448450
vn 0.648553 -0.615038 0.448450
vn 0.648553 -0.615038 0.448450
vn 0.648553 -0.615038 0.448450
vn 0.648553 -0.615038 0.448450
vn 0.648553 -0.615038 0.448450
vn 0.622064 -0.578198 0.527943
vn -0.849814 -0.293595 0.437742
vn -0.849814 -0.293595 0.437742
vn -0.849814 -0.293595 0.437742
vn -0.799905 -0.279650 0.530987
vn -0.848586 -0.292668 0.440735
vn -0.849814 -0.293595 0.437742
vn -0.849814 -0.293595 0.437742
vn -0.849814 -0.293595 0.437742
vn -0.849814 -0.293595 0.437742
vn -0.023012 -0.957100 0.288842
vn -0.023658 -0.924288 0.380963
vn -0.102142 -0.920837 0.376333
vn -0.100051 -0.953042 0.285834
vn 0.846241 -0.281992 0.452058
vn 0.848586 -0.292668 0.440735
vn 0.615773 -0.564286 0.549913
vn 0.460610 -0.462003 0.757887
vn 0.701854 -0.248876 0.667429
vn -0.312001 -0.780974 0.541050
vn -0.321366 -0.836538 0.443766
vn -0.321366 -0.836538 0.443766
vn -0.321366 -0.836538 0.443766
vn -0.321366 -0.836538 0.443766
vn -0.321366 -0.836538 0.443766
vn -0.321366 -0.836538 0.443766
vn -0.321366 -0.836538 0.443766
vn -0.312804 -0.812391 0.492113
vn 0.769916 -0.633698 0.075202
vn 0.605300 -0.791138 0.087820
vn 0.757353 -0.645184 0.100764
vn 0.722945 -0.674743 0.148570
vn 0.695008 -0.714249 0.082539
vn 0.891872 -0.363744 0.268802
vn 0.910502 -0.316121 0.266559
vn 0.901011 -0.315634 0.297582
vn 0.710633 -0.675576 0.196465
vn -0.743928 -0.314003 0.589892
vn -0.750494 -0.371408 0.546639
vn -0.648554 -0.615036 0.448451
vn -0.648554 -0.615036 0.448451
vn -0.648554 -0.615036 0.448451
vn -0.622065 -0.578197 0.527943
vn -0.638599 -0.607025 0.472983
vn -0.648554 -0.615036 0.448451
vn -0.648554 -0.615036 0.448451
vn -0.648554 -0.615036 0.448451
vn -0.648554 -0.615036 0.448451
vn -0.596909 0.525539 0.606225
vn -0.703101 0.634083 0.321850
vn -0.886793 0.282031 0.366138
vn -0.763713 0.242365 0.598332
vn 0.985443 0.090321 -0.144033
vn 0.945066 0.310776 -0.101336
vn 0.972150 0.226859 -0.058816
vn -0.153730 -0.186818 0.970292
vn -0.680981 0.463782 0.566720
vn -0.429599 0.798759 0.421224
vn 0.186062 -0.836702 0.515084
vn 0.248684 -0.948058 0.198350
vn 0.385135 -0.752675 0.533995
vn 0.260835 -0.026510 -0.965019
vn 0.274711 0.201390 -0.940200
vn 0.531268 0.139784 -0.835592
vn 0.499206 -0.067911 -0.863818
vn 0.742707 0.661893 -0.101404
vn 0.773301 0.633243 -0.031762
vn 0.937167 0.318196 -0.143071
vn 0.918106 -0.355981 0.174240
vn 0.972488 -0.228033 0.047621
vn 0.999895 0.003188 -0.014125
vn 0.999891 0.014653 0.001766
vn -0.853692 0.517832 -0.055327
vn -0.643988 0.760204 -0.085850
vn -0.632159 0.713713 -0.301643
vn -0.848704 0.485204 -0.210422
vn 0.201612 0.978561 0.042077
vn 0.452266 0.891342 0.031072
vn 0.417264 0.907689 -0.044621
vn 0.186372 0.982420 -0.010831
vn 0.265886 -0.942246 0.203660
vn 0.556290 -0.813746 0.168404
vn 0.534072 -0.815811 0.221853
vn 0.257870 -0.927254 0.271483
vn 0.100051 -0.953042 0.285834
vn 0.102429 -0.971471 0.213897
vn 0.008948 0.999200 0.038970
vn 0.005925 0.997413 0.071646
vn 0.245137 0.965842 0.084008
vn 0.870916 -0.402779 0.281558
vn 0.676155 -0.735803 0.037532
vn -0.285369 0.945700 0.155613
vn -0.635325 0.760639 0.133380
vn -0.647770 0.678720 0.346026
vn -0.301800 0.887369 0.348560
vn 0.493541 -0.806115 0.326491
vn 0.260347 -0.956331 0.132855
vn 0.181736 -0.880091 0.438648
vn 0.249475 -0.724354 0.642708
vn -0.498292 -0.787040 0.363693
vn -0.528671 -0.699089 0.481437
vn 0.997448 0.001225 -0.071383
vn 0.993529 -0.098556 -0.056445
vn 0.990470 0.000570 -0.137729
vn 0.993228 0.101518 -0.056509
vn -0.906563 -0.045964 0.419561
vn -0.862054 -0.117251 0.493066
vn -0.271414 0.954363 0.124601
vn -0.637373 0.760669 0.123037
vn 0.283293 -0.958845 0.019031
vn 0.000000 -0.957390 0.288797
vn 0.000000 -0.924736 0.380609
vn -0.278553 -0.837987 0.469239
vn -0.257569 -0.899269 0.353517
vn -0.115412 -0.853102 0.508820
vn 0.777083 -0.618562 0.116294
vn 0.752840 -0.641008 0.149466
vn -0.331700 0.870022 -0.364743
vn -0.342410 0.932641 -0.113741
vn -0.846773 0.527597 0.067955
vn -0.912494 0.406222 -0.048358
vn -0.000000 0.759754 -0.650210
vn 0.000000 0.643422 -0.765512
vn -0.037247 0.551224 -0.833526
vn -0.029442 0.759476 -0.649869
vn 0.577457 -0.509938 0.637579
vn 0.750596 -0.239737 0.615737
vn 0.861586 -0.381981 0.334306
vn 0.999169 0.040150 0.006990
vn -0.286174 0.502271 0.815983
vn -0.558627 0.232507 0.796164
vn -0.815875 0.271873 0.510326
vn -0.613259 0.593435 0.521295
vn -0.563547 0.516423 0.644765
vn -0.386453 0.410159 0.826089
vn -0.644360 0.252305 0.721902
vn -0.508325 -0.814009 0.281059
vn 0.314587 -0.948603 0.034459
vn 0.415517 -0.907884 0.055607
vn 0.737471 -0.662864 0.129415
vn -0.231755 0.968490 0.091195
vn 0.003172 0.993994 0.109389
vn -0.713330 0.634782 0.297007
vn -0.360157 0.901374 0.240443
vn -0.367284 0.909398 0.195188
vn 0.524596 -0.649835 -0.550012
vn 0.639435 -0.347006 -0.686082
vn 0.464866 -0.338735 -0.818021
vn 0.377168 -0.718055 -0.584928
vn -0.592962 0.242014 0.768001
vn -0.902227 -0.062981 0.426638
vn 0.742463 0.063607 -0.666860
vn 0.696034 -0.110745 -0.709417
vn -0.132883 0.913966 -0.383416
vn -0.126433 0.752243 -0.646642
vn -0.315934 0.714584 -0.624144
vn 0.872480 0.487938 0.026367
vn 0.717919 -0.124714 -0.684864
vn 0.693631 -0.327304 -0.641676
vn 0.758641 -0.127946 -0.638823
vn -0.960892 0.092980 0.260846
vn -0.445977 0.454398 0.771121
vn -0.244409 0.196213 0.949613
vn -0.954583 -0.035111 0.295869
vn 0.974052 0.224845 0.025857
vn 0.996652 0.073500 0.035814
vn -0.831255 0.527210 0.176252
vn 0.592094 -0.796732 0.121008
vn 0.287403 -0.724267 0.626767
vn 0.209178 -0.560579 0.801246
vn 0.255168 -0.915542 -0.310920
vn -0.300055 0.729644 0.614481
vn -0.940618 0.059273 0.334252
vn -0.464259 0.313919 0.828202
vn 0.037247 0.551224 -0.833526
vn 0.118363 0.494757 -0.860933
vn 0.111027 0.227328 -0.967469
vn 0.053392 0.231350 -0.971404
vn -0.027067 -0.855521 0.517060
vn 0.023012 -0.957100 0.288842
vn 0.102142 -0.920837 0.376333
vn 0.023658 -0.924288 0.380963
vn 0.673548 -0.276405 0.685516
vn 0.835605 -0.125310 0.534847
vn 0.903177 -0.065279 0.424277
vn -0.644079 0.758846 0.096514
vn 0.906734 -0.154479 0.392391
vn 0.604910 0.790843 0.093014
vn 0.355103 -0.462926 0.812159
vn 0.303555 -0.467635 0.830164
vn 0.250763 -0.967353 -0.036679
vn -0.588032 -0.561450 0.582231
vn 0.557364 -0.425771 0.712786
vn -0.335500 -0.692782 0.638352
vn 0.001176 0.988307 0.152470
vn 0.299782 -0.953686 0.024769
vn 0.410221 -0.907916 0.086069
vn 0.294646 0.463234 -0.835821
vn 0.942234 -0.013784 0.334672
vn 0.934970 -0.013449 0.354471
vn 0.268427 -0.962947 0.026065
vn -0.925986 -0.077659 0.369485
vn 0.940988 0.332969 0.060602
vn -0.030922 0.921499 -0.387149
vn -0.000000 0.949861 0.312673
vn -0.000001 -0.979194 0.202929
vn -0.000000 -0.995113 0.098742
vn 0.257569 -0.899269 0.353517
vn -0.901898 -0.000000 0.431949
vn -0.764346 0.012795 0.644679
vn 0.276674 0.953485 0.119662
vn -0.646542 -0.467217 0.603069
vn 0.800702 -0.000845 0.599063
vn 0.811197 0.032459 -0.583871
vn 0.508325 -0.814009 0.281059
vn -0.000000 -0.996969 0.077804
vn -0.000000 -0.930410 0.366521
vn 0.688359 -0.710020 0.148441
vn 0.701835 -0.688479 0.182824
vn 0.559698 -0.816653 0.140767
vn -0.000000 0.978854 0.204560
vn 0.000000 0.988940 0.148315
vn 0.000245 0.938792 0.344484
vn 0.921961 0.382561 0.060294
vn 0.297171 -0.953832 0.043524
vn 0.000000 -0.759658 0.650322
vn -0.000000 -0.582191 0.813052
vn -0.150421 -0.689532 0.708463
vn 0.402789 -0.907582 0.118554
vn 0.000001 0.787630 0.616149
vn -0.137967 0.982470 -0.125370
vn 0.258331 -0.553366 -0.791865
vn 0.250107 -0.850188 -0.463279
vn 0.255271 -0.966823 0.009450
vn 0.276007 -0.261960 -0.924769
vn 0.243600 -0.964190 -0.104868
vn 0.543366 -0.100113 -0.833505
vn 0.251227 -0.967824 0.014192
vn -0.856615 0.419850 0.299894
vn 0.021518 -0.401230 0.915724
vn 0.604620 0.024352 0.796142
vn 0.821148 0.190620 0.537941
vn 0.000000 0.578991 0.815334
vn -0.417232 -0.516696 0.747625
vn 0.908067 0.413987 0.063467
vn 0.893428 0.281925 0.349722
vn 0.886793 0.282031 0.366139
vn -0.846243 -0.281991 0.452055
vn -0.701853 -0.248875 0.667431
vn -0.956915 -0.119786 0.264510
vn -0.960308 -0.123055 0.250331
vn -0.968486 -0.064968 0.240445
vn 0.569734 0.370988 -0.733329
vn -0.287404 -0.724267 0.626767
vn -0.209179 -0.560577 0.801247
vn -0.186064 -0.836702 0.515083
vn -0.248684 -0.948058 0.198350
vn 0.429596 0.798759 0.421226
vn 0.314387 -0.944364 0.096629
vn -0.711846 -0.248266 0.656993
vn -0.692291 -0.408617 0.594781
vn -0.702008 -0.339266 0.626166
vn -0.080136 -0.543165 0.835793
vn -0.442304 -0.583542 0.681062
vn 0.029442 0.759476 -0.649869
vn 0.126433 0.752243 -0.646642
vn 0.367283 0.909398 0.195190
vn 0.360157 0.901374 0.240443
vn 0.901572 0.281492 0.328528
vn 0.634947 0.762848 0.122087
vn -0.037659 -0.698003 0.715104
vn 0.763713 0.242364 0.598333
vn 0.258764 -0.965668 0.022942
vn 0.777012 0.045474 -0.627841
vn 0.658914 -0.138864 0.739290
vn 0.286529 0.945805 0.152817
vn 0.402434 -0.902365 0.154222
vn 0.520905 -0.836705 0.169062
vn -0.260346 -0.956331 0.132854
vn -0.181735 -0.880091 0.438648
vn 0.115412 -0.853101 0.508820
vn 0.027067 -0.855521 0.517060
vn 0.614441 -0.765988 0.189010
vn -0.615775 -0.564284 0.549913
vn -0.460608 -0.461999 0.757890
vn -0.347725 0.931429 0.107369
vn 0.247331 -0.953895 -0.170034
vn 0.300057 0.729644 0.614480
vn -0.000000 0.921781 -0.387711
vn -0.636312 0.730911 0.246730
vn 0.153725 -0.186823 0.970292
vn 0.680981 0.463778 0.566722
vn -0.385137 -0.752677 0.533992
vn 0.636609 -0.732217 0.242049
vn 0.246693 -0.969047 0.009542
vn -0.689171 -0.422175 0.588908
vn -0.531225 -0.422756 0.734219
vn 0.358283 -0.917712 0.171574
vn 0.278554 -0.837987 0.469239
vn 0.713330 0.634780 0.297009
vn 0.703101 0.634083 0.321851
vn -0.910903 0.262762 0.318137
vn 0.256164 -0.966632 -0.001834
vn 0.304551 -0.945891 0.111976
vn 0.311499 -0.052596 -0.948790
vn 0.634105 0.761629 0.133539
vn 0.498292 -0.787040 0.363693
vn -0.493541 -0.806116 0.326489
vn -0.249472 -0.724354 0.642709
vn 0.301859 0.887912 0.347121
vn -0.974026 0.011905 0.226121
vn -0.959678 0.035258 0.278881
vn -0.937569 0.138819 0.318893
vn 0.596911 0.525538 0.606224
vn 0.789659 0.241062 -0.564206
vn 0.286175 0.502271 0.815983
vn -0.198225 -0.529807 0.824628
vn 0.000000 -0.856460 0.516214
vn 0.418372 -0.884949 0.204525
vn 0.491436 -0.838647 0.234864
vn 0.647007 0.679662 0.345603
vn -0.068361 0.979757 -0.188155
vn 0.258481 -0.965548 0.030085
vn 0.385228 -0.892510 0.234577
vn 0.558630 0.232512 0.796160
vn 0.597157 0.093068 -0.796707
vn 0.568077 -0.778472 0.266964
vn 0.437995 -0.860743 0.259388
vn 0.183197 -0.459896 -0.868870
vn 0.211820 -0.800387 -0.560815
vn -0.507566 -0.415632 0.754736
vn -0.306737 -0.326452 0.894059
vn 0.000000 0.014844 0.999890
vn -0.095814 0.059687 0.993608
vn -0.247228 0.339671 0.907470
vn -0.000000 0.301422 0.953491
vn 0.256989 -0.966324 -0.013180
vn 0.166029 -0.193649 -0.966920
vn 0.030922 0.921499 -0.387149
vn 0.263229 -0.964544 0.019098
vn 0.859324 0.182918 -0.477602
vn 0.322217 -0.932901 0.160849
vn 0.607838 -0.720460 0.333872
vn 0.213897 -0.953317 -0.213153
vn 0.315934 0.714584 -0.624144
vn 0.481238 -0.809206 0.337038
vn -0.631620 0.676694 0.378340
vn -0.000000 0.383218 0.923658
vn -0.119104 0.615402 0.779162
vn -0.163890 0.098211 0.981578
vn 0.000000 0.099557 0.995032
vn 0.152161 -0.694499 0.703220
vn 0.037245 -0.706530 0.706703
vn 0.519025 -0.793293 0.318274
vn -0.085938 -0.546009 0.833360
vn -0.167413 0.983564 0.067639
vn -0.284016 -0.514645 0.808996
vn 0.000000 -0.513196 0.858272
vn -0.653143 -0.177474 0.736144
vn -0.703690 -0.141994 0.696174
vn -0.741215 -0.138552 0.656813
vn 0.440138 -0.823530 0.357879
vn 0.500411 0.848303 0.173120
vn 0.500411 0.848303 0.173120
vn 0.500411 0.848303 0.173120
vn 0.500411 0.848303 0.173120
vn 0.500411 0.848303 0.173120
vn 0.500411 0.848303 0.173120
vn 0.500411 0.848303 0.173120
vn 0.330148 0.142028 -0.933183
vn 0.528671 -0.699089 0.481437
vn 0.281779 -0.957927 0.054564
vn 0.832263 0.207258 -0.514182
vn -0.056342 -0.543958 0.837219
vn -0.000000 -0.711668 0.702516
vn 0.000001 -0.537982 0.842956
vn 0.164465 -0.017972 -0.986219
vn 0.335870 -0.693299 0.637595
vn -0.349375 0.891696 0.287777
vn -0.659408 -0.233250 0.714686
vn -0.503909 -0.190418 0.842506
vn -0.391410 -0.170297 0.904321
vn -0.405771 -0.130615 0.904594
vn 0.587583 -0.725563 0.358195
vn 0.210543 -0.977489 -0.013701
vn 0.267312 -0.963086 0.031766
vn 0.346020 -0.912265 0.219186
vn 0.568647 -0.719557 0.398595
vn 0.549970 -0.696876 0.460322
vn 0.607892 0.586713 -0.535009
vn 0.115941 -0.435236 -0.892820
vn 0.129296 -0.789511 -0.599963
vn 0.633702 -0.642278 0.431161
vn 0.132883 0.913966 -0.383416
vn 0.097634 -0.172424 -0.980172
vn -0.641789 0.575868 0.506442
vn 0.653320 0.308813 -0.691237
vn -0.648459 0.440641 0.620755
vn -0.777536 0.185790 0.600766
vn -0.641606 0.274892 0.716084
vn -0.860661 -0.120732 0.494658
vn -0.726684 -0.210246 0.654008
vn -0.628640 -0.158669 0.761338
vn -0.806909 0.211752 0.551415
vn -0.839919 0.167694 0.516154
vn -0.520706 -0.102275 0.847588
vn -0.415801 -0.086470 0.905336
vn 0.111371 -0.966604 -0.230809
vn 0.056716 -0.544145 0.837072
vn -0.000009 -0.537982 0.842956
vn -0.644890 0.615364 0.453259
vn -0.442020 0.476308 0.760098
vn -0.480152 0.636400 0.603696
vn 0.455088 -0.758131 0.467046
vn 0.288930 -0.953954 0.080570
vn 0.828953 0.397936 -0.393044
vn -0.530756 -0.425059 0.733228
vn 0.455095 0.228002 -0.860758
vn 0.090785 -0.748194 -0.657240
vn 0.456501 0.239293 -0.856940
vn 0.150776 0.158975 -0.975702
vn -0.005153 0.999208 0.039460
vn 0.591393 -0.571895 0.568499
vn 0.457136 0.244568 -0.855110
vn 0.639608 -0.629056 0.441804
vn 0.163890 0.098211 0.981578
vn 0.119104 0.615402 0.779162
vn 0.630909 -0.602594 0.488707
vn 0.214688 -0.975700 0.043808
vn 0.083771 -0.006893 -0.996461
vn 0.087232 -0.996122 -0.011480
vn 0.339016 -0.902813 0.264568
vn 0.201499 -0.565639 0.799656
vn 0.894865 0.310542 -0.320593
vn 0.414993 -0.543772 0.729446
vn 0.607556 -0.507925 0.610645
vn -0.390682 0.824282 0.409789
vn 0.339862 0.402571 -0.849959
vn -0.226361 0.927590 0.297215
vn 0.023891 -0.443962 -0.895727
vn -0.028116 -0.801229 -0.597697
vn -0.172326 -0.134742 0.975781
vn -0.166355 -0.090829 0.981874
vn 0.873033 0.348216 -0.341408
vn -0.365401 -0.511328 0.777834
vn -0.279074 -0.722548 0.632488
vn -0.000000 -0.692016 0.721882
vn 0.000000 -0.549313 0.835617
vn -0.091004 -0.969119 -0.229187
vn 0.411742 -0.728858 0.547024
vn 0.232160 -0.968244 0.092768
vn 0.043556 -0.174984 -0.983607
vn 0.671455 -0.551076 0.495443
vn 0.079686 -0.995693 0.047382
vn -0.268194 0.058715 0.961574
vn -0.309448 -0.364399 0.878325
vn -0.218821 -0.034309 0.975162
vn 0.331700 0.870022 -0.364743
vn 0.701302 0.532429 -0.474020
vn 0.692681 -0.513386 0.506584
vn -0.136299 -0.990513 -0.017510
vn 0.053842 0.154771 -0.986482
vn 0.117709 0.426888 -0.896611
vn 0.708321 -0.431601 0.558572
vn 0.262469 -0.567512 0.780410
vn 0.523687 -0.429814 0.735535
vn 0.662768 -0.530036 0.528961
vn 0.642338 -0.529532 0.554074
vn 0.253978 -0.928477 0.270972
vn -0.050122 -0.472692 -0.879801
vn -0.171643 -0.805553 -0.567118
vn -0.085905 -0.546394 0.833111
vn 0.247228 0.339671 0.907470
vn 0.095813 0.059687 0.993608
vn -0.262816 -0.938860 -0.222419
vn -0.506884 0.650946 0.565100
vn -0.274036 -0.064612 0.959547
vn -0.121464 -0.048604 0.991405
vn 0.476110 -0.439110 0.761907
vn 0.047664 -0.012776 -0.998782
vn 0.026474 -0.194305 -0.980584
vn 0.345115 0.722868 -0.598630
vn 0.087612 -0.992568 0.084454
vn 0.632159 0.713713 -0.301643
vn -0.153079 -0.987598 0.034877
vn 0.261580 -0.772978 0.577997
vn -0.314626 -0.948640 -0.033072
vn 0.009313 -0.506384 -0.862258
vn -0.140725 -0.821798 -0.552127
vn -0.068493 0.975140 0.210740
vn -0.068493 0.975140 0.210740
vn -0.069590 0.953873 0.292035
vn -0.069634 0.952565 0.296261
vn -0.446409 0.472764 0.759746
vn -0.249873 -0.940562 -0.230012
vn -0.369176 0.389868 0.843630
vn -0.226990 0.898606 0.375477
vn 0.711674 -0.459064 0.531770
vn 0.848704 0.485205 -0.210422
vn 0.890379 0.420344 -0.174746
vn 0.910367 0.378787 -0.166590
vn 0.118152 -0.217568 -0.968867
vn 0.750552 -0.372073 0.546107
vn 0.723793 0.648688 -0.235219
vn 0.073677 -0.971230 0.226459
vn 0.137967 0.982470 -0.125370
vn 0.068361 0.979757 -0.188155
vn 0.251841 -0.522889 -0.814349
vn 0.149037 -0.832287 -0.533934
vn 0.030931 0.132042 -0.990762
vn 0.065258 -0.032247 -0.997347
vn 0.077858 0.780155 -0.620723
vn -0.001551 0.414339 -0.910122
vn -0.316591 -0.946987 -0.054648
vn 0.613389 -0.134518 0.778241
vn 0.841696 0.050349 0.537600
vn 0.492136 -0.222580 0.841582
vn -0.614433 0.664396 -0.425500
vn -0.614433 0.664396 -0.425499
vn -0.614433 0.664396 -0.425499
vn -0.614433 0.664396 -0.425499
vn -0.614433 0.664396 -0.425500
vn -0.614433 0.664396 -0.425499
vn 0.078801 -0.963242 -0.256817
vn -0.337445 -0.941233 0.014520
vn 0.234858 -0.447871 0.862701
vn 0.000848 -0.032063 0.999486
vn 0.000096 -0.105970 0.994369
vn 0.000000 -0.115670 0.993288
vn 0.349994 0.893614 -0.280996
vn 0.385890 -0.231180 -0.893109
vn -0.156020 -0.986408 0.051554
vn -0.090742 0.000149 0.995874
vn -0.040758 -0.076673 0.996223
vn -0.059203 0.021249 0.998020
vn 0.365401 -0.511328 0.777834
vn 0.279074 -0.722548 0.632489
vn 0.284016 -0.514645 0.808996
vn 0.641904 -0.420117 -0.641452
vn 0.737489 -0.529092 -0.419728
vn 0.186937 -0.054050 -0.980884
vn -0.026062 -0.873367 0.486366
vn -0.006593 -0.995426 -0.095307
vn 0.767603 -0.600312 -0.224524
vn 0.009318 0.553179 0.833010
vn 0.760739 -0.219799 -0.610709
vn -0.280097 0.415476 0.865405
vn -0.280097 0.415476 0.865405
vn -0.280375 0.408390 0.868682
vn -0.201895 0.294734 0.934008
vn -0.359875 -0.932965 -0.008190
vn -0.124528 0.871255 0.474771
vn -0.236354 0.817864 0.524629
vn -0.246155 0.765105 0.594998
vn -0.159090 0.777657 0.608227
vn -0.527198 -0.828095 -0.190578
vn -0.527198 -0.828095 -0.190578
vn -0.527198 -0.828095 -0.190578
vn -0.527198 -0.828095 -0.190578
vn -0.582756 -0.780142 -0.227540
vn -0.570955 -0.791068 -0.219596
vn -0.349701 -0.936747 0.014656
vn 0.467409 -0.076879 -0.880692
vn 0.196712 -0.186957 0.962472
vn -0.195472 -0.972246 0.128566
vn 0.686986 -0.433168 0.583451
vn 0.734693 -0.406613 0.543040
vn 0.906955 -0.044829 0.418836
vn 0.342410 0.932641 -0.113741
vn 0.062917 0.959732 -0.273780
vn 0.922506 -0.218237 -0.318363
vn 0.084115 0.084942 -0.992829
vn 0.762495 -0.636050 -0.118499
vn -0.048585 0.876276 0.479354
vn -0.067468 0.785151 -0.615619
vn 0.893089 0.445892 -0.059775
vn 0.731510 0.677343 -0.078096
vn -0.110707 -0.992016 -0.060402
vn -0.024305 0.389574 -0.920674
vn -0.199104 -0.550806 0.810537
vn 0.801482 -0.101066 -0.589418
vn 0.912494 0.406222 -0.048358
vn -0.256505 0.682502 0.684394
vn -0.142537 0.638148 0.756604
vn 0.360575 0.929626 -0.076033
vn 0.962610 -0.222591 -0.154388
vn -0.392453 -0.919677 -0.013204
vn 0.238757 0.045330 -0.970021
vn -0.387811 -0.921130 0.033492
vn -0.100660 0.157907 0.982310
vn 0.000000 0.932734 -0.360564
vn -0.351213 -0.905785 0.237072
vn 0.853692 0.517832 -0.055327
vn 0.950676 -0.108533 -0.290580
vn 0.643988 0.760204 -0.085850
vn -0.427034 -0.173459 0.887442
vn -0.483577 -0.181149 0.856352
vn -0.500825 -0.183395 0.845896
vn 0.215129 0.183496 0.959192
vn 0.509181 -0.070273 0.857786
vn 0.659423 -0.741617 -0.123147
vn 0.517292 0.008365 -0.855768
vn 0.464259 0.313918 0.828202
vn -0.282223 -0.207975 0.936534
vn 0.065992 0.995921 -0.061543
vn -0.241782 -0.968783 -0.054785
vn 0.974512 -0.211391 -0.075099
vn -0.270149 -0.149796 0.951094
vn -0.694821 -0.671635 0.257160
vn -0.093070 0.158633 0.982941
vn -0.093070 0.158633 0.982941
vn -0.093070 0.158633 0.982941
vn -0.422584 -0.906189 -0.015610
vn 0.818028 -0.041224 -0.573699
vn -0.479367 -0.877116 0.029591
vn 0.167413 0.983564 0.067639
vn 0.005153 0.999208 0.039460
vn 0.180367 -0.017570 0.983442
vn 0.986883 -0.105891 -0.121861
vn -0.038165 0.792545 0.608618
vn 0.724093 0.689625 -0.010299
vn 0.883790 0.467848 0.005812
vn 0.363006 0.931783 -0.002835
vn -0.089550 0.961685 -0.259119
vn 0.099126 0.189993 -0.976768
vn 0.261187 -0.572319 0.777324
vn 0.284060 -0.955100 -0.084222
vn 0.956638 -0.076155 -0.281148
vn 0.940618 0.059273 0.334252
vn 0.290842 0.114132 -0.949939
vn 0.904253 0.425480 0.035963
vn -0.042608 0.609900 0.791332
vn -0.091199 0.449586 0.888569
vn -0.031034 0.369918 0.928546
vn -0.130062 0.794793 -0.592779
vn 0.978670 -0.192255 -0.072410
vn -0.317578 -0.947904 -0.024949
vn 0.067598 0.997698 0.005327
vn -0.426268 -0.902776 -0.057375
vn 0.994692 -0.095169 -0.039136
vn 0.555214 0.051523 -0.830110
vn -0.558566 -0.823628 -0.098193
vn -0.092551 0.994116 -0.056281
vn -0.304951 0.023557 0.952077
vn 0.753087 -0.275899 0.597277
vn 0.865929 -0.112415 0.487370
vn 0.655791 -0.173491 0.734737
vn 0.659361 -0.233522 0.714640
vn 0.990231 -0.089379 -0.107025
vn 0.354977 0.932535 0.066106
vn 0.707944 0.703841 0.058505
vn 0.347725 0.931429 0.107369
vn -0.838182 -0.255476 0.481854
vn 0.113701 -0.993458 -0.010685
vn 0.818031 -0.034836 -0.574118
vn -0.208132 0.205644 0.956238
vn 0.517982 0.098580 0.849692
vn 0.928633 -0.351063 -0.119981
vn 0.835427 -0.545841 -0.064188
vn 0.980901 -0.151700 -0.121738
vn 0.865973 0.494397 0.075244
vn 0.846773 0.527597 0.067955
vn 0.857080 0.258589 0.445585
vn 0.857080 0.258589 0.445585
vn 0.857080 0.258589 0.445585
vn 0.857080 0.258589 0.445585
vn 0.857080 0.258589 0.445585
vn -0.147101 0.960398 -0.236637
vn 0.244409 0.196212 0.949613
vn -0.253591 -0.966877 -0.029003
vn 0.996774 -0.079171 -0.013137
vn 0.380518 -0.167347 0.909506
vn 0.401084 -0.126842 0.907217
vn 0.164842 -0.091007 0.982113
vn 0.168931 -0.134328 0.976431
vn -0.094884 0.995482 0.003650
vn 0.155702 0.161440 0.974523
vn -0.371007 -0.912831 -0.170565
vn -0.039004 0.546543 -0.836522
vn 0.149493 0.292206 -0.944599
vn 0.995894 -0.089721 -0.012081
vn 0.925986 -0.077659 0.369485
vn 0.059265 0.996074 0.065765
vn 0.950268 -0.109521 -0.291541
vn 0.644079 0.758846 0.096514
vn 0.791948 -0.610583 -0.002639
vn -0.816284 -0.560004 -0.141690
vn -0.552902 -0.791276 -0.261116
vn 0.369159 0.163468 -0.914877
vn -0.160431 0.844938 -0.510237
vn 0.996898 -0.058991 -0.052107
vn 0.887939 0.444582 0.117949
vn 0.961199 -0.239479 -0.136917
vn 0.951567 -0.302289 -0.056054
vn 0.958554 -0.156673 -0.237966
vn 0.242889 -0.969340 0.037224
vn 0.090743 0.000149 0.995874
vn 0.059203 0.021249 0.998020
vn 0.040987 -0.077500 0.996149
vn 0.121464 -0.048604 0.991405
vn -0.145058 0.988031 -0.052467
vn 0.364920 0.894873 0.256974
vn 0.611660 0.724912 0.316821
vn 0.604345 0.068596 -0.793764
vn 0.069590 0.953873 0.292035
vn 0.068493 0.975140 0.210740
vn 0.068493 0.975140 0.210740
vn 0.069634 0.952565 0.296261
vn -0.968484 -0.248923 -0.008704
vn -0.064325 -0.991471 -0.113345
vn 0.954583 -0.035111 0.295868
vn -0.273208 -0.917850 -0.287938
vn -0.312773 0.246718 0.917226
vn 0.847337 0.153758 0.508309
vn -0.104600 0.993034 0.054238
vn -0.843256 0.045729 0.535563
vn 0.415801 -0.086470 0.905336
vn 0.274036 -0.064612 0.959547
vn 0.996095 -0.083075 0.029886
vn 0.962121 -0.038818 -0.269845
vn 0.983179 -0.148405 -0.106468
vn 0.947101 -0.320930 -0.001669
vn -0.181898 0.434404 0.882160
vn 0.495833 0.374268 0.783628
vn 0.825352 -0.502996 -0.256493
vn 0.603521 -0.465811 -0.647134
vn 0.818209 -0.057490 -0.572039
vn 0.050934 0.963951 0.261161
vn -0.154903 0.969193 -0.191492
vn 0.614433 0.664396 -0.425499
vn 0.614433 0.664396 -0.425499
vn 0.614433 0.664396 -0.425499
vn 0.614433 0.664396 -0.425500
vn 0.614433 0.664396 -0.425499
vn 0.614433 0.664396 -0.425500
vn -0.782492 -0.540110 -0.309819
vn -0.495822 -0.781953 -0.377771
vn 0.851852 -0.522177 0.040984
vn 0.106913 0.451093 0.886050
vn 0.873164 -0.479113 -0.089635
vn 0.329510 -0.009834 -0.944101
vn 0.093062 0.329943 0.939403
vn 0.093070 0.158633 0.982941
vn 0.093070 0.158633 0.982941
vn 0.100660 0.157907 0.982310
vn 0.158634 0.357917 0.920180
vn 0.424457 0.719372 0.549855
vn -0.081735 0.693023 0.716267
vn -0.145968 0.989288 -0.001313
vn 0.831255 0.527210 0.176252
vn 0.934084 -0.180609 -0.308005
vn -0.017293 0.662460 -0.748898
vn 0.231042 0.345634 -0.909482
vn 0.703690 -0.141994 0.696174
vn 0.520706 -0.102275 0.847588
vn 0.291829 -0.563129 -0.773124
vn 0.536448 -0.759732 -0.367465
vn 0.445977 0.454398 0.771121
vn -0.175300 -0.909853 -0.376081
vn 0.986015 -0.166657 0.000125
vn 0.455385 0.180164 -0.871875
vn 0.639048 -0.763821 -0.090526
vn -0.947153 -0.250055 -0.200932
vn 0.998245 -0.055501 0.020648
vn 0.134272 0.006599 -0.990923
vn 0.135269 -0.960383 -0.243652
vn 0.592963 0.242014 0.768000
vn -0.148743 0.914124 -0.377165
vn -0.128947 0.965282 0.227166
vn 0.931616 0.243022 0.270242
vn -0.735474 -0.547674 -0.398913
vn -0.431672 -0.775637 -0.460485
vn 0.309448 -0.364399 0.878325
vn 0.726684 -0.210246 0.654008
vn 0.628640 -0.158669 0.761338
vn 0.268194 0.058715 0.961574
vn 0.218821 -0.034309 0.975162
vn 0.741215 -0.138552 0.656813
vn 0.640583 -0.757039 -0.128627
vn -0.995667 0.024023 0.089839
vn 0.991629 0.041339 -0.122322
vn 0.061833 0.803809 0.591666
vn 0.881890 -0.471451 0.001744
vn -0.139999 0.989303 -0.040992
vn 0.653287 0.064014 -0.754399
vn 0.955261 -0.291631 0.049266
vn 0.349375 0.891696 0.287776
vn 0.226361 0.927590 0.297215
vn 0.572896 0.465107 -0.674882
vn -0.744973 0.334981 0.576891
vn 0.960308 -0.123055 0.250331
vn 0.956915 -0.119786 0.264510
vn 0.968486 -0.064968 0.240445
vn -0.154106 0.987286 0.038970
vn -0.924095 -0.263135 -0.277145
vn 0.255639 0.568316 -0.782090
vn -0.009318 0.553179 0.833010
vn 0.442020 0.476308 0.760098
vn 0.480152 0.636400 0.603696
vn -0.725041 -0.571004 -0.385059
vn -0.376887 -0.748943 -0.545015
vn -0.291795 0.530682 0.795759
vn -0.500411 0.848303 0.173120
vn -0.500411 0.848303 0.173120
vn -0.500411 0.848303 0.173120
vn -0.500411 0.848303 0.173120
vn -0.500411 0.848303 0.173120
vn -0.500411 0.848303 0.173120
vn -0.500411 0.848303 0.173120
vn -0.099074 -0.888554 -0.447946
vn 0.512854 -0.574805 -0.637636
vn 0.385757 -0.858279 -0.338451
vn 0.960973 -0.250840 -0.116667
vn -0.139020 0.981135 -0.134344
vn 0.806909 0.211752 0.551415
vn 0.860661 -0.120732 0.494658
vn 0.839919 0.167694 0.516154
vn 0.583564 0.000580 -0.812067
vn -0.335713 -0.693586 -0.637365
vn -0.293931 -0.800786 -0.521868
vn -0.634361 -0.699551 -0.328960
vn -0.742864 -0.578244 -0.337323
vn -0.948967 -0.287572 -0.129476
vn -0.751970 -0.657419 0.048397
vn -0.380053 -0.924442 -0.031088
vn 0.821898 -0.083571 -0.563472
vn 0.636312 0.730911 0.246730
vn -0.937815 -0.267220 0.221579
vn -0.828595 -0.342254 0.443050
vn 0.665679 -0.746233 0.002624
vn 0.981460 -0.187008 0.042005
vn 0.242594 -0.910933 -0.333691
vn -0.199508 0.830711 0.519726
vn -0.570829 -0.139746 0.809089
vn -0.996164 0.007469 -0.087192
vn 0.871149 -0.481828 0.094564
vn 0.508053 0.572451 -0.643570
vn 0.327182 -0.936019 -0.129695
vn 0.943110 -0.331115 0.030122
vn -0.694748 -0.702923 -0.152395
vn -0.326169 -0.941937 -0.079803
vn -0.051087 -0.828415 -0.557781
vn 0.000000 0.985934 0.167138
vn 0.000000 0.992897 0.118979
vn -0.001055 0.992896 0.118979
vn -0.001436 0.986180 0.165671
vn 0.035372 0.738919 -0.672865
vn 0.311812 0.360766 -0.878989
vn -0.087639 -0.123618 0.988452
vn -0.025391 -0.119452 0.992515
vn 0.048585 0.876276 0.479354
vn 0.124528 0.871255 0.474771
vn 0.960892 0.092980 0.260846
vn 0.766847 -0.483478 -0.422132
vn 0.535444 -0.800998 -0.267774
vn 0.437419 -0.829441 0.347407
vn 0.437419 -0.829441 0.347407
vn 0.181634 -0.958241 0.220871
vn 0.129572 -0.972482 0.193622
vn 0.437419 -0.829441 0.347407
vn -0.136501 0.990634 -0.003546
vn -0.976200 -0.216825 0.004589
vn 0.531795 0.163056 -0.831028
vn -0.093625 0.956702 -0.275601
vn 0.856776 -0.000038 -0.515689
vn 0.902227 -0.062981 0.426638
vn -0.031038 -0.728571 -0.684266
vn -0.026037 -0.869846 -0.492637
vn 0.836838 0.482776 -0.258128
vn 0.494833 0.776122 -0.390865
vn 0.737914 -0.635548 -0.227071
vn -0.006890 -0.999971 0.003148
vn 0.999142 0.027175 -0.031253
vn -0.178189 0.966911 0.182571
vn 0.994677 -0.095825 0.037892
vn -0.989961 -0.002230 -0.141321
vn 0.766317 0.479966 -0.427073
vn -0.119933 0.992432 -0.026349
vn 0.528501 -0.840890 -0.116584
vn 0.916726 -0.238705 -0.320365
vn 0.856615 0.419850 0.299894
vn 0.527199 -0.828095 -0.190578
vn 0.527199 -0.828095 -0.190578
vn 0.570955 -0.791068 -0.219596
vn 0.582756 -0.780142 -0.227540
vn 0.527199 -0.828095 -0.190578
vn 0.527199 -0.828095 -0.190578
vn -0.902043 -0.372313 -0.218408
vn -0.973633 -0.137641 -0.181917
vn 0.968512 -0.225466 0.105592
vn 0.380609 0.855441 -0.351224
vn 0.637630 -0.758205 0.136210
vn -0.008287 -0.999520 -0.029846
vn 0.695271 0.041219 -0.717564
vn 0.296101 -0.869591 -0.395140
vn 0.958617 -0.284644 -0.005533
vn -0.995703 -0.016332 0.091158
vn -0.085121 0.992789 -0.084408
vn 0.317256 -0.948334 0.003399
vn -0.519270 -0.845676 -0.123250
vn -0.245479 -0.967520 -0.060382
vn 0.091199 0.449586 0.888569
vn 0.183155 0.435171 0.881521
vn -0.830077 0.000000 0.557649
vn -0.635902 -0.045778 0.770411
vn -0.807956 -0.564364 -0.169413
vn -0.925520 0.308808 0.219203
vn 0.063764 0.005798 0.997948
vn 0.105292 0.804766 -0.584179
vn 0.387784 0.334054 -0.859088
vn -0.413947 0.712137 0.567017
vn 0.002470 0.983277 -0.182099
vn -0.931956 -0.000130 0.362571
vn 0.537747 0.795573 -0.279090
vn 0.685922 -0.437141 0.581738
vn -0.142506 0.989474 0.025179
vn 0.815323 -0.512888 0.268689
vn 0.311608 -0.834744 -0.453986
vn 0.591916 0.112877 -0.798056
vn 0.531825 -0.846845 0.003861
vn -0.965087 -0.163451 -0.204674
vn -0.979879 -0.060871 -0.190082
vn 0.644890 0.615364 0.453259
vn 0.038165 0.792545 0.608618
vn 0.159090 0.777657 0.608227
vn 0.898268 0.429939 -0.090929
vn 0.612922 0.776160 -0.147994
vn -0.246624 0.870236 0.426458
vn 0.829523 -0.109718 -0.547589
vn 0.959678 0.035258 0.278881
vn 0.974026 0.011905 0.226121
vn 0.937569 0.138819 0.318893
vn -0.993739 0.000015 -0.111730
vn 0.723023 -0.621509 -0.301603
vn -0.115070 0.993353 -0.003019
vn 0.934709 -0.330692 -0.130235
vn -0.947394 -0.265174 -0.179240
vn 0.280375 0.408390 0.868682
vn 0.284195 -0.780512 -0.556808
vn 0.233526 -0.852622 -0.467442
vn -0.073264 0.997211 -0.014271
vn 0.018432 0.998731 -0.046863
vn 0.999843 0.016182 -0.007194
vn 0.931787 -0.339698 -0.127976
vn 0.163170 0.865558 -0.473482
vn 0.442744 0.262873 -0.857249
vn 0.324367 0.934811 -0.144618
vn 0.390682 0.824282 0.409789
vn 0.226990 0.898606 0.375477
vn 0.119336 0.988703 -0.090693
vn 0.362637 -0.931022 -0.041153
vn 0.028335 0.651787 0.757873
vn 0.160734 0.703221 0.692564
vn -0.956512 0.285232 0.061062
vn -0.010697 -0.999564 -0.027534
vn 0.990010 -0.000073 -0.140994
vn 0.910903 0.262762 0.318137
vn 0.631620 0.676694 0.378340
vn -0.162378 0.976962 0.138489
vn 0.731075 0.011948 -0.682193
vn 0.116681 0.991819 -0.051782
vn 0.116404 0.892498 -0.435772
vn 0.950602 -0.308300 0.036144
vn 0.469226 0.186361 -0.863190
vn -0.985385 0.000015 -0.170340
vn 0.991551 -0.126438 0.028969
vn 0.962968 -0.182173 -0.198762
vn 0.988779 -0.124273 -0.082896
vn 0.329852 -0.933957 0.137556
vn 0.154541 0.987867 -0.015341
vn 0.931735 0.337891 -0.133040
vn 0.635552 0.059895 -0.769732
vn -0.395914 0.890490 -0.224232
vn -0.122616 0.634900 -0.762802
vn 0.446409 0.472764 0.759746
vn 0.280097 0.415476 0.865405
vn 0.369176 0.389868 0.843630
vn 0.301566 -0.949107 -0.090848
vn 0.462523 0.191101 -0.865767
vn -0.959648 0.279992 0.026067
vn 0.978037 -0.145368 0.149372
vn 0.905458 -0.273916 -0.324216
vn -0.985457 -0.016152 -0.169155
vn -0.983028 -0.051194 -0.176168
vn -0.305313 0.378875 -0.873635
vn -0.846108 0.409195 -0.341557
vn 0.167502 0.985860 -0.004759
vn 0.939626 -0.214146 -0.266916
vn 0.026386 0.999636 -0.005605
vn -0.982864 -0.076119 -0.167884
vn -0.416192 -0.908528 -0.036906
vn -0.743680 -0.661170 -0.098968
vn 0.431885 0.206132 -0.878058
vn -0.379659 0.923034 -0.062194
vn 0.531963 0.836781 -0.129667
vn 0.713867 -0.613692 -0.337309
vn 0.532528 -0.837176 0.124700
vn 0.942644 -0.333793 0.002360
vn 0.526044 -0.758812 0.384034
vn -0.118656 0.992807 0.015984
vn 0.969298 -0.240656 0.050456
vn -0.927986 0.252684 0.273848
vn -0.070578 0.997506 -0.000965
vn 0.671631 0.077422 -0.736830
vn -0.333261 0.484941 -0.808560
vn -0.847549 0.408375 -0.338955
vn -0.913557 0.392550 -0.106386
vn 0.928394 -0.371066 -0.019887
vn -0.938199 -0.315058 -0.143250
vn -0.690093 0.195453 0.696828
vn -0.573086 0.130214 0.809084
vn 0.911652 0.410913 -0.006454
vn 0.648081 0.761457 -0.013168
vn 0.380753 0.365715 -0.849282
vn 0.554339 -0.477954 0.681372
vn 0.163487 0.986545 0.000532
vn -0.462088 0.112893 0.879619
vn 0.681769 0.144455 -0.717164
vn 0.316598 0.948483 -0.012085
vn 0.845031 -0.113780 -0.522471
vn -0.932785 0.343722 -0.108477
vn 0.762123 0.018388 -0.647171
vn -0.185095 -0.982720 0.000855
vn -0.976159 0.217037 0.002760
vn 1.000000 -0.000028 0.000000
vn 0.181732 0.983348 0.001020
vn -0.986723 0.000003 -0.162414
vn 0.999624 0.024851 0.011630
vn -0.191817 0.922060 0.336173
vn -0.801092 0.526728 -0.284270
vn -0.313304 0.624293 -0.715611
vn 0.677615 0.162292 -0.717286
vn 0.026017 0.999661 0.001148
vn 0.777536 0.185791 0.600766
vn 0.648459 0.440641 0.620755
vn 0.641606 0.274892 0.716083
vn 0.246154 0.765105 0.594998
vn 0.236354 0.817864 0.524629
vn -0.362995 0.931712 -0.012159
vn -0.973510 0.137731 -0.182507
vn -0.654603 0.653015 0.380875
vn 0.375318 0.512058 -0.772615
vn 0.942975 0.332848 -0.003244
vn -0.984000 -0.083158 -0.157569
vn 0.389507 -0.851705 0.350547
vn -0.987176 0.000000 -0.159639
vn -0.987176 0.000004 -0.159638
vn 0.917036 -0.373603 -0.139522
vn -0.135174 0.985669 0.100922
vn -0.921386 0.388019 -0.022127
vn -0.875344 0.473556 -0.097556
vn 0.932202 -0.336776 0.132599
vn 0.654449 0.272874 -0.705150
vn 0.256505 0.682502 0.684394
vn 0.000045 -0.113917 0.993490
vn 0.001031 -0.032472 0.999472
vn 0.641789 0.575868 0.506442
vn 0.733694 -0.659059 -0.165331
vn 0.733891 -0.679134 0.013442
vn 0.450713 -0.619110 0.643086
vn 0.786059 0.091875 -0.611286
vn -0.979841 0.060889 -0.190275
vn 0.535293 0.844609 -0.009907
vn 0.921295 -0.240978 -0.305199
vn -0.945428 0.325028 -0.022889
vn 0.584016 -0.625650 0.517192
vn 0.993098 -0.110950 0.038028
vn 0.215536 -0.974448 -0.063216
vn 0.542181 -0.793066 0.277644
vn -0.072538 0.997303 0.011145
vn 0.160005 0.987114 0.001849
vn 0.942675 -0.328703 0.057601
vn 0.275855 -0.552578 0.786487
vn 0.621642 0.421059 -0.660508
vn 0.789731 0.168731 -0.589792
vn 0.913344 -0.255081 -0.317389
vn 0.920810 -0.389503 0.019894
vn -0.987176 -0.000002 -0.159638
vn 0.990016 -0.000002 0.140957
vn 0.627151 0.769275 0.122055
vn 0.901850 0.425062 0.077386
vn 0.645927 -0.738182 -0.194592
vn -0.985448 0.016158 -0.169205
vn 0.867583 -0.047817 -0.494988
vn 0.506884 0.650946 0.565100
vn -0.722676 0.639479 0.262311
vn 0.178748 0.983894 0.000900
vn -0.891013 0.453513 -0.020557
vn 0.978264 -0.020364 -0.206359
vn 0.988508 -0.015152 0.150409
vn 0.790736 0.167779 -0.588717
vn 0.284249 -0.003929 0.958742
vn -0.011037 -0.999836 0.014358
vn 0.750298 -0.364142 0.551774
vn -0.361795 0.932258 0.000074
vn 0.330301 0.935908 0.122385
vn 0.768754 -0.474391 0.428917
vn 0.961247 -0.017068 -0.275159
vn -0.212351 0.859006 -0.465849
vn -0.466842 0.850442 -0.242503
vn 0.780154 0.237178 -0.578884
vn -0.946747 -0.305680 -0.101139
vn -0.770755 -0.636780 -0.021164
vn 0.909649 -0.414381 -0.028748
vn 0.513399 -0.563519 0.647200
vn 0.021918 0.999729 0.007912
vn -0.152064 0.954791 0.255442
vn -0.085114 0.993855 0.070769
vn -0.433497 -0.898989 0.062442
vn 0.147855 0.853097 -0.500365
vn 0.535813 0.837024 0.110884
vn 0.933025 0.336697 0.126884
vn -0.167472 0.863487 0.475755
vn -0.742992 0.625941 0.236982
vn -0.922293 0.386491 0.000000
vn -0.946772 0.321905 -0.000000
vn 0.998365 0.047818 0.031309
vn 0.001436 0.986180 0.165671
vn 0.001055 0.992896 0.118979
vn 0.881217 0.083970 -0.465194
vn -0.565249 0.819313 -0.096022
vn 0.915274 -0.261882 -0.306091
vn 0.134840 0.000363 0.990867
vn 0.972485 -0.220678 0.074663
vn -0.985600 -0.087489 -0.144699
vn 0.153534 0.988137 0.003680
vn 0.927764 -0.345162 -0.141834
vn 0.856700 -0.000260 0.515814
vn -0.705457 0.551959 0.444603
vn 0.521927 0.767611 0.371976
vn 0.847251 0.473447 0.240861
vn 0.873990 0.192226 -0.446308
vn -0.101005 0.966049 -0.237795
vn 0.941791 -0.136950 -0.307040
vn 0.400508 0.790983 -0.462536
vn -0.504932 0.391353 0.769341
vn -0.493803 0.356321 0.793217
vn 0.957126 -0.010267 -0.289491
vn 0.177381 0.984140 0.001906
vn 0.577524 0.470974 0.666821
vn 0.995180 0.073710 0.064676
vn -0.746183 0.623401 0.233630
vn -0.987176 -0.000001 -0.159639
vn -0.987175 -0.000001 -0.159640
vn -0.987175 -0.000004 -0.159640
vn -0.987175 -0.000002 -0.159639
vn 0.275374 0.558586 0.782401
vn -0.188814 -0.978773 0.079706
vn 0.391310 0.855949 0.337976
vn 0.916960 -0.395290 0.054136
vn -0.694226 0.702813 -0.155258
vn 0.584158 0.000858 0.811639
vn 0.991089 0.020277 -0.131647
vn 0.753398 0.354810 -0.553625
vn 0.008570 0.998947 0.045064
vn -0.359636 0.933018 0.011820
vn -0.601137 0.798878 -0.020695
vn 0.875113 0.184546 -0.447348
vn -0.964992 0.163433 -0.205133
vn -0.901776 0.372280 -0.219562
vn 0.460542 -0.878339 -0.128145
vn 0.996467 -0.041042 0.073278
vn 0.771569 0.475376 0.422728
vn 0.545874 0.794781 0.265227
vn -0.118359 0.854864 0.505173
vn -0.176543 0.879815 0.441315
vn -0.226065 0.969994 -0.089482
vn 0.903946 -0.427531 0.009919
vn -0.983004 0.051183 -0.176304
vn -0.892765 0.450522 -0.000000
vn 0.996880 0.068021 0.040046
vn 0.869161 0.230744 -0.437397
vn -0.108089 0.973210 0.202924
vn -0.117646 0.881301 0.457678
vn 0.395465 -0.132628 0.908855
vn -0.138906 0.001105 0.990305
vn 0.183689 0.954754 -0.233889
vn 0.154636 -0.987964 0.003861
vn 0.516129 0.567542 0.641488
vn 0.955328 0.054428 -0.290492
vn -0.040725 0.826229 0.561861
vn 0.948039 -0.272017 -0.165014
vn 0.923496 -0.382199 -0.032851
vn 0.947302 -0.298762 0.115583
vn 0.947269 -0.303128 0.103900
vn 0.987003 0.098988 -0.126598
vn 0.581027 0.704783 -0.407048
vn 0.138649 0.990154 0.019271
vn 0.969388 -0.200578 -0.141617
vn 0.105198 -0.061037 0.992576
vn -0.251224 0.889957 0.380608
vn 0.938941 0.204651 -0.276601
vn -0.272099 0.962068 -0.019666
vn 0.999793 0.020244 -0.001977
vn -0.607239 0.794520 -0.000000
vn 0.177965 0.984007 0.007699
vn 0.000000 0.958742 0.284279
vn -0.001465 0.959641 0.281225
vn -0.784910 -0.492353 -0.376171
vn -0.784910 -0.492353 -0.376171
vn -0.973225 -0.222456 -0.057854
vn -0.870048 -0.490148 0.052644
vn 0.953888 -0.004038 -0.300135
vn 0.845855 0.324177 -0.423602
vn 0.058026 0.994292 -0.089530
vn 0.984439 -0.061258 0.164707
vn -0.989254 -0.069445 -0.128660
vn -0.987175 -0.000002 -0.159640
vn -0.987175 -0.000001 -0.159640
vn -0.987176 -0.000000 -0.159639
vn -0.987176 -0.000002 -0.159639
vn -0.024437 0.989439 0.142878
vn -0.382736 0.922430 0.051344
vn 0.939696 0.200627 -0.276984
vn 0.418124 0.880836 -0.222038
vn -0.552085 -0.803545 0.222527
vn -0.894352 0.447355 0.002972
vn -0.948917 0.315464 0.006264
vn -0.009081 -0.996871 0.078521
vn -0.949545 0.307911 0.059629
vn -0.927338 0.373972 0.013750
vn 0.835219 -0.471736 -0.282621
vn 0.721070 -0.670452 -0.174792
vn 0.916623 -0.207770 -0.341519
vn -0.099669 0.896701 0.431270
vn 0.990276 0.028852 -0.136092
vn 0.712942 0.602532 -0.358705
vn 0.933391 0.240169 -0.266645
vn -0.012573 0.782841 0.622095
vn 0.357349 -0.933618 -0.025663
vn 0.920032 -0.391818 0.004492
vn -0.958240 0.284617 0.027733
vn 0.972867 -0.228710 -0.034964
vn -0.313118 0.875058 0.369094
vn 0.098038 0.992520 0.072753
vn 0.902999 -0.426827 0.049095
vn 0.923754 -0.351474 0.152134
vn 0.006326 0.999776 -0.020208
vn 0.920122 0.327372 0.214949
vn 0.969216 0.209600 -0.129182
vn 0.897535 0.357237 -0.258482
vn 0.331219 0.938600 -0.096557
vn 0.671072 0.705772 -0.227043
vn -0.606506 0.795079 -0.000001
vn 0.971825 0.165221 -0.168101
vn -0.901660 0.432259 0.012662
vn 0.957599 -0.101619 0.269588
vn -0.947007 0.266314 -0.179593
vn -0.982818 0.076439 -0.168007
vn 0.162184 0.986389 0.027068
vn -0.328666 0.770838 0.545699
vn 0.968801 0.211595 -0.129047
vn -0.209191 -0.954502 0.212520
vn -0.054618 0.927539 0.369713
vn -0.513775 0.844045 0.153700
vn 0.958354 -0.001155 -0.285582
vn -0.260791 0.546742 0.795652
vn -0.284257 0.593591 0.752893
vn 0.999253 0.017247 -0.034593
vn 0.243814 0.830940 0.500093
vn 0.247391 0.888408 0.386691
vn -0.388088 0.918852 0.071405
vn 0.192229 0.751143 0.631532
vn 0.164394 -0.982505 0.087518
vn -0.806681 0.565850 -0.170527
vn -0.985876 0.071035 0.151664
vn 0.959001 0.256284 -0.120975
vn -0.018944 0.760244 0.649362
vn 0.971791 -0.235840 0.001507
vn -0.319202 0.001131 0.947686
vn 0.994490 -0.000387 0.104833
vn -0.976696 0.205179 0.062977
vn 0.634706 0.765423 -0.106188
vn -0.240830 -0.000704 0.970567
vn 0.282430 0.959031 -0.022194
vn -0.325895 0.941719 -0.083412
vn 0.976686 0.212149 -0.032825
vn 0.888607 -0.348192 -0.298563
vn 0.901820 -0.175779 -0.394743
vn 0.147884 0.679241 0.718861
vn 0.909205 0.398777 -0.119681
vn 0.942177 0.000012 -0.335117
vn -0.000000 -0.076366 0.997080
vn 0.000000 -0.040468 0.999181
vn 0.030636 0.966204 0.255953
vn -0.987175 0.000001 -0.159639
vn -0.987175 0.000001 -0.159639
vn -0.987176 0.000001 -0.159639
vn -0.987176 0.000001 -0.159639
vn -0.990977 -0.026371 -0.131413
vn -0.993529 -0.098556 -0.056445
vn 0.920571 -0.388124 0.043691
vn 0.187019 0.923988 0.333573
vn 0.907223 -0.383639 0.172534
vn -0.606841 0.794824 0.000000
vn -0.915556 0.401348 0.026011
vn 0.915706 -0.159152 0.368989
vn 0.864332 -0.468338 -0.183276
vn 0.975459 0.217749 -0.032655
vn -0.972488 -0.228033 0.047621
vn -0.517493 0.846385 -0.125835
vn 0.977767 -0.011949 0.209354
vn 0.999882 0.015366 0.000114
vn 0.096314 0.984228 0.148389
vn 0.782201 0.318108 0.535694
vn 0.659169 -0.748742 -0.069872
vn 0.952918 0.212188 -0.216620
vn -0.012331 0.765294 0.643563
vn 0.962598 0.269338 -0.029359
vn -0.866430 0.211322 0.452373
vn -0.011882 0.000000 0.999929
vn 0.605787 0.795235 -0.024952
vn -0.898672 -0.327737 0.291509
vn 0.127900 0.620169 0.773972
vn 0.457942 0.602122 0.654017
vn 0.578698 0.671680 0.462553
vn 0.898493 0.436457 0.047073
vn -0.989938 0.088642 0.110297
vn 0.976929 0.213566 -0.000045
vn 0.902697 0.000014 -0.430277
vn 0.971663 -0.233083 0.039301
vn 0.905738 0.422781 -0.029932
vn 0.110143 0.935189 0.336585
vn 0.622639 0.738147 0.259729
vn -0.918106 -0.355981 0.174239
vn -0.006516 -0.979521 0.201236
vn 0.920796 -0.350166 0.171810
vn 0.975581 0.219639 -0.000000
vn 0.013402 0.809838 0.586501
vn -0.931731 0.361084 0.038689
vn 0.880983 -0.211965 0.423013
vn 0.364900 0.540846 0.757848
vn 0.692478 0.259129 0.673295
vn -0.937167 0.318196 -0.143071
vn -0.983911 0.084451 -0.157439
vn 0.025855 -0.119496 0.992498
vn 0.087720 -0.123659 0.988440
vn -0.608529 0.793532 0.000001
vn 0.999289 0.015156 0.034524
vn 0.807123 -0.250222 -0.534735
vn 0.833635 -0.423139 -0.354973
vn 0.961719 0.274037 0.000000
vn 0.016792 0.824755 0.565242
vn 0.129248 0.576419 0.806868
vn -0.154574 -0.800042 0.579689
vn -0.433811 -0.685723 0.584458
vn 0.270371 0.962756 0.000000
vn 0.596992 0.802247 0.000000
vn -0.244417 0.967513 -0.064652
vn 0.340789 0.460059 0.819883
vn -0.397703 -0.281290 0.873332
vn -0.978955 0.016057 0.203446
vn -0.711979 -0.528616 0.462224
vn 0.041859 0.849156 0.526481
vn 0.856609 -0.482235 -0.183495
vn 0.977300 0.209916 0.028643
vn 0.392428 -0.915978 0.083571
vn 0.902577 0.430529 -0.000000
vn -0.416461 -0.783852 0.460584
vn 0.570216 0.801220 0.181385
vn -0.939104 0.334936 0.076828
vn -0.861586 -0.381981 0.334306
vn 0.964452 -0.207582 0.163529
vn -0.016880 0.990959 -0.133097
vn -0.016880 0.990959 -0.133097
vn -0.016880 0.990959 -0.133097
vn -0.016880 0.990959 -0.133097
vn -0.016880 0.990959 -0.133097
vn -0.990470 0.000570 -0.137729
vn -0.997448 0.001224 -0.071383
vn 0.658538 0.167115 0.733758
vn 0.945513 0.246132 -0.213128
vn 0.976578 0.214112 0.021260
vn -0.333872 -0.452711 0.826790
vn 0.791894 -0.000106 -0.610658
vn -0.226587 0.326559 0.917615
vn 0.067871 0.393912 0.916639
vn 0.880355 -0.210948 0.424824
vn 0.872195 -0.480550 -0.091362
vn 0.142814 0.563681 0.813553
vn -0.012692 0.696383 0.717558
vn -0.014595 0.601590 0.798672
vn -0.005915 0.996890 0.078587
vn -0.311553 0.405534 0.859347
vn 0.274738 0.577907 0.768467
vn 0.395485 0.358244 0.845726
vn 0.947433 0.272323 -0.167958
vn 0.362236 0.124357 0.923754
vn -0.987176 0.000001 -0.159638
vn -0.987175 0.000001 -0.159640
vn -0.987176 0.000000 -0.159639
vn -0.742707 0.661893 -0.101404
vn 0.126705 0.653311 0.746411
vn -0.612950 0.790122 0.000001
vn 0.514427 0.770778 0.375853
vn 0.837760 0.247170 0.486893
vn 0.654970 0.343339 0.673151
vn 0.405724 0.698736 0.589199
vn 0.856757 0.514440 -0.036314
vn 0.844591 -0.058836 0.532169
vn 0.738444 0.059768 0.671661
vn 0.292618 0.426581 0.855806
vn 0.221277 0.899352 0.377097
vn 0.962892 0.269704 0.009945
vn 0.311811 0.162956 0.936066
vn 0.352962 0.386266 0.852183
vn 0.421704 0.200738 0.884234
vn 0.989028 0.013647 0.147098
vn 0.201348 0.827695 0.523813
vn 0.155474 0.682005 0.714631
vn 0.916067 0.208085 -0.342813
vn 0.271532 0.962429 -0.000000
vn 0.598322 0.801256 0.000000
vn 0.023303 0.923648 0.382534
vn 0.061504 0.456825 0.887428
vn 0.066602 0.161582 0.984609
vn 0.142935 0.493093 0.858154
vn 0.036878 0.863789 0.502502
vn -0.112040 -0.005723 0.993687
vn 0.191375 -0.955649 0.223854
vn -0.999895 0.003189 -0.014125
vn 0.974936 0.185675 0.122571
vn 0.903906 0.427716 0.003679
vn 0.130580 0.246398 0.960332
vn 0.606202 -0.663171 0.439003
vn 0.293230 -0.823852 0.485061
vn 0.559251 -0.405581 0.723009
vn 0.665733 0.100113 0.739444
vn -0.008422 0.999395 -0.033737
vn -0.177148 0.906336 0.383632
vn -0.178261 0.437330 0.881457
vn 0.907417 -0.114555 0.404316
vn 0.075825 0.088091 0.993222
vn 0.758569 -0.517471 -0.395976
vn 0.706673 -0.317583 -0.632261
vn 0.725722 -0.338009 -0.599231
vn 0.743666 -0.552915 -0.375827
vn -0.191257 0.168022 0.967052
vn -0.127056 0.839723 0.527941
vn 0.045022 0.542614 0.838775
vn 0.044222 0.731731 0.680157
vn -0.615583 0.787812 0.020242
vn 0.029920 -0.861986 0.506049
vn 0.047717 0.714748 0.697752
vn 0.102815 -0.087723 0.990825
vn 0.068065 -0.220819 0.972937
vn -0.985442 0.090321 -0.144033
vn -0.945066 0.310776 -0.101336
vn 0.978863 0.182968 0.091382
vn 0.378599 0.347307 0.857928
vn 0.302459 -0.648622 0.698432
vn -0.735034 -0.313079 0.601420
vn 0.506928 0.842730 0.181192
vn -0.479608 0.786809 0.388470
vn -0.815635 0.259096 0.517310
vn -0.331824 0.724681 0.603929
vn 0.939108 0.255919 0.229309
vn 0.809361 -0.557863 -0.183641
vn 0.770994 -0.614150 -0.168490
vn -0.004003 -0.825633 0.564194
vn -0.186735 0.563973 0.804403
vn 0.901357 0.176015 -0.395694
vn -0.822481 -0.058092 0.565818
vn 0.928256 0.023020 0.371229
vn -0.238764 -0.834690 0.496271
vn 0.050937 -0.728376 0.683282
vn 0.338940 -0.035644 0.940132
vn 0.967744 0.248210 0.043175
vn 0.394728 0.258158 0.881785
vn 0.691167 0.104402 0.715114
vn -0.205039 -0.669018 0.714404
vn 0.085687 0.046761 0.995224
vn 0.140089 -0.066336 0.987914
vn 0.161460 -0.305773 0.938314
vn -0.598562 0.366898 0.712116
vn 0.272210 0.962238 0.000000
vn 0.599434 0.800424 0.000000
vn -0.999891 0.014653 0.001766
vn -0.571958 -0.681453 0.456604
vn 0.407318 0.063400 0.911083
vn 0.938957 0.107449 0.326824
vn 0.772736 -0.289341 0.564944
vn -0.690613 0.062002 0.720562
vn 0.894690 -0.441688 -0.066643
vn -0.036931 0.680892 0.731452
vn -0.060375 0.692304 0.719076
vn 0.908967 0.416505 0.017392
vn 0.254021 0.162561 0.953440
vn 0.682011 0.000000 -0.731342
vn 0.723696 -0.000012 -0.690120
vn 0.388956 -0.084752 0.917350
vn -0.471297 -0.547570 0.691409
vn -0.165314 -0.646382 0.744890
vn -0.049959 -0.633168 0.772400
vn -0.277339 -0.960499 0.022903
vn -0.545801 -0.810072 0.214208
vn -0.480531 -0.433834 0.762153
vn -0.417265 0.907689 -0.044621
vn 0.715959 0.096876 0.691389
vn 0.967632 0.072379 0.241765
vn -0.035409 0.561363 0.826812
vn -0.286517 0.957860 0.020319
vn 0.212422 -0.175191 0.961346
vn 0.001466 0.959641 0.281225
vn -0.360174 -0.593038 0.720125
vn -0.635200 -0.579264 0.510856
vn 0.823815 0.565067 -0.045044
vn 0.730606 -0.682515 0.019697
vn 0.746085 0.023614 0.665431
vn 0.976784 0.188714 0.101387
vn 0.421420 0.802109 0.423116
vn 0.806208 0.250403 -0.536028
vn -0.993228 0.101518 -0.056509
vn -0.991131 0.028336 -0.129830
vn -0.001308 -0.039833 0.999206
vn 0.840558 -0.067076 0.537553
vn 0.272507 0.962154 -0.000000
vn 0.600659 0.799505 -0.000000
vn 0.000000 0.926511 0.376268
vn -0.001013 0.926510 0.376268
vn -0.999169 0.040149 0.006990
vn -0.611082 -0.791447 0.013808
vn -0.299277 -0.939323 -0.167646
vn -0.315801 -0.937635 -0.145294
vn -0.648291 -0.760981 0.025046
vn -0.050818 0.507491 0.860157
vn -0.185937 0.598764 0.779043
vn -0.773301 0.633243 -0.031762
vn 0.604954 -0.126671 0.786120
vn 0.919242 0.391912 0.037401
vn -0.989217 0.072898 -0.127025
vn -0.972150 0.226859 -0.058816
vn -0.010877 0.999399 -0.032923
vn 0.239643 0.605518 0.758894
vn 0.204030 0.516691 0.831506
vn 0.368656 0.929401 0.017512
vn 0.045588 0.492823 0.868935
vn -0.007715 0.999731 0.021896
vn -0.000263 0.009283 0.999957
vn 0.064898 -0.229885 0.971052
vn 0.734800 0.673274 0.082288
vn 0.644729 0.738350 -0.197899
vn 0.976832 0.104535 0.186740
vn 0.000000 -0.618841 0.785516
vn -0.000000 -0.999490 -0.031946
vn -0.742568 -0.557014 0.371926
vn -0.825221 -0.469014 0.314700
vn 0.705391 0.317882 -0.633542
vn 0.724726 0.338246 -0.600302
vn -0.974052 0.224845 0.025857
vn 0.193592 0.219034 0.956319
vn 0.725499 -0.591823 -0.351279
vn 0.725499 -0.591823 -0.351279
vn 0.745030 -0.360161 -0.561440
vn 0.745030 -0.360161 -0.561440
vn 0.840484 -0.320700 -0.436736
vn 0.777708 -0.553028 -0.298881
vn 0.272594 0.962129 0.000000
vn 0.602999 0.797742 -0.000001
vn 0.932315 0.078755 0.352969
vn 0.062526 0.381921 0.922077
vn -0.329619 0.369371 0.868859
vn 0.931358 0.359618 0.056975
vn -0.996652 0.073500 0.035814
vn 0.772088 0.567375 0.286297
vn 0.073595 0.420755 0.904184
vn 0.270477 0.962402 0.025006
vn -0.090507 -0.197634 0.976089
vn 0.763764 0.000001 -0.645495
vn 0.763764 0.000001 -0.645495
vn 0.863955 0.000079 -0.503569
vn 0.730853 -0.665263 -0.152576
vn 0.730853 -0.665263 -0.152576
vn 0.812704 -0.567579 -0.131779
vn 0.253176 0.257560 0.932504
vn 0.141624 -0.792114 0.593716
vn 0.300908 0.948950 -0.094593
vn -0.000000 0.164218 0.986424
vn -0.000000 0.324190 0.945992
vn 0.000000 0.164218 0.986424
vn 0.834224 0.472369 -0.284495
vn 0.930304 0.346384 0.120638
vn 0.601212 0.798544 0.029527
vn 0.069056 0.340371 0.937752
vn -0.352444 0.193279 0.915656
vn 0.922767 -0.384167 -0.030279
vn 0.532766 -0.810665 0.242863
vn -0.906734 -0.154478 0.392391
vn 0.086636 0.376815 0.922228
vn 0.801364 -0.597625 -0.025681
vn 0.859858 -0.508305 -0.047644
vn -0.240646 -0.066904 0.968304
vn -0.186372 0.982420 -0.010831
vn -0.676155 -0.735803 0.037531
vn -0.328989 -0.935921 -0.125771
vn -0.343003 -0.937415 -0.060020
vn -0.695008 -0.714249 0.082538
vn 0.887828 0.348943 -0.299999
vn -0.557365 -0.425771 0.712786
vn -0.355103 -0.462925 0.812159
vn -0.000000 -0.976768 -0.214300
vn -0.000000 -0.981356 -0.192200
vn -0.940988 0.332969 0.060602
vn -0.452266 0.891342 0.031072
vn -0.872480 0.487938 0.026367
vn -0.870916 -0.402779 0.281558
vn -0.891872 -0.363744 0.268802
vn 0.832387 0.424113 -0.356736
vn 0.938861 -0.344103 0.011562
vn -0.109029 -0.076779 0.991069
vn 0.744231 0.360305 -0.562407
vn 0.744231 0.360304 -0.562407
vn 0.840001 0.320946 -0.437484
vn 0.744029 -0.668116 -0.006504
vn 0.744029 -0.668116 -0.006504
vn 0.827624 -0.561261 -0.004867
vn -0.303555 -0.467634 0.830164
vn -0.673549 -0.276405 0.685516
vn 0.000000 -0.984925 -0.172983
vn 0.000000 -0.994491 -0.104824
vn 0.756868 0.518501 -0.397879
vn 0.742232 0.553707 -0.377492
vn -0.142031 -0.063152 0.987846
vn 0.214021 0.974495 -0.067483
vn -0.921961 0.382561 0.060294
vn 0.902921 -0.426315 0.054677
vn 0.830796 -0.547680 0.099120
vn 0.049958 -0.633168 0.772400
vn 0.277339 -0.960499 0.022903
vn -0.011153 0.999937 0.000854
vn 0.503569 -0.188427 0.843157
vn -0.835605 -0.125311 0.534847
vn -0.903177 -0.065279 0.424277
vn -0.722945 -0.674743 0.148569
vn -0.365828 -0.930166 0.031002
vn -0.359290 -0.928206 0.096666
vn -0.710633 -0.675576 0.196465
vn 0.299277 -0.939323 -0.167647
vn 0.315801 -0.937635 -0.145294
vn -0.604910 0.790843 0.093014
vn -0.908067 0.413987 0.063467
vn 0.458016 0.879260 -0.130854
vn -0.910502 -0.316121 0.266559
vn -0.901011 -0.315634 0.297582
vn 0.983852 -0.158246 -0.083631
vn 0.871843 -0.485286 0.066231
vn 0.718787 0.672484 -0.176379
vn -0.000000 0.794573 0.607168
vn 0.000000 0.848695 0.528882
vn 0.752384 -0.644601 0.135678
vn 0.752384 -0.644601 0.135678
vn 0.827404 -0.548934 0.118635
vn -0.000000 -0.999941 -0.010908
vn 0.000001 -0.998135 0.061049
vn -0.901572 0.281491 0.328527
vn 0.422732 -0.676329 0.603221
vn 0.996169 0.000003 -0.087447
vn 0.863078 0.470198 -0.184421
vn 0.976816 -0.213332 -0.017910
vn -0.201612 0.978561 0.042077
vn -0.000000 0.612921 0.790144
vn -0.658915 -0.138865 0.739288
vn 0.080135 -0.543165 0.835793
vn 0.328988 -0.935921 -0.125771
vn 0.343003 -0.937415 -0.060020
vn 0.724391 0.592286 -0.352782
vn 0.776884 0.553470 -0.300204
vn 0.724391 0.592286 -0.352782
vn 0.855493 0.483663 -0.184937
vn -0.942234 -0.013784 0.334672
vn -0.934970 -0.013449 0.354471
vn 0.983821 0.158271 -0.083938
vn 0.977156 -0.205787 0.053085
vn 0.635342 0.772231 0.000000
vn 0.635342 0.772231 0.000000
vn 0.635342 0.772231 0.000000
vn 0.635342 0.772231 0.000000
vn 0.635342 0.772231 0.000000
vn 0.505435 0.862865 0.000000
vn 0.554708 0.832045 0.000000
vn 0.442303 -0.583542 0.681063
vn -0.021518 -0.401230 0.915724
vn -0.577457 -0.509938 0.637579
vn -0.286947 -0.698912 0.655121
vn 0.637798 0.604838 0.476850
vn 0.637798 0.604838 0.476850
vn 0.637798 0.604838 0.476850
vn 0.611757 0.568618 0.549934
vn 0.793738 0.277494 0.541274
vn 0.843320 0.291351 0.451581
vn 0.843320 0.291351 0.451581
vn 0.843320 0.291351 0.451581
vn 0.843320 0.291351 0.451581
vn 0.843320 0.291351 0.451581
vn 0.843320 0.291351 0.451581
vn 0.843320 0.291351 0.451581
vn 0.834610 0.296329 0.464345
vn 0.613259 0.593435 0.521294
vn 0.637798 0.604838 0.476850
vn 0.637798 0.604838 0.476850
vn 0.637798 0.604838 0.476850
vn 0.637798 0.604838 0.476850
vn 0.987778 -0.155869 -0.000076
vn 0.314169 0.817803 0.482178
vn 0.314169 0.817803 0.482178
vn 0.314169 0.817803 0.482178
vn 0.304756 0.762841 0.570261
vn 0.296173 0.777145 0.555272
vn 0.314169 0.817803 0.482178
vn 0.314169 0.817803 0.482178
vn 0.314169 0.817803 0.482178
vn 0.314169 0.817803 0.482178
vn -0.750596 -0.239737 0.615737
vn 0.936318 -0.313942 0.157320
vn 0.862477 -0.443227 0.244302
vn 0.348894 0.213611 0.912493
vn 0.211895 0.336335 0.917594
vn 0.226658 0.223001 0.948102
vn 0.807962 0.559333 -0.185321
vn 0.769777 0.615239 -0.170071
vn -0.094168 -0.194813 0.976310
vn -0.604620 0.024351 0.796142
vn -0.821148 0.190620 0.537941
vn 0.155793 0.987757 -0.007986
vn 0.844210 0.000000 0.536013
vn 0.899914 0.000000 0.436067
vn 0.899914 0.000000 0.436067
vn 0.899914 0.000000 0.436067
vn 0.899914 0.000000 0.436067
vn 0.899914 0.000000 0.436067
vn 0.899914 0.000000 0.436067
vn 0.899914 0.000000 0.436067
vn 0.900392 0.003893 0.435061
vn 0.000001 0.815727 0.578437
vn 0.000001 0.344151 0.938914
vn 0.000001 0.237697 0.971339
vn 0.365160 0.000001 0.930945
vn 0.248624 0.000001 0.968600
vn 0.386455 0.410159 0.826088
vn 0.644360 0.252305 0.721902
vn 0.170642 0.471057 0.865440
vn 0.001013 0.926510 0.376268
vn 0.000000 0.876738 0.480968
vn 0.000000 0.876738 0.480968
vn 0.000000 0.876738 0.480968
vn 0.000001 0.825995 0.563678
vn 0.000000 0.876738 0.480968
vn 0.000000 0.876738 0.480968
vn 0.000000 0.876738 0.480968
vn 0.000000 0.876738 0.480968
vn 0.812153 0.568060 -0.133100
vn -0.000000 -0.751536 0.659692
vn -0.169955 -0.299441 0.938856
vn -0.000001 0.164218 0.986424
vn -0.000000 0.327349 0.944904
vn 0.563548 0.516423 0.644764
vn 0.253229 0.638145 0.727081
vn 1.000000 0.000001 -0.000002
vn 0.165308 -0.646382 0.744892
vn 0.545799 -0.810073 0.214208
vn 0.815875 0.271873 0.510326
vn -0.634947 0.762848 0.122087
vn 0.765904 -0.556942 0.321258
vn 0.765904 -0.556942 0.321258
vn 0.809006 -0.520023 0.274016
vn 0.729946 0.665906 -0.154106
vn 0.729946 0.665906 -0.154106
vn -0.800702 -0.000845 0.599062
vn 0.365828 -0.930166 0.031001
vn 0.359290 -0.928206 0.096665
vn -0.314168 0.817804 0.482178
vn -0.314168 0.817804 0.482178
vn -0.314168 0.817804 0.482178
vn -0.304754 0.762841 0.570262
vn -0.296172 0.777145 0.555272
vn -0.314168 0.817804 0.482178
vn -0.314168 0.817804 0.482178
vn -0.314168 0.817804 0.482178
vn -0.314168 0.817804 0.482178
vn 0.983993 -0.157431 0.083503
vn 0.358752 0.932814 -0.033996
vn 0.000001 0.484179 0.874969
vn 0.611081 -0.791447 0.013808
vn 0.648290 -0.760981 0.025046
vn 0.987773 0.155901 -0.000368
vn -0.893428 0.281924 0.349722
vn -0.886793 0.282031 0.366138
vn -0.000000 0.662698 0.748886
vn -0.211896 0.336337 0.917593
vn -0.226660 0.223002 0.948101
vn 0.226660 -0.223000 0.948101
vn 0.348898 -0.213611 0.912491
vn 0.799906 -0.279650 0.530987
vn 0.764346 0.012796 0.644679
vn -0.000000 0.000000 1.000000
vn -0.008948 0.999200 0.038970
vn -0.634105 0.761629 0.133539
vn 0.901898 0.000000 0.431949
vn 0.849814 -0.293595 0.437742
vn 0.849814 -0.293595 0.437742
vn 0.849814 -0.293595 0.437742
vn 0.849814 -0.293595 0.437742
vn 0.849814 -0.293595 0.437742
vn 0.849814 -0.293595 0.437742
vn 0.849814 -0.293595 0.437742
vn 0.848586 -0.292668 0.440735
vn -0.245137 0.965842 0.084008
vn 0.996171 0.000001 0.087429
vn 0.827281 0.561756 -0.006064
vn 0.676155 -0.735803 0.037533
vn 0.695007 -0.714250 0.082538
vn 0.000001 -0.237697 0.971339
vn -0.248625 -0.000000 0.968600
vn 0.659217 0.748331 -0.073716
vn 0.622065 -0.578197 0.527943
vn 0.211897 -0.336337 0.917593
vn 0.312001 -0.780974 0.541050
vn -0.637798 0.604837 0.476849
vn -0.637798 0.604837 0.476849
vn -0.637798 0.604837 0.476849
vn -0.611759 0.568617 0.549933
vn -0.613259 0.593435 0.521294
vn -0.637798 0.604837 0.476849
vn -0.637798 0.604837 0.476849
vn -0.637798 0.604837 0.476849
vn -0.637798 0.604837 0.476849
vn 0.858948 0.509727 -0.048859
vn 0.800520 0.598700 -0.026969
vn 0.894060 0.442788 -0.067795
vn -0.348897 0.213613 0.912491
vn -0.793738 0.277494 0.541274
vn 0.286948 -0.698912 0.655120
vn 0.954020 -0.164839 0.250346
vn 0.995027 -0.083254 0.054680
vn 0.880993 -0.258874 0.396025
vn 0.994723 -0.066416 -0.078197
vn 0.869743 -0.294133 0.396273
vn 0.871213 0.482073 -0.092700
vn 0.980981 -0.193898 -0.008965
vn -0.647008 0.679662 0.345603
vn 0.743432 0.668764 -0.007903
vn 0.743432 0.668764 -0.007903
vn -0.170644 0.471057 0.865440
vn 0.934964 -0.332667 0.123189
vn 0.791119 -0.332451 0.513427
vn 0.791119 -0.332451 0.513427
vn -0.253230 0.638145 0.727080
vn 0.178635 0.982707 0.048753
vn 0.887443 -0.361021 0.286546
vn -0.365161 -0.000000 0.930944
vn -0.844211 -0.000000 0.536011
vn 0.000001 -0.344152 0.938914
vn 0.000000 -0.836725 0.547623
vn 0.648554 -0.615037 0.448451
vn 0.648553 -0.615037 0.448451
vn 0.648553 -0.615037 0.448451
vn 0.648553 -0.615037 0.448451
vn 0.648554 -0.615037 0.448451
vn 0.648553 -0.615037 0.448451
vn 0.648553 -0.615037 0.448451
vn 0.638598 -0.607025 0.472983
vn -0.763713 0.242364 0.598333
vn -0.558631 0.232510 0.796160
vn 0.249472 -0.724354 0.642709
vn 0.493541 -0.806115 0.326489
vn 0.385137 -0.752677 0.533992
vn 0.984010 0.157472 0.083230
vn -0.276674 0.953485 0.119662
vn -0.226660 -0.223002 0.948101
vn -0.680981 0.463778 0.566722
vn -0.153725 -0.186823 0.970292
vn 0.846243 -0.281992 0.452055
vn 0.701853 -0.248875 0.667431
vn 0.722945 -0.674743 0.148567
vn 0.710633 -0.675576 0.196463
vn -0.843321 0.291351 0.451580
vn -0.843321 0.291351 0.451580
vn -0.843321 0.291351 0.451580
vn -0.834610 0.296329 0.464343
vn -0.843321 0.291351 0.451580
vn -0.843321 0.291351 0.451580
vn -0.843321 0.291351 0.451580
vn -0.843321 0.291351 0.451580
vn 0.890975 -0.000037 0.454052
vn 0.784910 -0.492353 -0.376171
vn 0.784911 -0.492353 -0.376171
vn 0.827231 0.549426 0.117561
vn 0.766031 -0.286757 0.575297
vn -0.211896 -0.336337 0.917593
vn -0.311999 -0.780975 0.541050
vn -0.348897 -0.213613 0.912491
vn -0.799906 -0.279650 0.530986
vn 0.830296 0.548611 0.098155
vn 0.752085 0.645205 0.134460
vn 0.752085 0.645205 0.134460
vn 0.474659 -0.549458 0.687601
vn 0.888310 0.000017 0.459245
vn 0.958596 0.000001 0.284770
vn 0.999088 0.000620 0.042696
vn 0.321366 -0.836538 0.443765
vn 0.321366 -0.836538 0.443765
vn 0.321366 -0.836538 0.443766
vn 0.321366 -0.836538 0.443765
vn 0.321366 -0.836538 0.443766
vn 0.321366 -0.836538 0.443765
vn 0.321366 -0.836538 0.443765
vn 0.312804 -0.812391 0.492113
vn 0.938803 0.344303 0.010175
vn 0.902428 0.427452 0.053927
vn 0.577457 -0.509938 0.637579
vn 0.360174 -0.593036 0.720127
vn 0.635198 -0.579266 0.510857
vn 0.808569 0.000000 0.588402
vn 0.808568 0.000000 0.588402
vn -0.703101 0.634083 0.321850
vn -0.713330 0.634780 0.297009
vn 0.869866 0.294234 0.395928
vn 0.742566 -0.557017 0.371925
vn 0.825220 -0.469015 0.314701
vn -0.899915 0.000000 0.436065
vn -0.899915 0.000000 0.436065
vn -0.899915 0.000000 0.436065
vn -0.900393 0.003893 0.435060
vn -0.899915 0.000000 0.436065
vn -0.899915 0.000000 0.436065
vn -0.899915 0.000000 0.436065
vn -0.899915 0.000000 0.436065
vn 0.416723 0.907712 0.048994
vn -0.005925 0.997413 0.071646
vn -0.386455 0.410160 0.826088
vn -0.622065 -0.578197 0.527943
vn -0.000000 -0.898124 0.439742
vn -0.000000 -0.898124 0.439742
vn -0.000000 -0.898124 0.439742
vn -0.000000 -0.898124 0.439742
vn -0.000000 -0.898124 0.439742
vn -0.000000 -0.898124 0.439742
vn -0.000000 -0.898124 0.439742
vn 0.000000 -0.867846 0.496833
vn -0.563547 0.516425 0.644764
vn 0.992267 0.002656 -0.124092
vn 0.922190 0.385285 -0.033476
vn 0.809018 0.520451 0.273167
vn 0.870916 -0.402778 0.281559
vn 0.891872 -0.363744 0.268801
vn -0.286529 0.945805 0.152817
vn 0.738884 0.673817 0.004591
vn -0.596910 0.525538 0.606225
vn 0.993500 0.008503 -0.113518
vn -0.849815 -0.293594 0.437741
vn -0.849815 -0.293594 0.437740
vn -0.849815 -0.293594 0.437740
vn -0.848586 -0.292668 0.440735
vn -0.849815 -0.293594 0.437740
vn -0.849815 -0.293594 0.437740
vn -0.849815 -0.293594 0.437740
vn -0.849815 -0.293594 0.437740
vn 0.615775 -0.564285 0.549913
vn 0.460609 -0.461999 0.757890
vn -0.321366 -0.836539 0.443765
vn -0.321366 -0.836539 0.443765
vn -0.321366 -0.836539 0.443765
vn -0.321366 -0.836539 0.443765
vn -0.321366 -0.836539 0.443765
vn -0.321366 -0.836539 0.443765
vn -0.321366 -0.836539 0.443765
vn -0.312804 -0.812391 0.492112
vn 0.791301 0.332635 0.513028
vn 0.791301 0.332635 0.513028
vn 0.881034 0.259084 0.395796
vn 0.862320 0.443846 0.243734
vn 0.765927 0.557418 0.320376
vn 0.765927 0.557418 0.320376
vn 0.953989 0.165048 0.250327
vn 0.995142 0.083166 0.052695
vn 0.910502 -0.316122 0.266557
vn 0.901010 -0.315635 0.297581
vn -0.648554 -0.615037 0.448450
vn -0.648553 -0.615037 0.448450
vn -0.648554 -0.615037 0.448450
vn -0.638598 -0.607026 0.472983
vn -0.648554 -0.615037 0.448450
vn -0.648554 -0.615037 0.448450
vn -0.648553 -0.615037 0.448450
vn -0.648554 -0.615037 0.448450
vn 0.995438 0.024144 -0.092309
vn -0.429597 0.798759 0.421226
vn 0.186063 -0.836702 0.515082
vn 0.248684 -0.948058 0.198350
vn 0.977515 0.204614 0.050973
vn 0.936137 0.314632 0.157018
vn 0.231755 0.968490 0.091195
vn -0.301859 0.887912 0.347121
vn 0.260347 -0.956331 0.132854
vn 0.181735 -0.880091 0.438648
vn 0.994619 0.071169 -0.075291
vn 0.997076 0.052901 -0.055152
vn 0.976444 0.214806 -0.020407
vn 0.750592 -0.239737 0.615742
vn -0.286175 0.502269 0.815984
vn -0.815875 0.271873 0.510326
vn -0.644361 0.252305 0.721902
vn -0.003172 0.993994 0.109389
vn -0.360157 0.901374 0.240443
vn -0.367284 0.909397 0.195190
vn 0.996168 0.087440 -0.001962
vn 0.980219 0.196701 -0.021876
vn 0.287404 -0.724267 0.626767
vn 0.209179 -0.560577 0.801247
vn 0.876834 0.479311 0.037736
vn -0.300058 0.729643 0.614480
vn 0.673547 -0.276407 0.685517
vn 0.835605 -0.125311 0.534848
vn 0.903177 -0.065279 0.424276
vn 0.911036 -0.150512 0.383875
vn 0.355105 -0.462925 0.812158
vn 0.303553 -0.467635 0.830164
vn 0.598512 0.794760 0.100700
vn 0.557364 -0.425770 0.712787
vn -0.001176 0.988307 0.152470
vn 0.942235 -0.013784 0.334669
vn 0.934970 -0.013449 0.354471
vn 0.947753 0.318152 0.023323
vn -0.000000 0.949861 0.312674
vn -0.000001 -0.979194 0.202928
vn -0.000000 -0.995113 0.098742
vn -0.901897 0.000001 0.431951
vn -0.764348 0.012796 0.644677
vn 0.271414 0.954363 0.124601
vn 0.800699 -0.000845 0.599066
vn -0.000000 -0.996969 0.077804
vn 0.000000 -0.930410 0.366521
vn 0.000000 0.978854 0.204560
vn -0.000000 0.988940 0.148315
vn 0.924938 0.378293 0.037209
vn -0.000246 0.938792 0.344484
vn 0.000000 -0.759658 0.650323
vn -0.000000 -0.582191 0.813052
vn -0.000002 0.787630 0.616149
vn 0.021517 -0.401231 0.915724
vn 0.604619 0.024352 0.796143
vn 0.821148 0.190620 0.537940
vn 0.000000 0.578991 0.815334
vn 0.908195 0.415549 0.050015
vn 0.893429 0.281925 0.349719
vn 0.886793 0.282031 0.366138
vn -0.846241 -0.281992 0.452058
vn -0.701854 -0.248876 0.667429
vn 0.637373 0.760669 0.123037
vn -0.287403 -0.724267 0.626767
vn -0.209179 -0.560579 0.801246
vn -0.186063 -0.836702 0.515083
vn -0.248684 -0.948058 0.198350
vn 0.429598 0.798759 0.421224
vn -0.080135 -0.543163 0.835794
vn -0.442302 -0.583542 0.681064
vn 0.367284 0.909398 0.195188
vn 0.360157 0.901374 0.240443
vn 0.902678 0.282474 0.324625
vn 0.763713 0.242365 0.598333
vn 0.658907 -0.138867 0.739295
vn 0.285369 0.945700 0.155613
vn -0.260346 -0.956331 0.132855
vn -0.181736 -0.880091 0.438647
vn -0.615773 -0.564286 0.549913
vn -0.460610 -0.462002 0.757887
vn 0.300055 0.729644 0.614481
vn 0.153729 -0.186818 0.970292
vn 0.680981 0.463781 0.566720
vn -0.385136 -0.752675 0.533995
vn 0.713330 0.634782 0.297007
vn 0.703101 0.634083 0.321850
vn 0.635325 0.760639 0.133380
vn -0.493541 -0.806115 0.326490
vn -0.249475 -0.724353 0.642709
vn 0.301800 0.887369 0.348560
vn 0.596909 0.525539 0.606225
vn 0.286175 0.502272 0.815983
vn 0.647770 0.678720 0.346026
vn 0.558628 0.232508 0.796163
vn -0.987175 0.000001 -0.159639
vn -0.987175 -0.000001 -0.159641
vn -0.987175 -0.000006 -0.159640
vn -0.987175 0.000001 -0.159640
vn -0.987176 -0.000000 -0.159638
vn -0.987175 0.000001 -0.159640
vn -0.987175 0.000001 -0.159640
vn 0.049953 -0.987259 0.151075
vn 0.049953 -0.987259 0.151075
vn 0.049953 -0.987259 0.151075
vn 0.049953 -0.987259 0.151075
vn -0.987175 0.000003 -0.159639
vn -0.987176 0.000000 -0.159638
vn 0.684737 -0.728791 0.000000
vn 0.684737 -0.728791 0.000000
vn 0.684737 -0.728791 0.000000
vn 0.684737 -0.728791 0.000000
vn 0.684737 -0.728791 0.000000
vn 0.684737 -0.728791 0.000000
vn -0.987176 -0.000002 -0.159639
vn -0.987176 -0.000001 -0.159638
vn -0.987175 0.000004 -0.159639
vn -0.987176 0.000001 -0.159638
vn -0.282246 0.959342 -0.000000
vn -0.987176 0.000000 -0.159637
vn -0.987176 0.000000 -0.159638
vn -0.987175 0.000000 -0.159639
vn -0.987175 0.000001 -0.159640
vn -0.005841 0.999983 0.000000
vn -0.281311 0.959617 0.000000
vn -0.987176 0.000000 -0.159639
vn -0.987176 0.000001 -0.159639
vn -0.004858 0.999988 0.000001
vn -0.281199 0.959649 0.000000
vn 0.319462 0.947599 0.000000
vn 0.316913 0.948454 0.000000
vn 0.202084 0.979368 0.000000
vn 0.202084 0.979368 0.000000
vn 0.002161 0.999998 -0.000000
vn 0.002162 0.999998 0.000000
vn -0.987175 0.000000 -0.159639
vn -0.004486 0.999990 -0.000000
vn -0.987175 0.000000 -0.159640
vn -0.282052 0.959399 -0.000000
vn -0.987176 0.000000 -0.159639
vn -0.284632 0.958637 -0.000000
vn -0.004757 0.999989 -0.000001
vn -0.987176 0.000001 -0.159639
vn -0.005977 0.999982 -0.000000
vn 0.016880 0.990959 -0.133097
vn 0.016880 0.990959 -0.133097
vn 0.016880 0.990959 -0.133097
vn 0.016880 0.990959 -0.133097
vn 0.016880 0.990959 -0.133097
vn 0.133804 -0.990959 0.009837
vn 0.183899 -0.982867 0.012419
vn 0.492083 -0.870094 0.028121
vn 0.492083 -0.870094 0.028121
vn 0.492083 -0.870094 0.028121
vn 0.492083 -0.870094 0.028121
vn -0.857080 0.258589 0.445585
vn -0.857080 0.258589 0.445585
vn -0.857080 0.258589 0.445585
vn -0.857080 0.258589 0.445585
vn -0.857080 0.258589 0.445585
vn 0.375504 0.926821 0.000000
vn 0.375504 0.926821 0.000000
vn 0.375504 0.926821 0.000000
vn -0.437420 -0.829441 0.347406
vn -0.437420 -0.829441 0.347406
vn -0.129572 -0.972482 0.193622
vn -0.181634 -0.958241 0.220871
vn -0.437420 -0.829441 0.347406
vn -0.491705 -0.870524 0.020335
vn -0.491705 -0.870524 0.020335
vn -0.491705 -0.870524 0.020335
vn -0.491705 -0.870524 0.020335
vn -0.491705 -0.870524 0.020335
vn -0.175438 -0.984452 0.008672
vn -0.126065 -0.991998 0.006829
vn 0.055749 -0.998445 -0.000000
vn 0.055749 -0.998445 -0.000000
vn 0.055749 -0.998445 -0.000000
vn 0.055749 -0.998445 -0.000000
vn -0.202084 0.979368 -0.000000
vn -0.202084 0.979368 -0.000000
vn -0.300639 0.953738 -0.000000
vn -0.312863 0.949798 0.000000
vn -0.049953 -0.987259 0.151075
vn -0.049953 -0.987259 0.151075
vn -0.049953 -0.987259 0.151075
vn -0.049953 -0.987259 0.151075
vn -0.684737 -0.728791 0.000000
vn -0.684737 -0.728791 0.000000
vn -0.684737 -0.728791 0.000000
vn -0.684737 -0.728791 0.000000
vn -0.684737 -0.728791 0.000000
vn -0.684737 -0.728791 0.000000
vn -0.375503 0.926821 0.000000
vn -0.375503 0.926821 0.000000
vn -0.375503 0.926821 0.000000
vn -0.375503 0.926821 0.000000
vn -0.463930 0.885872 0.000000
vn -0.538096 0.842884 0.000000
vn -0.635342 0.772231 0.000000
vn -0.635342 0.772231 0.000000
vn -0.635342 0.772231 0.000000
vn -0.635342 0.772231 0.000000
vn -0.635342 0.772231 0.000000
vn -0.055749 -0.998445 -0.000000
vn -0.055749 -0.998445 -0.000000
vn -0.055749 -0.998445 -0.000000
vn -0.055749 -0.998445 -0.000000
vn -0.841695 0.050349 0.537600
vn 0.990977 -0.026371 -0.131413
vn -0.253229 0.638145 0.727081
vn -0.170641 0.471057 0.865440
vn -0.296172 0.777145 0.555273
vn 0.784782 -0.614266 0.082428
vn 0.286947 -0.698912 0.655121
vn -0.211896 -0.336336 0.917594
vn -0.226660 -0.223000 0.948101
vn -0.348898 -0.213611 0.912492
vn -0.701835 -0.688479 0.182824
vn 0.849815 -0.293595 0.437740
vn 0.849815 -0.293595 0.437740
vn 0.849815 -0.293595 0.437740
vn 0.849815 -0.293595 0.437740
vn 0.849815 -0.293595 0.437740
vn 0.849815 -0.293595 0.437740
vn 0.849815 -0.293595 0.437740
vn 0.799906 -0.279650 0.530986
vn 0.642964 -0.310558 -0.700108
vn 0.433810 -0.685723 0.584459
vn 0.023486 -0.976067 0.216199
vn -0.637798 0.604838 0.476850
vn -0.637798 0.604837 0.476850
vn -0.637798 0.604837 0.476850
vn -0.637798 0.604837 0.476850
vn -0.637798 0.604837 0.476850
vn -0.611757 0.568617 0.549934
vn -0.637798 0.604837 0.476850
vn -0.637798 0.604837 0.476850
vn 0.983911 0.084452 -0.157439
vn 0.423768 -0.857415 -0.291993
vn 0.359290 -0.928206 0.096666
vn 0.426024 -0.901853 0.071864
vn -0.821149 0.190620 0.537939
vn -0.893429 0.281924 0.349719
vn -0.000001 -0.344152 0.938914
vn -0.000001 -0.237697 0.971339
vn 0.987175 0.000000 -0.159640
vn -0.365161 0.000000 0.930945
vn -0.248624 0.000001 0.968600
vn 0.562795 -0.820128 0.103210
vn 0.987175 -0.000001 -0.159639
vn -0.257870 -0.927254 0.271483
vn -0.178635 0.982707 0.048753
vn 0.011153 0.999937 0.000854
vn 0.552085 -0.803545 0.222527
vn 0.770062 -0.631516 0.090516
vn 0.365828 -0.930166 0.031002
vn 0.343003 -0.937415 -0.060020
vn -0.658906 -0.138873 0.739295
vn 0.080136 -0.543166 0.835792
vn -0.902679 0.282472 0.324625
vn 0.181899 0.434404 0.882160
vn 0.081736 0.693023 0.716267
vn 0.211896 -0.336337 0.917593
vn 0.226659 -0.223002 0.948101
vn 0.630505 -0.765946 0.125660
vn 0.106532 -0.004714 -0.994298
vn -0.598512 0.794760 0.100700
vn -0.348896 0.213611 0.912492
vn -0.226658 0.223000 0.948102
vn 0.987176 0.000002 -0.159638
vn 0.987176 0.000001 -0.159639
vn 0.987175 0.000001 -0.159639
vn 0.987175 0.000001 -0.159640
vn 0.488339 -0.863370 0.126951
vn -0.611660 0.724912 0.316821
vn -0.607892 0.586713 -0.535009
vn 0.595455 -0.592333 -0.542747
vn 0.442300 -0.583543 0.681064
vn -0.021518 -0.401232 0.915724
vn 0.270686 -0.955585 0.116557
vn 0.870048 -0.490147 0.052644
vn 0.764348 0.012796 0.644677
vn 0.901897 0.000001 0.431951
vn 0.900393 0.003894 0.435060
vn -0.604619 0.024351 0.796142
vn -0.908195 0.415548 0.050015
vn -0.800700 -0.000845 0.599066
vn -0.688359 -0.710019 0.148441
vn -0.491436 -0.838647 0.234864
vn -0.519025 -0.793293 0.318274
vn 0.973225 -0.222456 -0.057854
vn -0.534072 -0.815811 0.221853
vn -0.314169 0.817803 0.482178
vn -0.314169 0.817803 0.482178
vn -0.314169 0.817803 0.482178
vn -0.314169 0.817803 0.482178
vn -0.314169 0.817803 0.482178
vn -0.304756 0.762840 0.570262
vn -0.314169 0.817803 0.482178
vn -0.314169 0.817803 0.482178
vn 0.433380 -0.898040 -0.075533
vn 0.771916 -0.631358 0.074378
vn -0.934970 -0.013449 0.354471
vn -0.568647 -0.719557 0.398595
vn 0.208132 0.205644 0.956238
vn -0.118363 0.494757 -0.860933
vn -0.000000 0.662698 0.748886
vn -0.000001 0.484179 0.874969
vn -0.000001 0.825995 0.563678
vn -0.708321 -0.431601 0.558572
vn 0.348897 -0.213613 0.912491
vn 0.989254 -0.069444 -0.128660
vn 0.328989 -0.935921 -0.125771
vn 0.315802 -0.937635 -0.145294
vn -0.520905 -0.836706 0.169062
vn 0.000000 -0.751536 0.659692
vn 0.572662 -0.809254 0.131019
vn -0.211895 0.336335 0.917594
vn 0.104534 -0.987241 0.120116
vn 0.000000 0.000000 1.000000
vn 0.727508 -0.675731 0.118823
vn -0.707944 0.703841 0.058505
vn 0.806681 0.565851 -0.170527
vn 0.517493 0.846385 -0.125835
vn -0.924938 0.378293 0.037209
vn 0.947007 0.266315 -0.179593
vn 0.488411 -0.870739 0.057171
vn 0.465061 -0.286947 -0.837484
vn -0.630909 -0.602594 0.488707
vn -0.942235 -0.013784 0.334669
vn -0.903177 -0.065279 0.424275
vn -0.000001 -0.998135 0.061048
vn -0.910367 0.378787 -0.166590
vn -0.893089 0.445892 -0.059775
vn 0.551776 -0.833180 0.036790
vn 0.987175 0.000001 -0.159640
vn -0.752840 -0.641008 0.149466
vn -0.000000 0.237697 0.971340
vn 0.248625 -0.000000 0.968600
vn 0.982818 0.076439 -0.168007
vn 0.244417 0.967513 -0.064652
vn 0.299277 -0.939323 -0.167647
vn 0.277339 -0.960499 0.022903
vn 0.000000 -0.976321 0.216329
vn -0.023486 -0.976067 0.216199
vn -0.102429 -0.971471 0.213897
vn -0.215129 0.183496 0.959192
vn -0.000000 0.876738 0.480968
vn -0.000000 0.876738 0.480968
vn -0.000000 0.876738 0.480968
vn -0.000000 0.876738 0.480968
vn -0.000000 0.876738 0.480968
vn -0.000001 0.815727 0.578437
vn -0.000000 0.876738 0.480968
vn -0.000000 0.876738 0.480968
vn 0.023992 -0.992385 0.120814
vn 0.000000 -0.999941 -0.010908
vn -0.000000 -0.994491 -0.104824
vn 0.644361 0.252305 0.721901
vn 0.815876 0.271873 0.510325
vn 0.834610 0.296330 0.464343
vn -0.416723 0.907712 0.048994
vn -0.559698 -0.816653 0.140767
vn 0.987175 0.000001 -0.159639
vn -0.750592 -0.239737 0.615742
vn 0.626988 -0.771357 0.109062
vn 0.490914 -0.805725 -0.331377
vn 0.713084 -0.697340 0.072308
vn 0.049960 -0.633169 0.772400
vn -0.140088 -0.066337 0.987914
vn -0.155793 0.987757 -0.007986
vn -0.102815 -0.087723 0.990825
vn 0.899915 0.000001 0.436065
vn 0.899915 0.000001 0.436065
vn 0.899915 0.000001 0.436065
vn 0.899915 0.000001 0.436065
vn 0.899915 0.000001 0.436065
vn 0.843321 0.291352 0.451579
vn 0.843321 0.291352 0.451579
vn 0.843321 0.291352 0.451579
vn 0.843321 0.291352 0.451579
vn 0.843321 0.291352 0.451579
vn 0.843321 0.291352 0.451579
vn 0.843321 0.291352 0.451579
vn 0.793738 0.277495 0.541273
vn 0.844211 0.000001 0.536011
vn 0.899915 0.000001 0.436065
vn 0.899915 0.000001 0.436065
vn 0.296172 0.777145 0.555272
vn 0.253229 0.638146 0.727080
vn 0.170643 0.471058 0.865440
vn 0.314169 0.817803 0.482178
vn 0.314169 0.817804 0.482178
vn 0.314169 0.817803 0.482178
vn 0.314169 0.817803 0.482178
vn 0.314169 0.817803 0.482178
vn 0.304755 0.762841 0.570261
vn 0.314169 0.817804 0.482178
vn 0.314169 0.817804 0.482178
vn 0.267710 -0.963473 0.007134
vn 0.987176 -0.000000 -0.159639
vn 0.987176 0.000001 -0.159639
vn -0.901011 -0.315635 0.297581
vn 0.987176 0.000001 -0.159639
vn 0.987175 0.000001 -0.159639
vn -0.835605 -0.125311 0.534847
vn -0.673548 -0.276407 0.685516
vn -0.737471 -0.662864 0.129415
vn 0.525807 -0.850272 0.023762
vn 0.154574 -0.800042 0.579689
vn 0.034614 -0.038636 -0.998654
vn 0.226660 0.223001 0.948101
vn 0.365161 -0.000001 0.930944
vn -0.286948 -0.698913 0.655120
vn -0.000001 0.344151 0.938914
vn -0.947753 0.318152 0.023323
vn -0.265886 -0.942246 0.203660
vn -0.294646 0.463234 -0.835822
vn -0.724093 0.689625 -0.010299
vn 0.564636 -0.563498 -0.603040
vn 0.506472 -0.862071 -0.017872
vn 0.000000 0.000010 -1.000000
vn 0.000000 0.000010 -1.000000
vn 0.000000 0.000010 -1.000000
vn 0.000000 0.000010 -1.000000
vn -0.828953 0.397936 -0.393044
vn -0.359290 -0.928206 0.096665
vn -0.418372 -0.884949 0.204525
vn -0.437995 -0.860743 0.259388
vn 0.600925 -0.798118 0.043554
vn -0.402434 -0.902365 0.154222
vn 0.471052 -0.872745 -0.128163
vn 0.386455 0.410161 0.826088
vn 0.563547 0.516425 0.644764
vn 0.613260 0.593435 0.521294
vn 0.211896 0.336337 0.917593
vn 0.348897 0.213612 0.912491
vn -0.303554 -0.467636 0.830163
vn -0.355104 -0.462927 0.812158
vn -0.557361 -0.425773 0.712788
vn -0.911035 -0.150514 0.383875
vn -0.577456 -0.509939 0.637579
vn 0.946748 -0.305679 -0.101139
vn 0.985600 -0.087489 -0.144700
vn 0.103967 -0.994573 -0.003944
vn 0.010877 0.999399 -0.032923
vn 0.209191 -0.954502 0.212520
vn 0.637799 0.604838 0.476849
vn 0.637799 0.604837 0.476849
vn 0.637798 0.604837 0.476849
vn 0.637798 0.604838 0.476849
vn 0.637798 0.604837 0.476849
vn 0.611759 0.568617 0.549932
vn 0.637799 0.604838 0.476849
vn 0.637799 0.604838 0.476849
vn -0.910502 -0.316122 0.266557
vn -0.891872 -0.363744 0.268801
vn -0.000000 -0.984925 -0.172983
vn 0.000000 -0.981356 -0.192200
vn 0.770755 -0.636780 -0.021165
vn -0.365828 -0.930166 0.031001
vn -0.343003 -0.937415 -0.060020
vn -0.556290 -0.813746 0.168404
vn 0.246599 -0.259936 -0.933607
vn -0.710633 -0.675576 0.196463
vn -0.592094 -0.796732 0.121008
vn -0.996168 0.087439 -0.001962
vn 0.987175 -0.000000 -0.159639
vn -0.481238 -0.809207 0.337038
vn -0.495833 0.374267 0.783628
vn -0.424457 0.719372 0.549855
vn -0.402789 -0.907582 0.118554
vn -0.613389 -0.134517 0.778241
vn -0.364920 0.894873 0.256974
vn 0.983004 0.051182 -0.176304
vn 0.964992 0.163433 -0.205133
vn -0.876833 0.479311 0.037736
vn -0.738884 0.673817 0.004591
vn 0.901776 0.372280 -0.219562
vn 0.496442 -0.866651 -0.049613
vn 0.987175 0.000003 -0.159639
vn 0.987176 -0.000000 -0.159638
vn 0.987176 -0.000001 -0.159638
vn 0.433497 -0.898989 0.062442
vn -0.980220 0.196701 -0.021876
vn 0.249857 -0.964491 -0.085606
vn 0.424971 -0.902901 -0.064580
vn -0.777083 -0.618562 0.116294
vn 0.694226 0.702813 -0.155258
vn 0.023920 -0.999688 -0.007153
vn -0.997076 0.052900 -0.055152
vn -0.358752 0.932814 -0.033996
vn -0.890379 0.420344 -0.174746
vn -0.214021 0.974495 -0.067483
vn 0.000000 -0.976768 -0.214300
vn 0.000000 -0.999490 -0.031946
vn -0.722945 -0.674743 0.148567
vn -0.695007 -0.714249 0.082538
vn -0.023992 -0.992385 0.120814
vn -0.104534 -0.987241 0.120115
vn 0.987175 -0.000002 -0.159640
vn 0.987176 -0.000001 -0.159639
vn 0.987176 -0.000000 -0.159639
vn 0.987175 -0.000001 -0.159640
vn -0.358284 -0.917712 0.171574
vn -0.354977 0.932535 0.066106
vn 0.474038 -0.782182 -0.404326
vn -0.757353 -0.645184 0.100764
vn -0.517981 0.098580 0.849692
vn -0.731510 0.677343 -0.078096
vn 0.325895 0.941719 -0.083412
vn -0.870916 -0.402779 0.281559
vn -0.825221 -0.469014 0.314701
vn 0.448764 -0.869743 -0.205325
vn -0.328989 -0.935921 -0.125771
vn -0.315802 -0.937635 -0.145294
vn -0.995438 0.024144 -0.092309
vn 0.101954 -0.241806 -0.964954
vn 0.412890 -0.550792 -0.725362
vn 0.098274 -0.988931 -0.111170
vn -0.549970 -0.696876 0.460322
vn 0.000001 -0.618842 0.785516
vn 0.000263 0.009283 0.999957
vn -0.410220 -0.907916 0.086069
vn -0.000000 -0.992675 0.120813
vn 0.000000 -0.999971 -0.007621
vn -0.569734 0.370988 -0.733329
vn -0.894865 0.310542 -0.320593
vn 0.001308 -0.039833 0.999206
vn 0.987176 0.000002 -0.159638
vn -0.270686 -0.955585 0.116557
vn 0.188814 -0.978773 0.079706
vn -0.605300 -0.791138 0.087820
vn 0.353175 -0.922566 -0.155365
vn -0.659217 0.748331 -0.073715
vn 0.004002 -0.825632 0.564194
vn -0.742566 -0.557016 0.371925
vn -0.635199 -0.579265 0.510856
vn 0.938199 -0.315058 -0.143250
vn 0.984000 -0.083158 -0.157569
vn 0.215406 -0.965817 -0.144217
vn -0.976444 0.214806 -0.020407
vn -0.922190 0.385286 -0.033476
vn -0.023920 -0.999688 -0.007153
vn -0.607556 -0.507925 0.610645
vn -0.993500 0.008503 -0.113518
vn 0.987176 -0.000001 -0.159637
vn 0.987176 -0.000002 -0.159639
vn -0.314387 -0.944364 0.096629
vn -0.994619 0.071169 -0.075291
vn 0.008422 0.999395 -0.033737
vn -0.363006 0.931783 -0.002835
vn -0.562795 -0.820128 0.103210
vn 0.987176 -0.000001 -0.159639
vn 0.987175 -0.000003 -0.159639
vn 0.987175 -0.000004 -0.159640
vn 0.987175 -0.000001 -0.159640
vn -0.676155 -0.735803 0.037533
vn -0.648290 -0.760981 0.025046
vn 0.022745 -0.992676 -0.118643
vn -0.360173 -0.593036 0.720127
vn -0.474656 -0.549462 0.687600
vn 0.985449 0.016158 -0.169205
vn 0.979841 0.060889 -0.190275
vn -0.111027 0.227328 -0.967469
vn -0.053392 0.231350 -0.971404
vn -0.385228 -0.892509 0.234577
vn 0.006516 -0.979521 0.201236
vn -0.784782 -0.614266 0.082428
vn -0.509181 -0.070273 0.857786
vn 0.743679 -0.661170 -0.098968
vn -0.766031 -0.286757 0.575298
vn -0.415517 -0.907884 0.055607
vn -0.061833 0.803809 0.591666
vn -0.050934 0.963951 0.261161
vn -0.106913 0.451093 0.886050
vn -0.769916 -0.633698 0.075202
vn 0.324332 -0.894167 -0.308665
vn 0.973510 0.137732 -0.182507
vn -0.103967 -0.994573 -0.003944
vn -0.992267 0.002656 -0.124092
vn 0.388088 0.918852 0.071405
vn 0.746183 0.623401 0.233629
vn 0.086534 -0.980569 -0.176060
vn 0.987175 0.000002 -0.159639
vn -0.887443 -0.361022 0.286546
vn 0.184890 -0.955432 -0.230142
vn -0.299277 -0.939323 -0.167647
vn -0.277339 -0.960499 0.022902
vn -0.458016 0.879260 -0.130854
vn -0.995142 0.083165 0.052695
vn -0.977515 0.204614 0.050973
vn 0.504931 0.391354 0.769342
vn 0.705457 0.551959 0.444603
vn 0.328666 0.770838 0.545700
vn 0.260791 0.546742 0.795652
vn 0.284257 0.593591 0.752893
vn 0.493803 0.356321 0.793218
vn -0.300908 0.948950 -0.094593
vn -0.938803 0.344303 0.010175
vn -0.871213 0.482073 -0.092700
vn 0.347539 -0.784882 -0.513008
vn 0.976159 0.217038 0.002760
vn -0.620930 -0.781233 0.064196
vn 0.416191 -0.908528 -0.036906
vn 0.742992 0.625942 0.236982
vn 0.313118 0.875058 0.369094
vn -0.297170 -0.953832 0.043524
vn 0.573087 0.130214 0.809084
vn 0.690093 0.195453 0.696829
vn 0.927986 0.252684 0.273848
vn -0.059266 0.996074 0.065765
vn -0.049958 -0.633170 0.772399
vn 0.142031 -0.063153 0.987846
vn 0.221788 -0.537201 -0.813772
vn -0.934963 -0.332668 0.123189
vn -0.611082 -0.791447 0.013808
vn -0.545800 -0.810073 0.214208
vn -0.789659 0.241062 -0.564206
vn 0.462089 0.112894 0.879619
vn -0.873033 0.348216 -0.341408
vn 0.024213 -0.234598 -0.971791
vn 0.005915 0.996890 0.078587
vn 0.959648 0.279992 0.026067
vn -0.267710 -0.963473 0.007134
vn -0.155702 0.161440 0.974523
vn -0.999088 0.000620 0.042696
vn 0.982864 -0.076119 -0.167884
vn 0.947394 -0.265173 -0.179240
vn -0.041859 0.849156 0.526481
vn 0.014595 0.601590 0.798672
vn 0.012692 0.696383 0.717558
vn -0.723793 0.648688 -0.235219
vn 0.109029 -0.076779 0.991069
vn -0.953989 0.165048 0.250327
vn -0.936137 0.314632 0.157018
vn -0.862319 0.443846 0.243733
vn -0.881034 0.259085 0.395796
vn 0.000000 0.000010 -1.000000
vn 0.000000 0.000010 -1.000000
vn -0.902429 0.427452 0.053927
vn -0.830296 0.548612 0.098155
vn 0.722676 0.639479 0.262311
vn 0.251224 0.889957 0.380608
vn 0.020241 -0.982375 -0.185823
vn -0.429856 -0.901718 0.046134
vn 0.986723 0.000004 -0.162414
vn 0.985385 0.000016 -0.170340
vn -0.274711 0.201390 -0.940200
vn -0.980981 -0.193899 -0.008964
vn 0.009081 -0.996871 0.078521
vn -0.110143 0.935189 0.336585
vn -0.894060 0.442788 -0.067795
vn -0.360575 0.929626 -0.076033
vn -0.551776 -0.833180 0.036790
vn -0.165309 -0.646383 0.744891
vn 0.169954 -0.299441 0.938856
vn -0.141624 -0.792114 0.593716
vn -0.304551 -0.945891 0.111976
vn -0.718787 0.672484 -0.176379
vn 0.987176 -0.000002 -0.159638
vn 0.987176 0.000000 -0.159639
vn 0.985457 -0.016152 -0.169155
vn -0.958596 0.000000 0.284770
vn -0.888309 0.000017 0.459245
vn -0.440138 -0.823530 0.357879
vn -0.771916 -0.631358 0.074378
vn 0.956512 0.285232 0.061062
vn -0.770062 -0.631516 0.090516
vn 0.173782 -0.908119 -0.380945
vn 0.987175 0.000001 -0.159640
vn -0.299782 -0.953686 0.024769
vn -0.067598 0.997698 0.005327
vn 0.094169 -0.194812 0.976310
vn 0.291795 0.530682 0.795759
vn 0.199508 0.830711 0.519726
vn -0.637320 -0.765866 0.085280
vn -0.994723 -0.066416 -0.078197
vn 0.635902 -0.045778 0.770411
vn 0.830077 0.000000 0.557649
vn 0.995703 -0.016332 0.091158
vn 0.987176 0.000001 -0.159638
vn 0.185095 -0.982720 0.000855
vn -0.492136 -0.222580 0.841582
vn 0.076041 -0.962322 -0.261063
vn 0.807956 -0.564364 -0.169413
vn 0.987176 0.000002 -0.159638
vn 0.983028 -0.051194 -0.176168
vn -0.022745 -0.992676 -0.118643
vn -0.098274 -0.988931 -0.111170
vn -0.368656 0.929401 0.017512
vn 0.989961 -0.002230 -0.141321
vn 0.128947 0.965282 0.227166
vn -0.422733 -0.676329 0.603222
vn -0.644729 0.738349 -0.197899
vn -0.187019 0.923988 0.333573
vn 0.092667 -0.524556 -0.846318
vn 0.993739 0.000016 -0.111730
vn -0.791300 0.332636 0.513028
vn -0.791300 0.332636 0.513028
vn -0.765927 0.557419 0.320375
vn -0.765927 0.557419 0.320375
vn -0.809018 0.520451 0.273167
vn -0.869866 0.294234 0.395928
vn -0.063765 0.005798 0.997948
vn -0.995027 -0.083254 0.054680
vn 0.176543 0.879815 0.441315
vn 0.654603 0.653015 0.380875
vn -0.191375 -0.955649 0.223853
vn -0.453787 -0.888363 0.069917
vn -0.180367 -0.017570 0.983442
vn -0.752084 0.645205 0.134460
vn -0.752085 0.645205 0.134460
vn -0.827231 0.549426 0.117561
vn 0.965087 -0.163450 -0.204674
vn 0.187810 -0.784915 -0.590454
vn -0.859324 0.182918 -0.477602
vn -0.808569 -0.000001 0.588402
vn -0.808569 -0.000001 0.588402
vn -0.890975 -0.000037 0.454052
vn 0.931956 -0.000130 0.362571
vn -0.863078 0.470197 -0.184421
vn -0.239643 0.605518 0.758894
vn 0.312773 0.246718 0.917226
vn 0.925520 0.308808 0.219203
vn -0.532766 -0.810665 0.242863
vn -0.204030 0.516691 0.831506
vn -0.421420 0.802109 0.423116
vn -0.954020 -0.164840 0.250346
vn -0.880993 -0.258874 0.396025
vn -0.249857 -0.964491 -0.085606
vn -0.701302 0.532429 -0.474020
vn -0.858948 0.509727 -0.048859
vn -0.800519 0.598700 -0.026969
vn 0.996164 0.007469 -0.087192
vn -0.314587 -0.948603 0.034459
vn 0.104600 0.993034 0.054238
vn 0.979879 -0.060871 -0.190082
vn -0.506928 0.842730 0.181192
vn -0.258763 -0.965668 0.022942
vn 0.246624 0.870236 0.426458
vn 0.413947 0.712137 0.567017
vn 0.018004 -0.962565 -0.270451
vn -0.247391 0.888408 0.386691
vn -0.349994 0.893614 -0.280996
vn 0.519270 -0.845676 -0.123250
vn -0.506471 -0.862072 -0.017872
vn -0.727508 -0.675731 0.118823
vn -0.630505 -0.765946 0.125660
vn -0.713084 -0.697340 0.072308
vn -0.855493 0.483663 -0.184937
vn 0.987175 0.000000 -0.159640
vn 0.118359 0.854864 0.505173
vn 0.744973 0.334981 0.576891
vn -0.531268 0.139784 -0.835592
vn -0.743432 0.668765 -0.007903
vn -0.743432 0.668765 -0.007903
vn -0.827280 0.561757 -0.006064
vn 0.178189 0.966911 0.182571
vn -0.791119 -0.332451 0.513427
vn -0.791119 -0.332451 0.513427
vn -0.869743 -0.294133 0.396273
vn 0.973633 -0.137641 -0.181917
vn -0.065992 0.995920 -0.061543
vn -0.871844 -0.485286 0.066231
vn -0.455088 -0.758131 0.467046
vn 0.072621 -0.908708 -0.411068
vn -0.570216 0.801220 0.181385
vn -0.473349 -0.874423 0.106422
vn 0.995667 0.024023 0.089839
vn 0.902043 -0.372313 -0.218408
vn -0.976816 -0.213332 -0.017910
vn 0.011037 -0.999836 0.014358
vn -0.020241 -0.982375 -0.185823
vn -0.086534 -0.980569 -0.176060
vn 0.828595 -0.342255 0.443049
vn 0.937815 -0.267220 0.221579
vn 0.948967 -0.287572 -0.129476
vn -0.807962 0.559333 -0.185321
vn -0.769777 0.615239 -0.170071
vn 0.167472 0.863487 0.475755
vn 0.191817 0.922060 0.336173
vn -0.322217 -0.932901 0.160849
vn 0.304951 0.023557 0.952077
vn -0.337316 -0.939879 0.053349
vn -0.832263 0.207258 -0.514182
vn 0.924095 -0.263135 -0.277145
vn -0.164394 -0.982505 0.087518
vn 0.094884 0.995482 0.003650
vn 0.040725 0.826229 0.561861
vn -0.734799 0.673275 0.082288
vn -0.977156 -0.205788 0.053085
vn -0.834224 0.472369 -0.284495
vn -0.476110 -0.439110 0.761907
vn 0.078890 -0.779235 -0.621746
vn -0.243814 0.830940 0.500093
vn -0.000000 -0.982287 -0.187385
vn -0.000000 -0.962413 -0.271592
vn -0.936318 -0.313941 0.157320
vn -0.862477 -0.443226 0.244302
vn -0.255271 -0.966823 0.009450
vn 0.570828 -0.139745 0.809090
vn 0.976200 -0.216825 0.004589
vn 0.022124 -0.519148 -0.854398
vn 0.154106 0.987286 0.038970
vn -0.106532 -0.004714 -0.994298
vn -0.034614 -0.038636 -0.998654
vn 0.843256 0.045729 0.535563
vn -0.196712 -0.186957 0.962472
vn 0.987175 0.000001 -0.159640
vn 0.987176 -0.000000 -0.159637
vn -0.193592 0.219034 0.956319
vn 0.162378 0.976962 0.138488
vn -0.215406 -0.965817 -0.144217
vn -0.622639 0.738147 0.259729
vn -0.984010 0.157471 0.083230
vn -0.253177 0.257561 0.932504
vn -0.772088 0.567375 0.286297
vn 0.245479 -0.967520 -0.060382
vn -0.887829 0.348943 -0.299999
vn 0.947153 -0.250055 -0.200932
vn -0.018004 -0.962565 -0.270451
vn -0.626988 -0.771357 0.109062
vn -0.572662 -0.809254 0.131019
vn -0.600925 -0.798118 0.043554
vn 0.017335 -0.907417 -0.419874
vn -0.369327 -0.926727 0.069104
vn -0.729946 0.665906 -0.154106
vn -0.729946 0.665906 -0.154106
vn -0.812153 0.568060 -0.133100
vn -0.345115 0.722868 -0.598630
vn -0.823815 0.565067 -0.045044
vn -0.742463 0.063607 -0.666861
vn -0.062917 0.959732 -0.273780
vn -0.996171 0.000000 0.087429
vn 0.152064 0.954791 0.255442
vn 0.117646 0.881301 0.457677
vn -0.392428 -0.915978 0.083571
vn -0.424971 -0.902901 -0.064580
vn 0.012573 0.782841 0.622095
vn -0.832387 0.424112 -0.356737
vn -0.192229 0.751143 0.631532
vn -0.488339 -0.863370 0.126951
vn 0.694748 -0.702923 -0.152395
vn -0.000000 0.216214 -0.976346
vn -0.000065 0.216214 -0.976346
vn -0.000065 0.216214 -0.976346
vn -0.000000 0.216214 -0.976346
vn 0.092551 0.994116 -0.056281
vn -0.653320 0.308813 -0.691237
vn -0.268427 -0.962947 0.026065
vn 0.145969 0.989288 -0.001313
vn -0.809006 -0.520023 0.274016
vn -0.765904 -0.556942 0.321258
vn -0.765904 -0.556942 0.321258
vn -0.983993 -0.157431 0.083503
vn 0.142506 0.989474 0.025179
vn -0.730606 -0.682515 0.019697
vn -0.578698 0.671680 0.462553
vn -0.756868 0.518501 -0.397879
vn -0.742232 0.553707 -0.377492
vn -0.258481 -0.965548 0.030085
vn 0.135173 0.985669 0.100921
vn 0.968484 -0.248923 -0.008704
vn -0.856757 0.514440 -0.036314
vn -0.987773 0.155901 -0.000368
vn 0.282224 -0.207975 0.936534
vn -0.147883 0.679242 0.718861
vn -0.922767 -0.384167 -0.030279
vn 0.987175 0.000000 -0.159641
vn -0.076041 -0.962322 -0.261063
vn -0.411742 -0.728858 0.547024
vn -0.830796 -0.547680 0.099120
vn -0.902921 -0.426314 0.054677
vn -0.938861 -0.344103 0.011562
vn 0.108089 0.973210 0.202924
vn 0.099669 0.896701 0.431270
vn 0.018944 0.760244 0.649362
vn 0.018881 -0.776093 -0.630336
vn -0.154636 -0.987964 0.003861
vn 0.634361 -0.699551 -0.328960
vn 0.742863 -0.578245 -0.337324
vn 0.725041 -0.571004 -0.385059
vn -0.426024 -0.901853 0.071865
vn 0.987175 0.000001 -0.159639
vn 0.089550 0.961685 -0.259119
vn -0.811197 0.032459 -0.583871
vn -0.827404 -0.548934 0.118635
vn 0.838182 -0.255476 0.481854
vn 0.136501 0.990634 -0.003546
vn -0.283293 -0.958845 0.019031
vn -0.000000 -0.907298 -0.420489
vn 0.735474 -0.547674 -0.398913
vn -0.346020 -0.912265 0.219186
vn 0.145058 0.988031 -0.052467
vn 0.000000 -0.233889 -0.972263
vn 0.000000 -0.519138 -0.854690
vn -1.000000 0.000000 -0.000002
vn 0.010697 -0.999564 -0.027534
vn -0.000000 -0.992804 -0.119754
vn -0.260835 -0.026510 -0.965019
vn 0.751970 -0.657419 0.048397
vn -0.457942 0.602122 0.654017
vn 0.118656 0.992807 0.015984
vn -0.898493 0.436457 0.047073
vn 0.085114 0.993855 0.070769
vn -0.724391 0.592287 -0.352781
vn -0.724391 0.592287 -0.352781
vn -0.776884 0.553470 -0.300204
vn -0.234858 -0.447871 0.862701
vn -0.752384 -0.644601 0.135678
vn -0.752384 -0.644601 0.135678
vn 0.311553 0.405534 0.859347
vn 0.186736 0.563975 0.804402
vn -0.338940 -0.035643 0.940133
vn -0.421704 0.200739 0.884234
vn -0.947433 0.272324 -0.167958
vn -0.362236 0.124357 0.923753
vn -0.916067 0.208085 -0.342813
vn 0.226587 0.326560 0.917615
vn -0.395484 0.358244 0.845726
vn 0.939103 0.334938 0.076828
vn 0.615583 0.787812 0.020242
vn -0.339862 0.402571 -0.849959
vn -0.983822 0.158271 -0.083938
vn -0.127900 0.620169 0.773971
vn 0.978955 0.016060 0.203445
vn -0.077858 0.780155 -0.620723
vn 0.035411 0.561366 0.826810
vn -0.212421 -0.175190 0.961346
vn 0.054618 0.927539 0.369713
vn 0.012331 0.765294 0.643562
vn 0.024436 0.989439 0.142878
vn 0.286515 0.957860 0.020318
vn 0.931730 0.361084 0.038689
vn 0.612951 0.790121 0.000001
vn -0.987778 -0.155868 -0.000076
vn -0.184890 -0.955432 -0.230142
vn 0.989938 0.088645 0.110297
vn 0.112039 -0.005723 0.993687
vn -0.901358 0.176015 -0.395694
vn -0.488411 -0.870739 0.057171
vn -0.525807 -0.850272 0.023762
vn -0.246693 -0.969047 0.009542
vn -0.085688 0.046761 0.995224
vn -0.939108 0.255919 0.229309
vn 0.782492 -0.540110 -0.309819
vn 0.987175 -0.000006 -0.159640
vn -0.017335 -0.907417 -0.419874
vn -0.045587 0.492823 0.868935
vn -0.064898 -0.229884 0.971052
vn 0.007715 0.999731 0.021896
vn -0.067870 0.393912 0.916639
vn -0.274737 0.577908 0.768467
vn -0.777013 0.045474 -0.627841
vn 0.711979 -0.528615 0.462225
vn -0.806208 0.250403 -0.536029
vn 0.915556 0.401348 0.026011
vn 0.608529 0.793532 0.000001
vn -0.364900 0.540847 0.757848
vn -0.316941 -0.948440 -0.003208
vn -0.496442 -0.866651 -0.049613
vn -0.008570 0.998947 0.045064
vn 0.976696 0.205179 0.062977
vn -0.030636 0.966204 0.255953
vn -0.013402 0.809837 0.586501
vn -0.129248 0.576420 0.806868
vn 0.115070 0.993353 -0.003019
vn -0.559251 -0.405580 0.723010
vn -0.738444 0.059768 0.671661
vn -0.357349 -0.933618 -0.025663
vn 0.898673 -0.327735 0.291509
vn -0.098038 0.992520 0.072753
vn 0.072538 0.997303 0.011144
vn -0.705391 0.317881 -0.633542
vn -0.724726 0.338246 -0.600302
vn -0.945513 0.246132 -0.213128
vn -0.996169 0.000003 -0.087447
vn -0.827624 -0.561261 -0.004867
vn 0.139999 0.989303 -0.040992
vn 0.326169 -0.941937 -0.079803
vn -0.606202 -0.663170 0.439004
vn -0.844591 -0.058836 0.532169
vn -0.353175 -0.922566 -0.155365
vn -0.654970 0.343340 0.673151
vn -0.837760 0.247170 0.486893
vn -0.920122 0.327372 0.214949
vn -0.073595 0.420753 0.904185
vn 0.090507 -0.197634 0.976089
vn -0.302459 -0.648621 0.698433
vn -0.293229 -0.823852 0.485062
vn -0.270477 0.962402 0.025006
vn 0.333872 -0.452713 0.826789
vn -0.126705 0.653311 0.746412
vn -0.096315 0.984228 0.148389
vn -0.016792 0.824754 0.565242
vn -0.155474 0.682005 0.714630
vn 0.147101 0.960398 -0.236637
vn 0.985876 0.071036 0.151664
vn -0.499206 -0.067911 -0.863818
vn 0.416460 -0.783851 0.460585
vn -0.340789 0.460059 0.819883
vn -0.801364 -0.597625 -0.025681
vn -0.859859 -0.508304 -0.047644
vn -0.894690 -0.441688 -0.066643
vn -0.162183 0.986389 0.027068
vn -0.142814 0.563682 0.813552
vn 0.397706 -0.281295 0.873329
vn 0.866433 0.211319 0.452370
vn 0.000000 -0.776115 -0.630591
vn -0.840001 0.320946 -0.437484
vn 0.067468 0.785151 -0.615619
vn -0.138649 0.990154 0.019271
vn 0.513776 0.844044 0.153700
vn 0.901661 0.432259 0.012662
vn 0.606841 0.794824 -0.000000
vn -0.744028 -0.668116 -0.006504
vn -0.744028 -0.668116 -0.006504
vn -0.405724 0.698736 0.589199
vn -0.514428 0.770777 0.375854
vn -0.659169 -0.748742 -0.069872
vn 0.958240 0.284617 0.027733
vn -0.952918 0.212188 -0.216620
vn 0.816284 -0.560004 -0.141689
vn -0.215536 -0.974448 -0.063216
vn -0.050937 -0.728377 0.683281
vn -0.029920 -0.861986 0.506048
vn -0.872196 -0.480550 -0.091362
vn -0.597157 0.093068 -0.796707
vn -0.142935 0.493093 0.858154
vn -0.021917 0.999729 0.007912
vn 0.199104 -0.550806 0.810537
vn -0.782201 0.318108 0.535694
vn -0.744231 0.360305 -0.562406
vn -0.744231 0.360305 -0.562406
vn -0.086636 0.376813 0.922229
vn 0.240645 -0.066904 0.968305
vn -0.251227 -0.967824 0.014192
vn -0.177964 0.984007 0.007699
vn -0.130579 0.246399 0.960332
vn 0.070578 0.997506 -0.000965
vn -0.075825 0.088087 0.993223
vn -0.045022 0.542612 0.838776
vn -0.601212 0.798544 0.029527
vn -0.044222 0.731732 0.680157
vn -0.375051 -0.926419 -0.032925
vn -0.352962 0.386267 0.852183
vn -0.047717 0.714749 0.697752
vn -0.281779 -0.957927 0.054564
vn -0.261580 -0.772978 0.577997
vn -0.101954 -0.241806 -0.964954
vn -0.024213 -0.234598 -0.971791
vn 0.949545 0.307911 0.059629
vn -0.221278 0.899352 0.377097
vn -0.201349 0.827695 0.523813
vn -0.072620 -0.908708 -0.411068
vn 0.205039 -0.669019 0.714404
vn 0.238764 -0.834691 0.496269
vn 0.382735 0.922430 0.051344
vn -0.272593 0.962129 0.000000
vn -0.602999 0.797742 -0.000001
vn -0.983852 -0.158245 -0.083631
vn -0.311811 0.162956 0.936066
vn 0.380053 -0.924442 -0.031088
vn -0.339016 -0.902813 0.264568
vn 0.293931 -0.800786 -0.521868
vn 0.335714 -0.693586 -0.637365
vn 0.376887 -0.748942 -0.545015
vn -0.292618 0.426580 0.855806
vn 0.119933 0.992432 -0.026349
vn -0.153534 0.988137 0.003680
vn -0.378599 0.347308 0.857928
vn 0.480532 -0.433833 0.762154
vn 0.571958 -0.681452 0.456604
vn -0.117709 0.426888 -0.896611
vn -0.023303 0.923648 0.382534
vn -0.036877 0.863789 0.502502
vn 0.606506 0.795079 -0.000001
vn 0.894352 0.447354 0.002972
vn 0.694821 -0.671635 0.257160
vn -0.692478 0.259129 0.673295
vn -0.863955 0.000079 -0.503569
vn -0.069057 0.340371 0.937752
vn 0.352444 0.193279 0.915656
vn -0.066602 0.161582 0.984609
vn -0.272506 0.962154 -0.000000
vn -0.600660 0.799505 0.000000
vn -0.971825 0.165220 -0.168101
vn 0.431672 -0.775637 -0.460485
vn -0.930305 0.346381 0.120639
vn 0.948917 0.315463 0.006264
vn -0.394728 0.258159 0.881784
vn 0.036932 0.680893 0.731451
vn -0.254021 0.162560 0.953440
vn -0.388956 -0.084751 0.917350
vn -0.061504 0.456825 0.887428
vn 0.060375 0.692304 0.719076
vn -0.407318 0.063400 0.911083
vn 0.191257 0.168022 0.967052
vn -0.812704 -0.567579 -0.131779
vn 0.690613 0.062003 0.720562
vn 0.822481 -0.058090 0.565818
vn 0.154903 0.969193 -0.191492
vn -0.018880 -0.776093 -0.630336
vn 0.127056 0.839723 0.527941
vn 0.177148 0.906336 0.383632
vn -0.026017 0.999661 0.001148
vn -0.177381 0.984140 0.001906
vn -0.658538 0.167115 0.733758
vn -0.433381 -0.898040 -0.075533
vn -0.791894 -0.000105 -0.610658
vn -0.682011 0.000001 -0.731342
vn -0.723695 -0.000012 -0.690120
vn 0.178261 0.437330 0.881457
vn -0.696034 -0.110745 -0.709417
vn -0.022124 -0.519148 -0.854398
vn 0.331824 0.724681 0.603929
vn 0.479607 0.786809 0.388470
vn -0.330148 0.142028 -0.933183
vn -0.902697 0.000014 -0.430277
vn 0.598562 0.366898 0.712117
vn 0.815634 0.259097 0.517310
vn 0.359635 0.933018 0.011820
vn -0.062526 0.381921 0.922077
vn 0.329619 0.369371 0.868859
vn -0.942176 0.000011 -0.335117
vn 0.008287 -0.999520 -0.029846
vn 0.927338 0.373972 0.013750
vn -0.250763 -0.967353 -0.036679
vn -0.599434 0.800424 0.000000
vn -0.272210 0.962238 0.000000
vn -0.932315 0.078753 0.352970
vn -0.994490 -0.000388 0.104833
vn -0.919242 0.391912 0.037401
vn -0.931358 0.359618 0.056974
vn -0.730852 -0.665263 -0.152576
vn -0.730852 -0.665263 -0.152576
vn -0.770994 -0.614150 -0.168490
vn 0.130062 0.794793 -0.592780
vn 0.319202 0.001131 0.947686
vn 0.050818 0.507491 0.860157
vn 0.185937 0.598764 0.779044
vn -0.604954 -0.126671 0.786120
vn -0.665733 0.100113 0.739444
vn -0.976832 0.104535 0.186740
vn 0.240830 -0.000704 0.970567
vn -0.809361 -0.557863 -0.183641
vn -0.856610 -0.482234 -0.183495
vn -0.173782 -0.908119 -0.380945
vn -0.840558 -0.067078 0.537553
vn -0.763764 -0.000000 -0.645495
vn -0.763764 -0.000000 -0.645495
vn 0.073264 0.997211 -0.014271
vn 0.495822 -0.781953 -0.377771
vn 0.011883 0.000000 0.999929
vn -0.977767 -0.011949 0.209354
vn 0.607239 0.794520 -0.000000
vn 0.892765 0.450523 -0.000000
vn -0.840484 -0.320701 -0.436736
vn 0.000065 0.216214 -0.976346
vn 0.000065 0.216214 -0.976346
vn -0.471052 -0.872745 -0.128163
vn -0.460543 -0.878339 -0.128145
vn -0.160006 0.987114 0.001849
vn -0.691167 0.104402 0.715114
vn -0.746086 0.023609 0.665431
vn -0.987003 0.098987 -0.126598
vn 0.946772 0.321906 -0.000000
vn -0.864332 -0.468337 -0.183276
vn -0.908968 0.416503 0.017392
vn -0.976784 0.188714 0.101387
vn -0.715959 0.096876 0.691388
vn -0.598321 0.801256 -0.000000
vn -0.271533 0.962429 -0.000000
vn -0.263229 -0.964544 0.019098
vn -0.777708 -0.553029 -0.298881
vn -0.758641 -0.127946 -0.638823
vn -0.958354 -0.001155 -0.285582
vn 0.139020 0.981135 -0.134344
vn 0.026062 -0.873367 0.486366
vn -0.721071 -0.670451 -0.174791
vn -0.178749 0.983894 0.000900
vn -0.984438 -0.061259 0.164707
vn -0.957599 -0.101620 0.269588
vn -0.915706 -0.159152 0.368989
vn -0.448764 -0.869743 -0.205325
vn -0.271102 -0.952167 -0.141002
vn -0.967744 0.248209 0.043175
vn 0.361793 0.932259 0.000074
vn -0.246599 -0.259936 -0.933607
vn -0.301566 -0.949107 -0.090848
vn 0.001551 0.414339 -0.910122
vn -0.967632 0.072378 0.241765
vn -0.903906 0.427715 0.003679
vn -0.706673 -0.317582 -0.632261
vn -0.725722 -0.338009 -0.599231
vn -0.807123 -0.250222 -0.534735
vn -0.026386 0.999636 -0.005605
vn -0.880983 -0.211965 0.423013
vn -0.745029 -0.360162 -0.561440
vn -0.745029 -0.360162 -0.561440
vn -0.324332 -0.894167 -0.308665
vn -0.953888 -0.004038 -0.300135
vn -0.725498 -0.591824 -0.351279
vn -0.725498 -0.591824 -0.351279
vn -0.743666 -0.552915 -0.375827
vn -0.078890 -0.779236 -0.621746
vn 0.006890 -0.999971 0.003148
vn -0.717919 -0.124714 -0.684864
vn -0.938957 0.107447 0.326824
vn -0.596991 0.802248 -0.000000
vn -0.270371 0.962756 0.000001
vn -0.901820 -0.175779 -0.394743
vn 0.552902 -0.791276 -0.261116
vn 0.601137 0.798878 -0.020695
vn 0.891012 0.453514 -0.020557
vn -0.253978 -0.928477 0.270972
vn 0.160431 0.844938 -0.510237
vn -0.758569 -0.517470 -0.395976
vn -0.833635 -0.423139 -0.354973
vn -0.880355 -0.210949 0.424824
vn -0.288930 -0.953954 0.080570
vn -0.928256 0.023020 0.371229
vn 0.085121 0.992789 -0.084407
vn 0.945427 0.325029 -0.022889
vn -0.907417 -0.114555 0.404316
vn -0.999793 0.020243 -0.001977
vn -0.991089 0.020277 -0.131647
vn -0.962892 0.269704 0.009945
vn -0.916622 -0.207771 -0.341519
vn 0.026037 -0.869845 -0.492637
vn 0.031038 -0.728571 -0.684267
vn 0.051087 -0.828415 -0.557781
vn -0.163487 0.986545 0.000532
vn -0.150776 0.158975 -0.975702
vn -0.978863 0.182967 0.091382
vn -0.902577 0.430529 -0.000000
vn -0.888607 -0.348192 -0.298563
vn -0.996467 -0.041042 0.073278
vn -0.543366 -0.100113 -0.833505
vn -0.335433 -0.911085 -0.239604
vn -0.957126 -0.010268 -0.289491
vn 0.099075 -0.888554 -0.447946
vn -0.092667 -0.524556 -0.846318
vn -0.256164 -0.966632 -0.001834
vn -0.948038 -0.272018 -0.165014
vn -0.605787 0.795236 -0.024951
vn -0.282429 0.959031 -0.022194
vn -0.181733 0.983347 0.001020
vn -0.974936 0.185676 0.122571
vn 0.024305 0.389574 -0.920675
vn 0.922292 0.386493 0.000000
vn 0.921384 0.388023 -0.022127
vn 0.226065 0.969994 -0.089482
vn 0.272100 0.962068 -0.019666
vn 0.565248 0.819314 -0.096022
vn -0.465061 -0.286947 -0.837484
vn -0.058026 0.994292 -0.089530
vn -0.006326 0.999776 -0.020208
vn -0.018432 0.998731 -0.046863
vn -0.961719 0.274037 0.000000
vn 0.148743 0.914124 -0.377165
vn 0.362993 0.931712 -0.012159
vn 0.875344 0.473556 -0.097556
vn -0.395465 -0.132628 0.908855
vn -0.835219 -0.471736 -0.282621
vn -0.989028 0.013648 0.147098
vn -0.645927 -0.738182 -0.194592
vn -0.331219 0.938600 -0.096556
vn -0.947302 -0.298763 0.115583
vn -0.923754 -0.351474 0.152134
vn -0.976578 0.214112 0.021260
vn -0.905737 0.422781 -0.029932
vn 0.138906 0.001105 0.990305
vn -0.907223 -0.383638 0.172534
vn -0.964452 -0.207583 0.163529
vn -0.105198 -0.061037 0.992576
vn -0.947269 -0.303128 0.103900
vn -0.961247 -0.017068 -0.275159
vn -0.920796 -0.350167 0.171810
vn 0.175300 -0.909853 -0.376081
vn 0.558566 -0.823627 -0.098193
vn 0.351213 -0.905785 0.237072
vn -0.423768 -0.857415 -0.291993
vn -0.187810 -0.784915 -0.590454
vn -0.972485 -0.220678 0.074663
vn -0.362637 -0.931022 -0.041153
vn -0.634705 0.765424 -0.106188
vn -0.154541 0.987867 -0.015342
vn -0.977300 0.209917 0.028643
vn -0.996880 0.068022 0.040046
vn -0.995180 0.073711 0.064676
vn 0.093625 0.956702 -0.275601
vn -0.311499 -0.052596 -0.948790
vn -0.962598 0.269339 -0.029359
vn 0.932785 0.343722 -0.108477
vn -0.915274 -0.261881 -0.306091
vn -0.073677 -0.971230 0.226459
vn 0.101004 0.966050 -0.237794
vn 0.466841 0.850442 -0.242502
vn -0.183690 0.954753 -0.233889
vn -0.978264 -0.020364 -0.206359
vn -0.998365 0.047819 0.031309
vn -0.999289 0.015158 0.034524
vn -0.909205 0.398777 -0.119680
vn -0.418124 0.880836 -0.222038
vn -0.243600 -0.964190 -0.104868
vn -0.975581 0.219639 -0.000000
vn 0.801093 0.526727 -0.284270
vn -0.993098 -0.110949 0.038028
vn -0.267312 -0.963086 0.031766
vn -0.167502 0.985860 -0.004759
vn 0.913557 0.392551 -0.106386
vn -0.490914 -0.805725 -0.331377
vn -0.233526 -0.852622 -0.467442
vn -0.053842 0.154771 -0.986482
vn -0.642965 -0.310558 -0.700107
vn -0.971663 -0.233083 0.039301
vn -0.671071 0.705772 -0.227043
vn -0.232160 -0.968244 0.092768
vn -0.921295 -0.240978 -0.305199
vn 0.379661 0.923033 -0.062195
vn 0.039004 0.546543 -0.836523
vn -0.284194 -0.780512 -0.556808
vn -0.311608 -0.834744 -0.453986
vn -0.002470 0.983277 -0.182099
vn -0.920571 -0.388124 0.043691
vn -0.976929 0.213566 -0.000045
vn 0.273208 -0.917850 -0.287938
vn -0.959001 0.256284 -0.120975
vn 0.000000 -0.114972 -0.993369
vn -0.903000 -0.426827 0.049095
vn -0.988508 -0.015154 0.150408
vn -0.221788 -0.537201 -0.813772
vn -0.147855 0.853097 -0.500365
vn 0.212351 0.859006 -0.465849
vn -0.400508 0.790983 -0.462536
vn -0.897535 0.357237 -0.258482
vn -0.916960 -0.395290 0.054136
vn -0.296101 -0.869591 -0.395140
vn -0.474038 -0.782182 -0.404326
vn -0.847250 0.473448 0.240861
vn -0.577524 0.470974 0.666821
vn -0.581027 0.704783 -0.407049
vn -0.347540 -0.784882 -0.513008
vn -0.733891 -0.679134 0.013442
vn 0.313305 0.624292 -0.715611
vn -0.999882 0.015369 0.000114
vn -0.975459 0.217748 -0.032655
vn -0.693631 -0.327305 -0.641676
vn -0.119336 0.988703 -0.090692
vn 0.017293 0.662460 -0.748898
vn 0.847549 0.408375 -0.338955
vn -0.712942 0.602531 -0.358706
vn -0.942675 -0.328703 0.057601
vn -0.939626 -0.214146 -0.266916
vn -0.450713 -0.619110 0.643087
vn -0.999624 0.024852 0.011630
vn -0.584015 -0.625650 0.517193
vn -0.733694 -0.659059 -0.165331
vn -0.255168 -0.915542 -0.310921
vn -0.901850 0.425062 0.077386
vn -0.639435 -0.347006 -0.686082
vn -0.971791 -0.235839 0.001507
vn -0.284250 -0.003930 0.958742
vn -0.164465 -0.017972 -0.986219
vn -0.933391 0.240169 -0.266645
vn -0.116681 0.991819 -0.051782
vn 0.333261 0.484940 -0.808560
vn 0.846108 0.409194 -0.341557
vn -0.845855 0.324177 -0.423602
vn -0.976686 0.212149 -0.032825
vn -0.035371 0.738920 -0.672865
vn -0.969298 -0.240656 0.050456
vn -0.242594 -0.910933 -0.333690
vn -0.375317 0.512058 -0.772615
vn 0.479367 -0.877116 0.029591
vn 0.195472 -0.972246 0.128566
vn -0.753398 0.354809 -0.553626
vn -0.920032 -0.391817 0.004492
vn -0.521927 0.767611 0.371976
vn -0.275374 0.558585 0.782401
vn -0.621642 0.421059 -0.660508
vn -0.464866 -0.338735 -0.818021
vn -0.713867 -0.613691 -0.337309
vn 0.395918 0.890488 -0.224234
vn -0.962968 -0.182173 -0.198762
vn -0.968801 0.211595 -0.129047
vn -0.134840 0.000363 0.990867
vn -0.999253 0.017249 -0.034593
vn -0.256989 -0.966324 -0.013180
vn -0.105292 0.804766 -0.584179
vn -0.903946 -0.427531 0.009919
vn -0.412890 -0.550792 -0.725362
vn -0.869161 0.230744 -0.437397
vn -0.723023 -0.621509 -0.301603
vn 0.371007 -0.912831 -0.170565
vn -0.991551 -0.126438 0.028969
vn -0.377168 -0.718055 -0.584928
vn -0.972867 -0.228707 -0.034964
vn -0.627151 0.769275 0.122055
vn -0.380753 0.365715 -0.849282
vn -0.988779 -0.124273 -0.082896
vn -0.780154 0.237177 -0.578885
vn -0.087612 -0.992568 0.084454
vn -0.911652 0.410913 -0.006454
vn -0.163170 0.865558 -0.473481
vn -0.969216 0.209600 -0.129182
vn -0.920810 -0.389503 0.019894
vn -0.978037 -0.145369 0.149372
vn -0.654449 0.272873 -0.705150
vn 0.305313 0.378875 -0.873635
vn -0.923496 -0.382199 -0.032851
vn -0.030931 0.132042 -0.990761
vn -0.214688 -0.975700 0.043809
vn -0.554339 -0.477955 0.681372
vn -0.939696 0.200627 -0.276984
vn -0.990276 0.028854 -0.136092
vn -0.950602 -0.308300 0.036144
vn -0.116404 0.892498 -0.435773
vn -0.135269 -0.960383 -0.243652
vn -0.999843 0.016182 -0.007194
vn -0.275855 -0.552578 0.786487
vn 0.122617 0.634899 -0.762803
vn -0.524596 -0.649835 -0.550012
vn -0.737914 -0.635548 -0.227071
vn -0.276007 -0.261960 -0.924769
vn -0.516129 0.567541 0.641489
vn -0.391310 0.855949 0.337976
vn -0.595455 -0.592333 -0.542747
vn -0.909649 -0.414382 -0.028748
vn -0.969389 -0.200575 -0.141617
vn -0.584158 0.000858 0.811639
vn -0.564636 -0.563498 -0.603040
vn -0.938941 0.204651 -0.276601
vn -0.149493 0.292205 -0.944599
vn -0.231042 0.345634 -0.909482
vn -0.311812 0.360766 -0.878989
vn -0.875113 0.184546 -0.447348
vn -0.648081 0.761457 -0.013168
vn -0.083771 -0.006893 -0.996461
vn -0.981460 -0.187007 0.042005
vn -0.387784 0.334054 -0.859088
vn -0.431884 0.206133 -0.878058
vn -0.955328 0.054431 -0.290492
vn -0.099126 0.189993 -0.976768
vn -0.330301 0.935908 0.122385
vn -0.442744 0.262872 -0.857249
vn -0.513399 -0.563518 0.647200
vn -0.927764 -0.345163 -0.141834
vn -0.928393 -0.371066 -0.019887
vn -0.790736 0.167778 -0.588717
vn -0.898268 0.429939 -0.090929
vn -0.639048 -0.763821 -0.090526
vn -0.469226 0.186361 -0.863190
vn -0.462523 0.191100 -0.865768
vn -0.677615 0.162291 -0.717286
vn -0.873990 0.192227 -0.446308
vn -0.545874 0.794781 0.265227
vn -0.771569 0.475375 0.422729
vn -0.247331 -0.953895 -0.170034
vn -0.941791 -0.136949 -0.307041
vn -0.856700 -0.000260 0.515814
vn 0.426268 -0.902775 -0.057375
vn 0.156020 -0.986408 0.051555
vn -0.815323 -0.512889 0.268689
vn -0.526044 -0.758812 0.384034
vn 0.387811 -0.921130 0.033492
vn -0.881217 0.083974 -0.465194
vn 0.064325 -0.991471 -0.113345
vn -0.917035 -0.373604 -0.139521
vn -0.968512 -0.225466 0.105592
vn -0.789731 0.168730 -0.589792
vn -0.681769 0.144452 -0.717164
vn -0.994677 -0.095825 0.037892
vn -0.768755 -0.474391 0.428917
vn -0.166029 -0.193650 -0.966920
vn -0.535813 0.837024 0.110884
vn -0.958617 -0.284644 -0.005533
vn -0.671631 0.077422 -0.736830
vn -0.943110 -0.331115 0.030122
vn -0.210543 -0.977489 -0.013701
vn -0.913344 -0.255082 -0.317389
vn -0.635551 0.059896 -0.769732
vn -0.079686 -0.995693 0.047382
vn -0.591916 0.112877 -0.798056
vn -0.786059 0.091876 -0.611286
vn -0.084115 0.084942 -0.992829
vn -0.867583 -0.047817 -0.494987
vn -0.389506 -0.851705 0.350547
vn -0.531795 0.163056 -0.831028
vn -0.316598 0.948483 -0.012085
vn -0.250107 -0.850188 -0.463279
vn -0.455385 0.180164 -0.871875
vn -0.999142 0.027175 -0.031253
vn -0.762123 0.018388 -0.647171
vn -0.934709 -0.330693 -0.130235
vn -0.258331 -0.553366 -0.791865
vn -0.845031 -0.113781 -0.522471
vn -0.905458 -0.273916 -0.324216
vn -0.731075 0.011948 -0.682193
vn -0.542180 -0.793067 0.277643
vn -0.369159 0.163468 -0.914877
vn -0.535294 0.844608 -0.009907
vn -0.612922 0.776160 -0.147994
vn -0.986015 -0.166657 0.000125
vn -0.695271 0.041219 -0.717564
vn -0.047664 -0.012776 -0.998782
vn -0.836838 0.482776 -0.258128
vn -0.871148 -0.481828 0.094564
vn -0.637630 -0.758205 0.136210
vn -0.829523 -0.109718 -0.547589
vn 0.253591 -0.966877 -0.029003
vn -0.290842 0.114132 -0.949939
vn -0.933025 0.336696 0.126884
vn -0.960973 -0.250840 -0.116667
vn -0.329851 -0.933957 0.137556
vn -0.955261 -0.291631 0.049266
vn -0.916726 -0.238705 -0.320365
vn 0.422584 -0.906189 -0.015610
vn 0.153079 -0.987598 0.034877
vn -0.653287 0.064014 -0.754399
vn -0.097634 -0.172424 -0.980172
vn -0.990016 -0.000001 0.140957
vn 0.349701 -0.936747 0.014656
vn -0.213897 -0.953317 -0.213153
vn -0.851852 -0.522176 0.040984
vn -0.324368 0.934811 -0.144618
vn -0.932202 -0.336774 0.132599
vn -0.183197 -0.459896 -0.868870
vn -0.242889 -0.969339 0.037224
vn -0.821898 -0.083571 -0.563472
vn -0.087232 -0.996122 -0.011480
vn -0.996095 -0.083075 0.029886
vn -0.998245 -0.055501 0.020648
vn -0.604345 0.068596 -0.793764
vn -0.532528 -0.837176 0.124700
vn -0.991629 0.041339 -0.122322
vn -0.531964 0.836780 -0.129667
vn -0.942975 0.332849 -0.003244
vn -0.211820 -0.800387 -0.560815
vn -0.934084 -0.180609 -0.308005
vn -0.494832 0.776122 -0.390865
vn -0.065258 -0.032247 -0.997347
vn -0.983179 -0.148406 -0.106468
vn -0.881890 -0.471452 0.001744
vn -0.665680 -0.746233 0.002624
vn -0.238757 0.045330 -0.970021
vn -0.572896 0.465108 -0.674882
vn 0.284632 0.958637 -0.000000
vn -0.043556 -0.174984 -0.983607
vn -0.317256 -0.948334 0.003399
vn -0.995894 -0.089721 -0.012081
vn 0.317578 -0.947904 -0.024949
vn -1.000000 -0.000027 0.000000
vn -0.947101 -0.320930 -0.001669
vn -0.555214 0.051522 -0.830110
vn -0.818209 -0.057490 -0.572039
vn -0.942644 -0.333792 0.002360
vn 0.392453 -0.919677 -0.013204
vn -0.380609 0.855441 -0.351224
vn -0.931735 0.337890 -0.133040
vn -0.115941 -0.435236 -0.892820
vn -0.111371 -0.966604 -0.230809
vn 0.005977 0.999982 -0.000000
vn -0.791948 -0.610583 -0.002639
vn 0.337445 -0.941233 0.014520
vn -0.531825 -0.846845 0.003862
vn 0.282053 0.959399 -0.000000
vn -0.113701 -0.993458 -0.010685
vn 0.136299 -0.990513 -0.017510
vn -0.537747 0.795573 -0.279090
vn -0.950268 -0.109522 -0.291540
vn -0.255639 0.568316 -0.782090
vn -0.990011 -0.000075 -0.140994
vn -0.640583 -0.757039 -0.128627
vn -0.873165 -0.479113 -0.089635
vn -0.129296 -0.789511 -0.599963
vn -0.818031 -0.034836 -0.574118
vn 0.004757 0.999989 -0.000001
vn -0.996898 -0.058991 -0.052107
vn -0.962121 -0.038819 -0.269845
vn -0.329510 -0.009833 -0.944101
vn -0.327182 -0.936019 -0.129695
vn -0.990231 -0.089379 -0.107025
vn -0.766318 0.479965 -0.427073
vn 0.241782 -0.968783 -0.054785
vn -0.508052 0.572452 -0.643570
vn -0.996774 -0.079171 -0.013137
vn -0.528500 -0.840890 -0.116584
vn -0.931787 -0.339699 -0.127976
vn -0.517292 0.008365 -0.855768
vn -0.951567 -0.302289 -0.056054
vn -0.023891 -0.443962 -0.895727
vn -0.186937 -0.054050 -0.980884
vn -0.026474 -0.194305 -0.980584
vn 0.281199 0.959649 0.000000
vn -0.134272 0.006599 -0.990923
vn 0.091004 -0.969119 -0.229187
vn -0.835427 -0.545841 -0.064188
vn 0.359875 -0.932965 -0.008190
vn -0.856776 -0.000039 -0.515689
vn -0.536447 -0.759733 -0.367465
vn -0.825352 -0.502996 -0.256493
vn -0.994692 -0.095169 -0.039136
vn 0.314626 -0.948640 -0.033072
vn 0.004486 0.999990 0.000000
vn -0.603521 -0.465811 -0.647134
vn -0.958554 -0.156674 -0.237966
vn -0.284060 -0.955100 -0.084222
vn -0.291829 -0.563129 -0.773124
vn -0.385757 -0.858279 -0.338451
vn -0.583563 0.000580 -0.812067
vn -0.980901 -0.151701 -0.121738
vn -0.535443 -0.800998 -0.267774
vn -0.766847 -0.483478 -0.422132
vn 0.028116 -0.801229 -0.597697
vn -0.961199 -0.239478 -0.136917
vn -0.956638 -0.076155 -0.281148
vn -0.818028 -0.041224 -0.573699
vn -0.512854 -0.574805 -0.637636
vn -0.978670 -0.192255 -0.072410
vn -0.928633 -0.351063 -0.119981
vn 0.110707 -0.992016 -0.060402
vn 0.281312 0.959617 0.000000
vn -0.986883 -0.105891 -0.121861
vn 0.050122 -0.472692 -0.879801
vn 0.262816 -0.938860 -0.222419
vn -0.467409 -0.076879 -0.880692
vn 0.316591 -0.946987 -0.054648
vn 0.004858 0.999988 0.000001
vn -0.659423 -0.741618 -0.123147
vn -0.118152 -0.217568 -0.968868
vn 0.171644 -0.805553 -0.567118
vn -0.974512 -0.211391 -0.075099
vn -0.950675 -0.108533 -0.290580
vn -0.801481 -0.101066 -0.589418
vn 0.006593 -0.995426 -0.095307
vn 0.282247 0.959342 -0.000000
vn 0.249873 -0.940562 -0.230013
vn 0.005842 0.999983 0.000000
vn -0.009313 -0.506384 -0.862258
vn -0.385891 -0.231180 -0.893109
vn -0.762495 -0.636050 -0.118499
vn -0.962610 -0.222591 -0.154388
vn 0.140725 -0.821798 -0.552127
vn -0.078801 -0.963242 -0.256818
vn -0.922506 -0.218237 -0.318363
vn -0.760739 -0.219798 -0.610709
vn -0.767603 -0.600312 -0.224524
vn -0.251841 -0.522888 -0.814349
vn -0.149037 -0.832287 -0.533934
vn -0.737489 -0.529093 -0.419728
vn -0.641904 -0.420117 -0.641452
vn 0.217073 0.737604 0.639390
vn 0.275737 -0.718412 0.638635
vn -0.217074 0.737604 0.639390
vn -0.275737 -0.718412 0.638634
vn -0.377106 0.391595 -0.839312
vn 0.000000 -0.110297 -0.993899
vn -0.441706 0.892858 0.087755
vn 0.377106 0.391595 -0.839312
vn 0.441706 0.892858 0.087755
vn 0.354666 0.882039 0.310191
vn 0.304488 0.922586 0.236903
vn -0.354667 0.882039 0.310191
vn -0.304488 0.922586 0.236903
vn 0.113707 0.965369 0.234806
vn 0.212140 0.937180 0.276929
vn -0.000000 0.983044 0.183370
vn -0.000000 0.983044 0.183370
vn -0.113708 0.965369 0.234807
vn -0.212140 0.937180 0.276929
vn 0.000000 -0.008910 -0.999960
vn 0.000000 -0.008910 -0.999960
vn 0.000000 -0.008910 -0.999960
vn 0.000000 -0.008910 -0.999960
vn -0.999894 -0.000486 0.014584
vn -0.998811 -0.008646 0.047973
vn -0.998927 -0.008066 0.045600
vn -0.999894 -0.000486 0.014584
vn 0.998811 -0.008646 0.047973
vn 0.999894 -0.000486 0.014584
vn 0.999894 -0.000486 0.014584
vn 0.998927 -0.008066 0.045600
vn -0.000000 -0.008910 -0.999960
vn -0.000000 -0.008910 -0.999960
vn -0.998716 -0.011650 0.049301
vn -0.998717 -0.011647 0.049278
vn 0.998716 -0.011650 0.049302
vn 0.998717 -0.011647 0.049278
vn -0.999724 -0.008038 0.022092
vn -0.999724 -0.008038 0.022092
vn 0.000000 -0.377474 0.926020
vn 0.000000 -0.377474 0.926020
vn 0.000000 -0.377474 0.926020
vn 0.000000 -0.377474 0.926020
vn 0.000000 -0.377474 0.926020
vn 0.000000 -0.377474 0.926020
vn 0.999724 -0.008037 0.022092
vn 0.999724 -0.008037 0.022092
vn 0.016146 -0.994875 -0.099810
vn 0.000525 -0.999995 -0.003226
vn 0.000525 -0.999995 -0.003226
vn 0.016146 -0.994875 -0.099810
vn 0.143903 0.432955 -0.889855
vn 0.153138 0.282517 -0.946960
vn 0.153138 0.282517 -0.946960
vn 0.143903 0.432955 -0.889855
vn 0.016570 0.994599 -0.102461
vn 0.026867 0.985737 -0.166132
vn 0.026867 0.985737 -0.166132
vn 0.016570 0.994599 -0.102461
vn -0.025371 0.987289 0.156896
vn -0.014828 0.995677 0.091698
vn -0.014828 0.995677 0.091698
vn -0.025371 0.987289 0.156896
vn -0.153280 0.279410 0.947858
vn -0.144151 0.429666 0.891408
vn -0.144151 0.429666 0.891408
vn -0.153280 0.279410 0.947858
vn 0.153129 -0.282727 -0.946899
vn 0.143869 -0.433420 -0.889634
vn 0.143869 -0.433420 -0.889634
vn 0.153129 -0.282727 -0.946899
vn 0.026456 -0.986180 -0.163553
vn 0.026456 -0.986180 -0.163553
vn 0.159641 0.000000 -0.987175
vn 0.159641 0.000000 -0.987175
vn -0.015256 -0.995421 0.094358
vn -0.015256 -0.995421 0.094358
vn -0.025788 -0.986863 0.159490
vn -0.025788 -0.986863 0.159490
vn -0.144184 -0.429213 0.891621
vn -0.153289 -0.279206 0.947917
vn -0.153289 -0.279206 0.947917
vn -0.144184 -0.429213 0.891621
vn 0.000958 0.999982 -0.005921
vn 0.000958 0.999982 -0.005921
vn -0.159638 -0.000000 0.987176
vn -0.159638 -0.000000 0.987176
vn 0.144152 0.429665 0.891408
vn 0.153280 0.279409 0.947858
vn 0.153280 0.279409 0.947859
vn 0.144152 0.429665 0.891408
vn 0.014828 0.995677 0.091698
vn 0.025371 0.987289 0.156896
vn 0.025371 0.987289 0.156896
vn 0.014828 0.995677 0.091698
vn 0.159638 -0.000000 0.987176
vn 0.159638 0.000000 0.987176
vn -0.000958 0.999982 -0.005921
vn -0.000958 0.999982 -0.005921
vn 0.153288 -0.279206 0.947917
vn 0.153288 -0.279205 0.947917
vn -0.026865 0.985737 -0.166133
vn -0.016569 0.994599 -0.102461
vn -0.016569 0.994599 -0.102461
vn -0.026865 0.985737 -0.166133
vn -0.153137 0.282517 -0.946960
vn -0.143902 0.432956 -0.889855
vn -0.143902 0.432956 -0.889855
vn -0.153137 0.282517 -0.946960
vn 0.144184 -0.429212 0.891621
vn 0.144184 -0.429212 0.891621
vn 0.025789 -0.986863 0.159490
vn 0.015256 -0.995421 0.094359
vn 0.015256 -0.995421 0.094359
vn 0.025789 -0.986863 0.159490
vn -0.000525 -0.999995 -0.003226
vn -0.016146 -0.994875 -0.099811
vn -0.016146 -0.994876 -0.099811
vn -0.000525 -0.999995 -0.003226
vn -0.159642 -0.000000 -0.987175
vn -0.159642 -0.000000 -0.987175
vn -0.153129 -0.282727 -0.946899
vn -0.153129 -0.282727 -0.946899
vn -0.026455 -0.986180 -0.163553
vn -0.026455 -0.986180 -0.163553
vn -0.143869 -0.433420 -0.889634
vn -0.143869 -0.433420 -0.889634
vn -0.000001 -0.934992 -0.354670
vn -0.000001 -0.934992 -0.354670
vn -0.000001 -0.934992 -0.354670
vn -0.000001 -0.934992 -0.354670
vn -0.999514 0.029795 0.009226
vn -0.999368 0.034627 0.008047
vn -0.999368 0.034627 0.008047
vn -0.999513 0.029795 0.009226
vn 0.999368 0.034627 0.008047
vn 0.999514 0.029795 0.009226
vn 0.999513 0.029795 0.009226
vn 0.999368 0.034627 0.008047
vn 0.000001 -0.934992 -0.354670
vn 0.000001 -0.934992 -0.354670
vn 0.000001 -0.934992 -0.354670
vn 0.000001 -0.934992 -0.354670
vn -0.999206 0.039223 0.006925
vn -0.999207 0.039223 0.006925
vn 0.000000 0.993681 0.112239
vn -0.000000 0.993681 0.112239
vn 0.000000 0.993681 0.112239
vn 0.000000 0.993681 0.112239
vn -0.000000 0.993681 0.112239
vn -0.000000 0.993681 0.112239
vn 0.999206 0.039223 0.006925
vn 0.999207 0.039223 0.006925
vn 0.000000 0.232218 -0.972664
vn 0.000000 0.232218 -0.972664
vn 0.000000 0.232218 -0.972664
vn 0.000000 0.232218 -0.972664
vn -0.199393 0.355960 -0.912981
vn -0.199394 0.355960 -0.912981
vn -0.199393 0.355960 -0.912981
vn -0.199393 0.355960 -0.912981
vn 0.199393 0.355960 -0.912981
vn 0.199393 0.355960 -0.912981
vn 0.199393 0.355960 -0.912982
vn 0.199393 0.355960 -0.912982
vn 0.000000 0.232218 -0.972664
vn 0.000000 0.232218 -0.972664
vn 0.000000 0.232218 -0.972664
vn 0.000000 0.232218 -0.972664
vn -0.190372 0.115201 -0.974929
vn -0.190372 0.115201 -0.974929
vn -0.190372 0.115201 -0.974929
vn -0.190372 0.115201 -0.974929
vn 0.000000 0.232218 -0.972664
vn 0.000000 0.232218 -0.972664
vn 0.000000 0.232218 -0.972664
vn 0.000000 0.232218 -0.972664
vn 0.000000 0.232218 -0.972664
vn 0.000000 0.232218 -0.972664
vn 0.000000 0.232218 -0.972664
vn 0.000000 0.232218 -0.972664
vn 0.190372 0.115201 -0.974929
vn 0.190372 0.115201 -0.974929
vn 0.190372 0.115201 -0.974929
vn 0.190372 0.115201 -0.974929
vn -0.000000 -0.261133 -0.965303
vn -0.000001 -0.261133 -0.965303
vn -0.000001 -0.261133 -0.965303
vn -0.000000 -0.261133 -0.965303
vn -0.998928 0.043868 0.014786
vn -0.999244 0.038701 -0.003755
vn -0.999032 0.043863 0.003399
vn -0.998771 0.047734 0.013315
vn 0.999244 0.038701 -0.003755
vn 0.998928 0.043868 0.014785
vn 0.998771 0.047734 0.013315
vn 0.999032 0.043863 0.003399
vn 0.000001 -0.261133 -0.965303
vn 0.000001 -0.261133 -0.965303
vn -0.999262 0.037743 -0.007186
vn -0.999262 0.037743 -0.007186
vn 0.000000 0.993901 0.110281
vn 0.000000 0.993901 0.110280
vn 0.000000 0.993901 0.110280
vn 0.000000 0.993901 0.110281
vn 0.000000 0.993901 0.110280
vn 0.000000 0.993901 0.110280
vn 0.999262 0.037743 -0.007186
vn 0.999262 0.037743 -0.007186
vn -0.000000 -1.000000 -0.000010
vn -0.000001 -1.000000 -0.000011
vn -0.000001 -1.000000 -0.000011
vn 0.000000 -1.000000 -0.000010
vn -0.996576 0.082678 0.000001
vn -0.996576 0.082678 0.000001
vn -0.000571 1.000000 0.000013
vn -0.000000 1.000000 0.000011
vn -0.000000 1.000000 0.000011
vn -0.000571 1.000000 0.000013
vn 0.000571 1.000000 0.000010
vn 0.000571 1.000000 0.000010
vn 0.996576 0.082678 0.000001
vn 0.996576 0.082678 0.000001
vn 0.000001 -1.000000 -0.000010
vn 0.000001 -1.000000 -0.000010
vn 0.000000 0.000000 0.000000
vn 0.000000 0.000000 0.000000
vn 0.000000 0.000000 0.000000
vn 0.000000 0.000000 0.000000
vn 0.000000 0.000000 0.000000
vn 0.000000 0.000000 0.000000
vn 0.000000 0.000000 0.000000
vn 0.000000 0.000000 0.000000
vn 0.000000 0.000000 0.000000
vn 0.000000 0.000000 0.000000
vn 0.000000 0.000000 0.000000
vn 0.000000 0.000000 0.000000
vn 0.000000 0.000000 0.000000
vn 0.000000 0.000000 0.000000
vn 0.000000 0.000000 0.000000
vn 0.000000 0.000000 0.000000
vn 0.000000 0.000000 0.000000
vn 0.000000 0.000000 0.000000
vn 0.000000 0.000000 0.000000
vn 0.000000 0.000000 0.000000
vn 0.000000 0.000000 0.000000
vn 0.000000 0.000000 0.000000
vn 0.000000 0.000000 0.000000
vn 0.000000 0.000000 0.000000
vn 0.000000 0.000000 0.000000
vn 0.000000 0.000000 0.000000
vn 0.000000 0.000000 0.000000
vn 0.000000 0.000000 0.000000
vn 0.000000 0.000000 0.000000
vn 0.000000 0.000000 0.000000
vn 0.000000 0.000000 0.000000
vn 0.000000 0.000000 0.000000
vn 0.000000 0.000000 0.000000
vn 0.000000 0.000000 0.000000
vn 0.000000 0.000000 0.000000
vn 0.000000 0.000000 0.000000
vn 0.000000 0.000000 0.000000
vn 0.000000 0.000000 0.000000
vn 0.000000 0.000000 0.000000
vn 0.000000 0.000000 0.000000
vn 0.000000 0.000000 0.000000
vn 0.000000 0.000000 0.000000
vn 0.000000 0.000000 0.000000
vn 0.000000 0.000000 0.000000
vn 0.000000 0.000000 0.000000
vn 0.000000 0.000000 0.000000
vn 0.000000 0.000000 0.000000
vn 0.000000 0.000000 0.000000
vn 0.000000 0.000000 0.000000
vn 0.000000 0.000000 0.000000
vn 0.000000 0.000000 0.000000
vn 0.000000 0.000000 0.000000
vn 0.000000 0.000000 0.000000
vn 0.000000 0.000000 0.000000
vn 0.000000 0.000000 0.000000
vn 0.000000 0.000000 0.000000
vn 0.000000 0.000000 0.000000
vn 0.000000 0.000000 0.000000
vn 0.000000 0.000000 0.000000
vn 0.000000 0.000000 0.000000
vn 0.000000 0.000000 0.000000
vn 0.000000 0.000000 0.000000
vn 0.000000 0.000000 0.000000
vn 0.000000 0.000000 0.000000
vn 0.000000 0.000000 0.000000
vn 0.000000 0.000000 0.000000
vn 0.000000 0.000000 0.000000
vn 0.000000 0.000000 0.000000
vn 0.000000 0.000000 0.000000
vn 0.000000 0.000000 0.000000
vn 0.000000 0.000000 0.000000
vn 0.000000 0.000000 0.000000
vn 0.000000 0.000000 0.000000
vn 0.000000 0.000000 0.000000
vn 0.000000 0.000000 0.000000
vn 0.000000 0.000000 0.000000
vn 0.000000 0.000000 0.000000
vn 0.000000 0.000000 0.000000
vn 0.000000 0.000000 0.000000
vn 0.000000 0.000000 0.000000
vn 0.000000 0.000000 0.000000
vn 0.000000 0.000000 0.000000
vn 0.000000 0.000000 0.000000
vn 0.000000 0.000000 0.000000
vn 0.000000 0.000000 0.000000
vn 0.000000 0.000000 0.000000
vn 0.000000 0.000000 0.000000
vn 0.000000 0.000000 0.000000
vn 0.000000 0.000000 0.000000
vn 0.000000 0.000000 0.000000
vn 0.000000 0.000000 0.000000
vn 0.000000 0.000000 0.000000
vn 0.000000 0.000000 0.000000
vn 0.000000 0.000000 0.000000
vn 0.000000 0.000000 0.000000
vn 0.000000 0.000000 0.000000
vn 0.000000 0.000000 0.000000
vn 0.000000 0.000000 0.000000
vn 0.000000 0.000000 0.000000
vn 0.000000 0.000000 0.000000
vn 0.000000 0.000000 0.000000
vn 0.000000 0.000000 0.000000
vn 0.000000 0.000000 0.000000
vn 0.000000 0.000000 0.000000
vn 0.000000 0.000000 0.000000
vn 0.000000 0.000000 0.000000
vn 0.000000 0.000000 0.000000
vn 0.000000 0.000000 0.000000
vn 0.000000 0.000000 0.000000
vn 0.000000 0.000000 0.000000
vn 0.000000 0.000000 0.000000
vn 0.000000 0.000000 0.000000
vn 0.000000 0.000000 0.000000
vn 0.000000 0.000000 0.000000
vn 0.000000 0.000000 0.000000
vn 0.000000 0.000000 0.000000
vn 0.000000 0.000000 0.000000
vn 0.000000 0.000000 0.000000
vn 0.000000 0.000000 0.000000
vn 0.000000 0.000000 0.000000
vn 0.000000 0.000000 0.000000
vn 0.000000 0.000000 0.000000
vn 0.000000 0.000000 0.000000
vn 0.000000 0.000000 0.000000
vn 0.000000 0.000000 0.000000
vn 0.000000 0.000000 0.000000
vn 0.000000 0.000000 0.000000
vn 0.000000 0.000000 0.000000
s 1
g group1 polySurface2
usemtl lambert1SG
f 467/575/1637 465/573/1638 466/574/1639 609/717/1640
f 469/577/1641 470/578/1642 468/576/1643 649/761/1644
f 470/578/1642 469/577/1641 471/579/1645 2602/2850/1646
f 472/580/1647 523/631/1648 522/630/1649 2512/2757/1650 2535/2781/1651 2513/2758/1652 473/581/1653 474/582/1654 499/607/1655 498/606/1656 585/693/1657 565/673/1658 600/708/1659 702/817/1660 687/800/1661 659/771/1662 653/765/1663 568/676/1664
f 482/590/1665 480/588/1666 481/589/1667 2514/2759/1668
f 484/592/1669 465/573/1638 483/591/1670 491/599/1671
f 487/595/1672 485/593/1673 486/594/1674 508/616/1675
f 490/598/1676 488/596/1677 489/597/1678 2552/2798/1679
f 494/602/1680 492/600/1681 493/601/1682 549/657/1683
f 501/609/1684 495/603/1685 2520/2765/1686 2530/2776/1687 2507/2751/1688 496/604/1689 497/605/1690 588/696/1691 593/701/1692 632/744/1693 665/777/1694 689/802/1695 720/835/1696 644/756/1697 587/695/1698 517/625/1699 518/626/1700 520/628/1701
f 503/611/1702 481/589/1667 480/588/1666 502/610/1703 504/612/1704 506/614/1705
f 508/616/1675 486/594/1674 507/615/1706 602/710/1707
f 505/613/1708 509/617/1709 531/639/1710 510/618/1711 506/614/1705 504/612/1704
f 511/619/1712 512/620/1713 513/621/1714 514/622/1715
f 501/609/1684 520/628/1701 518/626/1700 517/625/1699 587/695/1698 644/756/1697 529/637/1716 586/694/1717 515/623/1718 516/624/1719 519/627/1720 2510/2755/1721 2550/2796/1722 2577/2824/1723 2596/2844/1724 2530/2776/1687 2520/2765/1686 495/603/1685
f 639/751/1725 597/705/1726 521/629/1727 476/584/1728 2512/2757/1650 522/630/1649 523/631/1648 472/580/1647 568/676/1664 653/765/1663 659/771/1662 687/800/1661 702/817/1660 749/864/1729 728/843/1730 713/828/1731 691/804/1732 660/772/1733
f 526/634/1734 524/632/1735 525/633/1736 2534/2780/1737
f 528/636/1738 2508/2753/1739 529/637/1716 527/635/1740 583/691/1741 584/692/1742
f 588/696/1691 497/605/1690 496/604/1689 2507/2751/1688 532/640/1743 533/641/1744 590/698/1745 634/746/1746 683/796/1747 703/818/1748 721/836/1749 742/857/1750 751/866/1751 720/835/1696 689/802/1695 665/777/1694 632/744/1693 593/701/1692
f 535/643/1752 491/599/1671 534/642/1753 577/685/1754
f 536/644/1755 537/645/1756 578/686/1757 538/646/1758 595/703/1759 594/702/1760
f 540/648/1761 539/647/1762 485/593/1673 487/595/1672
f 666/779/1763 625/736/1764 558/666/1765 475/583/1766 476/584/1728 521/629/1727 597/705/1726 639/751/1725 660/772/1733 691/804/1732 713/828/1731 728/843/1730 749/864/1729 773/890/1767 753/868/1768 735/850/1769 714/829/1770 694/807/1771
f 541/649/1772 477/585/1773 479/587/1774 589/697/1775
f 514/622/1715 543/651/1776 542/650/1777 630/742/1778
f 545/653/1779 547/655/1780 598/706/1781 548/656/1782 546/654/1783 544/652/1784
f 552/660/1785 550/658/1786 551/659/1787 651/2772/1788
f 554/662/1789 553/661/1790 542/650/1777 2518/2763/1791
f 556/664/1792 557/665/1793 555/663/1794 623/734/1795
f 634/746/1746 590/698/1745 533/641/1744 532/640/1743 475/583/1766 558/666/1765 625/736/1764 666/779/1763 694/807/1771 714/829/1770 735/850/1769 753/868/1768 773/890/1767 751/866/1751 742/857/1750 721/836/1749 703/818/1748 683/796/1747
f 561/669/1796 559/667/1797 560/668/1798 2592/2840/1799
f 564/672/1800 562/670/1801 563/671/1802 2538/2784/1803
f 571/679/1804 569/677/1805 570/678/1806 574/682/1807
f 574/682/1807 572/680/1808 573/681/1809 571/679/1804
f 564/672/1800 576/684/1810 575/683/1811 686/799/1812
f 530/638/1813 578/686/1757 537/645/1756 579/687/1814 531/639/1710 509/617/1709
f 581/689/1815 582/690/1816 580/688/1817 627/738/1818
f 583/691/1741 541/649/1772 589/697/1775 584/692/1742
f 591/699/1819 544/652/1784 546/654/1783 592/700/1820 631/743/1821 605/713/1822
f 563/671/1802 562/670/1801 553/661/1790 554/662/1789
f 488/596/1677 490/598/1676 596/704/1823 674/787/1824
f 599/707/1825 555/663/1794 557/665/1793 2501/2745/1826
f 488/596/1677 602/710/1707 507/615/1706 489/597/1678
f 604/712/1827 511/619/1712 603/711/1828 599/707/1825
f 606/714/1829 539/647/1762 540/648/1761 707/822/1830
f 582/690/1816 581/689/1815 607/715/1831 2523/2768/1832
f 609/717/1640 549/657/1683 608/716/1833 467/575/1637
f 610/718/1834 611/719/1835 524/632/1735 526/634/1734
f 612/720/1836 613/721/1837 525/633/1736 678/791/1838
f 569/724/1805 614/722/1839 615/723/1840 570/778/1806
f 616/726/1841 560/727/1798 559/725/1797 736/851/1842
f 471/579/1645 617/728/1843 561/669/1796 2561/2808/1844
f 618/729/1845 619/730/1846 620/731/1847 621/732/1848
f 622/733/1849 594/702/1760 595/703/1759 636/748/1850
f 624/735/1851 556/664/1792 623/734/1795 664/776/1852
f 695/808/1853 627/738/1818 580/688/1817 626/737/1854 605/713/1822 631/743/1821
f 628/739/1855 600/708/1659 601/709/1856 629/740/1857 637/749/1858 638/750/1859
f 613/721/1837 612/720/1836 596/741/1823 2506/2752/1860
f 511/619/1712 514/622/1715 630/742/1778 603/711/1828
f 465/573/1638 467/575/1637 633/745/1861 483/591/1670
f 491/599/1671 483/591/1670 635/747/1862 534/642/1753
f 637/749/1858 622/733/1849 636/748/1850 638/750/1859
f 614/722/1839 577/685/1754 640/752/1863 615/723/1840
f 642/754/1864 607/715/1831 641/753/1865 575/683/1811
f 478/586/1866 477/585/1773 670/783/1867 643/755/1868 598/706/1781 547/655/1780
f 647/759/1869 645/757/1870 646/758/1871 656/768/1872
f 649/761/1644 468/576/1643 648/760/1873 679/792/1874
f 652/764/1875 650/762/1876 651/763/1788 551/814/1787
f 616/726/1841 654/766/1877 655/767/1878 2557/2804/1879
f 630/742/1778 542/650/1777 553/661/1790 698/811/1880
f 658/770/1881 645/757/1870 657/769/1882 673/786/1883
f 662/774/1884 663/775/1885 661/773/1886 671/784/1887
f 555/663/1794 599/707/1825 603/711/1828 699/813/1888
f 482/590/1665 624/735/1851 664/776/1852 688/801/1889
f 617/728/1843 471/579/1645 469/577/1641 750/865/1890
f 577/685/1754 534/642/1753 667/780/1891 640/752/1863
f 668/781/1892 682/795/1893 583/691/1741 527/635/1740 529/637/1716 644/756/1697
f 492/600/1681 656/768/1872 669/782/1894 493/601/1682
f 670/783/1867 477/585/1773 541/649/1772 708/823/1895
f 672/785/1896 671/784/1887 661/773/1886 2500/2744/1897
f 677/790/1898 675/788/1899 676/789/1900 2539/2785/1901
f 678/791/1838 525/633/1736 524/632/1735 729/844/1902
f 679/792/1874 648/760/1873 663/775/1885 662/774/1884
f 681/794/1903 572/680/1808 680/793/1904 710/825/1905
f 541/649/1772 583/691/1741 682/795/1893 708/823/1895
f 530/638/1813 509/617/1709 685/798/1906 684/797/1907 693/806/1908 578/686/1757
f 559/667/1797 561/669/1796 617/728/1843 763/880/1909
f 480/588/1666 482/590/1665 688/801/1889 697/810/1910
f 562/670/1801 564/672/1800 686/799/1812 731/846/1911
f 505/613/1708 504/612/1704 696/809/1912 690/803/1913 685/798/1906 509/617/1709
f 549/657/1683 493/601/1682 692/805/1914 608/716/1833
f 602/710/1707 488/596/1677 674/787/1824 719/834/1915
f 727/842/1916 696/809/1912 504/612/1704 502/610/1703 480/588/1666 697/810/1910
f 698/811/1880 553/661/1790 562/670/1801 731/846/1911
f 674/812/1824 596/741/1823 612/720/1836 741/856/1917
f 641/753/1865 607/715/1831 581/689/1815 738/853/1918
f 700/815/1919 635/747/1862 483/591/1670 633/745/1861
f 534/642/1753 635/747/1862 701/816/1920 667/780/1891
f 603/711/1828 630/742/1778 698/811/1880 699/813/1888
f 704/819/1921 550/658/1786 676/789/1900 675/788/1899
f 538/646/1758 578/686/1757 693/806/1908 705/820/1922 716/831/1923 595/703/1759
f 467/575/1637 608/716/1833 706/821/1924 633/745/1861
f 672/785/1896 606/714/1829 707/822/1830 766/883/1925
f 623/734/1795 555/663/1794 699/813/1888 737/852/1926
f 709/824/1927 621/732/1848 655/767/1878 654/766/1877
f 610/718/1834 681/794/1903 710/825/1905 611/719/1835
f 548/656/1782 598/706/1781 718/833/1928 711/826/1929 715/830/1930 546/654/1783
f 572/680/1808 574/682/1807 712/827/1931 680/793/1904
f 717/832/1932 702/817/1660 600/708/1659 628/739/1855 638/750/1859 722/837/1933
f 686/799/1812 575/683/1811 641/753/1865 759/874/1934
f 508/616/1675 602/710/1707 719/834/1915 756/871/1935
f 636/748/1850 595/703/1759 716/831/1923 725/840/1936
f 723/838/1937 673/786/1883 650/762/1876 652/764/1875
f 574/682/1807 570/678/1806 724/839/1938 712/827/1931
f 638/750/1859 636/748/1850 725/840/1936 722/837/1933
f 592/700/1820 546/654/1783 715/830/1930 726/841/1939 769/886/1940 631/743/1821
f 615/723/1840 640/752/1863 730/845/1941 732/847/1942
f 570/778/1806 615/723/1840 732/847/1942 724/875/1938
f 640/752/1863 667/780/1891 733/848/1943 730/845/1941
f 643/755/1868 670/783/1867 744/859/1944 734/849/1945 718/833/1928 598/706/1781
f 738/853/1918 581/689/1815 627/738/1818 754/869/1946
f 664/776/1852 623/734/1795 737/852/1926 760/877/1947
f 739/854/1948 701/816/1920 635/747/1862 700/815/1919
f 740/855/1949 746/861/1950 682/795/1893 668/781/1892 644/756/1697 720/835/1696
f 737/852/1926 699/813/1888 698/811/1880 731/846/1911
f 741/856/1917 612/720/1836 678/791/1838 781/898/1951
f 667/780/1891 701/816/1920 743/858/1952 733/848/1943
f 744/859/1944 670/783/1867 708/823/1895 765/882/1953
f 654/766/1877 616/726/1841 736/851/1842 829/948/1954
f 669/782/1894 656/768/1872 745/860/1955 797/915/1956
f 708/823/1895 682/795/1893 746/861/1950 765/882/1953
f 747/862/1957 700/815/1919 633/745/1861 706/821/1924
f 745/860/1955 656/768/1872 646/758/1871 805/923/1958
f 493/601/1682 669/782/1894 748/863/1959 692/805/1914
f 752/867/1960 646/758/1871 645/757/1870 658/770/1881
f 608/716/1833 692/805/1914 755/870/1961 706/821/1924
f 750/865/1890 469/577/1641 649/761/1644 812/931/1962
f 684/797/1907 685/798/1906 762/879/1963 757/872/1964 761/878/1965 693/806/1908
f 695/808/1853 631/743/1821 769/886/1940 758/873/1966 754/869/1946 627/738/1818
f 719/876/1915 674/812/1824 741/856/1917 796/914/1967
f 688/801/1889 664/776/1852 760/877/1947 779/896/1968
f 705/820/1922 693/806/1908 761/878/1965 783/900/1969 775/892/1970 716/831/1923
f 764/881/1971 749/864/1729 702/817/1660 717/832/1932 722/837/1933 782/899/1972
f 671/784/1887 672/785/1896 766/883/1925 833/952/1973 839/958/1974 840/959/1975
f 768/885/1976 551/659/1787 550/658/1786 704/819/1921
f 740/855/1949 720/835/1696 751/866/1751 770/887/1977 793/910/1978 746/861/1950
f 771/888/1979 791/908/1980 715/830/1930 711/826/1929 718/833/1928 767/884/1981
f 701/816/1920 739/854/1948 772/889/1982 743/858/1952
f 774/891/1983 540/648/1761 487/595/1672 835/954/1984 901/1029/1985
f 690/803/1913 696/809/1912 787/904/1986 776/893/1987 762/879/1963 685/798/1906
f 675/788/1899 677/790/1898 777/894/1988 854/976/1989
f 778/895/1990 767/884/1981 718/833/1928 734/849/1945 744/859/1944 794/911/1991
f 697/810/1910 688/801/1889 779/896/1968 789/906/1992
f 780/897/1993 731/846/1911 686/799/1812 759/874/1934
f 781/898/1951 678/791/1838 729/844/1902 826/945/1994
f 782/899/1972 722/837/1933 725/840/1936 785/902/1995
f 784/901/1996 739/854/1948 700/815/1919 747/862/1957
f 785/902/1995 725/840/1936 716/831/1923 775/892/1970
f 786/903/1997 658/770/1881 673/786/1883 723/838/1937
f 815/934/1998 787/904/1986 696/809/1912 727/842/1916 697/810/1910 789/906/1992
f 641/753/1865 738/853/1918 788/905/1999 759/874/1934
f 733/848/1943 743/858/1952 790/907/2000 795/912/2001
f 737/852/1926 731/846/1911 780/897/1993 760/877/1947
f 726/841/1939 715/830/1930 791/908/1980 813/932/2002 820/939/2003 769/886/1940
f 710/825/1905 680/793/1904 792/909/2004 817/936/2005
f 730/845/1941 733/848/1943 795/912/2001 802/920/2006
f 798/916/2007 773/890/1767 749/864/1729 764/881/1971 782/899/1972 819/938/2008
f 736/851/1842 559/725/1797 763/913/1909 858/980/2009
f 770/887/1977 751/866/1751 773/890/1767 798/916/2007 819/938/2008 793/910/1978
f 748/863/1959 669/782/1894 797/915/1956 841/960/2010
f 744/859/1944 765/882/1953 799/917/2011 794/911/1991
f 799/917/2011 765/882/1953 746/861/1950 793/910/1978
f 800/918/2012 618/729/1845 621/732/1848 709/824/1927
f 763/880/1909 617/728/1843 750/865/1890 860/982/2013
f 801/919/2014 803/921/2015 761/878/1965 757/872/1964 762/879/1963 807/926/2016
f 732/847/1942 730/845/1941 802/920/2006 818/937/2017
f 804/922/2018 747/862/1957 706/821/1924 755/870/1961
f 806/924/2019 756/925/1935 808/927/2020
f 743/858/1952 772/889/1982 809/928/2021 790/907/2000
f 801/919/2014 807/926/2016 791/908/1980 771/888/1979 767/884/1981 803/921/2015
f 680/793/1904 712/827/1931 810/929/2022 792/909/2004
f 811/930/2023 803/921/2015 767/884/1981 778/895/1990 794/911/1991 823/942/2024
f 812/931/1962 649/761/1644 679/792/1874 837/956/2025
f 811/930/2023 823/942/2024 775/892/1970 783/900/1969 761/878/1965 803/921/2015
f 814/933/2026 755/870/1961 692/805/1914 748/863/1959
f 816/935/2027 772/889/1982 739/854/1948 784/901/1996
f 805/923/1958 646/758/1871 752/867/1960 859/981/2028
f 779/896/1968 760/877/1947 780/897/1993 828/947/2029
f 724/875/1938 732/847/1942 818/937/2017 824/963/2030
f 834/953/2031 807/926/2016 762/879/1963 776/893/1987 787/904/1986 843/962/2032
f 738/853/1918 754/869/1946 821/940/2033 788/905/1999
f 618/729/1845 777/894/1988 677/790/1898 619/730/1846
f 662/774/1884 671/784/1887 840/959/1975 822/941/2034 862/984/2035 865/987/2036
f 819/938/2008 782/899/1972 785/902/1995 825/944/2037
f 712/827/1931 724/839/1938 824/943/2030 810/929/2022
f 825/944/2037 785/902/1995 775/892/1970 823/942/2024
f 827/946/2038 652/764/1875 551/814/1787 768/973/1976
f 828/947/2029 780/897/1993 759/874/1934 788/905/1999
f 825/944/2037 799/917/2011 793/910/1978 819/938/2008
f 813/932/2002 791/908/1980 807/926/2016 834/953/2031 843/962/2032 820/939/2003
f 794/911/1991 799/917/2011 825/944/2037 823/942/2024
f 830/949/2039 821/940/2033 754/869/1946 758/873/1966 769/886/1940 820/939/2003
f 741/856/1917 781/898/1951 831/950/2040 796/914/1967
f 611/719/1835 832/951/2041 729/844/1902 524/632/1735
f 835/954/1984 487/595/1672 508/616/1675 756/871/1935 806/989/2019
f 795/912/2001 790/907/2000 836/955/2042 845/965/2043
f 837/956/2025 679/792/1874 662/774/1884 865/987/2036
f 789/906/1992 779/896/1968 828/947/2029 847/967/2044
f 709/824/1927 654/766/1877 829/948/1954 889/1015/2045
f 838/957/2046 784/901/1996 747/862/1957 804/922/2018
f 842/961/2047 809/928/2021 772/889/1982 816/935/2027
f 853/975/2048 843/962/2032 787/904/1986 815/934/1998 789/906/1992 847/967/2044
f 844/964/2049 752/867/1960 658/770/1881 786/903/1997
f 802/920/2006 795/912/2001 845/965/2043 861/983/2050
f 790/907/2000 809/928/2021 846/966/2051 836/955/2042
f 797/915/1956 745/860/1955 848/968/2052 863/985/2053
f 849/969/2054 796/914/1967 831/950/2040 871/994/2055
f 847/967/2044 828/947/2029 788/905/1999 821/940/2033
s 26
f 3932/970/2056 3933/4212/2057 3934/4213/2058 3935/4214/2059
s 1
f 814/933/2026 748/863/1959 841/960/2010 877/1000/2060
f 848/968/2052 745/860/1955 805/923/1958 881/1005/2061
f 777/894/1988 618/729/1845 800/918/2012 902/1030/2062
f 855/977/2063 804/922/2018 755/870/1961 814/933/2026
f 856/978/2064 723/838/1937 652/764/1875 827/946/2038
f 857/979/2065 816/935/2027 784/901/1996 838/957/2046
f 830/949/2039 820/939/2003 843/962/2032 853/975/2048 847/967/2044 821/940/2033
f 818/937/2017 802/920/2006 861/983/2050 880/1004/2066
f 841/960/2010 797/915/1956 863/985/2053 890/1016/2067
f 864/986/2068 704/819/1921 675/788/1899 854/976/1989
f 866/988/2069 846/966/2051 809/928/2021 842/961/2047
f 611/719/1835 710/825/1905 817/936/2005 832/951/2041
f 860/982/2013 750/865/1890 812/931/1962 903/1031/2070
s 26
f 868/991/2071 851/972/2072 867/990/2073 898/1026/2074
s 1
f 817/936/2005 792/909/2004 869/992/2075 886/1011/2076
f 870/993/2077 845/965/2043 836/955/2042 846/966/2051
f 871/994/2055 831/950/2040 872/995/2078
f 829/948/1954 736/851/1842 858/980/2009 914/1043/2079
s 26
f 3936/4215/2080 3933/4212/2057 3932/970/2056 3937/4216/2081
s 1
f 707/822/1830 874/997/2082 875/998/2083 852/974/2084 766/883/1925
f 852/974/2084 833/952/1973 766/883/1925
f 876/999/2085 842/961/2047 816/935/2027 857/979/2065
s off
f 879/1003/2086 878/1001/2087 839/1002/2088 833/1010/2089 852/1022/2090 875/1038/2091 907/1045/2092
s 1
f 859/981/2028 752/867/1960 844/964/2049 908/1036/2093
f 824/963/2030 818/937/2017 880/1004/2066 888/1025/2094
f 882/1006/2095 838/957/2046 804/922/2018 855/977/2063
f 883/1007/2096 786/903/1997 723/838/1937 856/978/2064
f 884/1008/2097 826/945/1994 932/1062/2098 1001/1135/2099
f 881/1005/2061 805/923/1958 859/981/2028 911/1040/2100
f 792/909/2004 810/929/2022 885/1009/2101 869/992/2075
f 858/980/2009 763/913/1909 860/1012/2013 923/1053/2102
f 874/997/2082 887/1013/2103 1426/1599/2104 941/1072/2105 917/1047/2106
f 810/929/2022 824/943/2030 888/1014/2094 885/1009/2101
f 893/1019/2107 861/983/2050 845/965/2043 870/993/2077
f 877/1000/2060 841/960/2010 890/1016/2067 915/1044/2108
f 894/1020/2109 855/977/2063 814/933/2026 877/1000/2060
f 895/1021/2110 857/979/2065 838/957/2046 882/1006/2095
f 846/966/2051 866/988/2069 896/1023/2111 870/993/2077
f 897/1024/2112 866/988/2069 842/961/2047 876/999/2085
f 899/1027/2113 768/885/1976 704/819/1921 864/986/2068
f 863/985/2053 848/968/2052 900/1028/2114 909/1037/2115
f 707/822/1830 540/648/1761 774/891/1983 887/1013/2103 874/997/2082
f 880/1004/2066 861/983/2050 893/1019/2107 924/1054/2116
f 854/976/1989 777/894/1988 902/1030/2062 947/1080/2117
f 900/1028/2114 848/968/2052 881/1005/2061 927/1057/2118
f 903/1031/2070 812/931/1962 837/956/2025 922/1052/2119
f 904/1032/2120 844/964/2049 786/903/1997 883/1007/2096
f 937/1067/2121 865/987/2036 862/984/2035 905/1033/2122 958/1091/2123
s 27
f 878/1001/2124 879/1003/2125 906/1034/2126 892/1018/2127 891/1017/2128
s 1
f 907/1035/2129 875/998/2083 874/997/2082 917/1047/2106 945/1078/2130
f 890/1016/2067 863/985/2053 909/1037/2115 930/1060/2131
f 886/1011/2076 910/1039/2132 1273/1434/2133 1001/1135/2099 932/1062/2098
s 27
f 912/1041/2134 891/1017/2128 892/1018/2127 956/1089/2135 978/1112/2136
s 1
f 913/1042/2137 876/999/2085 857/979/2065 895/1021/2110
f 916/1046/2138 882/1006/2095 855/977/2063 894/1020/2109
f 918/1048/2139 827/946/2038 768/973/1976 899/1073/2113
f 719/876/1915 796/914/1967 849/969/2054 998/1132/2140 808/927/2020 756/925/1935
s 28
f 919/1049/2141 920/1050/2142 921/1051/2143
s 1
f 911/1040/2100 859/981/2028 908/1036/2093 952/1085/2144
f 922/1052/2119 837/956/2025 865/987/2036 937/1067/2121
f 889/1015/2045 829/948/1954 914/1043/2079 964/1097/2145
f 888/1025/2094 880/1004/2066 924/1054/2116 936/1075/2146
s 28
f 925/1055/2147 919/1049/2141 921/1051/2143
s 1
f 926/1056/2148 893/1019/2107 870/993/2077 896/1023/2111
s 26
f 868/991/2071 898/1026/2074 928/1058/2149 963/1096/2150
s 1
f 929/1059/2151 896/1023/2111 866/988/2069 897/1024/2112
f 931/1061/2152 894/1020/2109 877/1000/2060 915/1044/2108
f 927/1057/2118 881/1005/2061 911/1040/2100 955/1088/2153
f 915/1044/2108 890/1016/2067 930/1060/2131 949/1082/2154
f 832/951/2041 932/1062/2098 826/945/1994 729/844/1902
f 933/1063/2155 895/1021/2110 882/1006/2095 916/1046/2138
f 869/992/2075 934/1064/2156 910/1039/2132 886/1011/2076
f 935/1065/2157 856/978/2064 827/946/2038 918/1048/2139
f 885/1009/2101 888/1014/2094 936/1066/2146 950/1083/2158
f 938/1068/2159 897/1024/2112 876/999/2085 913/1042/2137
f 923/1053/2102 860/1012/2013 903/1069/2070 969/1102/2160
f 939/1070/2161 908/1036/2093 844/964/2049 904/1032/2120
f 914/1043/2079 858/980/2009 923/1053/2102 975/1109/2162
f 909/1037/2115 900/1028/2114 940/1071/2163 946/1079/2164
f 917/1047/2106 941/1072/2105 1169/1322/2165 980/1114/2166
f 942/1074/2167 883/1007/2096 856/978/2064 935/1065/2157
s 26
f 944/1077/2168 873/996/2169 943/1076/2170 986/1120/2171
s 1
f 930/1060/2131 909/1037/2115 946/1079/2164 961/1094/2172
f 948/1081/2173 913/1042/2137 895/1021/2110 933/1063/2155
f 951/1084/2174 916/1046/2138 894/1020/2109 931/1061/2152
f 900/1028/2114 927/1057/2118 953/1086/2175 940/1071/2163
f 954/1087/2176 924/1054/2116 893/1019/2107 926/1056/2148
f 931/1061/2152 915/1044/2108 949/1082/2154 972/1106/2177
s 27
f 995/1129/2178 906/1034/2126 879/1003/2125 957/1090/2179 1031/1168/2180
s 1
f 959/1092/2181 864/986/2068 854/976/1989 947/1080/2117
f 960/1093/2182 904/1032/2120 883/1007/2096 942/1074/2167
f 962/1095/2183 926/1056/2148 896/1023/2111 929/1059/2151
f 832/951/2041 817/936/2005 886/1011/2076 932/1062/2098
f 949/1082/2154 930/1060/2131 961/1094/2172 976/1110/2184
f 955/1088/2153 911/1040/2100 952/1085/2144 994/1128/2185
f 952/1085/2144 908/1036/2093 939/1070/2161 993/1127/2186
f 965/1098/2187 929/1059/2151 897/1024/2112 938/1068/2159
f 966/1099/2188 950/1083/2158 970/1103/2189
f 936/1075/2146 924/1054/2116 954/1087/2176 1274/1436/2190 984/1435/2191
f 967/1100/2192 933/1063/2155 916/1046/2138 951/1084/2174
s 27
f 956/1089/2135 892/1018/2127 906/1034/2126 995/1129/2178
s 1
f 946/1079/2164 940/1071/2163 968/1101/2193 971/1104/2194
f 781/898/1951 826/945/1994 884/1008/2097 1121/1272/2195 872/995/2078 831/950/2040
s 26
f 3932/970/2056 3935/4214/2059 3938/4217/2196 3939/4218/2197
s 1
f 961/1094/2172 946/1079/2164 971/1104/2194 982/1116/2198
f 969/1102/2160 903/1069/2070 922/1105/2119 989/1123/2199
f 973/1107/2200 945/1078/2130 917/1047/2106 980/1114/2166 1011/1145/2201
f 974/1108/2202 938/1068/2159 913/1042/2137 948/1081/2173
f 927/1057/2118 955/1088/2153 977/1111/2203 953/1086/2175
f 940/1071/2163 953/1086/2175 979/1113/2204 968/1101/2193
f 981/1115/2205 939/1070/2161 904/1032/2120 960/1093/2182
f 983/1117/2206 951/1084/2174 931/1061/2152 972/1106/2177
f 936/1066/2146 984/1118/2191 970/1103/2189 950/1083/2158
f 985/1119/2207 899/1027/2113 864/986/2068 959/1092/2181
f 972/1106/2177 949/1082/2154 976/1110/2184 1003/1137/2208
f 987/1121/2209 948/1081/2173 933/1063/2155 967/1100/2192
f 976/1110/2184 961/1094/2172 982/1116/2198 1004/1138/2210
f 971/1104/2194 968/1101/2193 988/1122/2211 990/1124/2212
s 29
f 4045/4302/2213 4044/4303/2214 4046/4304/2215 4047/4305/2216
s 1
f 989/1123/2199 922/1105/2119 937/1067/2121 991/1125/2217
f 982/1116/2198 971/1104/2194 990/1124/2212 1005/1139/2218
f 991/1125/2217 937/1067/2121 958/1091/2123 1014/1150/2219
f 975/1109/2162 923/1053/2102 969/1102/2160 1032/1169/2220
f 992/1126/2221 954/1087/2176 926/1056/2148 962/1095/2183
f 996/1130/2222 918/1048/2139 899/1073/2113 985/1165/2207
f 997/1131/2223 942/1074/2167 935/1065/2157 999/1133/2224
f 999/1133/2224 935/1065/2157 918/1048/2139 996/1130/2222
f 1000/1134/2225 988/1122/2211 968/1101/2193 979/1113/2204
f 1002/1136/2226 962/1095/2183 929/1059/2151 965/1098/2187
f 1006/1140/2227 960/1093/2182 942/1074/2167 997/1131/2223
f 1007/1141/2228 967/1100/2192 951/1084/2174 983/1117/2206
f 1008/1142/2229 947/1080/2117 902/1030/2062 1022/1158/2230
f 990/1124/2212 988/1122/2211 1009/1143/2231 1013/1149/2232
f 977/1111/2203 955/1088/2153 994/1128/2185 1040/1177/2233
f 1010/1144/2234 979/1113/2204 953/1086/2175 977/1111/2203
f 993/1127/2186 939/1070/2161 981/1115/2205 1039/1176/2235
f 994/1128/2185 952/1085/2144 993/1127/2186 1043/1181/2236
f 1004/1138/2210 982/1116/2198 1005/1139/2218 1028/1164/2237
f 965/1098/2187 938/1068/2159 1012/1146/2238 1049/1187/2239
f 1012/1146/2238 938/1068/2159 974/1108/2202 1044/1182/2240
s off
f 1031/1168/2241 957/1090/2242 973/1147/2243 1011/1148/2244 1046/1194/2245 1065/1206/2246
s 1
f 1005/1139/2218 990/1124/2212 1013/1149/2232 1026/1162/2247
f 1003/1137/2208 976/1110/2184 1004/1138/2210 1033/1170/2248
f 1015/1151/2249 974/1108/2202 948/1081/2173 987/1121/2209
f 1016/1152/2250 1017/1153/2251 1018/1154/2252
f 981/1115/2205 960/1093/2182 1006/1140/2227 1041/1179/2253
f 1020/1156/2254 1009/1143/2231 988/1122/2211 1000/1134/2225
f 1021/1157/2255 983/1117/2206 972/1106/2177 1003/1137/2208
f 1046/1184/2256 1011/1145/2201 980/1114/2166 1023/1159/2257 1066/1207/2258
s 26
f 1024/1160/2259 986/1120/2171 943/1076/2170 1025/1161/2260
f 3940/4219/2261 3937/4216/2081 3932/970/2056 3939/4218/2197
s 1
f 1013/1149/2232 1009/1143/2231 1027/1163/2262 1035/1172/2263
f 1029/1166/2264 1000/1134/2225 979/1113/2204 1010/1144/2234
f 1030/1167/2265 987/1121/2209 967/1100/2192 1007/1141/2228
f 1028/1164/2237 1005/1139/2218 1026/1162/2247 1048/1186/2266
f 1026/1162/2247 1013/1149/2232 1035/1172/2263 1047/1185/2267
s 27
f 1036/1173/2268 978/1112/2136 956/1089/2135 995/1129/2178 1031/1168/2180
s 1
f 1037/1174/2269 1027/1163/2262 1009/1143/2231 1020/1156/2254
f 1061/1201/2270 991/1125/2217 1014/1150/2219 1038/1175/2271 1055/1204/2272 1068/1209/2273
f 1033/1170/2248 1004/1138/2210 1028/1164/2237 1056/1195/2274
s 29
f 4049/4306/2275 4048/4307/2276 4050/4308/2277 4051/1200/2278
s 32
f 1063/1203/2279 1055/1193/2280 1038/1178/2281 978/1112/2282 1036/1173/2283 1072/1214/2284
s 1
f 1021/1157/2255 1003/1137/2208 1033/1170/2248 1060/1199/2285
f 1042/1180/2286 1020/1156/2254 1000/1134/2225 1029/1166/2264
f 1044/1182/2240 974/1108/2202 1015/1151/2249 1073/1215/2287
f 1045/1183/2288 1007/1141/2228 983/1117/2206 1021/1157/2255
f 1050/1188/2289 992/1126/2221 1051/1189/2290
f 1002/1136/2226 965/1098/2187 1049/1187/2239 1085/1232/2291
f 1052/1190/2292 959/1092/2181 947/1080/2117 1008/1142/2229
f 1039/1176/2235 981/1115/2205 1041/1179/2253 1074/1216/2293
f 1053/1191/2294 1035/1172/2263 1027/1163/2262 1037/1174/2269
f 1054/1192/2295 1010/1144/2234 977/1111/2203 1040/1177/2233
f 1048/1186/2266 1026/1162/2247 1047/1185/2267 1070/1212/2296
s 29
f 4047/4305/2216 4046/4304/2215 4049/4306/2275 4052/4309/2297
s 1
f 1043/1181/2236 993/1127/2186 1039/1176/2235 1084/1231/2298
f 1006/1140/2227 997/1131/2223 1057/1196/2299 1062/1202/2300
f 1056/1195/2274 1028/1164/2237 1048/1186/2266 1076/1218/2301
f 1040/1177/2233 994/1128/2185 1043/1181/2236 1090/1238/2302
f 1058/1197/2303 1015/1151/2249 987/1121/2209 1030/1167/2265
f 1059/1198/2304 1037/1174/2269 1020/1156/2254 1042/1180/2286
f 1057/1196/2299 997/1131/2223 999/1133/2224 1075/1217/2305
s 29
f 4051/1200/2278 4050/4308/2277 4053/4310/2306 4054/4311/2307
s 1
f 1041/1179/2253 1006/1140/2227 1062/1202/2300 1080/1227/2308
f 1064/1205/2309 1047/1185/2267 1035/1172/2263 1053/1191/2294
f 1060/1199/2285 1033/1170/2248 1056/1195/2274 1082/1229/2310
f 1067/1208/2311 1029/1166/2264 1010/1144/2234 1054/1192/2295
f 1045/1183/2288 1021/1157/2255 1060/1199/2285 1086/1233/2312
f 1068/1209/2273 1055/1204/2272 1063/1210/2313
f 1069/1211/2314 800/918/2012 709/824/1927 889/1015/2045
f 1071/1213/2315 1030/1167/2265 1007/1141/2228 1045/1183/2288
f 1075/1217/2305 999/1133/2224 996/1130/2222 1083/1230/2316
f 1077/1220/2317 1053/1191/2294 1037/1174/2269 1059/1198/2304
f 1078/1222/2318 985/1119/2207 959/1092/2181 1052/1190/2292
s 33
f 920/1223/2319 925/1224/2320 921/1225/2321
s 1
f 1079/1226/2322 1012/1146/2238 1044/1182/2240 1093/1241/2323
f 1076/1218/2301 1048/1186/2266 1070/1212/2296 1096/1244/2324
f 1081/1228/2325 1042/1180/2286 1029/1166/2264 1067/1208/2311
f 1049/1187/2239 1012/1146/2238 1079/1226/2322 1106/1255/2326
f 1083/1230/2316 996/1130/2222 985/1165/2207 1078/1251/2318
f 1073/1215/2287 1015/1151/2249 1058/1197/2303 1103/1252/2327
f 1074/1216/2293 1041/1179/2253 1080/1227/2308 1100/1248/2328
f 1082/1229/2310 1056/1195/2274 1076/1218/2301 1099/1247/2329
f 1087/1234/2330 1070/1212/2296 1047/1185/2267 1064/1205/2309
s 33
f 925/1224/2320 920/1223/2319 919/1235/2331
s 1
f 1058/1197/2303 1030/1167/2265 1071/1213/2315 1108/1257/2332
f 1089/1237/2333 1068/1209/2273 1063/1210/2313 1072/1221/2334 1065/1219/2335 1046/1184/2256 1066/1207/2258
f 1086/1233/2312 1060/1199/2285 1082/1229/2310 1102/1250/2336
f 1091/1239/2337 1059/1198/2304 1042/1180/2286 1081/1228/2325
f 1071/1213/2315 1045/1183/2288 1086/1233/2312 1105/1254/2338
f 1092/1240/2339 1008/1142/2229 1022/1158/2230 1101/1249/2340
f 1093/1241/2323 1044/1182/2240 1073/1215/2287 1115/1266/2341
f 1094/1242/2342 1064/1205/2309 1053/1191/2294 1077/1220/2317
s 29
f 4052/4309/2297 4049/4306/2275 4051/1200/2278 4055/1263/2343
s 1
f 1095/1243/2344 1062/1202/2300 1057/1196/2299 1110/1259/2345
f 1080/1227/2308 1062/1202/2300 1095/1243/2344 1109/1258/2346
f 1039/1176/2235 1074/1216/2293 1097/1245/2347 1084/1231/2298
f 1098/1246/2348 1054/1192/2295 1040/1177/2233 1090/1238/2302
f 934/1064/2156 869/992/2075 885/1009/2101 950/1083/2158 966/1099/2188 1703/1886/2349
f 1099/1247/2329 1076/1218/2301 1096/1244/2324 1116/1267/2350
f 1104/1253/2351 1077/1220/2317 1059/1198/2304 1091/1239/2337
f 1085/1232/2291 1049/1187/2239 1106/1255/2326 1138/1291/2352
f 1107/1256/2353 1067/1208/2311 1054/1192/2295 1098/1246/2348
f 1110/1259/2345 1057/1196/2299 1075/1217/2305 1132/1283/2354
s 29
f 4056/1260/2355 4054/4311/2307 4057/4312/2356 4058/4313/2357
s 1
f 1043/1181/2236 1084/1231/2298 1111/1261/2358 1090/1238/2302
f 1070/1212/2296 1087/1234/2330 1112/1262/2359 1096/1244/2324
f 1102/1250/2336 1082/1229/2310 1099/1247/2329 1120/1271/2360
f 1100/1248/2328 1080/1227/2308 1109/1258/2346 1123/1274/2361
s 29
f 4055/1263/2343 4051/1200/2278 4054/4311/2307 4056/1260/2355
s 1
f 1105/1254/2338 1086/1233/2312 1102/1250/2336 1129/1280/2362
f 1113/1264/2363 1087/1234/2330 1064/1205/2309 1094/1242/2342
f 1114/1265/2364 1081/1228/2325 1067/1208/2311 1107/1256/2353
f 1108/1257/2332 1071/1213/2315 1105/1254/2338 1133/1286/2365
f 1074/1216/2293 1100/1248/2328 1117/1268/2366 1097/1245/2347
f 1115/1266/2341 1073/1215/2287 1103/1252/2327 1146/1299/2367
f 1118/1269/2368 1119/1270/2369 1195/1351/2370 2010/2196/2371
f 1122/1273/2372 1094/1242/2342 1077/1220/2317 1104/1253/2351
f 1124/1275/2373 1109/1258/2346 1095/1243/2344 1131/1282/2374
f 1125/1276/2375 1052/1190/2292 1008/1142/2229 1092/1240/2339
f 1126/1277/2376 1103/1252/2327 1058/1197/2303 1108/1257/2332
f 1120/1271/2360 1099/1247/2329 1116/1267/2350 1142/1295/2377
f 1127/1278/2378 1091/1239/2337 1081/1228/2325 1114/1265/2364
f 1128/1279/2379 1079/1226/2322 1093/1241/2323 1139/1292/2380
f 1116/1267/2350 1096/1244/2324 1130/1281/2381 1141/1294/2382
f 1130/1281/2381 1096/1244/2324 1112/1262/2359 1143/1296/2383
f 1131/1282/2374 1095/1243/2344 1110/1259/2345 1148/1301/2384
f 1132/1283/2354 1075/1217/2305 1083/1230/2316 1147/1300/2385
s off
f 839/1002/2386 878/1001/2387 891/1017/2388 822/1284/2389 840/1285/2390
s 1
f 1084/1231/2298 1097/1245/2347 1134/1287/2391 1111/1261/2358
f 1106/1255/2326 1079/1226/2322 1128/1279/2379 1162/1315/2392
f 1129/1280/2362 1102/1250/2336 1120/1271/2360 1155/1308/2393
f 1135/1288/2394 1112/1262/2359 1087/1234/2330 1113/1264/2363
f 1136/1289/2395 1137/1290/2396 1152/1305/2397 1921/2106/2398
f 1117/1268/2366 1100/1248/2328 1123/1274/2361 1164/1317/2399
f 1139/1292/2380 1093/1241/2323 1115/1266/2341 1168/1321/2400
f 1133/1286/2365 1105/1254/2338 1129/1280/2362 1158/1311/2401
f 1098/1246/2348 1090/1238/2302 1140/1293/2402 1165/1318/2403
f 1113/1264/2363 1094/1242/2342 1122/1273/2372 1178/1331/2404
f 1119/1270/2369 1085/1232/2291 1138/1291/2352 1190/1345/2405
f 1144/1297/2406 1123/1274/2361 1109/1258/2346 1124/1275/2373
f 1145/1298/2407 1104/1253/2351 1091/1239/2337 1127/1278/2378
f 1147/1300/2385 1083/1230/2316 1078/1251/2318 1150/1340/2408
f 1142/1295/2377 1116/1267/2350 1141/1294/2382 1173/1326/2409
f 1149/1302/2410 1108/1257/2332 1133/1286/2365 1172/1325/2411
f 1150/1303/2408 1078/1222/2318 1052/1190/2292 1125/1276/2375
f 1154/1307/2412 1107/1256/2353 1098/1246/2348 1165/1318/2403
f 1090/1238/2302 1111/1261/2358 1156/1309/2413 1140/1293/2402
f 1143/1296/2383 1112/1262/2359 1135/1288/2394 1180/1333/2414
f 1148/1301/2384 1110/1259/2345 1132/1283/2354 1197/1353/2415
f 1141/1294/2382 1130/1281/2381 1157/1310/2416 1174/1327/2417
f 1157/1310/2416 1130/1281/2381 1143/1296/2383 1171/1324/2418
f 1155/1308/2393 1120/1271/2360 1142/1295/2377 1187/1341/2419
f 1160/1313/2420 1159/1312/2421 1151/1304/2422 1152/1305/2397 1153/1306/2423
f 1097/1245/2347 1117/1268/2366 1161/1314/2424 1134/1287/2391
f 1163/1316/2425 1124/1275/2373 1131/1282/2374 1175/1328/2426
f 1166/1319/2427 1114/1265/2364 1107/1256/2353 1154/1307/2412
f 1069/1211/2314 1022/1158/2230 902/1030/2062 800/918/2012
s 29
f 4059/4314/2428 4060/4315/2429 4061/4316/2430 4062/4317/2431
s 1
f 1170/1323/2432 1126/1277/2376 1108/1257/2332 1149/1302/2410
f 1158/1311/2401 1129/1280/2362 1155/1308/2393 1200/1356/2433
f 1138/1291/2352 1106/1255/2326 1162/1315/2392 1221/1379/2434
f 1172/1325/2411 1133/1286/2365 1158/1311/2401 1199/1355/2435
f 1168/1321/2400 1115/1266/2341 1146/1299/2367 1219/1377/2436
f 1175/1328/2426 1131/1282/2374 1148/1301/2384 1204/1360/2437
f 1164/1317/2399 1123/1274/2361 1144/1297/2406 1210/1368/2438
f 1103/1252/2327 1126/1277/2376 1177/1330/2439 1146/1299/2367
f 1152/1305/2397 1137/1290/2396 1208/1366/2440 1179/1332/2441 1153/1306/2423
f 1135/1288/2394 1113/1264/2363 1178/1331/2404 1218/1376/2442
f 1171/1324/2418 1143/1296/2383 1180/1333/2414 1198/1354/2443
f 1181/1334/2444 1122/1273/2372 1104/1253/2351 1145/1298/2407
f 1173/1326/2409 1141/1294/2382 1174/1327/2417 1206/1364/2445
f 1182/1335/2446 1128/1279/2379 1139/1292/2380 1193/1349/2447
f 1183/1336/2448 1157/1310/2416 1171/1324/2418 1192/1348/2449
f 1184/1337/2450 1127/1278/2378 1114/1265/2364 1166/1319/2427
f 1185/1338/2451 1144/1297/2406 1124/1275/2373 1163/1316/2425
f 1111/1261/2358 1134/1287/2391 1186/1339/2452 1156/1309/2413
s off
f 1160/1361/2453 1153/1344/2454 1179/1347/2455 1188/1342/2456 1189/1343/2457 1201/1362/2458
s 1
f 1191/1346/2459 1149/1302/2410 1172/1325/2411 1205/1363/2460
f 1187/1341/2419 1142/1295/2377 1173/1326/2409 1231/1389/2461
f 1193/1349/2447 1139/1292/2380 1168/1321/2400 1227/1385/2462
f 1194/1350/2463 1174/1327/2417 1157/1310/2416 1183/1336/2448
f 1192/1348/2449 1171/1324/2418 1198/1354/2443 1213/1371/2464
f 1242/1400/2465 1159/1312/2421 1160/1313/2420 1201/1357/2466 1222/1380/2467 1297/1462/2468 1324/1491/2469
f 1202/1358/2470 1163/1316/2425 1175/1328/2426 1214/1372/2471
f 1117/1268/2366 1164/1317/2399 1203/1359/2472 1161/1314/2424
f 1197/1353/2415 1132/1283/2354 1147/1300/2385 1263/1424/2473
f 1145/1298/2407 1127/1278/2378 1184/1337/2450 1247/1407/2474
f 1165/1318/2403 1140/1293/2402 1207/1365/2475 1212/1370/2476
f 1137/1290/2396 1195/1351/2370 1196/1352/2477 1209/1367/2478 1208/1366/2440
f 1183/1336/2448 1192/1348/2449 1236/1394/2479 1234/1392/2480
f 1211/1369/2481 1162/1315/2392 1128/1279/2379 1182/1335/2446
f 1205/1363/2460 1172/1325/2411 1199/1355/2435 1241/1399/2482
f 1178/1331/2404 1122/1273/2372 1181/1334/2444 1267/1428/2483
f 1154/1307/2412 1165/1318/2403 1212/1370/2476 1235/1393/2484
f 1200/1356/2433 1155/1308/2393 1187/1341/2419 1264/1425/2485
f 1149/1302/2410 1191/1346/2459 1215/1373/2486 1170/1323/2432
f 1216/1374/2487 1180/1333/2414 1135/1288/2394 1218/1376/2442
f 1192/1348/2449 1213/1371/2464 1244/1402/2488 1236/1394/2479
f 1199/1355/2435 1158/1311/2401 1200/1356/2433 1257/1417/2489
f 1214/1372/2471 1182/1335/2446 1193/1349/2447 1202/1358/2470
f 1214/1372/2471 1175/1328/2426 1204/1360/2437 1240/1398/2490
f 1140/1293/2402 1156/1309/2413 1220/1378/2491 1207/1365/2475
f 1210/1368/2438 1144/1297/2406 1185/1338/2451 1265/1426/2492
f 1204/1360/2437 1148/1301/2384 1197/1353/2415 1280/1443/2493
f 1223/1381/2494 1191/1346/2459 1205/1363/2460 1239/1397/2495
s 36
f 1188/1342/2496 1224/1382/2497 1225/1383/2498 1217/1375/2499 1189/1343/2500
s 1
f 1119/1270/2369 1190/1345/2405 1226/1384/2501 1196/1352/2477 1195/1351/2370
f 1194/1350/2463 1183/1336/2448 1234/1392/2480 1249/1409/2502
f 1126/1277/2376 1170/1323/2432 1228/1386/2503 1177/1330/2439
f 1229/1387/2504 1198/1354/2443 1180/1333/2414 1216/1374/2487
f 1163/1316/2425 1202/1358/2470 1230/1388/2505 1185/1338/2451
f 1174/1327/2417 1194/1350/2463 1232/1390/2506 1206/1364/2445
f 1134/1287/2391 1161/1314/2424 1233/1391/2507 1186/1339/2452
f 1166/1319/2427 1154/1307/2412 1235/1393/2484 1262/1423/2508
f 1231/1389/2461 1173/1326/2409 1206/1364/2445 1271/1432/2509
f 1202/1358/2470 1193/1349/2447 1227/1385/2462 1230/1388/2505
f 1237/1395/2510 1125/1276/2375 1092/1240/2339 1167/1320/2511
f 1238/1396/2512 1213/1371/2464 1198/1354/2443 1229/1387/2504
f 1219/1377/2436 1146/1299/2367 1177/1330/2439 1302/1468/2513
f 1269/1496/2514 1285/1463/2515 1190/1345/2405 1138/1291/2352 1221/1379/2434 1337/1507/2516
f 1203/1359/2472 1164/1317/2399 1210/1368/2438 1291/1456/2517
f 1182/1335/2446 1214/1372/2471 1240/1398/2490 1211/1369/2481
f 1191/1346/2459 1223/1381/2494 1243/1401/2518 1215/1373/2486
f 1244/1402/2488 1213/1371/2464 1238/1396/2512 1258/1418/2519
s 36
f 1245/1403/2520 1189/1343/2500 1217/1375/2499 1319/1486/2521 1308/1474/2522
s 1
f 1246/1404/2523 1223/1381/2494 1239/1397/2495 1250/1410/2524
f 1227/1385/2462 1168/1321/2400 1219/1377/2436 1298/1464/2525
s off
f 1224/1382/2526 1209/1405/2527 1196/1406/2528 1226/1419/2529 1285/1448/2530 1269/1430/2531 1253/1413/2532
s 1
f 1239/1397/2495 1205/1363/2460 1241/1399/2482 1278/1440/2533
f 1234/1392/2480 1236/1394/2479 1248/1408/2534 1268/1429/2535
f 1181/1334/2444 1145/1298/2407 1247/1407/2474 1310/1477/2536
f 1156/1309/2413 1186/1339/2452 1252/1412/2537 1220/1378/2491
s 36
f 1314/1481/2538 1225/1383/2498 1224/1382/2497 1253/1413/2539 1325/1492/2540
s 1
f 1236/1394/2479 1244/1402/2488 1254/1414/2541 1248/1408/2534
f 1255/1415/2542 1260/1421/2543 1256/1416/2544 1251/1411/2545 1246/1404/2523 1250/1410/2524
f 1223/1381/2494 1246/1404/2523 1259/1420/2546 1243/1401/2518
f 1261/1422/2547 1256/1416/2544 1260/1421/2543 1272/1433/2548
f 1184/1337/2450 1166/1319/2427 1262/1423/2508 1306/1472/2549
f 1263/1424/2473 1147/1300/2385 1150/1340/2408 1283/1493/2550
f 1266/1427/2551 1259/1420/2546 1246/1404/2523 1251/1411/2545 1256/1416/2544 1270/1431/2552
f 1232/1390/2506 1194/1350/2463 1249/1409/2502 1300/1466/2553
f 1218/1376/2442 1178/1331/2404 1267/1428/2483 1335/1504/2554
f 1241/1399/2482 1199/1355/2435 1257/1417/2489 1317/1484/2555
f 1265/1426/2492 1185/1338/2451 1230/1388/2505 1313/1480/2556
f 1256/1416/2544 1261/1422/2547 1275/1437/2557 1270/1431/2552
f 1170/1323/2432 1215/1373/2486 1276/1438/2558 1228/1386/2503
f 1271/1432/2509 1206/1364/2445 1232/1390/2506 1311/1478/2559
f 1254/1414/2541 1244/1402/2488 1258/1418/2519 1293/1458/2560
f 1249/1409/2502 1234/1392/2480 1268/1429/2535 1299/1465/2561
f 1264/1425/2485 1187/1341/2419 1231/1389/2461 1312/1479/2562
f 1277/1439/2563 1261/1422/2547 1272/1433/2548 1296/1461/2564
f 1250/1410/2524 1239/1397/2495 1278/1440/2533 1289/1454/2565
s 37
f 3951/1441/2566 3952/4230/2567 3953/4231/2568 3954/4232/2569
s 1
f 1212/1370/2476 1207/1365/2475 1279/1442/2570 1288/1453/2571
f 1023/1159/2257 980/1114/2166 1169/1322/2165 1320/1487/2572 1321/1488/2573
s 29
f 4062/4317/2431 4063/4318/2574 4064/4319/2575 4059/4314/2428
s 1
f 1283/1446/2550 1150/1303/2408 1125/1276/2375 1237/1395/2510
f 1162/1315/2392 1211/1369/2481 1284/1447/2576 1221/1379/2434
f 1268/1429/2535 1248/1408/2534 1326/1494/2577 1340/1510/2578
s 38
f 822/1284/2579 891/1017/2580 912/1041/2581 905/1449/2582 862/1450/2583
s 1
f 1161/1314/2424 1203/1359/2472 1286/1451/2584 1233/1391/2507
f 1261/1422/2547 1277/1439/2563 1287/1452/2585 1275/1437/2557
f 1235/1393/2484 1212/1370/2476 1288/1453/2571 1318/1485/2586
f 1207/1365/2475 1220/1378/2491 1290/1455/2587 1279/1442/2570
f 1248/1408/2534 1254/1414/2541 1331/1500/2588 1326/1494/2577
f 1240/1398/2490 1204/1360/2437 1280/1443/2493 1315/1482/2589
f 1292/1457/2590 1294/1459/2591 1260/1421/2543 1255/1415/2542 1250/1410/2524 1289/1454/2565
f 1258/1418/2519 1238/1396/2512 1295/1460/2592 1301/1467/2593
f 1257/1417/2489 1200/1356/2433 1264/1425/2485 1345/1515/2594
f 1272/1433/2548 1260/1421/2543 1294/1459/2591 1316/1483/2595
f 1295/1460/2592 1238/1396/2512 1229/1387/2504 1303/1469/2596
f 1230/1388/2505 1227/1385/2462 1298/1464/2525 1313/1480/2556
f 1226/1384/2501 1190/1345/2405 1285/1463/2515
f 1291/1456/2517 1210/1368/2438 1265/1426/2492 1348/1518/2597
f 1303/1469/2596 1229/1387/2504 1216/1374/2487 1307/1473/2598
f 1215/1373/2486 1243/1401/2518 1304/1470/2599 1276/1438/2558
f 1254/1414/2541 1293/1458/2560 1363/1535/2600 1331/1500/2588
f 1186/1339/2452 1233/1391/2507 1305/1471/2601 1252/1412/2537
f 1299/1465/2561 1268/1429/2535 1340/1510/2578 1359/1531/2602
f 1247/1407/2474 1184/1337/2450 1306/1472/2549 1355/1527/2603
f 1307/1473/2598 1216/1374/2487 1218/1376/2442 1335/1504/2554
f 1280/1443/2493 1197/1353/2415 1263/1424/2473 1371/1543/2604
s 39
f 1360/1546/2605 1297/1506/2606 1222/1475/2607 1245/1403/2608 1308/1474/2609 1417/1590/2610
s 1
f 1287/1452/2585 1277/1439/2563 1309/1476/2611 1336/1505/2612
f 1312/1479/2562 1231/1389/2461 1271/1432/2509 1343/1513/2613
f 1293/1458/2560 1258/1418/2519 1301/1467/2593 1338/1508/2614
f 1311/1478/2559 1232/1390/2506 1300/1466/2553 1381/1554/2615
f 1211/1369/2481 1240/1398/2490 1315/1482/2589 1284/1447/2576
f 1296/1461/2564 1272/1433/2548 1316/1483/2595 1349/1519/2616
f 1262/1423/2508 1235/1393/2484 1318/1485/2586 1352/1524/2617
f 1278/1440/2533 1241/1399/2482 1317/1484/2555 1346/1516/2618
f 1267/1428/2483 1181/1334/2444 1310/1477/2536 1377/1550/2619
f 1243/1401/2518 1259/1420/2546 1322/1489/2620 1304/1470/2599
f 1220/1378/2491 1252/1412/2537 1323/1490/2621 1290/1455/2587
f 1300/1466/2553 1249/1409/2502 1299/1465/2561 1344/1514/2622
f 1327/1495/2623 1277/1439/2563 1296/1461/2564 1369/1541/2624
f 1328/1497/2625 1242/1400/2465 1324/1491/2469 1374/1547/2626
f 1329/1498/2627 1322/1489/2620 1259/1420/2546 1266/1427/2551 1270/1431/2552 1330/1499/2628
f 1309/1476/2611 1277/1439/2563 1327/1495/2623 1357/1529/2629
f 1177/1330/2439 1228/1386/2503 1332/1501/2630 1302/1468/2513
f 1270/1431/2552 1275/1437/2557 1333/1502/2631 1330/1499/2628
f 1288/1453/2571 1279/1442/2570 1334/1503/2632 1347/1517/2633
f 1298/1464/2525 1219/1377/2436 1302/1468/2513 1414/1587/2634
f 1279/1442/2570 1290/1455/2587 1339/1509/2635 1334/1503/2632
s 36
f 1319/1486/2521 1217/1375/2499 1225/1383/2498 1314/1481/2538
s 1
f 1333/1502/2631 1275/1437/2557 1287/1452/2585 1354/1526/2636
f 1293/1458/2560 1338/1508/2614 1394/1567/2637 1363/1535/2600
f 1341/1511/2638 1274/1436/2190 954/1087/2176 992/1126/2221 1050/1188/2289
f 1203/1359/2472 1291/1456/2517 1342/1512/2639 1286/1451/2584
f 1343/1513/2613 1271/1432/2509 1311/1478/2559 1382/1555/2640
f 1289/1454/2565 1278/1440/2533 1346/1516/2618 1388/1561/2641
f 1318/1485/2586 1288/1453/2571 1347/1517/2633 1378/1551/2642
f 1344/1514/2622 1299/1465/2561 1359/1531/2602 1407/1580/2643
f 1336/1505/2612 1309/1476/2611 1350/1520/2644 1376/1549/2645
s 36
f 1319/1486/2521 1314/1481/2538 1325/1492/2540 1351/1521/2646 1308/1474/2522
s 29
f 4063/4318/2574 4065/1522/2647 4066/1523/2648 4064/4319/2575
s 1
f 1301/1467/2593 1295/1460/2592 1366/1538/2649 1356/1528/2650
f 1348/1518/2597 1265/1426/2492 1313/1480/2556 1389/1562/2651
f 1306/1472/2549 1262/1423/2508 1352/1524/2617 1397/1570/2652
f 1400/1573/2653 1353/1525/2654 1337/1507/2516 1221/1379/2434 1284/1447/2576 1421/1594/2655
f 1354/1526/2636 1287/1452/2585 1336/1505/2612 1385/1558/2656
f 1317/1484/2555 1257/1417/2489 1345/1515/2594 1416/1589/2657
f 1233/1391/2507 1286/1451/2584 1358/1530/2658 1305/1471/2601
f 1310/1477/2536 1247/1407/2474 1355/1527/2603 1415/1588/2659
f 1350/1520/2644 1309/1476/2611 1357/1529/2629 1392/1565/2660
f 1324/1491/2469 1297/1462/2468 1360/1532/2661
f 1292/1457/2590 1289/1454/2565 1388/1561/2641 1362/1534/2662 1361/1533/2663 1294/1459/2591
f 1252/1412/2537 1305/1471/2601 1364/1536/2664 1323/1490/2621
f 1365/1537/2665 1339/1509/2635 1290/1455/2587 1323/1490/2621
f 1366/1538/2649 1295/1460/2592 1303/1469/2596 1386/1559/2666
f 1340/1510/2578 1326/1494/2577 1367/1539/2667 1359/1531/2602
f 1347/1517/2633 1334/1503/2632 1368/1540/2668 1380/1553/2669
f 1338/1508/2614 1301/1467/2593 1356/1528/2650 1391/1564/2670
f 1370/1542/2671 1237/1395/2510 1167/1320/2511 1282/1445/2672
f 1334/1503/2632 1339/1509/2635 1372/1544/2673 1368/1540/2668
f 1373/1545/2674 1316/1483/2595 1294/1459/2591 1361/1533/2663
s 29
f 4065/1522/2647 4067/4320/2675 4068/4321/2676 4066/1523/2648
s 1
f 1228/1386/2503 1276/1438/2558 1375/1548/2677 1332/1501/2630
f 1369/1541/2624 1296/1461/2564 1349/1519/2616 1437/1610/2678
f 1326/1494/2577 1331/1500/2588 1379/1552/2679 1367/1539/2667
f 1315/1482/2589 1280/1443/2493 1371/1543/2604 1409/1582/2680
f 1371/1543/2604 1263/1424/2473 1283/1493/2550 1410/1616/2681
f 1342/1512/2639 1291/1456/2517 1348/1518/2597 1440/1613/2682
f 1352/1524/2617 1318/1485/2586 1378/1551/2642 1431/1604/2683
f 1368/1540/2668 1372/1544/2673 1383/1556/2684 1384/1557/2685
f 1335/1504/2554 1267/1428/2483 1377/1550/2619 1454/1629/2686
f 1380/1553/2669 1368/1540/2668 1384/1557/2685 1399/1572/2687
f 1385/1558/2656 1336/1505/2612 1376/1549/2645 1430/1603/2688
f 1386/1559/2666 1303/1469/2596 1307/1473/2598 1423/1596/2689
f 1387/1560/2690 1264/1425/2485 1312/1479/2562 1402/1575/2691
f 1389/1562/2651 1313/1480/2556 1298/1464/2525 1414/1587/2634
f 1300/1466/2553 1344/1514/2622 1390/1563/2692 1381/1554/2615
f 1393/1566/2693 1372/1544/2673 1339/1509/2635 1365/1537/2665
f 1379/1552/2679 1331/1500/2588 1363/1535/2600 1418/1591/2694
f 1378/1551/2642 1347/1517/2633 1380/1553/2669 1420/1593/2695
f 1384/1557/2685 1383/1556/2684 1395/1568/2696 1396/1569/2697
f 1470/1645/2698 1374/1547/2626 1324/1491/2469 1360/1532/2661 1417/1615/2699 1486/1661/2700
f 1398/1571/2701 1349/1519/2616 1316/1483/2595 1373/1545/2674
f 1399/1572/2687 1384/1557/2685 1396/1569/2697 1413/1586/2702
f 1276/1438/2558 1304/1470/2599 1401/1574/2703 1375/1548/2677
f 1402/1575/2691 1312/1479/2562 1343/1513/2613 1435/1608/2704
f 1355/1527/2603 1306/1472/2549 1397/1570/2652 1461/1636/2705
f 1403/1576/2706 1376/1549/2645 1350/1520/2644 1408/1581/2707
f 1404/1577/2708 1396/1569/2697 1395/1568/2696 1412/1585/2709
f 1405/1578/2710 1383/1556/2684 1372/1544/2673 1393/1566/2693
f 1345/1515/2594 1264/1425/2485 1387/1560/2690 1481/1656/2711
f 1406/1579/2712 1365/1537/2665 1323/1490/2621 1364/1536/2664
f 1408/1581/2707 1350/1520/2644 1392/1565/2660 1444/1619/2713
f 1284/1447/2576 1315/1482/2589 1409/1582/2680 1421/1594/2655
f 1410/1583/2681 1283/1446/2550 1237/1395/2510 1370/1542/2671
f 1357/1529/2629 1327/1495/2623 1411/1584/2714 1429/1602/2715
f 1413/1586/2702 1396/1569/2697 1404/1577/2708 1432/1605/2716
f 1395/1568/2696 1383/1556/2684 1405/1578/2710 1428/1601/2717
f 1446/1621/2718 1394/1567/2637 1338/1508/2614 1391/1564/2670
f 1346/1516/2618 1317/1484/2555 1416/1589/2657 1480/1655/2719
f 1418/1591/2694 1363/1535/2600 1394/1567/2637 1446/1621/2718
f 1390/1563/2692 1344/1514/2622 1407/1580/2643 1449/1624/2720
f 1359/1531/2602 1367/1539/2667 1419/1592/2721 1407/1580/2643
f 1311/1478/2559 1381/1554/2615 1459/1634/2722 1382/1555/2640
f 1286/1451/2584 1342/1512/2639 1422/1595/2723 1358/1530/2658
f 1423/1596/2689 1307/1473/2598 1335/1504/2554 1475/1650/2724
f 1304/1470/2599 1322/1489/2620 1424/1597/2725 1401/1574/2703
f 1425/1598/2726 1364/1536/2664 1305/1471/2601 1358/1530/2658
f 1420/1593/2695 1380/1553/2669 1399/1572/2687 1442/1617/2727
f 1427/1600/2728 1404/1577/2708 1412/1585/2709 1438/1611/2729
f 1412/1585/2709 1395/1568/2696 1428/1601/2717 1443/1618/2730
f 1377/1550/2619 1310/1477/2536 1415/1588/2659 1485/1660/2731
f 1392/1565/2660 1357/1529/2629 1429/1602/2715 1465/1640/2732
f 1433/1606/2733 1424/1597/2725 1322/1489/2620 1329/1498/2627 1330/1499/2628 1436/1609/2734
f 1356/1528/2650 1366/1538/2649 1452/1627/2735 1434/1607/2736
f 1432/1605/2716 1404/1577/2708 1427/1600/2728 1451/1626/2737
f 1435/1608/2704 1343/1513/2613 1382/1555/2640 1464/1639/2738
f 1439/1612/2739 1393/1566/2693 1365/1537/2665 1406/1579/2712
f 1330/1499/2628 1333/1502/2631 1441/1614/2740 1436/1609/2734
f 1442/1617/2727 1399/1572/2687 1413/1586/2702 1453/1628/2741
f 1391/1564/2670 1356/1528/2650 1434/1607/2736 1463/1638/2742
f 1397/1570/2652 1352/1524/2617 1431/1604/2683 1487/1662/2743
f 1438/1611/2729 1412/1585/2709 1443/1618/2730 1462/1637/2744
f 1431/1604/2683 1378/1551/2642 1420/1593/2695 1477/1652/2745
f 1327/1495/2623 1369/1541/2624 1445/1620/2746 1411/1584/2714
f 1333/1502/2631 1354/1526/2636 1447/1622/2747 1441/1614/2740
f 1367/1539/2667 1379/1552/2679 1448/1623/2748 1419/1592/2721
f 1405/1578/2710 1393/1566/2693 1439/1612/2739 1457/1632/2749
f 1376/1549/2645 1403/1576/2706 1450/1625/2750 1430/1603/2688
f 1452/1627/2735 1366/1538/2649 1386/1559/2666 1488/1663/2751
f 1440/1613/2682 1348/1518/2597 1389/1562/2651 1499/1674/2752
f 1427/1600/2728 1438/1611/2729 1504/1679/2753 1491/1666/2754
f 1453/1628/2741 1413/1586/2702 1432/1605/2716 1469/1644/2755
f 1406/1579/2712 1364/1536/2664 1425/1598/2726 1492/1667/2756
f 1455/1630/2757 1400/1573/2653 1421/1594/2655 1493/1668/2758 1494/1669/2759
s 29
f 4064/4319/2575 4066/1523/2648 4069/4322/2760 4070/4323/2761
s 1
f 1428/1601/2717 1405/1578/2710 1457/1632/2749 1468/1643/2762
f 1354/1526/2636 1385/1558/2656 1458/1633/2763 1447/1622/2747
f 1302/1468/2513 1332/1501/2630 1460/1635/2764 1414/1587/2634
f 1451/1626/2737 1427/1600/2728 1491/1666/2754 1516/1692/2765
f 1448/1623/2748 1379/1552/2679 1418/1591/2694 1482/1657/2766
f 1444/1619/2713 1392/1565/2660 1465/1640/2732 1501/1676/2767
f 1381/1554/2615 1390/1563/2692 1466/1641/2768 1459/1634/2722
f 1467/1642/2769 1403/1576/2706 1408/1581/2707 1476/1651/2770
f 1415/1588/2659 1355/1527/2603 1461/1636/2705 1518/1694/2771
f 1422/1595/2723 1342/1512/2639 1440/1613/2682 1512/1688/2772
f 1443/1618/2730 1428/1601/2717 1468/1643/2762 1483/1658/2773
f 1438/1611/2729 1462/1637/2744 1522/1698/2774 1504/1679/2753
f 1449/1624/2720 1407/1580/2643 1419/1592/2721 1497/1672/2775
f 1469/1644/2755 1432/1605/2716 1451/1626/2737 1495/1670/2776
s 29
f 4066/1523/2648 4068/4321/2676 4071/4324/2777 4069/4322/2760
s 1
f 1471/1646/2778 1017/1153/2251 1016/1152/2250 1472/1647/2779
f 1409/1582/2680 1371/1543/2604 1410/1616/2681 1500/1675/2780
f 1473/1648/2781 1388/1561/2641 1346/1516/2618 1480/1655/2719
f 1474/1649/2782 1373/1545/2674 1361/1533/2663 1478/1653/2783
f 1477/1652/2745 1420/1593/2695 1442/1617/2727 1496/1671/2784
f 1385/1558/2656 1430/1603/2688 1479/1654/2785 1458/1633/2763
f 1507/1683/2786 1446/1621/2718 1391/1564/2670 1463/1638/2742
f 1416/1589/2657 1345/1515/2594 1481/1656/2711 1544/1720/2787
f 1482/1657/2766 1418/1591/2694 1446/1621/2718 1507/1683/2786
f 1462/1637/2744 1443/1618/2730 1483/1658/2773 1508/1684/2788
f 1362/1534/2662 1388/1561/2641 1473/1648/2781 1484/1659/2789 1478/1653/2783 1361/1533/2663
f 1488/1663/2751 1386/1559/2666 1423/1596/2689 1527/1703/2790
f 1349/1519/2616 1398/1571/2701 1489/1664/2791 1437/1610/2678
f 1466/1641/2768 1390/1563/2692 1449/1624/2720 1502/1677/2792
f 1490/1665/2793 1425/1598/2726 1358/1530/2658 1422/1595/2723
f 1439/1612/2739 1406/1579/2712 1492/1667/2756 1506/1682/2794
f 1475/1650/2724 1335/1504/2554 1454/1629/2686 1548/1724/2795
f 1470/1645/2698 1486/1661/2700 1494/1669/2759 1493/1668/2758
f 1382/1555/2640 1459/1634/2722 1520/1696/2796 1464/1639/2738
f 1495/1670/2776 1451/1626/2737 1516/1692/2765 1551/1727/2797
f 1496/1671/2784 1442/1617/2727 1453/1628/2741 1511/1687/2798
f 1461/1636/2705 1397/1570/2652 1487/1662/2743 1540/1716/2799
f 1454/1629/2686 1377/1550/2619 1485/1660/2731 1550/1726/2800
f 1498/1673/2801 1450/1625/2750 1403/1576/2706 1467/1642/2769
f 1421/1594/2655 1409/1582/2680 1500/1675/2780 1493/1668/2758
f 1497/1672/2775 1419/1592/2721 1448/1623/2748 1530/1706/2802
f 1521/1697/2803 1434/1607/2736 1452/1627/2735 1510/1686/2804
f 1503/1678/2805 1398/1571/2701 1373/1545/2674 1474/1649/2782
f 1479/1654/2785 1430/1603/2688 1450/1625/2750 1537/1713/2806
f 1487/1662/2743 1431/1604/2683 1477/1652/2745 1539/1715/2807
f 1500/1680/2780 1410/1583/2681 1370/1542/2671 1456/1631/2808
f 1332/1501/2630 1375/1548/2677 1505/1681/2809 1460/1635/2764
f 1457/1632/2749 1439/1612/2739 1506/1682/2794 1515/1691/2810
f 1522/1698/2774 1462/1637/2744 1508/1684/2788 1563/1739/2811
f 1509/1685/2812 1402/1575/2691 1435/1608/2704 1513/1689/2813
f 1511/1687/2798 1453/1628/2741 1469/1644/2755 1524/1700/2814
f 1513/1689/2813 1435/1608/2704 1464/1639/2738 1526/1702/2815
f 1369/1541/2624 1437/1610/2678 1514/1690/2816 1445/1620/2746
f 1051/1189/2290 992/1126/2221 962/1095/2183 1002/1136/2226 1554/1730/2817
f 1468/1643/2762 1457/1632/2749 1515/1691/2810 1538/1714/2818
f 1517/1693/2819 1463/1638/2742 1434/1607/2736 1521/1697/2803
f 1502/1677/2792 1449/1624/2720 1497/1672/2775 1543/1719/2820
f 1519/1695/2821 1387/1560/2690 1402/1575/2691 1509/1685/2812
f 1456/1631/2808 1470/1645/2698 1493/1668/2758 1500/1680/2780
f 1523/1699/2822 1491/1666/2754 1504/1679/2753 1541/1717/2823
f 1524/1700/2814 1469/1644/2755 1495/1670/2776 1547/1723/2824
f 1525/1701/2825 1465/1640/2732 1429/1602/2715 1553/1729/2826
f 1485/1660/2731 1415/1588/2659 1518/1694/2771 1571/1749/2827
f 1459/1634/2722 1466/1641/2768 1528/1704/2828 1520/1696/2796
f 1529/1705/2829 1492/1667/2756 1425/1598/2726 1490/1665/2793
f 1512/1688/2772 1440/1613/2682 1499/1674/2752 1569/1747/2830
f 1490/1665/2793 1422/1595/2723 1512/1688/2772 1565/1741/2831
f 1429/1602/2715 1411/1584/2714 1531/1707/2832 1553/1729/2826
f 1516/1692/2765 1491/1666/2754 1523/1699/2822 1549/1725/2833
f 1507/1683/2786 1463/1638/2742 1517/1693/2819 1542/1718/2834
f 1448/1623/2748 1482/1657/2766 1532/1708/2835 1530/1706/2802
f 1389/1562/2651 1414/1587/2634 1533/1709/2836 1499/1674/2752
f 1375/1548/2677 1401/1574/2703 1534/1710/2837 1505/1681/2809
f 1508/1684/2788 1483/1658/2773 1535/1711/2838 1556/1732/2839
f 1452/1627/2735 1488/1663/2751 1536/1712/2840 1510/1686/2804
s 37
f 3951/1441/2566 3955/4233/2841 3956/4234/2842 3952/4230/2567
s 1
f 1539/1715/2807 1477/1652/2745 1496/1671/2784 1555/1731/2843
f 1541/1717/2823 1504/1679/2753 1522/1698/2774 1564/1740/2844
f 1482/1657/2766 1507/1683/2786 1542/1718/2834 1532/1708/2835
f 1528/1704/2828 1466/1641/2768 1502/1677/2792 1543/1719/2820
f 1480/1655/2719 1416/1589/2657 1544/1720/2787 1605/1783/2845
f 1464/1639/2738 1520/1696/2796 1566/1742/2846 1526/1702/2815
f 1423/1596/2689 1475/1650/2724 1545/1721/2847 1527/1703/2790
f 1546/1722/2848 1501/1676/2767 1465/1640/2732 1525/1701/2825
f 1506/1682/2794 1492/1667/2756 1529/1705/2829 1561/1737/2849
f 1518/1694/2771 1461/1636/2705 1540/1716/2799 1593/1771/2850
f 1543/1719/2820 1497/1672/2775 1530/1706/2802 1577/1755/2851
f 1401/1574/2703 1424/1597/2725 1552/1728/2852 1534/1710/2837
f 1573/1751/2853 1521/1697/2803 1510/1686/2804 1558/1734/2854
f 1555/1731/2843 1496/1671/2784 1511/1687/2798 1589/1767/2855
f 1549/1725/2833 1523/1699/2822 1541/1717/2823 1583/1761/2856
f 1540/1716/2799 1487/1662/2743 1539/1715/2807 1595/1773/2857
f 1551/1727/2797 1516/1692/2765 1549/1725/2833 1590/1768/2858
f 1557/1733/2859 1552/1728/2852 1424/1597/2725 1433/1606/2733 1436/1609/2734 1559/1735/2860
f 1560/1736/2861 1481/1656/2711 1387/1560/2690 1519/1695/2821
f 1515/1691/2810 1506/1682/2794 1561/1737/2849 1592/1770/2862
f 1513/1689/2813 1526/1702/2815 1562/1738/2863 1576/1754/2864
f 1559/1735/2860 1436/1609/2734 1441/1614/2740 1574/1752/2865
s 40
f 3963/1745/2866 3964/1743/2867 3965/4240/2868 3966/4241/2869
s 1
f 1562/1738/2863 1526/1702/2815 1566/1742/2846 1588/1766/2870
f 1411/1584/2714 1445/1620/2746 1568/1746/2871 1531/1707/2832
f 1570/1748/2872 1517/1693/2819 1521/1697/2803 1573/1751/2853
f 1548/1724/2795 1454/1629/2686 1550/1726/2800 1615/1793/2873
f 1574/1752/2865 1441/1614/2740 1447/1622/2747 1621/1800/2874
f 1520/1696/2796 1528/1704/2828 1575/1753/2875 1566/1742/2846
f 1509/1685/2812 1513/1689/2813 1576/1754/2864 1603/1781/2876
f 1495/1670/2776 1551/1727/2797 1598/1776/2877 1547/1723/2824
f 1529/1705/2829 1490/1665/2793 1565/1741/2831 1606/1784/2878
f 1578/1756/2879 1538/1714/2818 1515/1691/2810 1592/1770/2862
f 1564/1740/2844 1522/1698/2774 1563/1739/2811 1604/1782/2880
f 1511/1687/2798 1524/1700/2814 1579/1757/2881 1589/1767/2855
f 1458/1633/2763 1479/1654/2785 1580/1758/2882 1582/1760/2883
f 1581/1759/2884 1489/1664/2791 1398/1571/2701 1503/1678/2805
f 1447/1622/2747 1458/1633/2763 1582/1760/2883 1621/1800/2874
f 1488/1663/2751 1527/1703/2790 1584/1762/2885 1536/1712/2840
f 1530/1706/2802 1532/1708/2835 1585/1763/2886 1577/1755/2851
f 1542/1718/2834 1517/1693/2819 1570/1748/2872 1586/1764/2887
f 1532/1708/2835 1542/1718/2834 1586/1764/2887 1585/1763/2886
f 1587/1765/2888 1414/1587/2634 1460/1635/2764 1611/1789/2889
f 1573/1751/2853 1558/1734/2854 1562/1738/2863 1588/1766/2870
f 1583/1761/2856 1541/1717/2823 1564/1740/2844 1608/1786/2890
f 1550/1726/2800 1485/1660/2731 1571/1749/2827 1623/1802/2891
f 1580/1758/2882 1479/1654/2785 1537/1713/2806 1612/1790/2892
f 1610/1788/2893 1563/1739/2811 1508/1684/2788 1556/1732/2839
f 1510/1686/2804 1536/1712/2840 1591/1769/2894 1558/1734/2854
f 1575/1753/2875 1528/1704/2828 1543/1719/2820 1577/1755/2851
f 1579/1757/2881 1524/1700/2814 1547/1723/2824 1607/1785/2895
f 1565/1741/2831 1512/1688/2772 1569/1747/2830 1617/1795/2896
f 1569/1747/2830 1499/1674/2752 1533/1709/2836 1622/1801/2897
f 1594/1772/2898 1474/1649/2782 1478/1653/2783 1601/1779/2899
f 1576/1754/2864 1562/1738/2863 1558/1734/2854 1591/1769/2894
f 1590/1768/2858 1549/1725/2833 1583/1761/2856 1614/1792/2900
f 1437/1610/2678 1489/1664/2791 1596/1774/2901 1514/1690/2816
f 1588/1766/2870 1566/1742/2846 1575/1753/2875 1599/1777/2902
f 1595/1773/2857 1539/1715/2807 1555/1731/2843 1613/1791/2903
f 1533/1709/2836 1414/1587/2634 1587/1765/2888 1643/1823/2904
f 1597/1775/2905 1503/1678/2805 1474/1649/2782 1594/1772/2898
f 1573/1751/2853 1588/1766/2870 1599/1777/2902 1570/1748/2872
f 1571/1749/2827 1518/1694/2771 1593/1771/2850 1633/1813/2906
f 1475/1650/2724 1548/1724/2795 1600/1778/2907 1545/1721/2847
f 1602/1780/2908 1473/1648/2781 1480/1655/2719 1605/1783/2845
f 1519/1695/2821 1509/1685/2812 1603/1781/2876 1639/1819/2909
f 1598/1776/2877 1551/1727/2797 1590/1768/2858 1624/1803/2910
f 1561/1737/2849 1529/1705/2829 1606/1784/2878 1616/1794/2911
f 1575/1753/2875 1577/1755/2851 1585/1763/2886 1599/1777/2902
f 1586/1764/2887 1570/1748/2872 1599/1777/2902 1585/1763/2886
f 1593/1771/2850 1540/1716/2799 1595/1773/2857 1635/1815/2912
f 1484/1659/2789 1473/1648/2781 1602/1780/2908 1609/1787/2913 1601/1779/2899 1478/1653/2783
f 1611/1789/2889 1460/1635/2764 1505/1681/2809 1655/1835/2914
f 1613/1791/2903 1555/1731/2843 1589/1767/2855 1634/1814/2915
f 1608/1786/2890 1564/1740/2844 1604/1782/2880 1641/1821/2916
f 1603/1781/2876 1576/1754/2864 1591/1769/2894 1618/1797/2917
f 1604/1782/2880 1563/1739/2811 1610/1788/2893 1645/1825/2918
f 1592/1770/2862 1561/1737/2849 1616/1794/2911 1640/1820/2919
s 37
f 3957/1796/2920 3951/1441/2566 3954/4232/2569 3958/4235/2921
s 1
f 1618/1797/2917 1591/1769/2894 1536/1712/2840 1584/1762/2885
s 32
f 1072/1214/2284 1036/1173/2283 1031/1168/2922 1065/1206/2923
s 1
f 1619/1798/2924 1525/1701/2825 1553/1729/2826 1631/1811/2925
f 1620/1799/2926 1544/1720/2787 1481/1656/2711 1560/1736/2861
f 1547/1723/2824 1598/1776/2877 1642/1822/2927 1607/1785/2895
f 1614/1792/2900 1583/1761/2856 1608/1786/2890 1648/1828/2928
f 1527/1703/2790 1545/1721/2847 1625/1804/2929 1584/1762/2885
f 1626/1805/2930 1546/1722/2848 1525/1701/2825 1619/1798/2924
s 40
f 3967/4242/2931 3968/4243/2932 3969/1807/2933 3970/4244/2934
s 1
f 1606/1784/2878 1565/1741/2831 1617/1795/2896 1651/1831/2935
f 1629/1809/2936 1578/1756/2879 1592/1770/2862 1640/1820/2919
f 1589/1767/2855 1579/1757/2881 1630/1810/2937 1634/1814/2915
f 1624/1803/2910 1590/1768/2858 1614/1792/2900 1650/1830/2938
f 1631/1811/2925 1553/1729/2826 1531/1707/2832 1670/1850/2939
f 1656/1836/2940 1610/1788/2893 1556/1732/2839 1646/1826/2941
f 1445/1620/2746 1514/1690/2816 1632/1812/2942 1568/1746/2871
f 1637/1817/2943 1636/1816/2944 1578/1756/2879 1629/1809/2936
f 1581/1759/2884 1503/1678/2805 1638/1818/2945 1684/1864/2946
f 1638/1818/2945 1503/1678/2805 1597/1775/2905 1668/1848/2947
f 1617/1795/2896 1569/1747/2830 1622/1801/2897 1661/1841/2948
f 1635/1815/2912 1595/1773/2857 1613/1791/2903 1657/1837/2949
f 1642/1822/2927 1598/1776/2877 1624/1803/2910 1658/1838/2950
f 1579/1757/2881 1607/1785/2895 1644/1824/2951 1630/1810/2937
f 1622/1801/2897 1533/1709/2836 1643/1823/2904 1677/1857/2952
f 1596/1774/2901 1489/1664/2791 1581/1759/2884 1707/1891/2953
f 1623/1802/2891 1571/1749/2827 1633/1813/2906 1673/1853/2954
f 1647/1827/2955 1646/1826/2941 1636/1816/2944 1637/1817/2943
f 1633/1813/2906 1593/1771/2850 1635/1815/2912 1667/1847/2956
f 1505/1681/2809 1534/1710/2837 1649/1829/2957 1655/1835/2914
f 1616/1794/2911 1606/1784/2878 1651/1831/2935 1663/1843/2958
f 1652/1832/2959 1615/1793/2873 1550/1726/2800 1623/1802/2891
f 1548/1724/2795 1615/1793/2873 1654/1834/2960 1600/1778/2907
f 1648/1828/2928 1608/1786/2890 1641/1821/2916 1681/1861/2961
f 1639/1819/2909 1603/1781/2876 1618/1797/2917 1672/1852/2962
f 1657/1837/2949 1613/1791/2903 1634/1814/2915 1671/1851/2963
f 1644/1824/2951 1607/1785/2895 1642/1822/2927 1665/1845/2964
f 1650/1830/2938 1614/1792/2900 1648/1828/2928 1686/1866/2965
f 1658/1838/2950 1624/1803/2910 1650/1830/2938 1675/1855/2966
f 1645/1825/2918 1610/1788/2893 1656/1836/2940 1689/1869/2967
f 1659/1839/2968 1560/1736/2861 1519/1695/2821 1639/1819/2909
f 1656/1836/2940 1646/1826/2941 1647/1827/2955 1688/1868/2969
f 1545/1721/2847 1600/1778/2907 1660/1840/2970 1625/1804/2929
f 1662/1842/2971 1580/1758/2882 1612/1790/2892 1691/1871/2972
f 1640/1820/2919 1616/1794/2911 1663/1843/2958 1674/1854/2973
f 1534/1710/2837 1552/1728/2852 1664/1844/2974 1649/1829/2957
f 1634/1814/2915 1630/1810/2937 1666/1846/2975 1671/1851/2963
f 1531/1707/2832 1568/1746/2871 1669/1849/2976 1670/1850/2939
f 1672/1852/2962 1618/1797/2917 1584/1762/2885 1625/1804/2929
f 1651/1831/2935 1617/1795/2896 1661/1841/2948 1700/1880/2977
f 1629/1809/2936 1640/1820/2919 1674/1854/2973 1693/1873/2978
f 1642/1822/2927 1658/1838/2950 1675/1855/2966 1665/1845/2964
f 1676/1856/2979 1605/1783/2845 1544/1720/2787 1620/1799/2926
f 1678/1858/2980 1664/1844/2974 1552/1728/2852 1557/1733/2859 1559/1735/2860 1679/1859/2981
f 1667/1847/2956 1635/1815/2912 1657/1837/2949 1695/1875/2982
f 1680/1860/2983 1587/1765/2888 1611/1789/2889 1704/1887/2984
f 1679/1859/2981 1559/1735/2860 1574/1752/2865 1694/1874/2985
f 1682/1862/2986 1643/1823/2904 1587/1765/2888 1680/1860/2983
f 1632/1812/2942 1514/1690/2816 1596/1774/2901 1758/1942/2987
f 1683/1863/2988 1582/1760/2883 1580/1758/2882 1662/1842/2971
f 1685/1865/2989 1637/1817/2943 1629/1809/2936 1693/1873/2978
f 1630/1810/2937 1644/1824/2951 1687/1867/2990 1666/1846/2975
f 1661/1841/2948 1622/1801/2897 1677/1857/2952 1715/1899/2991
f 1673/1853/2954 1633/1813/2906 1667/1847/2956 1711/1895/2992
f 1597/1775/2905 1594/1772/2898 1690/1870/2993 1697/1877/2994
f 1692/1872/2995 1647/1827/2955 1637/1817/2943 1685/1865/2989
f 1675/1855/2966 1650/1830/2938 1686/1866/2965 1708/1892/2996
f 1690/1870/2993 1594/1772/2898 1601/1779/2899 1713/1897/2997
f 1686/1866/2965 1648/1828/2928 1681/1861/2961 1720/1904/2998
f 1694/1874/2985 1574/1752/2865 1621/1800/2874 1747/1931/2999
f 1695/1875/2982 1657/1837/2949 1671/1851/2963 1712/1896/3000
f 1696/1876/3001 1638/1818/2945 1668/1848/2947 1725/1909/3002
f 1677/1857/2952 1643/1823/2904 1682/1862/2986 1726/1910/3003
f 1687/1867/2990 1644/1824/2951 1665/1845/2964 1710/1894/3004
f 1668/1848/2947 1597/1775/2905 1697/1877/2994 1735/1919/3005
f 1698/1878/3006 1699/1879/3007 1066/1207/2258 1023/1159/2257
f 1663/1843/2958 1651/1831/2935 1700/1880/2977 1718/1902/3008
s 40
f 3971/1883/3009 3972/1881/3010 3973/1882/3011 3974/1889/3012
s 1
f 1701/1884/3013 1626/1805/2930 1619/1798/2924 1714/1898/3014
f 1623/1802/2891 1673/1853/2954 1702/1885/3015 1652/1832/2959
f 1704/1887/2984 1611/1789/2889 1655/1835/2914 1737/1921/3016
f 1615/1793/2873 1652/1832/2959 1705/1888/3017 1654/1834/2960
f 1689/1869/2967 1656/1836/2940 1688/1868/2969 1729/1913/3018
f 1688/1868/2969 1647/1827/2955 1692/1872/2995 1728/1912/3019
f 1600/1778/2907 1654/1834/2960 1706/1890/3020 1660/1840/2970
f 1684/1864/2946 1638/1818/2945 1696/1876/3001 1749/1933/3021
f 1665/1845/2964 1675/1855/2966 1708/1892/2996 1710/1894/3004
f 1671/1851/2963 1666/1846/2975 1709/1893/3022 1712/1896/3000
f 1714/1898/3014 1619/1798/2924 1631/1811/2925 1752/1936/3023
f 1716/1900/3024 1621/1800/2874 1582/1760/2883 1683/1863/2988
f 1717/1901/3025 1602/1780/2908 1605/1783/2845 1676/1856/2979
f 1711/1895/2992 1667/1847/2956 1695/1875/2982 1731/1915/3026
f 1674/1854/2973 1663/1843/2958 1718/1902/3008 1723/1907/3027
f 1625/1804/2929 1660/1840/2970 1719/1903/3028 1672/1852/2962
f 1707/1891/2953 1581/1759/2884 1684/1864/2946 1785/1970/3029
f 1721/1905/3030 1620/1799/2926 1560/1736/2861 1659/1839/2968
f 1700/1880/2977 1661/1841/2948 1715/1899/2991 1741/1925/3031
f 1666/1846/2975 1687/1867/2990 1722/1906/3032 1709/1893/3022
f 1693/1873/2978 1674/1854/2973 1723/1907/3027 1727/1911/3033
f 1609/1787/2913 1602/1780/2908 1717/1901/3025 1724/1908/3034 1713/1897/2997 1601/1779/2899
f 1708/1892/2996 1686/1866/2965 1720/1904/2998 1742/1926/3035
f 1685/1865/2989 1693/1873/2978 1727/1911/3033 1743/1927/3036
f 1715/1899/2991 1677/1857/2952 1726/1910/3003 1756/1940/3037
f 1730/1914/3038 1682/1862/2986 1680/1860/2983 1738/1922/3039
f 1639/1819/2909 1672/1852/2962 1732/1916/3040 1659/1839/2968
f 1733/1917/3041 1692/1872/2995 1685/1865/2989 1743/1927/3036
f 1695/1875/2982 1712/1896/3000 1734/1918/3042 1731/1915/3026
f 1725/1909/3002 1668/1848/2947 1735/1919/3005 1775/1959/3043
f 1673/1853/2954 1711/1895/2992 1736/1920/3044 1702/1885/3015
f 1722/1906/3032 1687/1867/2990 1710/1894/3004 1746/1930/3045
f 1737/1921/3016 1655/1835/2914 1649/1829/2957 1770/1954/3046
f 1738/1922/3039 1680/1860/2983 1704/1887/2984 1762/1946/3047
f 1631/1811/2925 1670/1850/2939 1739/1923/3048 1752/1936/3023
f 1568/1746/2871 1632/1812/2942 1740/1924/3049 1669/1849/2976
f 1710/1894/3004 1708/1892/2996 1742/1926/3035 1746/1930/3045
f 1652/1832/2959 1702/1885/3015 1744/1928/3050 1705/1888/3017
f 1712/1896/3000 1709/1893/3022 1745/1929/3051 1734/1918/3042
f 1718/1902/3008 1700/1880/2977 1741/1925/3031 1763/1947/3052
f 1728/1912/3019 1692/1872/2995 1733/1917/3041 1766/1950/3053
f 1738/1922/3039 1672/1852/2962 1719/1903/3028 1730/1914/3038
f 1654/1834/2960 1705/1888/3017 1748/1932/3054 1706/1890/3020
f 1750/1934/3055 1726/1910/3003 1682/1862/2986 1730/1914/3038
f 1660/1840/2970 1706/1890/3020 1751/1935/3056 1719/1903/3028
f 1753/1937/3057 1662/1842/2971 1691/1871/2972 1769/1953/3058
f 1151/1304/2422 1754/1938/3059 1755/1939/3060 1921/2106/2398 1152/1305/2397
f 1757/1941/3061 1729/1913/3018 1688/1868/2969 1728/1912/3019
f 1711/1895/2992 1731/1915/3026 1759/1943/3062 1736/1920/3044
f 1696/1876/3001 1725/1909/3002 1760/1944/3063 1771/1955/3064
f 1709/1893/3022 1722/1906/3032 1761/1945/3065 1745/1929/3051
f 1672/1852/2962 1738/1922/3039 1762/1946/3047 1732/1916/3040
f 1723/1907/3027 1718/1902/3008 1763/1947/3052 1767/1951/3066
f 1730/1914/3038 1719/1903/3028 1751/1935/3056 1750/1934/3055
f 1741/1925/3031 1715/1899/2991 1756/1940/3037 1786/1971/3067
f 1670/1850/2939 1669/1849/2976 1764/1948/3068 1774/1958/3069
f 1742/1926/3035 1720/1904/2998 1765/1949/3070 1781/1966/3071
f 1747/1931/2999 1621/1800/2874 1716/1900/3024 1884/2069/3072
f 1756/1940/3037 1726/1910/3003 1750/1934/3055 1788/1973/3073
f 1727/1911/3033 1723/1907/3027 1767/1951/3066 1773/1957/3074
f 1768/1952/3075 1733/1917/3041 1743/1927/3036 1776/1960/3076
f 1770/1954/3046 1649/1829/2957 1664/1844/2974 1836/2021/3077
f 1749/1933/3021 1696/1876/3001 1771/1955/3064 1819/2004/3078
f 1731/1915/3026 1734/1918/3042 1772/1956/3079 1759/1943/3062
f 1758/1942/2987 1596/1774/2901 1707/1891/2953 1899/2084/3080
f 1761/1945/3065 1722/1906/3032 1746/1930/3045 1783/1968/3081
f 1743/1927/3036 1727/1911/3033 1773/1957/3074 1784/1969/3082
f 1762/1946/3047 1704/1887/2984 1737/1921/3016 1824/2009/3083
f 1766/1950/3053 1733/1917/3041 1768/1952/3075 1797/1982/3084
f 1739/1923/3048 1670/1850/2939 1774/1958/3069 1849/2034/3085
f 1702/1885/3015 1736/1920/3044 1777/1961/3086 1744/1928/3050
s off
f 973/1147/3087 957/1090/3088 879/1003/3089 907/1045/3090 945/1962/3091
s 1
f 1778/1963/3092 1701/1884/3013 1714/1898/3014 1820/2005/3093
f 1779/1964/3094 1751/1935/3056 1706/1890/3020 1748/1932/3054
f 1780/1965/3095 1676/1856/2979 1620/1799/2926 1721/1905/3030
f 1746/1930/3045 1742/1926/3035 1781/1966/3071 1783/1968/3081
f 1734/1918/3042 1745/1929/3051 1782/1967/3096 1772/1956/3079
f 1776/1960/3076 1743/1927/3036 1784/1969/3082 1798/1983/3097
f 1760/1944/3063 1725/1909/3002 1775/1959/3043 1845/2030/3098
f 1787/1972/3099 1768/1952/3075 1776/1960/3076 1790/1975/3100
f 1788/1973/3073 1750/1934/3055 1751/1935/3056 1779/1964/3094
f 1705/1888/3017 1744/1928/3050 1789/1974/3101 1748/1932/3054
f 1785/1970/3029 1684/1864/2946 1749/1933/3021 1875/2060/3102
f 1763/1947/3052 1741/1925/3031 1786/1971/3067 1814/1999/3103
f 1678/1858/2980 1679/1859/2981 1792/1977/3104 1791/1976/3105 1836/2021/3077 1664/1844/2974
f 1792/1977/3104 1679/1859/2981 1694/1874/2985 1827/2012/3106
f 1768/1952/3075 1787/1972/3099 1815/2000/3107 1797/1982/3084
f 1787/1972/3099 1790/1975/3100 2478/2685/3108 2479/2686/3109
f 1793/1978/3110 1697/1877/2994 1690/1870/2993 1861/2046/3111
s 40
f 3975/4245/3112 3976/4246/3113 3971/1883/3009 3977/4247/3114
s 1
f 1796/1981/3115 1683/1863/2988 1662/1842/2971 1753/1937/3057
f 1790/1975/3100 1776/1960/3076 1798/1983/3097 1808/1993/3116
f 1799/1984/3117 1757/1941/3061 1728/1912/3019 1766/1950/3053
f 1801/1986/3118 1800/1985/3119 1817/2002/3120 1821/2006/3121
f 1659/1839/2968 1732/1916/3040 1802/1987/3122 1721/1905/3030
f 1817/2002/3120 1800/1985/3119 1812/1997/3123 1844/2029/3124
f 1803/1988/3125 1800/1985/3119 1801/1986/3118 1807/1992/3126
f 1745/1929/3051 1761/1945/3065 1804/1989/3127 1782/1967/3096
f 1800/1985/3119 1803/1988/3125 1816/2001/3128 1812/1997/3123
f 1786/1971/3067 1756/1940/3037 1788/1973/3073 1832/2017/3129
f 1787/1972/3099 2479/2686/3109 2482/2689/3130 1815/2000/3107
f 1736/1920/3044 1759/1943/3062 1805/1990/3131 1777/1961/3086
f 1807/1992/3126 1801/1986/3118 1821/2006/3121 2481/2688/3132
f 2478/2685/3108 1790/1975/3100 1808/1993/3116 2480/2687/3133
f 1809/1994/3134 1735/1919/3005 1697/1877/2994 1793/1978/3110
f 1781/1966/3071 1765/1949/3070 1810/1995/3135 1840/2025/3136
f 1803/1988/3125 1807/1992/3126 1811/1996/3137 1813/1998/3138
f 1816/2001/3128 1803/1988/3125 1813/1998/3138 1834/2019/3139
f 1767/1951/3066 1763/1947/3052 1814/1999/3103 1823/2008/3140
f 1811/1996/3137 1807/1992/3126 2481/2688/3132 2484/2691/3141
f 1690/1870/2993 1713/1897/2997 1818/2003/3142 1861/2046/3111
f 1740/1924/3049 1632/1812/2942 1758/1942/2987 1938/2123/3143
f 1820/2005/3093 1714/1898/3014 1752/1936/3023 1871/2056/3144
f 1759/1943/3062 1772/1956/3079 1822/2007/3145 1805/1990/3131
f 1804/1989/3127 1761/1945/3065 1783/1968/3081 1843/2028/3146
f 1773/1957/3074 1767/1951/3066 1823/2008/3140 1850/2035/3147
f 1825/2010/3148 1812/1997/3123 1816/2001/3128 1835/2020/3149
f 1844/2029/3124 1812/1997/3123 1825/2010/3148 1862/2047/3150
f 1732/1916/3040 1762/1946/3047 1824/2009/3083 1802/1987/3122
f 1826/2011/3151 1779/1964/3094 1748/1932/3054 1789/1974/3101
f 1827/2012/3106 1694/1874/2985 1747/1931/2999 1901/2086/3152
f 1813/1998/3138 1811/1996/3137 1828/2013/3153 1833/2018/3154
f 1744/1928/3050 1777/1961/3086 1829/2014/3155 1789/1974/3101
f 1830/2015/3156 1784/1969/3082 1773/1957/3074 1850/2035/3147
f 1854/2039/3157 1771/1955/3064 1760/1944/3063 1831/2016/3158 1913/2098/3159 1896/2081/3160
f 1834/2019/3139 1813/1998/3138 1833/2018/3154 1848/2033/3161
f 1832/2017/3129 1788/1973/3073 1779/1964/3094 1826/2011/3151
f 1828/2013/3153 1811/1996/3137 2484/2691/3141 1893/2078/3162
f 1798/1983/3097 1784/1969/3082 1830/2015/3156 1837/2022/3163
f 1808/1993/3116 1798/1983/3097 1837/2022/3163 1839/2024/3164
f 1766/1950/3053 1797/1982/3084 1838/2023/3165 1799/1984/3117
f 1835/2020/3149 1816/2001/3128 1834/2019/3139 1851/2036/3166
f 1808/1993/3116 1839/2024/3164 2483/2690/3167 2480/2687/3133
f 1783/1968/3081 1781/1966/3071 1840/2025/3136 1843/2028/3146
f 1774/1958/3069 1764/1948/3068 1841/2026/3168 1847/2032/3169
f 1753/1937/3057 1769/1953/3058 1842/2027/3170 1902/2087/3171
f 1772/1956/3079 1782/1967/3096 1846/2031/3172 1822/2007/3145
f 1814/1999/3103 1786/1971/3067 1832/2017/3129 1864/2049/3173
f 2479/2686/3109 1817/2002/3120 1844/2029/3124 2482/2689/3130
f 1862/2047/3150 1825/2010/3148 1835/2020/3149 1877/2062/3174
f 1849/2034/3085 1774/1958/3069 1847/2032/3169 1880/2065/3175
f 1824/2009/3083 1737/1921/3016 1770/1954/3046 1900/2085/3176
f 1833/2018/3154 1828/2013/3153 1852/2037/3177 1857/2042/3178
f 1852/2037/3177 1828/2013/3153 1893/2078/3162 1894/2079/3179
f 1853/2038/3180 1717/1901/3025 1676/1856/2979 1780/1965/3095
f 1898/2083/3181 1819/2004/3078 1771/1955/3064 1854/2039/3157 1896/2081/3160 1945/2130/3182
f 1855/2040/3183 1764/1948/3068 1669/1849/2976 1740/1924/3049
f 1797/1982/3084 1815/2000/3107 1856/2041/3184 1838/2023/3165
f 1858/2043/3185 1775/1959/3043 1735/1919/3005 1809/1994/3134
f 1848/2033/3161 1833/2018/3154 1857/2042/3178 1865/2050/3186
f 1777/1961/3086 1805/1990/3131 1859/2044/3187 1829/2014/3155
f 1860/2045/3188 1851/2036/3166 1834/2019/3139 1848/2033/3161
f 1877/2062/3174 1835/2020/3149 1851/2036/3166 2491/2698/3189
f 1815/2000/3107 2482/2689/3130 2487/2694/3190 1856/2041/3184
f 1782/1967/3096 1804/1989/3127 1863/2048/3191 1846/2031/3172
f 1823/2008/3140 1814/1999/3103 1864/2049/3173 1873/2058/3192
f 1844/2029/3124 1862/2047/3150 2487/2694/3190 2482/2689/3130
f 1866/2051/3193 1826/2011/3151 1789/1974/3101 1829/2014/3155
f 1864/2049/3173 1832/2017/3129 1826/2011/3151 1866/2051/3193
f 1851/2036/3166 1860/2045/3188 2493/2700/3194 2491/2698/3189
f 1724/1908/3034 1717/1901/3025 1853/2038/3180 1867/2052/3195 1818/2003/3142 1713/1897/2997
f 1869/2054/3196 1868/2053/3197 1847/2032/3169 1841/2026/3168
f 1857/2042/3178 1852/2037/3177 1894/2079/3179 1911/2096/3198
f 1840/2025/3136 1810/1995/3135 1870/2055/3199 1889/2074/3200
f 1871/2056/3144 1752/1936/3023 1739/1923/3048 1915/2100/3201
f 1872/2057/3202 1860/2045/3188 1848/2033/3161 1865/2050/3186
f 1850/2035/3147 1823/2008/3140 1873/2058/3192 1886/2071/3203
f 1805/1990/3131 1822/2007/3145 1874/2059/3204 1859/2044/3187
f 1085/1232/2291 1119/1270/2369 1118/1269/2368 2465/2661/3205 1554/1730/2817 1002/1136/2226
f 1865/2050/3186 1857/2042/3178 1911/2096/3198 1931/2116/3206
f 1875/2060/3102 1749/1933/3021 1819/2004/3078 1935/2120/3207
f 1839/2024/3164 1876/2061/3208 2488/2695/3209 2483/2690/3167
f 1863/2048/3191 1804/1989/3127 1843/2028/3146 1890/2075/3210
f 1876/2061/3208 1839/2024/3164 1837/2022/3163 1881/2066/3211
f 1831/2016/3158 1760/1944/3063 1845/2030/3098 1878/2063/3212 1946/2131/3213 1913/2098/3159
f 1879/2064/3214 1830/2015/3156 1850/2035/3147 1886/2071/3203
f 1880/2065/3175 1847/2032/3169 1868/2053/3197 1895/2080/3215
f 1881/2066/3211 1837/2022/3163 1830/2015/3156 1879/2064/3214
f 1882/2067/3216 1868/2053/3197 1869/2054/3196 1883/2068/3217 1908/2093/3218 1892/2077/3219
f 1860/2045/3188 1872/2057/3202 2495/2702/3220 2493/2700/3194
f 1872/2057/3202 1865/2050/3186 1931/2116/3206 2495/2702/3220
f 1885/2070/3221 1716/1900/3024 1683/1863/2988 1796/1981/3115
f 1873/2058/3192 1864/2049/3173 1866/2051/3193 1887/2072/3222
f 1829/2014/3155 1859/2044/3187 1887/2072/3222 1866/2051/3193
f 1822/2007/3145 1846/2031/3172 1888/2073/3223 1874/2059/3204
f 1843/2028/3146 1840/2025/3136 1889/2074/3200 1890/2075/3210
f 1838/2023/3165 1856/2041/3184 1891/2076/3224 1903/2088/3225
f 1891/2076/3224 1856/2041/3184 2487/2694/3190 2490/2697/3226
s 37
f 3957/1796/2920 3959/4236/3227 3955/4233/2841 3951/1441/2566
s 1
f 1924/2109/3228 1895/2080/3215 1868/2053/3197 1882/2067/3216 1892/2077/3219 1916/2101/3229
f 1721/1905/3030 1802/1987/3122 1897/2082/3230 1780/1965/3095
f 1899/2084/3080 1707/1891/2953 1785/1970/3029 1974/2160/3231
f 1886/2071/3203 1873/2058/3192 1887/2072/3222 1904/2089/3232
f 1859/2044/3187 1874/2059/3204 1904/2089/3232 1887/2072/3222
f 1846/2031/3172 1863/2048/3191 1905/2090/3233 1888/2073/3223
f 1900/2085/3176 1770/1954/3046 1836/2021/3077 1930/2115/3234
f 1906/2091/3235 1845/2030/3098 1775/1959/3043 1858/2043/3185
f 1778/1963/3092 1820/2005/3093 1907/2092/3236 1910/2095/3237
f 1909/2094/3238 1841/2026/3168 1764/1948/3068 1855/2040/3183
f 1879/2064/3214 1886/2071/3203 1904/2089/3232 1918/2103/3239
f 1802/1987/3122 1824/2009/3083 1900/2085/3176 1897/2082/3230
f 1889/2074/3200 1870/2055/3199 1912/2097/3240 1928/2113/3241
s 37
f 3960/4238/3242 3957/1796/2920 3958/4235/2921 3961/4237/3243
s 1
f 1915/2100/3201 1739/1923/3048 1849/2034/3085 1949/2134/3244
f 1917/2102/3245 1892/2077/3219 1908/2093/3218 1933/2118/3246 1962/2148/3247 1947/2132/3248
f 1876/2061/3208 1919/2104/3249 2492/2699/3250 2488/2695/3209
f 1796/1981/3115 1753/1937/3057 1902/2087/3171 1966/2152/3251
f 1874/2059/3204 1888/2073/3223 1918/2103/3239 1904/2089/3232
f 1919/2104/3249 1876/2061/3208 1881/2066/3211 1920/2105/3252
f 1920/2105/3252 1881/2066/3211 1879/2064/3214 1918/2103/3239
f 1905/2090/3233 1863/2048/3191 1890/2075/3210 1929/2114/3253
f 1902/2087/3171 1842/2027/3170 1922/2107/3254 1941/2126/3255
f 1901/2086/3152 1747/1931/2999 1884/2069/3072 1984/2170/3256
f 1791/1976/3105 1792/1977/3104 1923/2108/3257 1950/2135/3258 1930/2115/3234 1836/2021/3077
f 1792/1977/3104 1827/2012/3106 1925/2110/3259 1923/2108/3257
f 1903/2088/3225 1891/2076/3224 1926/2111/3260 1937/2122/3261
f 1927/2112/3262 1869/2054/3196 1841/2026/3168 1909/2094/3238
f 1926/2111/3260 1891/2076/3224 2490/2697/3226 2494/2701/3263
f 1890/2075/3210 1889/2074/3200 1928/2113/3241 1929/2114/3253
f 1793/1978/3110 1861/2046/3111 1932/2117/3264 1964/2150/3265
f 1888/2073/3223 1905/2090/3233 1934/2119/3266 1918/2103/3239
f 1883/2068/3217 1869/2054/3196 1927/2112/3262 1936/2121/3267 1959/2144/3268 1908/2093/3218
f 1939/2124/3269 1916/2101/3229 1892/2077/3219 1917/2102/3245 1947/2132/3248 1961/2147/3270
f 1878/2063/3212 1845/2030/3098 1906/2091/3235 1970/2156/3271 1976/2162/3272 1946/2131/3213
f 1907/2092/3236 1820/2005/3093 1871/2056/3144 1979/2165/3273
f 1698/1878/3006 1151/1304/2422 1159/1312/2421 1699/1879/3007
f 1861/2046/3111 1818/2003/3142 1940/2125/3274 1932/2117/3264
f 1941/2126/3255 1922/2107/3254 1910/2095/3237 1907/2092/3236
f 1986/2172/3275 1953/2138/3276 1896/2081/3160 1913/2098/3159 1942/2127/3277 1978/2164/3278 1999/2185/3279 2009/2195/3280
f 1928/2113/3241 1912/2097/3240 1943/2128/3281 1955/2140/3282
f 1944/2129/3283 1920/2105/3252 1918/2103/3239 1934/2119/3266
f 1919/2104/3249 1948/2133/3284 2496/2703/3285 2492/2699/3250
f 1948/2133/3284 1919/2104/3249 1920/2105/3252 1944/2129/3283
f 1934/2119/3266 1905/2090/3233 1929/2114/3253 1954/2139/3286
f 1949/2134/3244 1849/2034/3085 1880/2065/3175 1965/2151/3287
f 1951/2136/3288 1853/2038/3180 1780/1965/3095 1897/2082/3230
f 1937/2122/3261 1926/2111/3260 1952/2137/3289 1957/2142/3290
f 1952/2137/3289 1926/2111/3260 2494/2701/3263 2497/2704/3291
f 1978/2164/3278 1942/2127/3277 1913/2098/3159 1946/2131/3213 1972/2158/3292 1989/2175/3293 2013/2199/3294 1999/2185/3279
f 1998/2184/3295 1980/2166/3296 1945/2130/3182 1896/2081/3160 1953/2138/3276 1986/2172/3275 2009/2195/3280 2023/2209/3297
f 1929/2114/3253 1928/2113/3241 1955/2140/3282 1954/2139/3286
f 1956/2141/3298 1940/2125/3274 1818/2003/3142 1867/2052/3195 1853/2038/3180 1951/2136/3288
f 1855/2040/3183 1740/1924/3049 1938/2123/3143 1991/2177/3299
f 1827/2012/3106 1901/2086/3152 1958/2143/3300 1925/2110/3259
f 1897/2082/3230 1900/2085/3176 1930/2115/3234 1951/2136/3288
s 29
f 4072/4326/3301 4073/2145/3302 4058/4313/2357 4074/4325/3303
s 1
f 1960/2146/3304 1809/1994/3134 1793/1978/3110 1964/2150/3265
f 1944/2129/3283 1934/2119/3266 1954/2139/3286 1969/2155/3305
f 1955/2140/3282 1943/2128/3281 1957/2142/3290 1967/2153/3306
f 1948/2133/3284 1977/2163/3307 2499/2706/3308 2496/2703/3285
f 1948/2133/3284 1944/2129/3283 1969/2155/3305 1977/2163/3307
f 1785/1970/3029 1875/2060/3102 1963/2149/3309 1974/2160/3231
f 1938/2123/3143 1758/1942/2987 1899/2084/3080 2026/2212/3310
f 1965/2151/3287 1880/2065/3175 1895/2080/3215 1982/2168/3311
f 1967/2153/3306 1957/2142/3290 1952/2137/3289 1973/2159/3312
f 1923/2108/3257 1925/2110/3259 1932/2117/3264 1940/2125/3274
f 1898/2083/3181 1945/2130/3182 1993/2179/3313 1968/2154/3314 1935/2120/3207 1819/2004/3078
f 1973/2159/3312 1952/2137/3289 2497/2704/3291 2498/2705/3315
f 1950/2135/3258 1923/2108/3257 1940/2125/3274 1956/2141/3298 1951/2136/3288 1930/2115/3234
f 1971/2157/3316 1884/2069/3072 1716/1900/3024 1885/2070/3221
f 1975/2161/3317 1947/2132/3248 1962/2148/3247 1988/2174/3318 2011/2197/3319 1996/2182/3320
f 1973/2159/3312 2498/2705/3315 2499/2706/3308 1977/2163/3307
f 1969/2155/3305 1967/2153/3306 1973/2159/3312 1977/2163/3307
f 1981/2167/3321 1858/2043/3185 1809/1994/3134 1960/2146/3304
f 2003/2189/3322 1982/2168/3311 1895/2080/3215 1924/2109/3228 1916/2101/3229 1987/2173/3323
f 1983/2169/3324 1997/2183/3325 1962/2148/3247 1933/2118/3246 1908/2093/3218 1959/2144/3268
f 1979/2165/3273 1871/2056/3144 1915/2100/3201 2005/2191/3326
f 1885/2070/3221 1796/1981/3115 1966/2152/3251 2017/2203/3327
f 1964/2150/3265 1932/2117/3264 1925/2110/3259 1958/2143/3300
f 1966/2152/3251 1902/2087/3171 1941/2126/3255 1995/2181/3328
f 1985/2171/3329 1961/2147/3270 1947/2132/3248 1975/2161/3317 1996/2182/3320 2006/2192/3330
f 1906/2091/3235 1858/2043/3185 1981/2167/3321 2000/2186/3331
f 1875/2060/3102 1935/2120/3207 1990/2176/3332 1963/2149/3309
f 1909/2094/3238 1855/2040/3183 1991/2177/3299 2002/2188/3333
f 1989/2175/3293 1972/2158/3292 1946/2131/3213 1976/2162/3272 1992/2178/3334 2021/2207/3335 2042/2229/3336 2013/2199/3294
f 2033/2219/3337 2014/2200/3338 1993/2179/3313 1945/2130/3182 1980/2166/3296 1998/2184/3295 2023/2209/3297 2051/2239/3339
f 1994/2180/3340 1987/2173/3323 1916/2101/3229 1939/2124/3269 1961/2147/3270 2001/2187/3341
f 1995/2181/3328 1941/2126/3255 1907/2092/3236 1979/2165/3273
f 1988/2174/3318 1962/2148/3247 1997/2183/3325 2019/2205/3342 2038/2224/3343 2011/2197/3319
f 1970/2156/3271 1906/2091/3235 2000/2186/3331 2025/2211/3344 2018/2204/3345 1976/2162/3272
f 1927/2112/3262 1909/2094/3238 2002/2188/3333 2008/2194/3346
f 2004/2190/3347 1958/2143/3300 1901/2086/3152 1984/2170/3256
f 2005/2191/3326 1915/2100/3201 1949/2134/3244 2027/2213/3348
f 2007/2193/3349 1990/2176/3332 1935/2120/3207 1968/2154/3314 1993/2179/3313 2024/2210/3350
f 1936/2121/3267 1927/2112/3262 2008/2194/3346 2032/2218/3351 2015/2201/3352 1959/2144/3268
f 1984/2170/3256 1884/2069/3072 1971/2157/3316 2052/2240/3353
f 2012/2198/3354 2010/2196/2371 1195/1351/2370 1137/1290/2396 1136/1289/2395
f 2016/2202/3355 2001/2187/3341 1961/2147/3270 1985/2171/3329 2006/2192/3330 2035/2221/3356
f 2020/2206/3357 1996/2182/3320 2011/2197/3319 2031/2217/3358 2048/2236/3359 2040/2227/3360
f 1983/2169/3324 1959/2144/3268 2015/2201/3352 2022/2208/3361 2036/2222/3362 1997/2183/3325
f 1995/2181/3328 1979/2165/3273 2005/2191/3326 2056/2244/3363
f 2027/2213/3348 1949/2134/3244 1965/2151/3287 2041/2228/3364
f 2028/2214/3365 1964/2150/3265 1958/2143/3300 2004/2190/3347
f 2029/2215/3366 2006/2192/3330 1996/2182/3320 2020/2206/3357 2040/2227/3360 2047/2234/3367
f 2017/2203/3327 1966/2152/3251 1995/2181/3328 2056/2244/3363
f 2009/2195/3280 1999/2185/3279 2030/2216/3368 2023/2209/3297
f 1899/2084/3080 1974/2160/3231 2034/2220/3369 2026/2212/3310
f 1960/2146/3304 1964/2150/3265 2028/2214/3365 2044/2231/3370
s 29
f 4075/2225/3371 4076/4327/3372 4052/4309/2297 4055/1263/2343
s 1
f 2058/2246/3373 2039/2226/3374 2024/2210/3350 1993/2179/3313 2014/2200/3338 2033/2219/3337 2051/2239/3339 2098/2291/3375
f 2031/2217/3358 2011/2197/3319 2038/2224/3343 2061/2254/3376 2109/2302/3377 2048/2236/3359
f 2041/2228/3364 1965/2151/3287 1982/2168/3311 2049/2237/3378
f 1991/2177/3299 1938/2123/3143 2026/2212/3310 2081/2274/3379
f 1999/2185/3279 2013/2199/3294 2043/2230/3380 2030/2216/3368
f 1981/2167/3321 1960/2146/3304 2044/2231/3370 2054/2242/3381
f 1974/2160/3231 1963/2149/3309 2045/2232/3382 2034/2220/3369
f 2046/2233/3383 1971/2157/3316 1885/2070/3221 2017/2203/3327
s 29
f 4073/2145/3302 4077/2235/3384 4056/1260/2355 4058/4313/2357
s 1
f 2124/2317/3385 2049/2237/3378 1982/2168/3311 2003/2189/3322 1987/2173/3323 2059/2252/3386
f 2019/2205/3342 1997/2183/3325 2036/2222/3362 2050/2238/3387 2085/2278/3388 2038/2224/3343
f 2053/2241/3389 2083/2276/3390 2042/2229/3336 2021/2207/3335 1992/2178/3334 1976/2162/3272 2018/2204/3345 2037/2223/3391
f 2000/2186/3331 1981/2167/3321 2054/2242/3381 2063/2256/3392
f 2055/2243/3393 2035/2221/3356 2006/2192/3330 2029/2215/3366 2047/2234/3367 2104/2297/3394
f 2043/2230/3380 2013/2199/3294 2042/2229/3336 2099/2292/3395
f 1963/2149/3309 1990/2176/3332 2057/2245/3396 2045/2232/3382
s 45
f 850/971/3397 901/2247/3398 835/2248/3399 806/2249/3400 808/2250/3401 998/2251/3402 851/972/3403
s 1
f 2060/2253/3404 2059/2252/3386 1987/2173/3323 1994/2180/3340 2001/2187/3341 2071/2264/3405
f 2062/2255/3406 2040/2227/3360 2048/2236/3359 2080/2273/3407
f 2078/2271/3408 2069/2262/3409 2065/2258/3410 2064/2257/3411 2074/2267/3412 2067/2260/3413 2073/2266/3414 2084/2277/3415 2102/2295/3416 2110/2303/3417 2126/2319/3418 2117/2310/3419 2127/2320/3420 2120/2313/3421 2114/2307/3422 2111/2304/3423 2103/2296/3424 2090/2283/3425
f 2023/2209/3297 2030/2216/3368 2068/2261/3426 2051/2239/3339
f 2086/2279/3427 2075/2268/3428 2070/2263/3429 2066/2259/3430 2064/2257/3411 2065/2258/3410 2069/2262/3409 2078/2271/3408 2090/2283/3425 2103/2296/3424 2111/2304/3423 2114/2307/3422 2120/2313/3421 2125/2318/3431 2121/2314/3432 2113/2306/3433 2105/2298/3434 2092/2285/3435
f 2047/2234/3367 2040/2227/3360 2062/2255/3406 2093/2286/3436
f 2072/2265/3437 2057/2245/3396 1990/2176/3332 2007/2193/3349 2024/2210/3350 2095/2288/3438
f 2079/2272/3439 2074/2267/3412 2064/2257/3411 2066/2259/3430 2077/2270/3440 2094/2287/3441
f 2076/2269/3442 2088/2281/3443 2018/2204/3345 2025/2211/3344 2000/2186/3331 2063/2256/3392
f 2002/2188/3333 1991/2177/3299 2081/2274/3379 2116/2309/3444
f 2082/2275/3445 2071/2264/3405 2001/2187/3341 2016/2202/3355 2035/2221/3356 2151/2344/3446
f 2089/2282/3447 2004/2190/3347 1984/2170/3256 2052/2240/3353
f 2084/2277/3415 2073/2266/3414 2067/2260/3413 2074/2267/3412 2112/2305/3448 2091/2284/3449 2108/2301/3450 2130/2323/3451 2140/2333/3452 2161/2354/3453 2149/2342/3454 2153/2346/3455 2164/2357/3456 2127/2320/3420 2117/2310/3419 2126/2319/3418 2110/2303/3417 2102/2295/3416
f 2077/2270/3440 2066/2259/3430 2106/2299/3457 2096/2289/3458 2133/2326/3459 2094/2287/3441
f 2097/2290/3460 2112/2305/3448 2074/2267/3412 2079/2272/3439 2094/2287/3441 2131/2324/3461
f 2093/2286/3436 2062/2255/3406 2100/2293/3462 2123/2316/3463
f 2101/2294/3464 2100/2293/3462 2062/2255/3406 2080/2273/3407
s 37
f 3960/4238/3242 3962/4239/3465 3959/4236/3227 3957/1796/2920
s 1
f 2134/2327/3466 2107/2300/3467 2087/2280/3468 2106/2299/3457 2066/2259/3430 2070/2263/3429 2075/2268/3428 2086/2279/3427 2092/2285/3435 2105/2298/3434 2113/2306/3433 2121/2314/3432 2125/2318/3431 2160/2353/3469 2152/2345/3470 2146/2339/3471 2142/2335/3472 2132/2325/3473
f 2099/2292/3395 2042/2229/3336 2083/2276/3390 2148/2341/3474
s 29
f 4077/2235/3384 4075/2225/3371 4055/1263/2343 4056/1260/2355
s 1
f 2080/2273/3407 2048/2236/3359 2109/2302/3377 2147/2340/3475
f 2008/2194/3346 2002/2188/3333 2116/2309/3444 2128/2321/3476
s 29
f 4072/4326/3301 4078/4328/3477 4079/4329/3478 4073/2145/3302
s 1
f 2118/2311/3479 2100/2293/3462 2101/2294/3464 2119/2312/3480 2125/2318/3431 2120/2313/3421
f 2030/2216/3368 2043/2230/3380 2122/2315/3481 2068/2261/3426
f 2032/2218/3351 2008/2194/3346 2128/2321/3476 2177/2370/3482 2136/2329/3483 2015/2201/3352
f 2118/2311/3479 2120/2313/3421 2127/2320/3420 2129/2322/3484 2123/2316/3463 2100/2293/3462
f 2005/2191/3326 2027/2213/3348 2135/2328/3485 2056/2244/3363
f 2157/2350/3486 2137/2330/3487 2095/2288/3438 2024/2210/3350 2039/2226/3374 2058/2246/3373 2098/2291/3375 2172/2365/3488
f 2138/2331/3489 2148/2341/3474 2083/2276/3390 2053/2241/3389 2037/2223/3391 2018/2204/3345 2088/2281/3443 2115/2308/3490
f 2104/2297/3394 2047/2234/3367 2093/2286/3436 2162/2355/3491
f 2061/2254/3376 2038/2224/3343 2085/2278/3388 2139/2332/3492 2171/2364/3493 2109/2302/3377
f 2165/2358/3494 2150/2343/3495 2158/2351/3496 2141/2334/3497 2106/2299/3457 2087/2280/3468 2107/2300/3467 2134/2327/3466 2132/2325/3473 2142/2335/3472 2146/2339/3471 2152/2345/3470 2160/2353/3469 2212/2405/3498 2228/2421/3499 2203/2396/3500 2188/2381/3501 2179/2372/3502
f 2098/2291/3375 2051/2239/3339 2068/2261/3426 2174/2367/3503
f 2028/2214/3365 2004/2190/3347 2089/2282/3447 2181/2374/3504
f 2144/2337/3505 2101/2294/3464 2080/2273/3407 2147/2340/3475
f 2022/2208/3361 2015/2201/3352 2136/2329/3483 2145/2338/3506 2166/2359/3507 2036/2222/3362
f 2122/2315/3481 2043/2230/3380 2099/2292/3395 2178/2371/3508
f 2196/2389/3509 2151/2344/3446 2035/2221/3356 2055/2243/3393 2104/2297/3394 2195/2388/3510
f 2119/2312/3480 2101/2294/3464 2144/2337/3505 2155/2348/3511 2160/2353/3469 2125/2318/3431
f 2156/2349/3512 2175/2368/3513 2133/2326/3459 2096/2289/3458 2106/2299/3457 2141/2334/3497
f 2097/2290/3460 2131/2324/3461 2176/2369/3514 2159/2352/3515 2143/2336/3516 2112/2305/3448
f 2162/2355/3491 2093/2286/3436 2123/2316/3463 2169/2362/3517
f 2163/2356/3518 2131/2324/3461 2094/2287/3441 2133/2326/3459
f 2167/2360/3519 2052/2240/3353 1971/2157/3316 2046/2233/3383
f 2135/2328/3485 2027/2213/3348 2041/2228/3364 2204/2397/3520
f 2129/2322/3484 2127/2320/3420 2164/2357/3456 2168/2361/3521 2169/2362/3517 2123/2316/3463
f 2130/2323/3451 2108/2301/3450 2091/2284/3449 2112/2305/3448 2143/2336/3516 2154/2347/3522 2170/2363/3523 2185/2378/3524 2183/2376/3525 2190/2383/3526 2201/2394/3527 2211/2404/3528 2222/2415/3529 2164/2357/3456 2153/2346/3455 2149/2342/3454 2161/2354/3453 2140/2333/3452
f 2017/2203/3327 2056/2244/3363 2173/2366/3530 2046/2233/3383
f 2174/2367/3503 2068/2261/3426 2122/2315/3481 2220/2413/3531
f 2178/2371/3508 2099/2292/3395 2148/2341/3474 2215/2408/3532
f 2050/2238/3387 2036/2222/3362 2166/2359/3507 2180/2373/3533 2210/2403/3534 2085/2278/3388
f 2176/2369/3514 2131/2324/3461 2163/2356/3518 2207/2400/3535
f 2163/2356/3518 2133/2326/3459 2175/2368/3513 2208/2401/3536
f 2044/2231/3370 2028/2214/3365 2181/2374/3504 2197/2390/3537
f 2186/2379/3538 2143/2336/3516 2159/2352/3515 2176/2369/3514 2216/2409/3539 2239/2432/3540
f 2217/2410/3541 2199/2392/3542 2184/2377/3543 2182/2375/3544 2141/2334/3497 2158/2351/3496 2150/2343/3495 2165/2358/3494 2179/2372/3502 2188/2381/3501 2203/2396/3500 2228/2421/3499 2212/2405/3498 2279/2472/3545 2264/2457/3546 2275/2468/3547 2252/2445/3548 2240/2433/3549
f 2187/2380/3550 2193/2386/3551 2088/2281/3443 2076/2269/3442 2063/2256/3392 2192/2385/3552
f 2214/2407/3553 2175/2368/3513 2156/2349/3512 2141/2334/3497 2182/2375/3544 2227/2420/3554
f 2189/2382/3555 2147/2340/3475 2109/2302/3377 2171/2364/3493
f 2191/2384/3556 2194/2387/3557 2057/2245/3396 2072/2265/3437 2095/2288/3438 2213/2406/3558
f 2045/2232/3382 2057/2245/3396 2194/2387/3557 2200/2393/3559
f 2172/2365/3488 2098/2291/3375 2174/2367/3503 2230/2423/3560
f 2054/2242/3381 2044/2231/3370 2197/2390/3537 2198/2391/3561
f 2063/2256/3392 2054/2242/3381 2198/2391/3561 2192/2385/3552
f 2034/2220/3369 2045/2232/3382 2200/2393/3559 2245/2438/3562
f 2204/2397/3520 2041/2228/3364 2049/2237/3378 2225/2418/3563
f 2205/2398/3564 2215/2408/3532 2148/2341/3474 2138/2331/3489 2115/2308/3490 2088/2281/3443 2193/2386/3551 2202/2395/3565
f 2144/2337/3505 2147/2340/3475 2189/2382/3555 2218/2411/3566
f 2209/2402/3567 2026/2212/3310 2034/2220/3369 2245/2438/3562
f 2229/2422/3568 2241/2434/3569 2213/2406/3558 2095/2288/3438 2137/2330/3487 2157/2350/3486 2172/2365/3488 2230/2423/3560
f 2219/2412/3570 2212/2405/3498 2160/2353/3469 2155/2348/3511 2144/2337/3505 2218/2411/3566
f 2089/2282/3447 2052/2240/3353 2167/2360/3519 2283/2476/3571
f 2081/2274/3379 2026/2212/3310 2209/2402/3567 2250/2443/3572
f 2243/2436/3573 2208/2401/3536 2175/2368/3513 2214/2407/3553 2227/2420/3554 2265/2458/3574
f 2216/2409/3539 2176/2369/3514 2207/2400/3535 2244/2437/3575 2267/2460/3576 2239/2432/3540
f 2185/2378/3524 2170/2363/3523 2154/2347/3522 2143/2336/3516 2186/2379/3538 2206/2399/3577 2223/2416/3578 2246/2439/3579 2242/2435/3580 2251/2444/3581 2257/2450/3582 2268/2461/3583 2298/2491/3584 2222/2415/3529 2211/2404/3528 2201/2394/3527 2190/2383/3526 2183/2376/3525
f 2104/2297/3394 2162/2355/3491 2224/2417/3585 2195/2388/3510
f 2273/2466/3586 2225/2418/3563 2049/2237/3378 2124/2317/3385 2059/2252/3386 2235/2428/3587
f 2226/2419/3588 2235/2428/3587 2059/2252/3386 2060/2253/3404 2071/2264/3405 2221/2414/3589
f 2122/2315/3481 2178/2371/3508 2231/2424/3590 2220/2413/3531
f 2173/2366/3530 2056/2244/3363 2135/2328/3485 2294/2487/3591
f 2232/2425/3592 2207/2400/3535 2163/2356/3518 2208/2401/3536
f 2082/2275/3445 2151/2344/3446 2249/2442/3593 2233/2426/3594 2221/2414/3589 2071/2264/3405
f 2168/2361/3521 2164/2357/3456 2222/2415/3529 2234/2427/3595 2236/2429/3596 2169/2362/3517
f 2162/2355/3491 2169/2362/3517 2236/2429/3596 2224/2417/3585
f 2139/2332/3492 2085/2278/3388 2210/2403/3534 2237/2430/3597 2254/2447/3598 2171/2364/3493
f 2260/2453/3599 2248/2441/3600 2238/2431/3601 2227/2420/3554 2182/2375/3544 2184/2377/3543 2199/2392/3542 2217/2410/3541 2240/2433/3549 2252/2445/3548 2275/2468/3547 2264/2457/3546 2279/2472/3545 2346/2541/3602 2332/2527/3603 2336/2531/3604 2310/2505/3605 2296/2489/3606
f 2230/2423/3560 2174/2367/3503 2220/2413/3531 2259/2452/3607
s 39
f 1222/1475/2607 1201/1362/3608 1189/1343/3609 1245/1403/2608
s 1
f 2178/2371/3508 2215/2408/3532 2247/2440/3610 2231/2424/3590
f 2116/2309/3444 2081/2274/3379 2250/2443/3572 2263/2456/3611
f 2244/2437/3575 2207/2400/3535 2232/2425/3592 2255/2448/3612 2292/2485/3613 2267/2460/3576
f 2256/2449/3614 2232/2425/3592 2208/2401/3536 2243/2436/3573 2265/2458/3574 2291/2484/3615
f 2205/2398/3564 2202/2395/3565 2193/2386/3551 2262/2455/3616 2261/2454/3617 2258/2451/3618 2247/2440/3610 2215/2408/3532
f 2128/2321/3476 2116/2309/3444 2263/2456/3611 2272/2465/3619
s 29
f 4075/2225/3371 4065/1522/2647 4063/4318/2574 4076/4327/3372
f 4073/2145/3302 4079/4329/3478 4067/4320/2675 4077/2235/3384
s 1
f 2191/2384/3556 2213/2406/3558 2274/2467/3620 2266/2459/3621 2288/2481/3622 2194/2387/3557
f 2246/2439/3579 2223/2416/3578 2206/2399/3577 2186/2379/3538 2239/2432/3540 2253/2446/3623 2269/2462/3624 2299/2492/3625 2297/2490/3626 2308/2503/3627 2322/2517/3628 2337/2532/3629 2360/2555/3630 2298/2491/3584 2268/2461/3583 2257/2450/3582 2251/2444/3581 2242/2435/3580
f 2187/2380/3550 2192/2385/3552 2290/2483/3631 2270/2463/3632 2262/2455/3616 2193/2386/3551
f 2271/2464/3633 2189/2382/3555 2171/2364/3493 2254/2447/3598
f 2177/2370/3482 2128/2321/3476 2272/2465/3619 2321/2516/3634 2276/2469/3635 2136/2329/3483
f 2282/2475/3636 2300/2493/3637 2274/2467/3620 2213/2406/3558 2241/2434/3569 2229/2422/3568 2230/2423/3560 2259/2452/3607
f 2196/2389/3509 2195/2388/3510 2315/2510/3638 2277/2470/3639 2249/2442/3593 2151/2344/3446
f 2220/2413/3531 2231/2424/3590 2278/2471/3640 2259/2452/3607
f 2145/2338/3506 2136/2329/3483 2276/2469/3635 2280/2473/3641 2285/2478/3642 2166/2359/3507
f 2314/2509/3643 2301/2494/3644 2281/2474/3645 2265/2458/3574 2227/2420/3554 2238/2431/3601 2248/2441/3600 2260/2453/3599 2296/2489/3606 2310/2505/3605 2336/2531/3604 2332/2527/3603 2346/2541/3602 2388/2583/3646 2375/2570/3647 2363/2558/3648 2361/2556/3649 2345/2540/3650
f 2181/2374/3504 2089/2282/3447 2283/2476/3571 2335/2530/3651
f 2284/2477/3652 2167/2360/3519 2046/2233/3383 2173/2366/3530
f 2218/2411/3566 2189/2382/3555 2271/2464/3633 2289/2482/3653
f 2305/2500/3654 2292/2485/3613 2255/2448/3612 2232/2425/3592 2256/2449/3614 2291/2484/3615
f 2299/2492/3625 2269/2462/3624 2253/2446/3623 2239/2432/3540 2267/2460/3576 2286/2479/3655 2317/2512/3656 2338/2533/3657 2341/2536/3658 2353/2548/3659 2365/2560/3660 2378/2573/3661 2399/2594/3662 2360/2555/3630 2337/2532/3629 2322/2517/3628 2308/2503/3627 2297/2490/3626
f 2287/2480/3663 2279/2472/3545 2212/2405/3498 2219/2412/3570 2218/2411/3566 2289/2482/3653
f 2200/2393/3559 2194/2387/3557 2288/2481/3622 2304/2499/3664
f 2290/2483/3631 2192/2385/3552 2198/2391/3561 2302/2495/3665
f 2231/2424/3590 2247/2440/3610 2293/2486/3666 2278/2471/3640
f 2180/2373/3533 2166/2359/3507 2285/2478/3642 2295/2488/3667 2307/2502/3668 2210/2403/3534
f 2294/2487/3591 2135/2328/3485 2204/2397/3520 2334/2529/3669
f 2302/2495/3665 2198/2391/3561 2197/2390/3537 2313/2508/3670
f 1018/2496/2252 1017/2497/2251 1698/1878/3006 1023/1159/2257 1321/1488/2573
f 2195/2388/3510 2224/2417/3585 2303/2498/3671 2315/2510/3638
f 2245/2438/3562 2200/2393/3559 2304/2499/3664 2326/2521/3672
f 2358/2553/3673 2343/2538/3674 2323/2518/3675 2291/2484/3615 2265/2458/3574 2281/2474/3645 2301/2494/3644 2314/2509/3643 2345/2540/3650 2361/2556/3649 2363/2558/3648 2375/2570/3647 2388/2583/3646 2415/2610/3676 2405/2600/3677 2393/2588/3678 2380/2575/3679 2370/2565/3680
f 2306/2501/3681 2312/2507/3682 2236/2429/3596 2234/2427/3595 2222/2415/3529 2298/2491/3584
f 2338/2533/3657 2317/2512/3656 2286/2479/3655 2267/2460/3576 2292/2485/3613 2324/2519/3683 2339/2534/3684 2354/2549/3685 2372/2567/3686 2389/2584/3687 2400/2595/3688 2412/2607/3689 2416/2611/3690 2399/2594/3662 2378/2573/3661 2365/2560/3660 2353/2548/3659 2341/2536/3658
f 2282/2475/3636 2259/2452/3607 2278/2471/3640 2311/2506/3691 2319/2514/3692 2318/2513/3693 2274/2467/3620 2300/2493/3637
f 2224/2417/3585 2236/2429/3596 2312/2507/3682 2303/2498/3671
f 2313/2508/3670 2197/2390/3537 2181/2374/3504 2335/2530/3651
f 2258/2451/3618 2261/2454/3617 2262/2455/3616 2320/2515/3694 2316/2511/3695 2309/2504/3696 2293/2486/3666 2247/2440/3610
s 29
f 4077/2235/3384 4067/4320/2675 4065/1522/2647 4075/2225/3371
s 1
f 2311/2506/3691 2278/2471/3640 2293/2486/3666 2309/2504/3696 2316/2511/3695 2320/2515/3694 2318/2513/3693 2319/2514/3692
f 2266/2459/3621 2274/2467/3620 2318/2513/3693 2329/2524/3697 2333/2528/3698 2288/2481/3622
f 2237/2430/3597 2210/2403/3534 2307/2502/3668 2325/2520/3699 2342/2537/3700 2254/2447/3598
f 2367/2562/3701 2349/2544/3702 2331/2526/3703 2305/2500/3654 2291/2484/3615 2323/2518/3675 2343/2538/3674 2358/2553/3673 2370/2565/3680 2380/2575/3679 2393/2588/3678 2405/2600/3677 2415/2610/3676 2431/2626/3704 2417/2612/3705 2407/2602/3706 2394/2589/3707 2382/2577/3708
f 2209/2402/3567 2245/2438/3562 2326/2521/3672 2348/2543/3709
f 2233/2426/3594 2249/2442/3593 2344/2539/3710 2328/2523/3711 2327/2522/3712 2221/2414/3589
f 2270/2463/3632 2290/2483/3631 2347/2542/3713 2330/2525/3714 2320/2515/3694 2262/2455/3616
f 2354/2549/3685 2339/2534/3684 2324/2519/3683 2292/2485/3613 2305/2500/3654 2331/2526/3703 2349/2544/3702 2367/2562/3701 2382/2577/3708 2394/2589/3707 2407/2602/3706 2417/2612/3705 2431/2626/3704 2416/2611/3690 2412/2607/3689 2400/2595/3688 2389/2584/3687 2372/2567/3686
f 2283/2476/3571 2167/2360/3519 2284/2477/3652 2376/2571/3715
f 2334/2529/3669 2204/2397/3520 2225/2418/3563 2350/2545/3716
f 2329/2524/3697 2318/2513/3693 2320/2515/3694 2330/2525/3714 2347/2542/3713 2333/2528/3698
f 2226/2419/3588 2221/2414/3589 2327/2522/3712 2340/2535/3717 2352/2547/3718 2235/2428/3587
f 2304/2499/3664 2288/2481/3622 2333/2528/3698 2362/2557/3719
f 2250/2443/3572 2209/2402/3567 2348/2543/3709 2364/2559/3720
f 2347/2542/3713 2290/2483/3631 2302/2495/3665 2366/2561/3721
f 2271/2464/3633 2254/2447/3598 2342/2537/3700 2355/2550/3722
f 2383/2578/3723 2350/2545/3716 2225/2418/3563 2273/2466/3586 2235/2428/3587 2352/2547/3718
f 2351/2546/3724 2346/2541/3602 2279/2472/3545 2287/2480/3663 2289/2482/3653 2356/2551/3725
f 2289/2482/3653 2271/2464/3633 2355/2550/3722 2356/2551/3725
f 2173/2366/3530 2294/2487/3591 2357/2552/3726 2284/2477/3652
f 2277/2470/3639 2315/2510/3638 2369/2564/3727 2359/2554/3728 2344/2539/3710 2249/2442/3593
f 2263/2456/3611 2250/2443/3572 2364/2559/3720 2377/2572/3729
f 2326/2521/3672 2304/2499/3664 2362/2557/3719 2387/2582/3730
f 2333/2528/3698 2347/2542/3713 2366/2561/3721 2362/2557/3719
f 2368/2563/3731 2371/2566/3732 2312/2507/3682 2306/2501/3681 2298/2491/3584 2360/2555/3630
f 2366/2561/3721 2302/2495/3665 2313/2508/3670 2386/2581/3733
f 2369/2564/3727 2315/2510/3638 2303/2498/3671 2391/2586/3734
f 2303/2498/3671 2312/2507/3682 2371/2566/3732 2391/2586/3734
f 2295/2488/3667 2285/2478/3642 2374/2569/3735 2373/2568/3736 2381/2576/3737 2307/2502/3668
f 2272/2465/3619 2263/2456/3611 2377/2572/3729 2385/2580/3738
f 2280/2473/3641 2276/2469/3635 2384/2579/3739 2379/2574/3740 2374/2569/3735 2285/2478/3642
f 2335/2530/3651 2283/2476/3571 2376/2571/3715 2408/2603/3741
f 2404/2599/3742 2384/2579/3739 2276/2469/3635 2321/2516/3634 2272/2465/3619 2385/2580/3738
f 2357/2552/3726 2294/2487/3591 2334/2529/3669 2410/2605/3743
f 2386/2581/3733 2313/2508/3670 2335/2530/3651 2408/2603/3741
f 2325/2520/3699 2307/2502/3668 2381/2576/3737 2390/2585/3744 2396/2591/3745 2342/2537/3700
f 2348/2543/3709 2326/2521/3672 2387/2582/3730 2409/2604/3746
f 2362/2557/3719 2366/2561/3721 2386/2581/3733 2387/2582/3730
f 2328/2523/3711 2344/2539/3710 2398/2593/3747 2392/2587/3748 2395/2590/3749 2327/2522/3712
f 2397/2592/3750 2388/2583/3646 2346/2541/3602 2351/2546/3724 2356/2551/3725 2401/2596/3751
f 2376/2571/3715 2284/2477/3652 2357/2552/3726 2421/2616/3752
f 2355/2550/3722 2342/2537/3700 2396/2591/3745 2402/2597/3753
f 2356/2551/3725 2355/2550/3722 2402/2597/3753 2401/2596/3751
f 2340/2535/3717 2327/2522/3712 2395/2590/3749 2403/2598/3754 2428/2623/3755 2352/2547/3718
f 2359/2554/3728 2369/2564/3727 2413/2608/3756 2406/2601/3757 2398/2593/3747 2344/2539/3710
f 2364/2559/3720 2348/2543/3709 2409/2604/3746 2422/2617/3758
f 2410/2605/3743 2334/2529/3669 2350/2545/3716 2418/2613/3759
f 2411/2606/3760 2414/2609/3761 2371/2566/3732 2368/2563/3731 2360/2555/3630 2399/2594/3662
f 2409/2604/3746 2387/2582/3730 2386/2581/3733 2408/2603/3741
f 2413/2608/3756 2369/2564/3727 2391/2586/3734 2426/2621/3762
f 2391/2586/3734 2371/2566/3732 2414/2609/3761 2426/2621/3762
f 2373/2568/3736 2374/2569/3735 2424/2619/3763 2419/2614/3764 2423/2618/3765 2381/2576/3737
f 2383/2578/3723 2352/2547/3718 2428/2623/3755 2420/2615/3766 2418/2613/3759 2350/2545/3716
f 2377/2572/3729 2364/2559/3720 2422/2617/3758 2435/2630/3767
f 2390/2585/3744 2381/2576/3737 2423/2618/3765 2437/2632/3768 2432/2627/3769 2396/2591/3745
f 2425/2620/3770 2415/2610/3676 2388/2583/3646 2397/2592/3750 2401/2596/3751 2436/2631/3771
f 2408/2603/3741 2376/2571/3715 2421/2616/3752 2445/2640/3772
f 2411/2606/3760 2399/2594/3662 2416/2611/3690 2429/2624/3773 2443/2638/3774 2414/2609/3761
f 2430/2625/3775 2442/2637/3776 2395/2590/3749 2392/2587/3748 2398/2593/3747 2427/2622/3777
f 2379/2574/3740 2384/2579/3739 2439/2634/3778 2433/2628/3779 2424/2619/3763 2374/2569/3735
f 2434/2629/3780 2427/2622/3777 2398/2593/3747 2406/2601/3757 2413/2608/3756 2444/2639/3781
f 2385/2580/3738 2377/2572/3729 2435/2630/3767 2441/2636/3782
f 2436/2631/3771 2401/2596/3751 2402/2597/3753 2438/2633/3783
f 2438/2633/3783 2402/2597/3753 2396/2591/3745 2432/2627/3769
f 2453/2649/3784 2439/2634/3778 2384/2579/3739 2404/2599/3742 2385/2580/3738 2441/2636/3782
f 2357/2552/3726 2410/2605/3743 2440/2635/3785 2421/2616/3752
f 2403/2598/3754 2395/2590/3749 2442/2637/3776 2452/2648/3786 2455/2651/3787 2428/2623/3755
f 2409/2604/3746 2408/2603/3741 2445/2640/3772 2422/2617/3758
f 2446/2641/3788 2431/2626/3704 2415/2610/3676 2425/2620/3770 2436/2631/3771 2454/2650/3789
f 2429/2624/3773 2416/2611/3690 2431/2626/3704 2446/2641/3788 2454/2650/3789 2443/2638/3774
f 2413/2608/3756 2426/2621/3762 2447/2642/3790 2444/2639/3781
f 2447/2642/3790 2426/2621/3762 2414/2609/3761 2443/2638/3774
f 2448/2643/3791 2449/2644/3792 2423/2618/3765 2419/2614/3764 2424/2619/3763 2450/2645/3793
f 2448/2643/3791 2450/2645/3793 2442/2637/3776 2430/2625/3775 2427/2622/3777 2449/2644/3792
f 2451/2646/3794 2449/2644/3792 2427/2622/3777 2434/2629/3780 2444/2639/3781 2457/2653/3795
f 1754/1938/3059 1151/1304/2422 1698/1878/3006 1017/2497/2251 1471/2647/2778
f 2451/2646/3794 2457/2653/3795 2432/2627/3769 2437/2632/3768 2423/2618/3765 2449/2644/3792
f 2435/2630/3767 2422/2617/3758 2445/2640/3772 2459/2655/3796
f 2461/2657/3797 2450/2645/3793 2424/2619/3763 2433/2628/3779 2439/2634/3778 2462/2658/3798
f 2410/2605/3743 2418/2613/3759 2456/2652/3799 2440/2635/3785
f 2454/2650/3789 2436/2631/3771 2438/2633/3783 2458/2654/3800
f 2458/2654/3800 2438/2633/3783 2432/2627/3769 2457/2653/3795
f 2459/2655/3796 2445/2640/3772 2421/2616/3752 2440/2635/3785
f 2458/2654/3800 2447/2642/3790 2443/2638/3774 2454/2650/3789
f 2452/2648/3786 2442/2637/3776 2450/2645/3793 2461/2657/3797 2462/2658/3798 2455/2651/3787
f 2444/2639/3781 2447/2642/3790 2458/2654/3800 2457/2653/3795
f 2460/2656/3801 2456/2652/3799 2418/2613/3759 2420/2615/3766 2428/2623/3755 2455/2651/3787
f 2441/2636/3782 2435/2630/3767 2459/2655/3796 2463/2659/3802
f 2464/2660/3803 2462/2658/3798 2439/2634/3778 2453/2649/3784 2441/2636/3782 2463/2659/3802
f 1408/1581/2707 1444/1619/2713 1567/1744/3804 1476/1651/2770
f 2463/2659/3802 2459/2655/3796 2440/2635/3785 2456/2652/3799
f 2460/2656/3801 2455/2651/3787 2462/2658/3798 2464/2660/3803 2463/2659/3802 2456/2652/3799
s 40
f 3979/4248/3805 3978/4249/3806 3965/4240/2868 3964/1743/2867
s 1
f 1444/1619/2713 1501/1676/2767 1572/1750/3807 1567/1744/3804
f 1468/1643/2762 1538/1714/2818 1535/1711/2838 1483/1658/2773
f 1537/1713/2806 1450/1625/2750 1498/1673/2801 1627/1806/3808
s 40
f 3980/4250/3809 3979/4248/3805 3964/1743/2867 3981/2662/3810
s 38
f 905/1449/2582 912/1041/2581 978/1112/3811 1038/1178/3812 1014/2663/3813 958/2664/3814
s 1
f 1501/1676/2767 1546/1722/2848 2466/2665/3815 1572/1750/3807
f 1538/1714/2818 1578/1756/2879 1636/1816/2944 1535/1711/2838
s 40
f 3968/4243/2932 3980/4250/3809 3981/2662/3810 3969/1807/2933
s 1
f 1535/1711/2838 1636/1816/2944 1646/1826/2941 1556/1732/2839
f 1612/1790/2892 1537/1713/2806 1627/1806/3808 1628/1808/3816
s 40
f 3981/2662/3810 3964/1743/2867 3963/1745/2866 3973/1882/3011
s off
f 1426/2666/3817 887/2667/3818 774/2668/3819 901/2247/3820 850/971/3821 873/996/3822
s 40
f 3963/1745/2866 3966/4241/2869 3982/4251/3823 3983/2669/3824
s 1
f 1546/1722/2848 1626/1805/2930 2467/2670/3825 2466/2665/3815
s 40
f 3969/1807/2933 3981/2662/3810 3973/1882/3011 3972/1881/3010
f 3973/1882/3011 3963/1745/2866 3983/2669/3824 3974/1889/3012
s 1
f 1691/1871/2972 1612/1790/2892 1628/1808/3816 1653/1833/3826
f 1604/1782/2880 1645/1825/2918 2468/2671/3827 1641/1821/2916
s 40
f 3983/2669/3824 3982/4251/3823 3984/4252/3828 3985/4253/3829
f 3970/4244/2934 3969/1807/2933 3972/1881/3010 3986/4254/3830
s 1
f 1626/1805/2930 1701/1884/3013 2469/2672/3831 2467/2670/3825
f 1641/1821/2916 2468/2671/3827 2471/2674/3832 1681/1861/2961
f 1645/1825/2918 1689/1869/2967 2472/2675/3833 2468/2671/3827
s 40
f 3974/1889/3012 3983/2669/3824 3985/4253/3829 3987/4255/3834
s 1
f 1769/1953/3058 1691/1871/2972 1653/1833/3826 2470/2673/3835
f 1681/1861/2961 2471/2674/3832 1765/1949/3070 1720/1904/2998
s 40
f 3986/4254/3830 3972/1881/3010 3971/1883/3009 3976/4246/3113
s 1
f 2468/2671/3827 2472/2675/3833 2474/2677/3836 2471/2674/3832
f 1689/1869/2967 1729/1913/3018 2475/2678/3837 2472/2675/3833
s 45
f 867/990/3838 1121/2679/3839 884/2680/3840 1001/2681/3841 1273/2682/3842 898/1026/3843
s 40
f 3971/1883/3009 3974/1889/3012 3987/4255/3834 3977/4247/3114
s 1
f 1701/1884/3013 1778/1963/3092 2473/2676/3844 2469/2672/3831
f 2471/2674/3832 2474/2677/3836 1810/1995/3135 1765/1949/3070
f 2472/2675/3833 2475/2678/3837 2476/2683/3845 2474/2677/3836
f 1842/2027/3170 1769/1953/3058 2470/2673/3835 1794/1979/3846
f 1729/1913/3018 1757/1941/3061 2477/2684/3847 2475/2678/3837
f 2479/2686/3109 2478/2685/3108 1821/2006/3121 1817/2002/3120
f 1821/2006/3121 2478/2685/3108 2480/2687/3133 2481/2688/3132
f 1778/1963/3092 1910/2095/3237 1806/1991/3848 2473/2676/3844
f 2474/2677/3836 2476/2683/3845 1870/2055/3199 1810/1995/3135
f 1757/1941/3061 1799/1984/3117 2485/2692/3849 2477/2684/3847
f 2481/2688/3132 2480/2687/3133 2483/2690/3167 2484/2691/3141
f 2475/2678/3837 2477/2684/3847 2486/2693/3850 2476/2683/3845
f 1922/2107/3254 1842/2027/3170 1794/1979/3846 1795/1980/3851
f 1893/2078/3162 2484/2691/3141 2483/2690/3167 2488/2695/3209
f 1910/2095/3237 1922/2107/3254 1795/1980/3851 1806/1991/3848
f 2485/2692/3849 1799/1984/3117 1838/2023/3165 1903/2088/3225
f 2487/2694/3190 1862/2047/3150 1877/2062/3174 2490/2697/3226
f 2477/2684/3847 2485/2692/3849 2489/2696/3852 2486/2693/3850
f 2476/2683/3845 2486/2693/3850 1912/2097/3240 1870/2055/3199
f 1894/2079/3179 1893/2078/3162 2488/2695/3209 2492/2699/3250
f 2490/2697/3226 1877/2062/3174 2491/2698/3189 2494/2701/3263
f 2489/2696/3852 2485/2692/3849 1903/2088/3225 1937/2122/3261
f 1911/2096/3198 1894/2079/3179 2492/2699/3250 2496/2703/3285
f 2486/2693/3850 2489/2696/3852 1943/2128/3281 1912/2097/3240
f 2494/2701/3263 2491/2698/3189 2493/2700/3194 2497/2704/3291
f 1931/2116/3206 1911/2096/3198 2496/2703/3285 2499/2706/3308
f 2497/2704/3291 2493/2700/3194 2495/2702/3220 2498/2705/3315
f 2495/2702/3220 1931/2116/3206 2499/2706/3308 2498/2705/3315
f 1943/2128/3281 2489/2696/3852 1937/2122/3261 1957/2142/3290
f 1954/2139/3286 1955/2140/3282 1967/2153/3306 1969/2155/3305
s off
f 1179/1347/3853 1208/2707/3854 1209/1405/3855 1224/1382/3856 1188/1342/3857
s 47
f 1024/1160/3858 1755/2708/3859 1754/2709/3860 1471/2710/3861 1472/2711/3862 986/1120/3863
s off
f 1269/1430/3864 1337/2712/3865 1353/2713/3866 1325/1492/3867 1253/1413/3868
s 45
f 998/2251/3402 849/2714/3869 871/2715/3870 872/2716/3871 1121/2679/3839 867/990/3838 851/972/3403
s 48
f 1353/2713/3872 1400/2717/3873 1455/2718/3874 1351/1521/3875 1325/1492/3876
s 49
f 986/1120/3877 1472/2711/3878 1016/2719/3879 1018/2720/3880 1321/2721/3881 1320/2722/3882 944/1077/3883
f 944/1077/3883 1320/2722/3882 1169/2723/3884 941/2724/3885 1426/2666/3886 873/996/3887
s 45
f 898/1026/3843 1273/2682/3842 910/2725/3888 934/2726/3889 1703/2727/3890 928/1058/3891
s 48
f 1455/2718/3874 1494/2728/3892 1486/2729/3893 1417/1590/3894 1308/1474/3895 1351/1521/3875
s off
f 1019/1155/3896 2465/2730/3897 1118/2731/3898 2010/2732/3899 2012/2733/3900 1025/1161/3901
s 45
f 928/1058/3891 1703/2727/3890 966/2734/3902 970/2735/3903 984/2736/3904 1274/2737/3905 1341/2738/3906 963/1096/3907
f 1341/2738/3906 1050/2739/3908 1051/2740/3909 1554/2741/3910 2465/2730/3911 1019/1155/3912 963/1096/3907
s 47
f 2012/2733/3913 1136/2742/3914 1921/2743/3915 1755/2708/3859 1024/1160/3858 1025/1161/3916
s 1
f 606/714/1829 672/785/1896 2500/2744/1897 2594/2842/3917
f 604/712/1827 599/707/1825 2501/2745/1826 2544/2790/3918
f 2502/2746/3919 2504/2748/3920 637/749/1858 629/740/1857 601/709/1856 2509/2754/3921
f 577/685/1754 614/722/1839 2503/2747/3922 535/643/1752
f 622/733/1849 637/749/1858 2504/2748/3920 2541/2787/3923
f 475/583/1766 532/640/1743 2505/2749/3924 2537/2783/3925 2515/2760/3926 476/584/1728
f 2506/2750/1860 596/704/1823 490/598/1676 2564/2811/3927
f 2510/2755/1721 519/627/1720 516/624/1719 515/623/1718 586/694/1717 529/637/1716 2508/2753/1739 2542/2788/3928 2529/2775/3929 2546/2792/3930 2560/2807/3931 2578/2825/3932 2608/2856/3933 2630/2878/3934 2643/2891/3935 2596/2844/1724 2577/2824/1723 2550/2796/1722
f 2511/2756/3936 650/762/1876 673/786/1883 657/769/1882
f 624/735/1851 482/590/1665 2514/2759/1668 2540/2786/3937
f 572/680/1808 681/794/1903 2516/2761/3938 573/681/1809
f 2549/2795/3939 2517/2762/3940 500/608/3941 566/674/3942 567/675/3943 601/709/1856 600/708/1659 565/673/1658 585/693/1657 498/606/1656 499/607/1655 474/582/1654 473/581/1653 2513/2758/1652 2535/2781/1651 2584/2831/3944 2568/2815/3945 2547/2793/3946
f 2518/2763/1791 542/650/1777 543/651/1776 2571/2818/3947
f 656/768/1872 492/600/1681 2521/2766/3948 647/759/1869
f 2522/2767/3949 594/702/1760 622/733/1849 2541/2787/3923
f 549/657/1683 609/717/1640 2524/2769/3950 494/602/1680
f 478/586/1866 547/655/1780 2556/2802/3951 2525/2770/3952 479/587/1774 477/585/1773
f 2505/2749/3924 532/640/1743 2507/2751/1688 2526/2771/3953 2570/2817/3954 2537/2783/3925
f 514/622/1715 513/621/1714 2527/2773/3955 543/651/1776
f 2528/2774/3956 2512/2757/1650 476/584/1728 2515/2760/3926 2537/2783/3925 2569/2816/3957
f 614/722/1839 569/724/1805 2531/2777/3958 2503/2747/3922
f 604/712/1827 2533/2779/3959 512/620/1713 511/619/1712
f 2534/2780/1737 525/633/1736 613/721/1837 2583/2830/3960
f 2536/2782/3961 642/754/1864 575/683/1811 576/684/1810
f 576/684/1810 564/672/1800 2538/2784/1803 2623/2871/3962
f 556/664/1792 624/735/1851 2540/2786/3937 2617/2865/3963
f 491/599/1671 535/643/1752 2543/2789/3964 484/592/1669
f 536/644/1755 594/702/1760 2522/2767/3949 2545/2791/3965 2576/2823/3966 537/645/1756
f 2548/2794/3967 2554/2800/3968 605/713/1822 626/737/1854 580/688/1817 2574/2821/3969
f 2551/2797/3970 663/775/1885 648/760/1873 2559/2806/3971
f 2526/2771/3953 2507/2751/1688 2530/2776/1687 2579/2826/3972 2619/2867/3973 2570/2817/3954
f 465/573/1638 484/592/1669 2553/2799/3974 466/574/1639
f 676/789/1900 550/658/1786 552/660/1785 2685/2936/3975
f 607/715/1831 642/754/1864 2555/2801/3976 2523/2768/1832
f 2580/2827/3977 2535/2781/1651 2512/2757/1650 2528/2774/3956 2569/2816/3957 2621/2869/3978
s 50
f 3989/4256/3979 3988/4257/3980 3990/2803/3981 3991/4258/3982
s 1
f 609/717/1640 466/574/1639 2558/2805/3983 2524/2769/3950
f 2559/2806/3971 648/760/1873 468/576/1643 2609/2857/3984
f 560/727/1798 616/726/1841 2557/2804/1879 2698/2951/3985
f 2562/2809/3986 657/769/1882 645/757/1870 647/759/1869
f 2563/2810/3987 2618/2866/3988 544/652/1784 591/699/1819 605/713/1822 2554/2800/3968
f 569/677/1805 571/679/1804 2565/2812/3989 2531/2835/3958
f 2567/2814/3990 557/665/1793 556/664/1792 2617/2865/3963
f 528/636/1738 584/692/1742 2572/2819/3991 2601/2849/3992 2582/2829/3993 2508/2753/1739
f 545/653/1779 544/652/1784 2618/2866/3988 2573/2820/3994 2556/2802/3951 547/655/1780
f 2574/2821/3969 580/688/1817 582/690/1816 2611/2859/3995
f 584/692/1742 589/697/1775 2575/2822/3996 2572/2819/3991
f 2564/2811/3927 490/598/1676 2552/2798/1679 2635/2883/3997
f 2581/2828/3998 489/597/1678 507/615/1706 2589/2837/3999
f 2501/2745/1826 557/665/1793 2567/2814/3990 2598/2846/4000
f 2583/2830/3960 613/721/1837 2506/2752/1860 2634/2897/4001
f 2616/2864/4002 2585/2832/4003 2566/2813/4004 2532/2778/4005 2519/2764/4006 2509/2754/3921 601/709/1856 567/675/3943 566/674/3942 500/608/3941 2517/2762/3940 2549/2795/3939 2547/2793/3946 2568/2815/3945 2584/2831/3944 2640/2888/4007 2629/2877/4008 2612/2860/4009
f 492/600/1681 494/602/1680 2586/2833/4010 2521/2766/3948
f 535/643/1752 2503/2747/3922 2587/2834/4011 2543/2789/3964
f 589/697/1775 479/587/1774 2588/2836/4012 2575/2822/3996
f 2589/2837/3999 507/615/1706 486/594/1674 2624/2872/4013
f 2590/2838/4014 661/773/1886 663/775/1885 2551/2797/3970
f 2591/2839/4015 655/767/1878 621/732/1848 620/731/1847
f 2593/2841/4016 2600/2848/4017 2504/2748/3920 2502/2746/3919 2509/2754/3921 2595/2843/4018
f 539/647/1762 606/714/1829 2594/2842/3917 2708/2963/4019
f 2648/2896/4020 2619/2867/3973 2579/2826/3972 2530/2776/1687 2596/2844/1724 2643/2891/3935
f 2544/2790/3918 2501/2745/1826 2598/2846/4000 2644/2892/4021
f 579/687/1814 537/645/1756 2576/2823/3966 2599/2847/4022 2627/2875/4023 531/639/1710
f 2552/2798/1679 489/597/1678 2581/2828/3998 2649/2898/4024
f 2541/2787/3923 2504/2748/3920 2600/2848/4017 2637/2885/4025
f 2604/2852/4026 2558/2805/3983 466/574/1639 2553/2799/3974
f 2584/2831/3944 2535/2781/1651 2580/2827/3977 2621/2869/3978 2646/2894/4027 2640/2888/4007
f 571/679/1804 573/681/1809 2605/2853/4028 2565/2812/3989
f 2606/2854/4029 2569/2816/3957 2537/2783/3925 2570/2817/3954
f 484/592/1669 2543/2789/3964 2607/2855/4030 2553/2799/3974
f 2609/2857/3984 468/576/1643 470/578/1642 2695/2948/4031
f 563/671/1802 554/662/1789 2610/2858/4032 2638/2886/4033
f 2611/2859/3995 582/690/1816 2523/2768/1832 2679/2930/4034
f 554/662/1789 2518/2763/1791 2614/2862/4035 2610/2858/4032
f 494/602/1680 2524/2769/3950 2615/2863/4036 2586/2833/4010
f 2620/2868/4037 651/763/1788 650/762/1876 2511/2756/3936
f 2624/2872/4013 486/594/1674 485/593/1673 2645/2893/4038
f 2625/2873/4039 2588/2836/4012 479/587/1774 2525/2770/3952 2556/2802/3951 2680/2931/4040
f 2615/2863/4036 2524/2769/3950 2558/2805/3983 2604/2852/4026
f 2628/2876/4041 2522/2767/3949 2541/2787/3923 2637/2885/4025
f 2561/2808/1844 561/669/1796 2592/2840/1799 2745/3000/4042
f 2602/2850/1646 471/579/1645 2561/2808/1844 2736/2991/4043
f 2503/2747/3922 2531/2777/3958 2631/2879/4044 2587/2834/4011
f 2544/2790/3918 2633/2881/4045 2533/2779/3959 604/712/1827
f 2634/2882/4001 2506/2750/1860 2564/2811/3927 2681/2932/4046
f 2621/2869/3978 2569/2816/3957 2606/2854/4029 2659/2908/4047
f 2606/2854/4029 2570/2817/3954 2619/2867/3973 2663/2912/4048
f 2518/2763/1791 2571/2818/3947 2636/2884/4049 2614/2862/4035
f 2538/2784/1803 563/671/1802 2638/2886/4033 2705/2960/4050
f 510/618/1711 531/639/1710 2627/2875/4023 2641/2889/4051 2652/2901/4052 506/614/1705
f 2642/2890/4053 2516/2761/3938 681/794/1903 610/718/1834
f 2645/2893/4038 485/593/1673 539/647/1762 2708/2963/4019
f 2647/2895/4054 526/634/1734 2534/2780/1737 2694/2946/4055
f 2500/2744/1897 661/773/1886 2590/2838/4014 2754/3009/4056
f 2675/2925/4057 2650/2899/4058 2639/2887/4059 2626/2874/4060 2603/2851/4061 2595/2843/4018 2509/2754/3921 2519/2764/4006 2532/2778/4005 2566/2813/4004 2585/2832/4003 2616/2864/4002 2612/2860/4009 2629/2877/4008 2640/2888/4007 2704/2959/4062 2686/2937/4063 2670/2919/4064
f 573/681/1809 2516/2761/3938 2653/2902/4065 2605/2853/4028
f 2545/2791/3965 2522/2767/3949 2628/2876/4041 2654/2903/4066 2691/2942/4067 2576/2823/3966
f 2601/2849/3992 2572/2819/3991 2658/2907/4068 2655/2904/4069 2661/2910/4070 2582/2829/3993
f 642/754/1864 2536/2782/3961 2656/2905/4071 2555/2801/3976
f 2635/2883/3997 2552/2798/1679 2649/2898/4024 2711/2966/4072
f 543/651/1776 2527/2773/3955 2657/2906/4073 2571/2818/3947
f 2658/2907/4068 2572/2819/3991 2575/2822/3996 2676/2926/4074
f 2660/2909/4075 2604/2852/4026 2553/2799/3974 2607/2855/4030
f 647/759/1869 2521/2766/3948 2662/2911/4076 2562/2809/3986
f 2543/2789/3964 2587/2834/4011 2664/2913/4077 2607/2855/4030
f 503/611/1702 506/614/1705 2652/2901/4052 2665/2914/4078 2668/2917/4079 481/589/1667
f 2666/2915/4080 2536/2782/3961 576/684/1810 2623/2871/3962
f 2514/2759/1668 481/589/1667 2668/2917/4079 2684/2935/4081
f 2651/2900/4082 2632/2880/4083 2622/2870/4084 2613/2861/4085 2597/2845/4086 2582/2829/3993 2661/2910/4070 2669/2918/4087 2677/2928/4088 2682/2933/4089 2699/2953/4090 2715/2970/4091 2709/2964/4092 2730/2985/4093 2733/2988/4094 2702/2957/4095 2683/2934/4096 2667/2916/4097
f 2593/2841/4016 2595/2843/4018 2672/2921/4098 2671/2920/4099 2674/2924/4100 2600/2848/4017
f 2706/2961/4101 2700/2954/4102 2689/2940/4103 2678/2929/4104 2697/2950/4105 2672/2921/4098 2595/2843/4018 2603/2851/4061 2626/2874/4060 2639/2887/4059 2650/2899/4058 2675/2925/4057 2670/2919/4064 2686/2937/4063 2704/2959/4062 2739/2994/4106 2748/3003/4107 2732/2987/4108
f 2531/2835/3958 2565/2812/3989 2673/2922/4109 2631/2944/4044
s 50
f 3990/2803/3981 3988/4257/3980 3992/4259/4110 3993/2923/4111
s 1
f 2676/2926/4074 2575/2822/3996 2588/2836/4012 2713/2968/4112
s 50
f 3990/2803/3981 3993/2923/4111 3994/2927/4113 3995/2947/4114
s 1
f 2734/2989/4115 2680/2931/4040 2556/2802/3951 2573/2820/3994 2618/2866/3988 2710/2965/4116
f 2681/2932/4046 2564/2811/3927 2635/2883/3997 2743/2998/4117
f 2615/2863/4036 2604/2852/4026 2660/2909/4075 2707/2962/4118
f 2651/2900/4082 2667/2916/4097 2683/2934/4096 2702/2957/4095 2643/2891/3935 2630/2878/3934 2608/2856/3933 2578/2825/3932 2560/2807/3931 2546/2792/3930 2529/2775/3929 2542/2788/3928 2508/2753/1739 2582/2829/3993 2597/2845/4086 2613/2861/4085 2622/2870/4084 2632/2880/4083
f 2540/2786/3937 2514/2759/1668 2684/2935/4081 2726/2981/4119
f 2539/2785/1901 676/789/1900 2685/2936/3975 2803/3063/4120
f 2687/2938/4121 2659/2908/4047 2606/2854/4029 2663/2912/4048
f 2648/2896/4020 2643/2891/3935 2702/2957/4095 2688/2939/4122 2663/2912/4048 2619/2867/3973
f 2690/2941/4123 2637/2885/4025 2600/2848/4017 2674/2924/4100
f 2692/2943/4124 2704/2959/4062 2640/2888/4007 2646/2894/4027 2621/2869/3978 2659/2908/4047
f 2523/2768/1832 2555/2801/3976 2693/2945/4125 2679/2930/4034
f 2694/2946/4055 2534/2780/1737 2583/2830/3960 2740/2995/4126
f 2557/2804/1879 655/767/1878 2591/2839/4015 2805/3065/4127
f 2695/2948/4031 470/578/1642 2602/2850/1646 2775/3033/4128
f 2696/2949/4129 2511/2756/3936 657/769/1882 2562/2809/3986
f 2664/2913/4077 2587/2834/4011 2631/2879/4044 2744/2999/4130
s 51
f 4039/4296/4131 4038/4297/4132 4040/4298/4133 4041/4299/4134
s 1
f 2592/2840/1799 560/668/1798 2698/2955/3985 2801/3061/4135
f 2628/2876/4041 2637/2885/4025 2690/2941/4123 2737/2992/4136
f 2701/2956/4137 2581/2828/3998 2589/2837/3999 2751/3006/4138
f 2660/2909/4075 2607/2855/4030 2664/2913/4077 2749/3004/4139
f 2649/2898/4024 2581/2828/3998 2701/2956/4137 2753/3008/4140
f 2521/2766/3948 2586/2833/4010 2703/2958/4141 2662/2911/4076
f 2586/2833/4010 2615/2863/4036 2707/2962/4118 2703/2958/4141
f 2655/2904/4069 2658/2907/4068 2722/2977/4142 2712/2967/4143 2714/2969/4144 2661/2910/4070
f 2692/2943/4124 2659/2908/4047 2687/2938/4121 2716/2971/4145 2739/2994/4106 2704/2959/4062
f 2717/2972/4146 2687/2938/4121 2663/2912/4048 2688/2939/4122 2702/2957/4095 2733/2988/4094
f 2671/2920/4099 2672/2921/4098 2714/2969/4144 2712/2967/4143 2722/2977/4142 2674/2924/4100
f 2719/2974/4147 2710/2965/4116 2618/2866/3988 2563/2810/3987 2554/2800/3968 2720/2975/4148
f 2721/2976/4149 2720/2975/4148 2554/2800/3968 2548/2794/3967 2574/2821/3969 2747/3002/4150
f 2722/2977/4142 2658/2907/4068 2676/2926/4074 2742/2997/4151
f 2644/2892/4021 2598/2846/4000 2723/2978/4152 2762/3017/4153
f 2565/2812/3989 2605/2853/4028 2724/2979/4154 2673/2922/4109
f 2725/2980/4155 2623/2871/3962 2538/2784/1803 2705/2960/4050
f 2617/2865/3963 2540/2786/3937 2726/2981/4119 2786/3046/4156
f 2746/3001/4157 2738/2993/4158 2731/2986/4159 2727/2982/4160 2718/2973/4161 2714/2969/4144 2672/2921/4098 2697/2950/4105 2678/2929/4104 2689/2940/4103 2700/2954/4102 2706/2961/4101 2732/2987/4108 2748/3003/4107 2739/2994/4106 2756/3011/4162 2760/3015/4163 2750/3005/4164
f 2728/2983/4165 2713/2968/4112 2588/2836/4012 2625/2873/4039 2680/2931/4040 2764/3020/4166
f 2599/2847/4022 2576/2823/3966 2691/2942/4067 2729/2984/4167 2757/3012/4168 2627/2875/4023
f 2598/2846/4000 2567/2814/3990 2735/2990/4169 2723/2978/4152
f 2654/2903/4066 2628/2876/4041 2737/2992/4136 2768/3024/4170 2790/3050/4171 2691/2942/4067
f 2642/2890/4053 610/718/1834 526/634/1734 2647/2895/4054
f 2715/2970/4091 2699/2953/4090 2682/2933/4089 2677/2928/4088 2669/2918/4087 2661/2910/4070 2714/2969/4144 2718/2973/4161 2727/2982/4160 2731/2986/4159 2738/2993/4158 2746/3001/4157 2750/3005/4164 2760/3015/4163 2756/3011/4162 2733/2988/4094 2730/2985/4093 2709/2964/4092
f 2740/2995/4126 2583/2830/3960 2634/2897/4001 2769/3039/4172
f 2741/2996/4173 552/660/1785 651/2772/1788 2620/3029/4037
f 2742/2997/4151 2690/2941/4123 2674/2924/4100 2722/2977/4142
f 2756/3011/4162 2739/2994/4106 2716/2971/4145 2687/2938/4121 2717/2972/4146 2733/2988/4094
f 2742/2997/4151 2676/2926/4074 2713/2968/4112 2765/3021/4174
f 2743/2998/4117 2635/2883/3997 2711/2966/4072 2781/3041/4175
f 2747/3002/4150 2574/2821/3969 2611/2859/3995 2772/3028/4176
s 50
f 3996/4260/4177 3991/4258/3982 3990/2803/3981 3995/2947/4114
s 1
f 2751/3006/4138 2589/2837/3999 2624/2872/4013 2797/3057/4178
f 2752/3007/4179 2551/2797/3970 2559/2806/3971 2755/3010/4180
f 2737/2992/4136 2690/2941/4123 2742/2997/4151 2765/3021/4174
f 2711/2966/4072 2649/2898/4024 2753/3008/4140 2791/3051/4181
f 2594/2842/3917 2500/2744/1897 2754/3009/4056 2820/3080/4182
f 2755/3010/4180 2559/2806/3971 2609/2857/3984 2780/3040/4183
f 2614/2862/4035 2636/2884/4049 2758/3013/4184 2761/3016/4185
f 2759/3014/4186 2555/2801/3976 2656/2905/4071 2794/3054/4187
f 2610/2858/4032 2614/2862/4035 2761/3016/4185 2770/3026/4188
f 2707/2962/4118 2660/2909/4075 2749/3004/4139 2789/3049/4189
f 2644/2892/4021 2763/3018/4190 2633/2881/4045 2544/2790/3918
s 50
f 3993/2923/4111 3992/4259/4110 3997/4261/4191 3998/3019/4192
s 1
f 2567/2814/3990 2617/2865/3963 2766/3022/4193 2735/2990/4169
f 2693/2945/4125 2555/2801/3976 2759/3014/4186 2802/3062/4194
f 2631/2944/4044 2673/2922/4109 2767/3023/4195 2744/3031/4130
f 2749/3004/4139 2664/2913/4077 2744/2999/4130 2793/3053/4196
f 2769/3025/4172 2634/2882/4001 2681/2932/4046 2783/3043/4197
f 2638/2886/4033 2610/2858/4032 2770/3026/4188 2806/3066/4198
f 2605/2853/4028 2653/2902/4065 2771/3027/4199 2724/2979/4154
f 2772/3028/4176 2611/2859/3995 2679/2930/4034 2792/3052/4200
f 2773/3030/4201 2656/2905/4071 2536/2782/3961 2666/2915/4080
f 2736/2991/4043 2561/2808/1844 2745/3000/4042 2836/3098/4202
f 2666/2915/4080 2623/2871/3962 2725/2980/4155 2827/3088/4203
f 2641/2889/4051 2627/2875/4023 2757/3012/4168 2774/3032/4204 2788/3048/4205 2652/2901/4052
f 2768/3024/4170 2737/2992/4136 2765/3021/4174 2776/3034/4206 2807/3067/4207 2790/3050/4171
f 2776/3034/4206 2765/3021/4174 2713/2968/4112 2728/2983/4165 2764/3020/4166 2807/3067/4207
f 2777/3035/4208 2647/2895/4054 2694/2946/4055 2810/3070/4209
s 50
f 3999/4262/4210 4000/4263/4211 4001/3037/4212 4002/4264/4213
s 1
f 2753/3008/4140 2701/2956/4137 2751/3006/4138 2814/3074/4214
f 2780/3040/4183 2609/2857/3984 2695/2948/4031 2825/3086/4215
f 2562/2809/3986 2662/2911/4076 2782/3042/4216 2696/2949/4129
f 2783/3043/4197 2681/2932/4046 2743/2998/4117 2812/3072/4217
f 2784/3044/4218 2590/2838/4014 2551/2797/3970 2752/3007/4179
f 2775/3033/4128 2602/2850/1646 2736/2991/4043 2843/3106/4219
f 2785/3045/4220 2705/2960/4050 2638/2886/4033 2806/3066/4198
f 2787/3047/4221 2764/3020/4166 2680/2931/4040 2734/2989/4115 2710/2965/4116 2809/3069/4222
f 2703/2958/4141 2707/2962/4118 2789/3049/4189 2804/3064/4223
f 2729/2984/4167 2691/2942/4067 2790/3050/4171 2815/3075/4224 2841/3104/4225 2757/3012/4168
f 2792/3052/4200 2679/2930/4034 2693/2945/4125 2821/3081/4226
f 2685/2936/3975 552/660/1785 2741/2996/4173 2883/3148/4227
f 2795/3055/4228 2620/2868/4037 2511/2756/3936 2696/2949/4129
f 2673/2922/4109 2724/2979/4154 2796/3056/4229 2767/3023/4195
f 2797/3057/4178 2624/2872/4013 2645/2893/4038 2840/3103/4230
f 2665/2914/4078 2652/2901/4052 2788/3048/4205 2798/3058/4231 2808/3068/4232 2668/2917/4079
f 2781/3041/4175 2711/2966/4072 2791/3051/4181 2835/3097/4233
f 2653/2902/4065 2799/3059/4234 2800/3060/4235 2771/3027/4199
f 2662/2911/4076 2703/2958/4141 2804/3064/4223 2782/3042/4216
f 2698/2951/3985 2557/2804/1879 2805/3065/4127 2891/3169/4236
f 2745/3000/4042 2592/2840/1799 2801/3061/4135 2880/3145/4237
f 2684/2935/4081 2668/2917/4079 2808/3068/4232 2813/3073/4238
f 2571/2818/3947 2657/2906/4073 2778/3036/4239 2636/2884/4049
f 2810/3070/4209 2694/2946/4055 2740/2995/4126 2828/3089/4240
f 2766/3022/4193 2617/2865/3963 2786/3046/4156 2887/3152/4241
f 2812/3072/4217 2743/2998/4117 2781/3041/4175 2838/3100/4242
f 2789/3049/4189 2749/3004/4139 2793/3053/4196 2844/3107/4243
f 2794/3054/4187 2656/2905/4071 2773/3030/4201 2857/3120/4244
f 2726/2981/4119 2684/2935/4081 2813/3073/4238 2842/3105/4245
f 2816/3076/4246 2809/3069/4222 2710/2965/4116 2719/2974/4147 2720/2975/4148 2826/3087/4247
f 2762/3017/4153 2723/2978/4152 2817/3077/4248 2839/3102/4249
f 2744/3031/4130 2767/3023/4195 2818/3078/4250 2793/3082/4196
f 2819/3079/4251 2759/3014/4186 2794/3054/4187 2849/3112/4252
f 2800/3060/4235 2799/3059/4234 2777/3035/4208 2854/3117/4253
f 2708/2963/4019 2594/2842/3917 2820/3080/4182 2926/3193/4254
f 2821/3081/4226 2693/2945/4125 2802/3062/4194 2855/3118/4255
s 50
f 3998/3019/4192 3997/4261/4191 4003/4265/4256 4004/4266/4257
s 1
f 2791/3051/4181 2753/3008/4140 2814/3074/4214 2874/3139/4258
f 2823/3084/4259 2802/3062/4194 2759/3014/4186 2819/3079/4251
f 2824/3085/4260 2725/2980/4155 2705/2960/4050 2785/3045/4220
f 2825/3086/4215 2695/2948/4031 2775/3033/4128 2886/3151/4261
f 2828/3089/4240 2740/2995/4126 2769/3039/4172 2845/3127/4262
s 50
f 4005/3092/4263 4006/4267/4264 4007/4268/4265 4008/3101/4266
s 1
f 2815/3075/4224 2790/3050/4171 2807/3067/4207 2834/3096/4267 2859/3122/4268 2841/3104/4225
f 2724/2979/4154 2771/3027/4199 2831/3093/4269 2796/3056/4229
f 2832/3094/4270 2826/3087/4247 2720/2975/4148 2721/2976/4149 2747/3002/4150 2848/3111/4271
f 2761/3016/4185 2758/3013/4184 2833/3095/4272 2867/3132/4273
f 2834/3096/4267 2807/3067/4207 2764/3020/4166 2787/3047/4221 2809/3069/4222 2859/3122/4268
f 2837/3099/4274 2591/2839/4015 620/731/1847 2875/3140/4275
f 2814/3074/4214 2751/3006/4138 2797/3057/4178 2906/3173/4276
f 2840/3103/4230 2645/2893/4038 2708/2963/4019 2926/3193/4254
f 2786/3046/4156 2726/2981/4119 2842/3105/4245 2902/3168/4277
f 2799/3059/4234 2653/2902/4065 2516/2761/3938 2642/2890/4053
f 2845/3108/4262 2769/3025/4172 2783/3043/4197 2852/3115/4278
f 2846/3109/4279 2754/3009/4056 2590/2838/4014 2784/3044/4218
f 2723/2978/4152 2735/2990/4169 2847/3110/4280 2817/3077/4248
f 2848/3111/4271 2747/3002/4150 2772/3028/4176 2860/3123/4281
f 2838/3100/4242 2781/3041/4175 2835/3097/4233 2898/3163/4282
f 2850/3113/4283 2755/3010/4180 2780/3040/4183 2882/3147/4284
f 2851/3114/4285 2752/3007/4179 2755/3010/4180 2850/3113/4283
f 2852/3115/4278 2783/3043/4197 2812/3072/4217 2872/3137/4286
f 2804/3064/4223 2789/3049/4189 2844/3107/4243 2885/3150/4287
f 2853/3116/4288 2770/3026/4188 2761/3016/4185 2867/3132/4273
f 2854/3117/4253 2777/3035/4208 2810/3070/4209 2895/3160/4289
f 2855/3118/4255 2802/3062/4194 2823/3084/4259 2897/3162/4290
s 50
f 4000/4263/4211 3996/4260/4177 3995/2947/4114 4001/3037/4212
s 1
f 2856/3119/4291 2785/3045/4220 2806/3066/4198 2871/3136/4292
f 2767/3023/4195 2796/3056/4229 2858/3121/4293 2818/3078/4250
f 2762/3017/4153 2822/3083/4294 2763/3018/4190 2644/2892/4021
f 2860/3123/4281 2772/3028/4176 2792/3052/4200 2889/3154/4295
f 2844/3124/4243 2793/3082/4196 2818/3078/4250 2915/3182/4296
f 2861/3125/4297 2884/3149/4298 2788/3048/4205 2774/3032/4204 2757/3012/4168 2841/3104/4225
f 2862/3126/4299 2773/3030/4201 2666/2915/4080 2827/3088/4203
f 2863/3128/4300 2823/3084/4259 2819/3079/4251 2868/3133/4301
f 2866/3131/4302 2864/3129/4303 2873/3138/4304 2865/3130/4305 2878/3143/4306 2879/3144/4307
f 2827/3088/4203 2725/2980/4155 2824/3085/4260 2933/3200/4308
f 2868/3133/4301 2819/3079/4251 2849/3112/4252 2899/3164/4309
s 50
f 3994/2927/4113 3993/2923/4111 3998/3019/4192 4005/3092/4263
s 1
f 2849/3112/4252 2794/3054/4187 2857/3120/4244 2920/3187/4310
f 2696/2949/4129 2782/3042/4216 2869/3134/4311 2795/3055/4228
f 2870/3135/4312 2806/3066/4198 2770/3026/4188 2853/3116/4288
f 2872/3137/4286 2812/3072/4217 2838/3100/4242 2908/3175/4313
f 2847/3110/4280 2735/2990/4169 2766/3022/4193 2948/3217/4314
f 2873/3138/4304 2864/3129/4303 2877/3142/4315 2892/3157/4316
f 2835/3097/4233 2791/3051/4181 2874/3139/4258 2943/3212/4317
f 2866/3131/4302 2879/3144/4307 2910/3177/4318 2881/3146/4319 2876/3141/4320 2864/3129/4303
f 2882/3147/4284 2780/3040/4183 2825/3086/4215 2941/3209/4321
f 2871/3136/4292 2879/3144/4307 2878/3143/4306 2856/3119/4291
f 2798/3058/4231 2788/3048/4205 2884/3149/4298 2918/3185/4322 2901/3166/4323 2808/3068/4232
f 2782/3042/4216 2804/3064/4223 2885/3150/4287 2869/3134/4311
f 2888/3153/4324 2741/2996/4173 2620/3029/4037 2795/3167/4228
f 2889/3154/4295 2792/3052/4200 2821/3081/4226 2919/3186/4325
f 2890/3155/4326 2859/3122/4268 2809/3069/4222 2816/3076/4246 2826/3087/4247 2911/3178/4327
f 2801/3061/4135 2698/2955/3985 2891/3156/4236 2979/3250/4328
f 2871/3136/4292 2806/3066/4198 2870/3135/4312 2903/3170/4329
f 2836/3098/4202 2745/3000/4042 2880/3145/4237 2974/3244/4330
f 2803/3063/4120 2685/2936/3975 2883/3148/4227 3000/3271/4331
f 2785/3045/4220 2856/3119/4291 2893/3158/4332 2824/3085/4260
f 2894/3159/4333 2877/3142/4315 2864/3129/4303 2876/3141/4320
f 2895/3160/4289 2810/3070/4209 2828/3089/4240 2923/3190/4334
f 2896/3161/4335 2784/3044/4218 2752/3007/4179 2851/3114/4285
f 2861/3125/4297 2841/3104/4225 2859/3122/4268 2890/3155/4326 2911/3178/4327 2884/3149/4298
f 2897/3162/4290 2823/3084/4259 2863/3128/4300 2928/3195/4336
f 2900/3165/4337 2839/3102/4249 2817/3077/4248 2950/3219/4338
f 2879/3144/4307 2871/3136/4292 2903/3170/4329 2910/3177/4318
f 2865/3130/4305 2873/3138/4304 2927/3194/4339 2904/3171/4340 2913/3180/4341 2878/3143/4306
f 2736/2991/4043 2836/3098/4202 2905/3172/4342 2843/3106/4219
f 2907/3174/4343 2813/3073/4238 2808/3068/4232 2901/3166/4323
f 2909/3176/4344 2863/3128/4300 2868/3133/4301 2912/3179/4345 2936/3203/4346 2951/3220/4347
s 51
f 4039/4296/4131 4041/4299/4134 4042/4300/4348 4043/4301/4349
s 1
f 2912/3179/4345 2868/3133/4301 2899/3164/4309 2938/3205/4350 2970/3240/4351 2936/3203/4346
f 2856/3119/4291 2878/3143/4306 2913/3180/4341 2893/3158/4332
f 2892/3157/4316 2877/3142/4315 2914/3181/4352 2935/3202/4353
f 2796/3056/4229 2831/3093/4269 2916/3183/4354 2858/3121/4293
f 2908/3175/4313 2838/3100/4242 2898/3163/4282 2959/3228/4355
f 2867/3132/4273 2833/3095/4272 2917/3184/4356 2958/3227/4357
f 2805/3065/4127 2591/2839/4015 2837/3099/4274 3025/3296/4358
f 2919/3186/4325 2821/3081/4226 2855/3118/4255 2947/3216/4359
f 2887/3152/4241 2786/3046/4156 2902/3168/4277 2997/3268/4360
f 2873/3138/4304 2892/3157/4316 2921/3188/4361 2927/3194/4339
f 2799/3059/4234 2642/2890/4053 2647/2895/4054 2777/3035/4208
f 2899/3164/4309 2849/3112/4252 2920/3187/4310 2962/3232/4362
f 2775/3033/4128 2843/3106/4219 2922/3189/4363 2886/3151/4261
f 2923/3190/4334 2828/3089/4240 2845/3127/4262 2937/3231/4364
f 2924/3191/4365 2911/3178/4327 2826/3087/4247 2832/3094/4270 2848/3111/4271 2944/3213/4366
f 2925/3192/4367 2842/3105/4245 2813/3073/4238 2907/3174/4343
f 2874/3139/4258 2814/3074/4214 2906/3173/4276 2994/3265/4368
f 2929/3196/4369 2857/3120/4244 2773/3030/4201 2862/3126/4299
f 2932/3199/4370 2930/3197/4371 2931/3198/4372 2917/3184/4356
f 2934/3201/4373 2928/3195/4336 2863/3128/4300 2909/3176/4344 2951/3220/4347 2973/3243/4374
f 2906/3173/4276 2797/3057/4178 2840/3103/4230 3012/3283/4375
f 2937/3204/4364 2845/3108/4262 2852/3115/4278 2940/3207/4376
f 2877/3142/4315 2894/3159/4333 2939/3206/4377 2914/3181/4352
f 2940/3207/4376 2852/3115/4278 2872/3137/4286 2946/3215/4378
f 2885/3208/4287 2844/3124/4243 2915/3182/4296 2984/3255/4379
s 50
f 4001/3037/4212 3995/2947/4114 3994/2927/4113 4009/3211/4380
s 1
f 2898/3163/4282 2835/3097/4233 2943/3212/4317 2996/3267/4381
f 2941/3209/4321 2825/3086/4215 2886/3151/4261 2995/3266/4382
f 2944/3213/4366 2848/3111/4271 2860/3123/4281 2961/3230/4383
f 2945/3214/4384 2851/3114/4285 2850/3113/4283 2964/3234/4385
f 2946/3215/4378 2872/3137/4286 2908/3175/4313 2971/3241/4386
f 2947/3216/4359 2855/3118/4255 2897/3162/4290 2968/3238/4387
f 2918/3185/4322 2884/3149/4298 2911/3178/4327 2924/3191/4365 2944/3213/4366 2901/3166/4323
f 2881/3146/4319 2910/3177/4318 2967/3237/4388 2949/3218/4389 2942/3210/4390 2876/3141/4320
f 2636/2884/4049 2778/3036/4239 2779/3038/4391 2758/3013/4184
f 2948/3217/4314 2766/3022/4193 2887/3152/4241 3030/3301/4392
f 2952/3221/4393 2820/3080/4182 2754/3009/4056 2846/3109/4279
f 2818/3078/4250 2858/3121/4293 2953/3222/4394 2915/3182/4296
f 2950/3219/4338 2817/3077/4248 2847/3110/4280 3007/3278/4395
s 50
f 4005/3092/4263 3998/3019/4192 4004/4266/4257 4006/4267/4264
s 1
f 2930/3197/4371 2954/3223/4396 2955/3224/4397 2931/3198/4372
f 2956/3225/4398 2854/3117/4253 2895/3160/4289 2991/3262/4399
f 2933/3200/4308 2824/3085/4260 2893/3158/4332 2983/3254/4400
f 2957/3226/4401 2894/3159/4333 2876/3141/4320 2942/3210/4390
f 2850/3113/4283 2882/3147/4284 2960/3229/4402 2964/3234/4385
f 2961/3230/4383 2860/3123/4281 2889/3154/4295 2987/3258/4403
f 2862/3126/4299 2827/3088/4203 2933/3200/4308 3034/3305/4404
f 2892/3157/4316 2935/3202/4353 2963/3233/4405 2921/3188/4361
f 2883/3148/4227 2741/2996/4173 2888/3153/4324 3040/3311/4406
f 2965/3235/4407 2853/3116/4288 2867/3132/4273 2958/3227/4357
f 3001/3272/4408 2975/3245/4409 2951/3220/4347 2936/3203/4346 2966/3236/4410 3009/3280/4411 3048/3319/4412 3039/3310/4413
f 2967/3237/4388 2910/3177/4318 2903/3170/4329 2980/3251/4414
f 2968/3238/4387 2897/3162/4290 2928/3195/4336 2990/3261/4415
f 2969/3239/4416 2935/3202/4353 2914/3181/4352 2978/3249/4417
f 2961/3230/4383 2907/3174/4343 2901/3166/4323 2944/3213/4366
f 2972/3242/4418 2902/3168/4277 2842/3105/4245 2925/3192/4367
f 2971/3241/4386 2908/3175/4313 2959/3228/4355 3013/3284/4419
f 2976/3246/4420 2846/3109/4279 2784/3044/4218 2896/3161/4335
f 3009/3280/4411 2966/3236/4410 2936/3203/4346 2970/3240/4351 3004/3275/4421 3037/3308/4422 3072/3344/4423 3048/3319/4412
f 2955/3224/4397 2900/3165/4337 2950/3219/4338 3014/3285/4424
f 2795/3167/4228 2869/3247/4311 2977/3248/4425 2888/3153/4324
f 2880/3145/4237 2801/3061/4135 2979/3250/4328 3050/3321/4426
f 3022/3293/4427 3002/3273/4428 2973/3243/4374 2951/3220/4347 2975/3245/4409 3001/3272/4408 3039/3310/4413 3055/3327/4429
f 2980/3251/4414 2903/3170/4329 2870/3135/4312 2982/3253/4430
f 2981/3252/4431 2920/3187/4310 2857/3120/4244 2929/3196/4369
f 2982/3253/4430 2870/3135/4312 2853/3116/4288 2965/3235/4407
f 2983/3254/4400 2893/3158/4332 2913/3180/4341 2989/3260/4432
f 2869/3247/4311 2885/3208/4287 2984/3255/4379 2977/3248/4425
f 2985/3256/4433 2896/3161/4335 2851/3114/4285 2945/3214/4384
f 2914/3181/4352 2939/3206/4377 2986/3257/4434 2978/3249/4417
f 2987/3258/4403 2889/3154/4295 2919/3186/4325 3027/3298/4435
f 3018/3289/4436 2989/3260/4432 2913/3180/4341 2904/3171/4340 2927/3194/4339 2988/3259/4437
f 3016/3287/4438 2990/3261/4415 2928/3195/4336 2934/3201/4373 2973/3243/4374 3006/3277/4439
f 2907/3174/4343 2961/3230/4383 2987/3258/4403 2925/3192/4367
f 2991/3262/4399 2895/3160/4289 2923/3190/4334 3015/3286/4440
f 2905/3172/4342 2836/3098/4202 2974/3244/4330 3058/3330/4441
f 2992/3263/4442 3026/3297/4443 2970/3240/4351 2938/3205/4350 2899/3164/4309 2962/3232/4362
f 2993/3264/4444 2939/3206/4377 2894/3159/4333 2957/3226/4401
f 2959/3228/4355 2898/3163/4282 2996/3267/4381 3047/3318/4445
f 2882/3147/4284 2941/3209/4321 2998/3269/4446 2960/3229/4402
f 2917/3184/4356 2931/3198/4372 2999/3270/4447 2958/3227/4357
f 2927/3194/4339 2921/3188/4361 3003/3274/4448 2988/3259/4437
f 2943/3212/4317 2874/3139/4258 2994/3265/4368 3064/3336/4449
f 2945/3214/4384 2964/3234/4385 3005/3276/4450 3019/3290/4451
f 2858/3121/4293 2916/3183/4354 3008/3279/4452 2953/3222/4394
f 2935/3202/4353 2969/3239/4416 3010/3281/4453 2963/3233/4405
f 2843/3106/4219 2905/3172/4342 3011/3282/4454 2922/3189/4363
f 2931/3198/4372 2955/3224/4397 3014/3285/4424 2999/3270/4447
f 3007/3278/4395 2847/3110/4280 2948/3217/4314 3077/3349/4455
f 3015/3286/4440 2923/3190/4334 2937/3231/4364 3049/3320/4456
f 3017/3288/4457 2946/3215/4378 2971/3241/4386 3038/3309/4458
s 50
f 4009/3211/4380 3994/2927/4113 4005/3092/4263 4008/3101/4266
s 1
f 3020/3291/4459 2940/3207/4376 2946/3215/4378 3017/3288/4457
f 3021/3292/4460 2962/3232/4362 2920/3187/4310 2981/3252/4431
f 2839/3102/4249 2829/3090/4461 2822/3083/4294 2762/3017/4153
f 3023/3294/4462 2969/3239/4416 2978/3249/4417 3019/3290/4451
f 3024/3295/4463 3019/3290/4451 2978/3249/4417 2986/3257/4434
f 2937/3204/4364 2940/3207/4376 3020/3291/4459 3049/3323/4456
f 2945/3214/4384 3019/3290/4451 3024/3295/4463 2985/3256/4433
f 2891/3169/4236 2805/3065/4127 3025/3296/4358 3101/3395/4464
f 3037/3308/4422 3004/3275/4421 2970/3240/4351 3026/3297/4443 3057/3329/4465 3089/3361/4466 3121/3393/4467 3072/3344/4423
f 2964/3234/4385 2960/3229/4402 3028/3299/4468 3005/3276/4450
f 3068/3340/4469 3029/3300/4470 3006/3277/4439 2973/3243/4374 3002/3273/4428 3022/3293/4427 3055/3327/4429 3104/3376/4471
f 2925/3192/4367 2987/3258/4403 3027/3298/4435 2972/3242/4418
f 2965/3235/4407 2958/3227/4357 2999/3270/4447 3065/3337/4472
f 2886/3151/4261 2922/3189/4363 3031/3302/4473 2995/3266/4382
f 2919/3186/4325 2947/3216/4359 3032/3303/4474 3027/3298/4435
f 3012/3283/4375 2840/3103/4230 2926/3193/4254 3118/3390/4475
f 2915/3182/4296 2953/3222/4394 3035/3306/4476 2984/3255/4379
f 2921/3188/4361 2963/3233/4405 3036/3307/4477 3003/3274/4448
f 3038/3309/4458 2971/3241/4386 3013/3284/4419 3076/3348/4478
f 3041/3312/4479 2986/3257/4434 2939/3206/4377 2993/3264/4444
f 3014/3285/4424 2950/3219/4338 3007/3278/4395 3084/3356/4480
f 3032/3303/4474 2947/3216/4359 2968/3238/4387 3054/3326/4481
f 3030/3301/4392 2887/3152/4241 2997/3268/4360 3119/3391/4482
f 3042/3313/4483 2956/3225/4398 2991/3262/4399 3082/3354/4484
f 2949/3218/4389 2967/3237/4388 3066/3338/4485 3043/3314/4486 3033/3304/4487 2942/3210/4390
f 2992/3263/4442 2962/3232/4362 3021/3292/4460 3044/3315/4488 3075/3347/4489 3026/3297/4443
f 3045/3316/4490 3019/3290/4451 3005/3276/4450 3071/3343/4491
f 2994/3265/4368 2906/3173/4276 3012/3283/4375 3120/3392/4492
f 2896/3161/4335 2985/3256/4433 3046/3317/4493 2976/3246/4420
f 3013/3284/4419 2959/3228/4355 3047/3318/4445 3095/3367/4494
f 2974/3244/4330 2880/3145/4237 3050/3321/4426 3116/3388/4495
f 3051/3322/4496 2957/3226/4401 2942/3210/4390 3033/3304/4487
f 2902/3168/4277 2972/3242/4418 3052/3324/4497 2997/3268/4360
f 2941/3209/4321 2995/3266/4382 3053/3325/4498 2998/3269/4446
f 3023/3294/4462 3019/3290/4451 3045/3316/4490 3085/3357/4499
f 3034/3305/4404 2933/3200/4308 2983/3254/4400 3080/3352/4500
f 3054/3326/4481 2968/3238/4387 2990/3261/4415 3063/3335/4501
f 3056/3328/4502 2929/3196/4369 2862/3126/4299 3034/3305/4404
f 3059/3331/4503 2926/3193/4254 2820/3080/4182 2952/3221/4393
f 3040/3311/4406 2888/3153/4324 2977/3248/4425 3078/3350/4504
f 2969/3239/4416 3023/3294/4462 3060/3332/4505 3010/3281/4453
f 2916/3183/4354 3061/3333/4506 3062/3334/4507 3008/3279/4452
f 3093/3365/4508 3063/3335/4501 2990/3261/4415 3016/3287/4438 3006/3277/4439 3073/3345/4509
f 2996/3267/4381 2943/3212/4317 3064/3336/4449 3117/3389/4510
f 3066/3338/4485 2967/3237/4388 2980/3251/4414 3103/3375/4511
f 2982/3253/4430 2965/3235/4407 3065/3337/4472 3079/3351/4512
f 3000/3271/4331 2883/3148/4227 3040/3311/4406 3134/3407/4513
f 2960/3229/4402 2998/3269/4446 3067/3339/4514 3028/3299/4468
f 3069/3341/4515 2837/3099/4274 2875/3140/4275 3100/3372/4516
f 3065/3337/4472 2999/3270/4447 3014/3285/4424 3084/3356/4480
f 3070/3342/4517 3024/3295/4463 2986/3257/4434 3041/3312/4479
f 2846/3109/4279 2976/3246/4420 3074/3346/4518 2952/3221/4393
s 50
f 4002/4264/4213 4001/3037/4212 4009/3211/4380 4010/4269/4519
s 1
f 2985/3256/4433 3024/3295/4463 3070/3342/4517 3046/3317/4493
f 2758/3013/4184 2779/3038/4391 2811/3071/4520 2833/3095/4272
f 3078/3350/4504 2977/3248/4425 2984/3255/4379 3035/3306/4476
f 2980/3251/4414 2982/3253/4430 3079/3351/4512 3103/3375/4511
f 3080/3352/4500 2983/3254/4400 2989/3260/4432 3087/3359/4521
f 3005/3276/4450 3028/3299/4468 3081/3353/4522 3071/3343/4491
f 3082/3354/4484 2991/3262/4399 3015/3286/4440 3108/3380/4523
f 2963/3233/4405 3010/3281/4453 3083/3355/4524 3036/3307/4477
f 3086/3358/4525 3039/3310/4413 3048/3319/4412 3072/3344/4423
f 3122/3394/4526 3087/3359/4521 2989/3260/4432 3018/3289/4436 2988/3259/4437 3090/3362/4527
f 3077/3349/4455 2948/3217/4314 3030/3301/4392 3149/3423/4528
f 3091/3363/4529 2981/3252/4431 2929/3196/4369 3056/3328/4502
f 3092/3364/4530 2993/3264/4444 2957/3226/4401 3051/3322/4496
f 3062/3334/4507 3061/3333/4506 3042/3313/4483 3139/3412/4531
f 3094/3366/4532 3017/3288/4457 3038/3309/4458 3113/3385/4533
f 3020/3291/4459 3017/3288/4457 3094/3366/4532 3112/3384/4534
f 2953/3222/4394 3008/3279/4452 3096/3368/4535 3035/3306/4476
f 3076/3348/4478 3013/3284/4419 3095/3367/4494 3146/3420/4536
f 3089/3361/4466 3057/3329/4465 3026/3297/4443 3075/3347/4489 3097/3369/4537 3126/3399/4538 3153/3427/4539 3121/3393/4467
f 3098/3370/4540 3011/3282/4454 2905/3172/4342 3058/3330/4441
f 2988/3259/4437 3003/3274/4448 3099/3371/4541 3090/3362/4527
f 2979/3250/4328 2891/3156/4236 3101/3373/4464 3156/3430/4542
f 2922/3189/4363 3011/3282/4454 3102/3374/4543 3031/3302/4473
f 3105/3377/4544 3055/3327/4429 3039/3310/4413 3086/3358/4525
f 3045/3316/4490 3071/3343/4491 3106/3378/4545 3109/3381/4546
f 2972/3242/4418 3027/3298/4435 3107/3379/4547 3052/3324/4497
f 3108/3380/4523 3015/3286/4440 3049/3320/4456 3137/3410/4548
f 3085/3357/4499 3045/3316/4490 3109/3381/4546 3130/3403/4549
f 3110/3382/4550 3021/3292/4460 2981/3252/4431 3091/3363/4529
f 3023/3294/4462 3085/3357/4499 3111/3383/4551 3060/3332/4505
f 3049/3323/4456 3020/3291/4459 3112/3384/4534 3137/3413/4548
f 3113/3385/4533 3038/3309/4458 3076/3348/4478 3136/3409/4552
f 3084/3356/4480 3007/3278/4395 3077/3349/4455 3157/3431/4553
s 54
f 4032/2952/4554 4031/4290/4555 4035/4293/4556 4036/4294/4557
s 1
f 2995/3266/4382 3031/3302/4473 3115/3387/4558 3053/3325/4498
f 3058/3330/4441 2974/3244/4330 3116/3388/4495 3175/3449/4559
f 3047/3318/4445 2996/3267/4381 3117/3389/4510 3158/3432/4560
f 2998/3269/4446 3053/3325/4498 3123/3396/4561 3067/3339/4514
f 3068/3340/4469 3104/3376/4471 3141/3415/4562 3124/3397/4563 3088/3360/4564 3073/3345/4509 3006/3277/4439 3029/3300/4470
f 3079/3351/4512 3065/3337/4472 3084/3356/4480 3157/3431/4553
f 3104/3376/4471 3055/3327/4429 3105/3377/4544 3155/3429/4565
f 3028/3299/4468 3067/3339/4514 3125/3398/4566 3081/3353/4522
f 3107/3379/4547 3027/3298/4435 3032/3303/4474 3138/3411/4567
f 3010/3281/4453 3060/3332/4505 3127/3400/4568 3083/3355/4524
f 3044/3315/4488 3021/3292/4460 3110/3382/4550 3128/3401/4569 3148/3422/4570 3075/3347/4489
f 3064/3336/4449 2994/3265/4368 3120/3392/4492 3199/3473/4571
f 3071/3343/4491 3081/3353/4522 3129/3402/4572 3106/3378/4545
f 3131/3404/4573 3041/3312/4479 2993/3264/4444 3092/3364/4530
f 3003/3274/4448 3036/3307/4477 3132/3405/4574 3099/3371/4541
f 3133/3406/4575 3086/3358/4525 3072/3344/4423 3121/3393/4467
f 2976/3246/4420 3046/3317/4493 3135/3408/4576 3074/3346/4518
f 3111/3383/4551 3085/3357/4499 3130/3403/4549 3170/3444/4577
f 3138/3411/4567 3032/3303/4474 3054/3326/4481 3144/3418/4578
s 50
f 4010/4269/4519 4009/3211/4380 4008/3101/4266 4011/4270/4579
s 1
f 3139/3412/4531 3042/3313/4483 3082/3354/4484 3189/3463/4580
f 3118/3390/4475 2926/3193/4254 3059/3331/4503 3248/3522/4581
f 3093/3365/4508 3073/3345/4509 3151/3425/4582 3143/3417/4583 3142/3416/4584 3063/3335/4501
f 3144/3418/4578 3054/3326/4481 3063/3335/4501 3142/3416/4584
f 3109/3381/4546 3106/3378/4545 3145/3419/4585 3147/3421/4586
f 3130/3403/4549 3109/3381/4546 3147/3421/4586 3168/3442/4587
f 3134/3407/4513 3040/3311/4406 3078/3350/4504 3154/3428/4588
f 2997/3268/4360 3052/3324/4497 3150/3424/4589 3119/3391/4482
f 3043/3314/4486 3066/3338/4485 3167/3441/4590 3152/3426/4591 3140/3414/4592 3033/3304/4487
f 3136/3409/4552 3076/3348/4478 3146/3420/4536 3205/3479/4593
f 3154/3428/4588 3078/3350/4504 3035/3306/4476 3096/3368/4535
f 2900/3165/4337 2830/3091/4594 2829/3090/4461 2839/3102/4249
f 3115/3387/4558 3031/3302/4473 3102/3374/4543 3215/3489/4595
f 3050/3321/4426 2979/3250/4328 3156/3430/4542 3210/3484/4596
f 3141/3415/4562 3104/3376/4471 3155/3429/4565 3190/3464/4597
f 3135/3408/4576 3046/3317/4493 3070/3342/4517 3161/3435/4598
f 3125/3398/4566 3067/3339/4514 3123/3396/4561 3202/3476/4599
f 3095/3367/4494 3047/3318/4445 3158/3432/4560 3217/3491/4600
f 3008/3279/4452 3062/3334/4507 3159/3433/4601 3096/3368/4535
f 3160/3434/4602 3051/3322/4496 3033/3304/4487 3140/3414/4592
f 3120/3392/4492 3012/3283/4375 3118/3390/4475 3256/3530/4603
f 3161/3435/4598 3070/3342/4517 3041/3312/4479 3131/3404/4573
f 3123/3396/4561 3053/3325/4498 3115/3387/4558 3209/3483/4604
f 3162/3436/4605 3000/3271/4331 3134/3407/4513 3251/3525/4606
f 3164/3438/4607 3105/3377/4544 3086/3358/4525 3133/3406/4575
f 3149/3423/4528 3030/3301/4392 3119/3391/4482 3253/3527/4608
f 3165/3439/4609 2831/3093/4269 2771/3027/4199 2800/3060/4235
f 3166/3440/4610 3025/3296/4358 2837/3099/4274 3069/3341/4515
f 3167/3441/4590 3066/3338/4485 3103/3375/4511 3176/3450/4611
f 3060/3332/4505 3111/3383/4551 3169/3443/4612 3127/3400/4568
f 3171/3445/4613 3129/3402/4572 3081/3353/4522 3125/3398/4566
f 3036/3307/4477 3083/3355/4524 3172/3446/4614 3132/3405/4574
f 3106/3378/4545 3129/3402/4572 3173/3447/4615 3145/3419/4585
f 3126/3399/4538 3097/3369/4537 3075/3347/4489 3148/3422/4570 3174/3448/4616 3197/3471/4617 3225/3499/4618 3153/3427/4539
f 3176/3450/4611 3103/3375/4511 3079/3351/4512 3157/3431/4553
f 2952/3221/4393 3074/3346/4518 3177/3451/4619 3059/3331/4503
f 3124/3397/4563 3141/3415/4562 3190/3464/4597 3178/3452/4620 3163/3437/4621 3151/3425/4582 3073/3345/4509 3088/3360/4564
f 3180/3454/4622 3179/3453/4623 3791/4071/4624 3792/4072/4625
f 3181/3455/4626 3034/3305/4404 3080/3352/4500 3194/3468/4627
f 3056/3328/4502 3034/3305/4404 3181/3455/4626 3196/3470/4628
f 3192/3466/4629 3180/3454/4622 3792/4072/4625 3803/4083/4630
f 3179/3453/4623 3180/3454/4622 3182/3456/4631 3183/3457/4632
f 3098/3370/4540 3058/3330/4441 3175/3449/4559 3268/3542/4633
f 3133/3406/4575 3121/3393/4467 3153/3427/4539 3227/3501/4634
f 2833/3095/4272 2811/3071/4520 2932/3199/4370 2917/3184/4356
f 3170/3444/4577 3130/3403/4549 3168/3442/4587 3213/3487/4635
f 3182/3456/4631 3180/3454/4622 3192/3466/4629 3191/3465/4636
f 3184/3458/4637 3102/3374/4543 3011/3282/4454 3098/3370/4540
f 3791/4071/4624 3179/3453/4623 3185/3459/4638 3800/4080/4639
f 3168/3442/4587 3147/3421/4586 3186/3460/4640 3204/3478/4641
f 3147/3421/4586 3145/3419/4585 3187/3461/4642 3186/3460/4640
f 3185/3459/4638 3179/3453/4623 3183/3457/4632 3193/3467/4643
f 3183/3457/4632 3182/3456/4631 3188/3462/4644 3195/3469/4645
f 3155/3429/4565 3105/3377/4544 3164/3438/4607 3234/3508/4646
f 3189/3463/4580 3082/3354/4484 3108/3380/4523 3272/3546/4647
f 3188/3462/4644 3182/3456/4631 3191/3465/4636 3203/3477/4648
f 3194/3468/4627 3080/3352/4500 3087/3359/4521 3200/3474/4649
f 3091/3363/4529 3056/3328/4502 3196/3470/4628 3255/3529/4650
f 3094/3366/4532 3113/3385/4533 3198/3472/4651 3218/3492/4652
f 3117/3389/4510 3064/3336/4449 3199/3473/4571 3287/3561/4653
f 3265/3539/4654 3200/3474/4649 3087/3359/4521 3122/3394/4526 3090/3362/4527 3207/3481/4655
f 3198/3472/4651 3113/3385/4533 3136/3409/4552 3205/3479/4593
f 3201/3475/4656 3092/3364/4530 3051/3322/4496 3160/3434/4602
s 50
f 4011/4270/4579 4008/3101/4266 4007/4268/4265 4012/4271/4657
s 1
f 3159/3433/4601 3062/3334/4507 3139/3412/4531 3295/3569/4658
f 3185/3459/4638 3206/3480/4659 3816/4096/4660 3800/4080/4639
f 3206/3480/4659 3185/3459/4638 3193/3467/4643 3222/3496/4661
f 3208/3482/4662 3192/3466/4629 3803/4083/4630 3819/4099/4663
f 3116/3388/4495 3050/3321/4426 3210/3484/4596 3277/3551/4664
f 3211/3485/4665 3191/3465/4636 3192/3466/4629 3208/3482/4662
f 3212/3486/4666 3110/3382/4550 3091/3363/4529 3255/3529/4650
f 3195/3469/4645 3188/3462/4644 3214/3488/4667 3231/3505/4668
f 3111/3383/4551 3170/3444/4577 3216/3490/4669 3169/3443/4612
f 3146/3420/4536 3095/3367/4494 3217/3491/4600 3293/3567/4670
f 3112/3384/4534 3094/3366/4532 3218/3492/4652 3237/3511/4671
f 3219/3493/4672 3187/3461/4642 3145/3419/4585 3173/3447/4615
f 3214/3488/4667 3188/3462/4644 3203/3477/4648 3233/3507/4673
f 3204/3478/4641 3186/3460/4640 3220/3494/4674 3236/3510/4675
f 3213/3487/4635 3168/3442/4587 3204/3478/4641 3252/3526/4676
f 3171/3445/4613 3125/3398/4566 3202/3476/4599 3275/3549/4677
f 3229/3503/4678 3221/3495/4679 3792/4072/4625 3791/4071/4624
f 3052/3324/4497 3107/3379/4547 3223/3497/4680 3150/3424/4589
f 3224/3498/4681 3203/3477/4648 3191/3465/4636 3211/3485/4665
f 3186/3460/4640 3187/3461/4642 3226/3500/4682 3220/3494/4674
f 3228/3502/4683 3173/3447/4615 3129/3402/4572 3171/3445/4613
f 3128/3401/4569 3110/3382/4550 3212/3486/4666 3230/3504/4684 3300/3574/4685 3148/3422/4570
f 3090/3362/4527 3099/3371/4541 3232/3506/4686 3207/3481/4655
f 3164/3438/4607 3133/3406/4575 3227/3501/4634 3286/3560/4687
f 3190/3464/4597 3155/3429/4565 3234/3508/4646 3280/3554/4688
f 3202/3476/4599 3123/3396/4561 3209/3483/4604 3302/3576/4689
f 3235/3509/4690 3157/3431/4553 3077/3349/4455 3149/3423/4528
f 3221/3495/4679 3229/3503/4678 3299/3573/4691 3296/3570/4692
f 3137/3413/4548 3112/3384/4534 3237/3511/4671 3238/3592/4693
f 3108/3380/4523 3137/3410/4548 3238/3512/4693 3272/3546/4647
f 3247/3521/4694 3221/3495/4679 3296/3570/4692 3307/3581/4695
f 3083/3355/4524 3127/3400/4568 3239/3513/4696 3172/3446/4614
f 3206/3480/4659 3241/3515/4697 3842/4122/4698 3816/4096/4660
f 3229/3503/4678 3240/3514/4699 3310/3584/4700 3299/3573/4691
f 3241/3515/4697 3206/3480/4659 3222/3496/4661 3262/3536/4701
f 3242/3516/4702 3211/3485/4665 3208/3482/4662 3244/3518/4703
f 3236/3510/4675 3220/3494/4674 3243/3517/4704 3260/3534/4705
f 3244/3518/4703 3208/3482/4662 3819/4099/4663 3845/4125/4706
f 3209/3483/4604 3115/3387/4558 3215/3489/4595 3320/3595/4707
f 3203/3477/4648 3224/3498/4681 3245/3519/4708 3233/3507/4673
f 3101/3395/4464 3025/3296/4358 3166/3440/4610 3356/3669/4709
f 3246/3520/4710 3224/3498/4681 3211/3485/4665 3242/3516/4702
f 3216/3490/4669 3170/3444/4577 3213/3487/4635 3294/3568/4711
f 3143/3417/4583 3151/3425/4582 3254/3528/4712 3249/3523/4713 3264/3538/4714 3142/3416/4584
f 3250/3524/4715 3243/3517/4704 3220/3494/4674 3226/3500/4682
f 3252/3526/4676 3204/3478/4641 3236/3510/4675 3278/3552/4716
f 3257/3531/4717 3258/3532/4718 3224/3498/4681 3246/3520/4710
f 3259/3533/4719 3154/3428/4588 3096/3368/4535 3159/3433/4601
f 3227/3501/4634 3153/3427/4539 3225/3499/4618 3311/3585/4720
f 3215/3489/4595 3102/3374/4543 3184/3458/4637 3345/3620/4721
f 3261/3535/4722 3226/3500/4682 3187/3461/4642 3219/3493/4672
f 3260/3534/4705 3243/3517/4704 3258/3532/4718 3257/3531/4717
f 3245/3519/4708 3224/3498/4681 3258/3532/4718 3267/3541/4723
f 3231/3505/4668 3214/3488/4667 3263/3537/4724 3282/3556/4725
f 3267/3541/4723 3258/3532/4718 3243/3517/4704 3250/3524/4715
f 3178/3452/4620 3190/3464/4597 3280/3554/4688 3269/3543/4726 3266/3540/4727 3254/3528/4712 3151/3425/4582 3163/3437/4621
f 3270/3544/4728 3247/3521/4694 3307/3581/4695 3315/3589/4729
f 3107/3379/4547 3138/3411/4567 3271/3545/4730 3223/3497/4680
f 3251/3525/4606 3134/3407/4513 3154/3428/4588 3259/3533/4719
f 3263/3537/4724 3214/3488/4667 3233/3507/4673 3285/3559/4731
f 3099/3371/4541 3132/3405/4574 3273/3547/4732 3232/3506/4686
f 3274/3548/4733 3131/3404/4573 3092/3364/4530 3201/3475/4656
f 3253/3527/4608 3119/3391/4482 3150/3424/4589 3382/3657/4734
f 3240/3514/4699 3837/4117/4735 3318/3593/4736 3310/3584/4700
f 3276/3550/4737 3144/3418/4578 3142/3416/4584 3264/3538/4714
f 3165/3439/4609 2800/3060/4235 2854/3117/4253 2956/3225/4398
f 3175/3449/4559 3116/3388/4495 3277/3551/4664 3360/3635/4738
f 3278/3552/4716 3236/3510/4675 3260/3534/4705 3289/3563/4739
f 3279/3553/4740 3219/3493/4672 3173/3447/4615 3228/3502/4683
f 3074/3346/4518 3135/3408/4576 3281/3555/4741 3177/3451/4619
f 3271/3545/4730 3138/3411/4567 3144/3418/4578 3276/3550/4737
f 3127/3400/4568 3169/3443/4612 3283/3557/4742 3239/3513/4696
f 3197/3471/4617 3174/3448/4616 3148/3422/4570 3300/3574/4685 3284/3558/4743 3309/3583/4744 3311/3585/4720 3225/3499/4618
f 3241/3515/4697 3303/3577/4745 3866/4146/4746 3842/4122/4698
f 3158/3432/4560 3117/3389/4510 3287/3561/4653 3368/3643/4747
f 3288/3562/4748 3250/3524/4715 3226/3500/4682 3261/3535/4722
f 3289/3563/4739 3260/3534/4705 3257/3531/4717 3312/3586/4749
f 3228/3502/4683 3171/3445/4613 3275/3549/4677 3339/3614/4750
f 3290/3564/4751 3246/3520/4710 3242/3516/4702 3292/3566/4752
f 3241/3515/4697 3262/3536/4701 3291/3565/4753 3303/3577/4745
f 3257/3531/4717 3246/3520/4710 3290/3564/4751 3312/3586/4749
f 3292/3566/4752 3242/3516/4702 3244/3518/4703 3297/3571/4754
f 3205/3479/4593 3146/3420/4536 3293/3567/4670 3354/3629/4755
f 3294/3568/4711 3213/3487/4635 3252/3526/4676 3321/3596/4756
f 3297/3571/4754 3244/3518/4703 3845/4125/4706 3876/4156/4757
f 3199/3473/4571 3120/3392/4492 3256/3530/4603 3408/3684/4758
f 3248/3522/4581 3059/3331/4503 3177/3451/4619 3404/3680/4759
f 3298/3572/4760 3069/3341/4515 3100/3372/4516 3326/3601/4761
f 3233/3507/4673 3245/3519/4708 3301/3575/4762 3285/3559/4731
f 3335/3610/4763 3859/4139/4764 3270/3544/4728 3315/3589/4729
f 3295/3569/4658 3139/3412/4531 3189/3463/4580 3389/3664/4765
f 3318/3593/4736 3837/4117/4735 3856/4136/4766 3332/3607/4767
f 3304/3578/4768 3267/3541/4723 3250/3524/4715 3288/3562/4748
f 3245/3519/4708 3267/3541/4723 3304/3578/4768 3301/3575/4762
f 3262/3536/4701 3306/3580/4769 3305/3579/4770 3291/3565/4753
f 3308/3582/4771 3234/3508/4646 3164/3438/4607 3286/3560/4687
f 2955/3224/4397 2954/3223/4396 2830/3091/4594 2900/3165/4337
f 3314/3588/4772 3296/3570/4692 3299/3573/4691 3310/3584/4700
f 3316/3590/4773 3176/3450/4611 3157/3431/4553 3235/3509/4690
f 3256/3530/4603 3118/3390/4475 3248/3522/4581 3425/3701/4774
f 3152/3426/4591 3167/3441/4590 3330/3605/4775 3317/3591/4776 3313/3587/4777 3140/3414/4592
f 3307/3581/4695 3296/3570/4692 3314/3588/4772 3325/3600/4778
f 3275/3549/4677 3202/3476/4599 3302/3576/4689 3381/3656/4779
f 3319/3594/4780 3261/3535/4722 3219/3493/4672 3279/3553/4740
f 3321/3596/4756 3252/3526/4676 3278/3552/4716 3336/3611/4781
f 3332/3607/4767 3856/4136/4766 3872/4152/4782 3344/3619/4783
f 3322/3597/4784 3184/3458/4637 3098/3370/4540 3268/3542/4633
f 3349/3624/4785 3880/4160/4786 3859/4139/4764 3335/3610/4763
f 3323/3598/4787 3282/3556/4725 3263/3537/4724 3348/3623/4788
f 3281/3555/4741 3135/3408/4576 3161/3435/4598 3347/3622/4789
f 3169/3443/4612 3216/3490/4669 3324/3599/4790 3283/3557/4742
f 3286/3560/4687 3227/3501/4634 3311/3585/4720 3379/3654/4791
f 3303/3577/4745 3341/3616/4792 3892/4172/4793 3866/4146/4746
f 3327/3602/4794 3314/3588/4772 3310/3584/4700 3318/3593/4736
f 3315/3589/4729 3307/3581/4695 3325/3600/4778 3335/3610/4763
f 3306/3580/4769 3329/3604/4795 3328/3603/4796 3305/3579/4770
f 3330/3605/4775 3167/3441/4590 3176/3450/4611 3316/3590/4773
f 3132/3405/4574 3172/3446/4614 3331/3606/4797 3273/3547/4732
f 3333/3608/4798 3160/3434/4602 3140/3414/4592 3313/3587/4777
f 3303/3577/4745 3291/3565/4753 3334/3609/4799 3341/3616/4792
f 3348/3623/4788 3263/3537/4724 3285/3559/4731 3353/3628/4800
f 3336/3611/4781 3278/3552/4716 3289/3563/4739 3343/3618/4801
f 3292/3566/4752 3297/3571/4754 3337/3612/4802 3338/3613/4803
f 3290/3564/4751 3292/3566/4752 3338/3613/4803 3340/3615/4804
f 3325/3600/4778 3314/3588/4772 3327/3602/4794 3346/3621/4805
f 3337/3612/4802 3297/3571/4754 3876/4156/4757 3898/4178/4806
f 3312/3586/4749 3290/3564/4751 3340/3615/4804 3363/3638/4807
f 3327/3602/4794 3318/3593/4736 3332/3607/4767 3351/3626/4808
f 3342/3617/4809 3280/3554/4688 3234/3508/4646 3308/3582/4771
f 3344/3619/4783 3872/4152/4782 3352/3627/4810 3362/3637/4811
f 3343/3618/4801 3289/3563/4739 3312/3586/4749 3363/3638/4807
f 3302/3576/4689 3209/3483/4604 3320/3595/4707 3415/3691/4812
f 3259/3533/4719 3159/3433/4601 3295/3569/4658 3418/3694/4813
f 3359/3634/4814 3880/4160/4786 3349/3624/4785 3371/3646/4815
f 3279/3553/4740 3228/3502/4683 3339/3614/4750 3395/3671/4816
f 3347/3622/4789 3161/3435/4598 3131/3404/4573 3274/3548/4733
f 3349/3624/4785 3335/3610/4763 3325/3600/4778 3346/3621/4805
f 3350/3625/4817 3288/3562/4748 3261/3535/4722 3319/3594/4780
f 3324/3599/4790 3216/3490/4669 3294/3568/4711 3386/3661/4818
f 3198/3472/4651 3205/3479/4593 3354/3629/4755 3401/3677/4819
f 3230/3504/4684 3212/3486/4666 3394/3670/4820 3355/3630/4821 3391/3666/4822 3300/3574/4685
f 3346/3621/4805 3327/3602/4794 3351/3626/4808 3366/3641/4823
f 3156/3430/4542 3101/3373/4464 3356/3631/4709 3422/3698/4824
f 3351/3626/4808 3332/3607/4767 3344/3619/4783 3362/3637/4811
f 3162/3436/4605 3251/3525/4606 3357/3632/4825 3326/3601/4761
f 3358/3633/4826 3359/3634/4814 3371/3646/4815 3385/3660/4827
f 3268/3542/4633 3175/3449/4559 3360/3635/4738 3448/3724/4828
f 3212/3486/4666 3255/3529/4650 3361/3636/4829 3394/3670/4820
f 3362/3637/4811 3352/3627/4810 3369/3644/4830 3388/3663/4831
f 3304/3578/4768 3288/3562/4748 3350/3625/4817 3376/3651/4832
f 3892/4172/4793 3341/3616/4792 3397/3673/4833 3906/4186/4834
f 3255/3529/4650 3196/3470/4628 3364/3639/4835 3361/3636/4829
f 3149/3423/4528 3253/3527/4608 3365/3640/4836 3235/3509/4690
f 3285/3559/4731 3301/3575/4762 3367/3642/4837 3353/3628/4800
f 3217/3491/4600 3158/3432/4560 3368/3643/4747 3434/3710/4838
f 3369/3644/4830 3358/3633/4826 3385/3660/4827 3388/3663/4831
f 3370/3645/4839 3328/3603/4796 3329/3604/4795 3372/3647/4840
f 3341/3616/4792 3334/3609/4799 3399/3675/4841 3397/3673/4833
f 3371/3646/4815 3349/3624/4785 3346/3621/4805 3366/3641/4823
f 3366/3641/4823 3351/3626/4808 3362/3637/4811 3388/3663/4831
f 3196/3470/4628 3181/3455/4626 3373/3648/4842 3364/3639/4835
f 3305/3579/4770 3328/3603/4796 3374/3649/4843 3380/3655/4844
f 3301/3575/4762 3304/3578/4768 3376/3651/4832 3367/3642/4837
f 3375/3650/4845 3378/3653/4846 3377/3652/4847 3254/3528/4712 3266/3540/4727 3269/3543/4726 3280/3554/4688 3342/3617/4809
f 3320/3595/4707 3215/3489/4595 3345/3620/4721 3445/3721/4848
f 3181/3455/4626 3194/3468/4627 3383/3658/4849 3373/3648/4842
f 3384/3659/4850 3337/3612/4802 3898/4178/4806 3905/4185/4851
f 3338/3613/4803 3337/3612/4802 3384/3659/4850 3390/3665/4852
f 3385/3660/4827 3371/3646/4815 3366/3641/4823 3388/3663/4831
f 3386/3661/4818 3294/3568/4711 3321/3596/4756 3406/3682/4853
f 3334/3609/4799 3380/3655/4844 3414/3690/4854 3399/3675/4841
f 3383/3658/4849 3194/3468/4627 3200/3474/4649 3435/3711/4855
f 3387/3662/4856 3412/3688/4857 3264/3538/4714 3249/3523/4713 3254/3528/4712 3377/3652/4847
f 3389/3664/4765 3189/3463/4580 3272/3546/4647 3465/3741/4858
f 3340/3615/4804 3338/3613/4803 3390/3665/4852 3409/3685/4859
f 3309/3583/4744 3284/3558/4743 3300/3574/4685 3391/3666/4822 3423/3699/4860 3402/3678/4861 3379/3654/4791 3311/3585/4720
f 3339/3614/4750 3275/3549/4677 3381/3656/4779 3431/3707/4862
f 3392/3667/4863 3201/3475/4656 3160/3434/4602 3333/3608/4798
f 3393/3668/4864 3435/3711/4855 3200/3474/4649 3265/3539/4654 3207/3481/4655 3400/3676/4865
f 3396/3672/4866 3323/3598/4787 3348/3623/4788 3411/3687/4867
f 3398/3674/4868 3308/3582/4771 3286/3560/4687 3379/3654/4791
s 54
f 4032/2952/4554 4036/4294/4557 4037/4295/4869 4033/4291/4870
s 1
f 3061/3333/4506 2916/3183/4354 2831/3093/4269 3165/3439/4609
f 3397/3673/4833 3384/3659/4850 3905/4185/4851 3906/4186/4834
f 3218/3492/4652 3198/3472/4651 3401/3677/4819 3432/3708/4871
f 3390/3665/4852 3384/3659/4850 3397/3673/4833 3399/3675/4841
f 3150/3424/4589 3223/3497/4680 3403/3679/4872 3382/3657/4734
f 3405/3681/4873 3319/3594/4780 3279/3553/4740 3395/3671/4816
f 3406/3682/4853 3321/3596/4756 3336/3611/4781 3417/3693/4874
f 3407/3683/4875 3363/3638/4807 3340/3615/4804 3409/3685/4859
f 3172/3446/4614 3239/3513/4696 3410/3686/4876 3331/3606/4797
f 3411/3687/4867 3348/3623/4788 3353/3628/4800 3496/3772/4877
f 3276/3550/4737 3264/3538/4714 3412/3688/4857 3426/3702/4878
f 3413/3689/4879 3374/3649/4843 3328/3603/4796 3370/3645/4839
f 3380/3655/4844 3374/3649/4843 3428/3704/4880 3414/3690/4854
f 3416/3692/4881 3343/3618/4801 3363/3638/4807 3407/3683/4875
f 3417/3693/4874 3336/3611/4781 3343/3618/4801 3416/3692/4881
f 3251/3525/4606 3259/3533/4719 3418/3694/4813 3357/3632/4825
f 3419/3695/4882 3370/3645/4839 3372/3647/4840 3421/3697/4883
f 3409/3685/4859 3390/3665/4852 3399/3675/4841 3414/3690/4854
f 3287/3561/4653 3199/3473/4571 3408/3684/4758 3488/3764/4884
f 3420/3696/4885 3342/3617/4809 3308/3582/4771 3398/3674/4868
f 3210/3484/4596 3156/3430/4542 3422/3698/4824 3454/3730/4886
f 3207/3481/4655 3232/3506/4686 3424/3700/4887 3400/3676/4865
f 3381/3656/4779 3302/3576/4689 3415/3691/4812 3468/3744/4888
f 3404/3680/4759 3177/3451/4619 3281/3555/4741 3491/3767/4889
f 3271/3545/4730 3276/3550/4737 3426/3702/4878 3433/3709/4890
f 3427/3703/4891 3350/3625/4817 3319/3594/4780 3405/3681/4873
f 3429/3705/4892 3239/3513/4696 3283/3557/4742 3430/3706/4893
f 3430/3706/4893 3283/3557/4742 3324/3599/4790 3443/3719/4894
f 3237/3511/4671 3218/3492/4652 3432/3708/4871 3452/3728/4895
f 3223/3497/4680 3271/3545/4730 3433/3709/4890 3403/3679/4872
f 3293/3567/4670 3217/3491/4600 3434/3710/4838 3484/3760/4896
f 3428/3704/4880 3374/3649/4843 3413/3689/4879 3463/3739/4897
f 3376/3651/4832 3350/3625/4817 3427/3703/4891 3466/3742/4898
f 3436/3712/4899 3166/3440/4610 3069/3341/4515 3298/3572/4760
f 3365/3640/4836 3253/3527/4608 3382/3657/4734 3501/3777/4900
f 3437/3713/4901 3345/3620/4721 3184/3458/4637 3322/3597/4784
f 3438/3714/4902 3409/3685/4859 3414/3690/4854 3428/3704/4880
f 3439/3715/4903 3413/3689/4879 3370/3645/4839 3419/3695/4882
f 3460/3736/4904 3441/3717/4905 3391/3666/4822 3355/3630/4821 3394/3670/4820 3446/3722/4906
f 3442/3718/4907 3395/3671/4816 3339/3614/4750 3431/3707/4862
f 3443/3719/4894 3324/3599/4790 3386/3661/4818 3464/3740/4908
f 3444/3720/4909 3398/3674/4868 3379/3654/4791 3402/3678/4861 3423/3699/4860 3391/3666/4822 3441/3717/4905 3457/3733/4910
f 3272/3546/4647 3238/3512/4693 3447/3723/4911 3465/3741/4858
f 3232/3506/4686 3273/3547/4732 3449/3725/4912 3424/3700/4887
f 3440/3716/4913 3450/3726/4914 3451/3727/4915 3377/3652/4847 3378/3653/4846 3375/3650/4845 3342/3617/4809 3420/3696/4885
f 3418/3694/4813 3295/3569/4658 3389/3664/4765 3511/3788/4916
f 3238/3592/4693 3237/3511/4671 3452/3728/4895 3447/3785/4911
f 3453/3729/4917 3316/3590/4773 3235/3509/4690 3365/3640/4836
f 3277/3551/4664 3210/3484/4596 3454/3730/4886 3483/3759/4918
f 3455/3731/4919 3407/3683/4875 3409/3685/4859 3438/3714/4902
f 3456/3732/4920 3419/3695/4882 3421/3697/4883 3461/3737/4921
f 3446/3722/4906 3394/3670/4820 3361/3636/4829 3474/3750/4922
f 3440/3716/4913 3420/3696/4885 3398/3674/4868 3444/3720/4909 3457/3733/4910 3441/3717/4905 3451/3727/4915 3450/3726/4914
f 3458/3734/4923 3274/3548/4733 3201/3475/4656 3392/3667/4863
f 3459/3735/4924 3396/3672/4866 3411/3687/4867 3469/3745/4925
f 3425/3701/4774 3248/3522/4581 3404/3680/4759 3531/3808/4926
f 3415/3691/4812 3320/3595/4707 3445/3721/4848 3506/3782/4927
f 3462/3738/4928 3481/3757/4929 3412/3688/4857 3387/3662/4856 3377/3652/4847 3451/3727/4915
f 3464/3740/4908 3386/3661/4818 3406/3682/4853 3470/3746/4930
f 3408/3684/4758 3256/3530/4603 3425/3701/4774 3537/3814/4931
f 3467/3743/4932 3416/3692/4881 3407/3683/4875 3455/3731/4919
f 3431/3707/4862 3381/3656/4779 3468/3744/4888 3504/3780/4933
f 3469/3745/4925 3411/3687/4867 3496/3772/4877 3498/3774/4934
f 3470/3746/4930 3406/3682/4853 3417/3693/4874 3472/3748/4935
f 3410/3686/4876 3239/3513/4696 3471/3747/4936 3517/3794/4937
f 3472/3748/4935 3417/3693/4874 3416/3692/4881 3467/3743/4932
f 3463/3739/4897 3413/3689/4879 3439/3715/4903 3492/3768/4938
f 3474/3750/4922 3361/3636/4829 3364/3639/4835 3489/3765/4939
f 3317/3591/4776 3330/3605/4775 3476/3752/4940 3475/3751/4941 3473/3749/4942 3313/3587/4777
f 3476/3752/4940 3330/3605/4775 3316/3590/4773 3453/3729/4917
f 3477/3753/4943 3405/3681/4873 3395/3671/4816 3442/3718/4907
f 3478/3754/4944 3322/3597/4784 3268/3542/4633 3448/3724/4828
f 3462/3738/4928 3451/3727/4915 3441/3717/4905 3460/3736/4904 3446/3722/4906 3481/3757/4929
f 3479/3755/4945 3438/3714/4902 3428/3704/4880 3463/3739/4897
f 3480/3756/4946 3439/3715/4903 3419/3695/4882 3456/3732/4920
f 3426/3702/4878 3412/3688/4857 3481/3757/4929 3505/3781/4947
f 3239/3513/4696 3429/3705/4892 3482/3758/4948 3471/3747/4936
f 3360/3635/4738 3277/3551/4664 3483/3759/4918 3544/3821/4949
f 3354/3629/4755 3293/3567/4670 3484/3760/4896 3529/3806/4950
f 3273/3547/4732 3331/3606/4797 3485/3761/4951 3449/3725/4912
f 3486/3762/4952 3333/3608/4798 3313/3587/4777 3473/3749/4942
f 3326/3601/4761 3357/3632/4825 3487/3763/4953 3298/3572/4760
f 3368/3643/4747 3287/3561/4653 3488/3764/4884 3551/3828/4954
f 3489/3765/4939 3364/3639/4835 3373/3648/4842 3509/3786/4955
f 3490/3766/4956 3456/3732/4920 3461/3737/4921 3495/3771/4957
f 3493/3769/4958 3427/3703/4891 3405/3681/4873 3477/3753/4943
f 3494/3770/4959 3455/3731/4919 3438/3714/4902 3479/3755/4945
f 3445/3721/4848 3345/3620/4721 3437/3713/4901 3569/3846/4960
f 3498/3774/4934 3496/3772/4877 3497/3773/4961 3527/3804/4962
f 3500/3776/4963 3499/3775/4964 3459/3735/4924 3508/3784/4965
f 3356/3669/4709 3166/3440/4610 3436/3712/4899 3562/3857/4966
f 3503/3779/4967 3502/3778/4968 3499/3775/4964 3500/3776/4963
f 3442/3718/4907 3431/3707/4862 3504/3780/4933 3536/3813/4969
f 3492/3768/4938 3439/3715/4903 3480/3756/4946 3535/3812/4970
f 3468/3744/4888 3415/3691/4812 3506/3782/4927 3540/3817/4971
f 3061/3333/4506 3165/3439/4609 2956/3225/4398 3042/3313/4483
f 3505/3781/4947 3481/3757/4929 3446/3722/4906 3474/3750/4922
f 3507/3783/4972 3466/3742/4898 3427/3703/4891 3493/3769/4958
f 3508/3784/4965 3459/3735/4924 3469/3745/4925 3525/3802/4973
f 3509/3786/4955 3373/3648/4842 3383/3658/4849 3543/3820/4974
f 3433/3709/4890 3426/3702/4878 3505/3781/4947 3533/3810/4975
f 3510/3787/4976 3467/3743/4932 3455/3731/4919 3494/3770/4959
f 3501/3777/4900 3382/3657/4734 3403/3679/4872 3558/3835/4977
f 3512/3789/4978 3495/3771/4957 3502/3778/4968 3503/3779/4967
f 3357/3632/4825 3418/3694/4813 3511/3788/4916 3487/3763/4953
f 3513/3790/4979 3430/3706/4893 3443/3719/4894 3518/3795/4980
f 3514/3791/4981 3479/3755/4945 3463/3739/4897 3492/3768/4938
f 3515/3792/4982 3480/3756/4946 3456/3732/4920 3490/3766/4956
f 3383/3658/4849 3435/3711/4855 3516/3793/4983 3543/3820/4974
f 3518/3795/4980 3443/3719/4894 3464/3740/4908 3522/3799/4984
f 3519/3796/4985 3472/3748/4935 3467/3743/4932 3510/3787/4976
f 3520/3797/4986 3516/3793/4983 3435/3711/4855 3393/3668/4864 3400/3676/4865 3532/3809/4987
f 3331/3606/4797 3410/3686/4876 3521/3798/4988 3485/3761/4951
f 3522/3799/4984 3464/3740/4908 3470/3746/4930 3526/3803/4989
f 3523/3800/4990 3392/3667/4863 3333/3608/4798 3486/3762/4952
f 3524/3801/4991 3347/3622/4789 3274/3548/4733 3458/3734/4923
f 3526/3803/4989 3470/3746/4930 3472/3748/4935 3519/3796/4985
f 3281/3555/4741 3347/3622/4789 3528/3805/4992 3491/3767/4889
f 3401/3677/4819 3354/3629/4755 3529/3806/4950 3557/3834/4993
f 3511/3788/4916 3389/3664/4765 3465/3741/4858 3578/3855/4994
f 3530/3807/4995 3429/3705/4892 3430/3706/4893 3513/3790/4979
f 3453/3729/4917 3365/3640/4836 3501/3777/4900 3560/3837/4996
f 3505/3781/4947 3474/3750/4922 3489/3765/4939 3533/3810/4975
f 3403/3679/4872 3433/3709/4890 3533/3810/4975 3558/3835/4977
f 3534/3811/4997 3490/3766/4956 3495/3771/4957 3512/3789/4978
f 3477/3753/4943 3442/3718/4907 3536/3813/4969 3559/3836/4998
f 3538/3815/4999 3494/3770/4959 3479/3755/4945 3514/3791/4981
f 3517/3794/4937 3471/3747/4936 3539/3816/5000 3564/3841/5001
f 3504/3780/4933 3468/3744/4888 3540/3817/4971 3573/3850/5002
f 3541/3818/5003 3448/3724/4828 3360/3635/4738 3544/3821/4949
f 3535/3812/4970 3480/3756/4946 3515/3792/4982 3568/3845/5004
f 3469/3745/4925 3498/3774/4934 3556/3833/5005 3525/3802/4973
f 3400/3676/4865 3424/3700/4887 3542/3819/5006 3532/3809/4987
f 3531/3808/4926 3404/3680/4759 3491/3767/4889 3610/3888/5007
f 3545/3822/5008 3500/3776/4963 3508/3784/4965 3553/3830/5009
f 3546/3823/5010 3503/3779/4967 3500/3776/4963 3545/3822/5008
f 3521/3798/4988 3410/3686/4876 3517/3794/4937 3580/3858/5011
f 3471/3747/4936 3482/3758/4948 3547/3824/5012 3539/3816/5000
f 3548/3825/5013 3510/3787/4976 3494/3770/4959 3538/3815/4999
f 3549/3826/5014 3515/3792/4982 3490/3766/4956 3534/3811/4997
f 3550/3827/5015 3512/3789/4978 3503/3779/4967 3546/3823/5010
f 3434/3710/4838 3368/3643/4747 3551/3828/4954 3607/3885/5016
f 3552/3829/5017 3514/3791/4981 3492/3768/4938 3535/3812/4970
f 3553/3830/5009 3508/3784/4965 3525/3802/4973 3574/3851/5018
f 3554/3831/5019 3482/3758/4948 3429/3705/4892 3530/3807/4995
f 3488/3764/4884 3408/3684/4758 3537/3814/4931 3627/3905/5020
f 3555/3832/5021 3493/3769/4958 3477/3753/4943 3559/3836/4998
f 3556/3833/5005 3498/3774/4934 3527/3804/4962 3570/3847/5022
f 3533/3810/4975 3489/3765/4939 3509/3786/4955 3558/3835/4977
f 3432/3708/4871 3401/3677/4819 3557/3834/4993 3587/3865/5023
f 3476/3752/4940 3453/3729/4917 3560/3837/4996 3571/3848/5024
f 3561/3838/5025 3437/3713/4901 3322/3597/4784 3478/3754/4944
f 3422/3698/4824 3356/3631/4709 3562/3839/4966 3595/3873/5026
f 3563/3840/5027 3519/3796/4985 3510/3787/4976 3548/3825/5013
f 3565/3842/5028 3534/3811/4997 3512/3789/4978 3550/3827/5015
f 3537/3814/4931 3425/3701/4774 3531/3808/4926 3634/3912/5029
f 3424/3700/4887 3449/3725/4912 3566/3843/5030 3542/3819/5006
f 3567/3844/5031 3507/3783/4972 3493/3769/4958 3555/3832/5021
f 3570/3847/5022 3527/3804/4962 3507/3783/4972 3567/3844/5031
f 3506/3782/4927 3445/3721/4848 3569/3846/4960 3597/3875/5032
f 3572/3849/5033 3599/3877/5034 3473/3749/4942 3475/3751/4941 3476/3752/4940 3571/3848/5024
f 3536/3813/4969 3504/3780/4933 3573/3850/5002 3596/3874/5035
f 3575/3852/5036 3526/3803/4989 3519/3796/4985 3563/3840/5027
f 3576/3853/5037 3538/3815/4999 3514/3791/4981 3552/3829/5017
f 3577/3854/5038 3458/3734/4923 3392/3667/4863 3523/3800/4990
f 3568/3845/5004 3515/3792/4982 3549/3826/5014 3609/3887/5039
f 3114/3386/5040 2803/3063/4120 3000/3271/4331 3162/3436/4605
f 3579/3856/5041 3522/3799/4984 3526/3803/4989 3575/3852/5036
f 3580/3858/5011 3517/3794/4937 3564/3841/5001 3615/3893/5042
f 3581/3859/5043 3436/3712/4899 3298/3572/4760 3487/3763/4953
f 3582/3860/5044 3545/3822/5008 3553/3830/5009 3591/3869/5045
f 3583/3861/5046 3546/3823/5010 3545/3822/5008 3582/3860/5044
f 3584/3862/5047 3549/3826/5014 3534/3811/4997 3565/3842/5028
f 3585/3863/5048 3518/3795/4980 3522/3799/4984 3579/3856/5041
f 3586/3864/5049 3486/3762/4952 3473/3749/4942 3599/3877/5034
f 3452/3728/4895 3432/3708/4871 3587/3865/5023 3603/3881/5050
f 3564/3841/5001 3539/3816/5000 3588/3866/5051 3604/3882/5052
f 3589/3867/5053 3550/3827/5015 3546/3823/5010 3583/3861/5046
f 3465/3741/4858 3447/3723/4911 3590/3868/5054 3578/3855/4994
f 3560/3837/4996 3501/3777/4900 3558/3835/4977 3593/3871/5055
f 3591/3869/5045 3553/3830/5009 3574/3851/5018 3613/3891/5056
f 3592/3870/5057 3548/3825/5013 3538/3815/4999 3576/3853/5037
f 3509/3786/4955 3543/3820/4974 3593/3871/5055 3558/3835/4977
f 3594/3872/5058 3552/3829/5017 3535/3812/4970 3568/3845/5004
f 3454/3730/4886 3422/3698/4824 3595/3873/5026 3611/3889/5059
f 3559/3836/4998 3536/3813/4969 3596/3874/5035 3617/3895/5060
f 3540/3817/4971 3506/3782/4927 3597/3875/5032 3621/3899/5061
f 3525/3802/4973 3556/3833/5005 3618/3896/5062 3574/3851/5018
f 3598/3876/5063 3565/3842/5028 3550/3827/5015 3589/3867/5053
f 3600/3878/5064 3513/3790/4979 3518/3795/4980 3585/3863/5048
f 3487/3763/4953 3511/3788/4916 3578/3855/4994 3581/3859/5043
f 3449/3725/4912 3485/3761/4951 3601/3879/5065 3566/3843/5030
f 3543/3820/4974 3516/3793/4983 3602/3880/5066 3593/3871/5055
f 3447/3785/4911 3452/3728/4895 3603/3881/5050 3590/3921/5054
f 3605/3883/5067 3547/3824/5012 3482/3758/4948 3554/3831/5019
f 3606/3884/5068 3602/3880/5066 3516/3793/4983 3520/3797/4986 3532/3809/4987 3614/3892/5069
f 3484/3760/4896 3434/3710/4838 3607/3885/5016 3645/3924/5070
f 3539/3816/5000 3547/3824/5012 3608/3886/5071 3588/3866/5051
f 3483/3759/4918 3454/3730/4886 3611/3889/5059 3629/3907/5072
f 3612/3890/5073 3563/3840/5027 3548/3825/5013 3592/3870/5057
f 3615/3893/5042 3564/3841/5001 3604/3882/5052 3637/3915/5074
f 3616/3894/5075 3478/3754/4944 3448/3724/4828 3541/3818/5003
f 3609/3887/5039 3549/3826/5014 3584/3862/5047 3642/3920/5076
f 3555/3832/5021 3559/3836/4998 3617/3895/5060 3640/3918/5077
f 3613/3891/5056 3574/3851/5018 3618/3896/5062 3654/3933/5078
f 3618/3896/5062 3556/3833/5005 3570/3847/5022 3632/3910/5079
f 3619/3897/5080 3584/3862/5047 3565/3842/5028 3598/3876/5063
f 3620/3898/5081 3576/3853/5037 3552/3829/5017 3594/3872/5058
f 3573/3850/5002 3540/3817/4971 3621/3899/5061 3639/3917/5082
f 3622/3900/5083 3530/3807/4995 3513/3790/4979 3600/3878/5064
f 3571/3848/5024 3560/3837/4996 3593/3871/5055 3602/3880/5066
f 3623/3901/5084 3523/3800/4990 3486/3762/4952 3586/3864/5049
f 3624/3902/5085 3582/3860/5044 3591/3869/5045 3613/3891/5056
f 3625/3903/5086 3528/3805/4992 3347/3622/4789 3524/3801/4991
f 3610/3888/5007 3491/3767/4889 3528/3805/4992 3675/3954/5087
f 3619/3897/5080 3598/3876/5063 3589/3867/5053 3630/3908/5088
f 3626/3904/5089 3575/3852/5036 3563/3840/5027 3612/3890/5073
f 3604/3882/5052 3588/3866/5051 3650/3929/5090 3652/3931/5091
f 3628/3906/5092 3583/3861/5046 3582/3860/5044 3624/3902/5085
f 3544/3821/4949 3483/3759/4918 3629/3907/5072 3664/3943/5093
f 3630/3908/5088 3589/3867/5053 3583/3861/5046 3628/3906/5092
f 3532/3809/4987 3542/3819/5006 3631/3909/5094 3614/3892/5069
f 3632/3910/5079 3570/3847/5022 3567/3844/5031 3633/3911/5095
f 3633/3911/5095 3567/3844/5031 3555/3832/5021 3640/3918/5077
f 3606/3884/5068 3614/3892/5069 3599/3877/5034 3572/3849/5033 3571/3848/5024 3602/3880/5066
f 3485/3761/4951 3521/3798/4988 3635/3913/5096 3601/3879/5065
f 3636/3914/5097 3594/3872/5058 3568/3845/5004 3609/3887/5039
f 3637/3915/5074 3604/3882/5052 3652/3931/5091 3663/3942/5098
f 3638/3916/5099 3592/3870/5057 3576/3853/5037 3620/3898/5081
f 3551/3828/4954 3488/3764/4884 3627/3905/5020 3691/3971/5100
f 3596/3874/5035 3573/3850/5002 3639/3917/5082 3648/3927/5101
f 3641/3919/5102 3579/3856/5041 3575/3852/5036 3626/3904/5089
f 3586/3864/5049 3599/3877/5034 3614/3892/5069 3631/3909/5094
f 3562/3857/4966 3436/3712/4899 3581/3859/5043 3670/3949/5103
f 3584/3862/5047 3619/3897/5080 3659/3938/5104 3642/3920/5076
f 3631/3909/5094 3542/3819/5006 3566/3843/5030 3662/3941/5105
f 3643/3922/5106 3524/3801/4991 3458/3734/4923 3577/3854/5038
f 3644/3923/5107 3554/3831/5019 3530/3807/4995 3622/3900/5083
f 3529/3806/4950 3484/3760/4896 3645/3924/5070 3666/3945/5108
f 3612/3890/5073 3592/3870/5057 3638/3916/5099 3655/3934/5109
f 3588/3866/5051 3608/3886/5071 3673/3952/5110 3650/3929/5090
f 3624/3902/5085 3613/3891/5056 3654/3933/5078 3669/3948/5111
f 3521/3798/4988 3580/3858/5011 3646/3925/5112 3635/3913/5096
f 3619/3897/5080 3630/3908/5088 3681/3961/5113 3659/3938/5104
f 3634/3912/5029 3531/3808/4926 3610/3888/5007 3699/3979/5114
f 3647/3926/5115 3608/3886/5071 3547/3824/5012 3605/3883/5067
f 3617/3895/5060 3596/3874/5035 3648/3927/5101 3660/3939/5116
f 3649/3928/5117 3620/3898/5081 3594/3872/5058 3636/3914/5097
f 3651/3930/5118 3585/3863/5048 3579/3856/5041 3641/3919/5102
f 3580/3858/5011 3615/3893/5042 3653/3932/5119 3646/3925/5112
f 3630/3908/5088 3628/3906/5092 3682/3962/5120 3681/3961/5113
f 3628/3906/5092 3624/3902/5085 3669/3948/5111 3682/3962/5120
f 3654/3933/5078 3618/3896/5062 3632/3910/5079 3665/3944/5121
f 3626/3904/5089 3612/3890/5073 3655/3934/5109 3674/3953/5122
f 3656/3935/5123 3569/3846/4960 3437/3713/4901 3561/3838/5025
f 3627/3905/5020 3537/3814/4931 3634/3912/5029 3709/3989/5124
f 3615/3893/5042 3637/3915/5074 3657/3936/5125 3653/3932/5119
f 3658/3937/5126 3636/3914/5097 3609/3887/5039 3642/3920/5076
f 3638/3916/5099 3620/3898/5081 3649/3928/5117 3676/3955/5127
f 3600/3878/5064 3585/3863/5048 3651/3930/5118 3689/3969/5128
f 3640/3918/5077 3617/3895/5060 3660/3939/5116 3668/3947/5129
f 3661/3940/5130 3577/3854/5038 3523/3800/4990 3623/3901/5084
f 3586/3864/5049 3631/3909/5094 3662/3941/5105 3623/3901/5084
f 3605/3883/5067 3554/3831/5019 3644/3923/5107 3700/3980/5131
f 3657/3936/5125 3637/3915/5074 3663/3942/5098 3678/3958/5132
f 3665/3944/5121 3632/3910/5079 3633/3911/5095 3680/3960/5133
f 3557/3834/4993 3529/3806/4950 3666/3945/5108 3672/3951/5134
f 3662/3941/5105 3566/3843/5030 3601/3879/5065 3697/3977/5135
f 3667/3946/5136 3541/3818/5003 3544/3821/4949 3664/3943/5093
f 3633/3911/5095 3640/3918/5077 3668/3947/5129 3680/3960/5133
f 3670/3949/5103 3581/3859/5043 3578/3855/4994 3590/3868/5054
f 3671/3950/5137 3652/3931/5091 3650/3929/5090 3686/3966/5138
f 3587/3865/5023 3557/3834/4993 3672/3951/5134 3687/3967/5139
f 3641/3919/5102 3626/3904/5089 3674/3953/5122 3698/3978/5140
f 3655/3934/5109 3638/3916/5099 3676/3955/5127 3696/3976/5141
f 3677/3956/5142 3663/3942/5098 3652/3931/5091 3671/3950/5137
f 3595/3873/5026 3562/3839/4966 3670/3957/5103 3693/3973/5143
f 3679/3959/5144 3649/3928/5117 3636/3914/5097 3658/3937/5126
f 3621/3899/5061 3597/3875/5032 3683/3963/5145 3684/3964/5146
f 3639/3917/5082 3621/3899/5061 3684/3964/5146 3690/3970/5147
f 3642/3920/5076 3659/3938/5104 3685/3965/5148 3658/3937/5126
f 3673/3952/5110 3608/3886/5071 3647/3926/5115 3717/3997/5149
f 3603/3881/5050 3587/3865/5023 3687/3967/5139 3693/3973/5143
f 3688/3968/5150 3561/3838/5025 3478/3754/4944 3616/3894/5075
f 3622/3900/5083 3600/3878/5064 3689/3969/5128 3721/4001/5151
f 3648/3927/5101 3639/3917/5082 3690/3970/5147 3695/3975/5152
f 3654/3933/5078 3665/3944/5121 3692/3972/5153 3669/3948/5111
f 3676/3955/5127 3649/3928/5117 3679/3959/5144 3707/3987/5154
f 3590/3921/5054 3603/3881/5050 3693/3973/5143 3670/3957/5103
f 3611/3889/5059 3595/3873/5026 3693/3973/5143 3687/3967/5139
f 3597/3875/5032 3569/3846/4960 3694/3974/5155 3683/3963/5145
f 3686/3966/5138 3650/3929/5090 3673/3952/5110 3715/3995/5156
f 3660/3939/5116 3648/3927/5101 3695/3975/5152 3701/3981/5157
f 3678/3958/5132 3663/3942/5098 3677/3956/5142 3711/3991/5158
f 3629/3907/5072 3611/3889/5059 3687/3967/5139 3672/3951/5134
f 3623/3901/5084 3662/3941/5105 3697/3977/5135 3661/3940/5130
f 3674/3953/5122 3655/3934/5109 3696/3976/5141 3712/3992/5159
f 3651/3930/5118 3641/3919/5102 3698/3978/5140 3723/4003/5160
f 3685/3965/5148 3659/3938/5104 3681/3961/5113 3706/3986/5161
f 3647/3926/5115 3605/3883/5067 3700/3980/5131 3731/4011/5162
f 3697/3977/5135 3601/3879/5065 3635/3913/5096 3734/4014/5163
f 3668/3947/5129 3660/3939/5116 3701/3981/5157 3703/3983/5164
f 3665/3944/5121 3680/3960/5133 3702/3982/5165 3692/3972/5153
f 3664/3943/5093 3629/3907/5072 3672/3951/5134 3666/3945/5108
f 3680/3960/5133 3668/3947/5129 3703/3983/5164 3702/3982/5165
f 3704/3984/5166 3682/3962/5120 3669/3948/5111 3692/3972/5153
f 3705/3985/5167 3679/3959/5144 3658/3937/5126 3685/3965/5148
f 3671/3950/5137 3686/3966/5138 3746/4026/5168 3737/4017/5169
f 3706/3986/5161 3681/3961/5113 3682/3962/5120 3704/3984/5166
f 3708/3988/5170 3607/3885/5016 3551/3828/4954 3691/3971/5100
f 3696/3976/5141 3676/3955/5127 3707/3987/5154 3722/4002/5171
f 3677/3956/5142 3671/3950/5137 3737/4017/5169 3743/4023/5172
f 3710/3990/5173 3625/3903/5086 3524/3801/4991 3643/3922/5106
f 3699/3979/5114 3610/3888/5007 3675/3954/5087 3749/4029/5174
f 3716/3996/5175 3657/3936/5125 3678/3958/5132 3720/4000/5176
f 3528/3805/4992 3625/3903/5086 3713/3993/5177 3675/3954/5087
f 3707/3987/5154 3679/3959/5144 3705/3985/5167 3727/4007/5178
f 3577/3854/5038 3661/3940/5130 3714/3994/5179 3643/3922/5106
f 3698/3978/5140 3674/3953/5122 3712/3992/5159 3735/4015/5180
f 3653/3932/5119 3657/3936/5125 3716/3996/5175 3726/4006/5181
f 3685/3965/5148 3706/3986/5161 3718/3998/5182 3705/3985/5167
f 3692/3972/5153 3702/3982/5165 3719/3999/5183 3704/3984/5166
f 3644/3923/5107 3622/3900/5083 3721/4001/5151 3740/4020/5184
f 3711/3991/5158 3677/3956/5142 3743/4023/5172 3763/4043/5185
f 3718/3998/5182 3706/3986/5161 3704/3984/5166 3719/3999/5183
f 3724/4004/5186 3616/3894/5075 3541/3818/5003 3667/3946/5136
f 3686/3966/5138 3715/3995/5156 3761/4041/5187 3746/4026/5168
f 3689/3969/5128 3651/3930/5118 3723/4003/5160 3748/4028/5188
f 3702/3982/5165 3703/3983/5164 3725/4005/5189 3719/3999/5183
f 3646/3925/5112 3653/3932/5119 3726/4006/5181 3730/4010/5190
f 3691/3971/5100 3627/3905/5020 3709/3989/5124 3758/4038/5191
f 3712/3992/5159 3696/3976/5141 3722/4002/5171 3741/4021/5192
f 3703/3983/5164 3701/3981/5157 3728/4008/5193 3725/4005/5189
f 3709/3989/5124 3634/3912/5029 3699/3979/5114 3759/4039/5194
f 3701/3981/5157 3695/3975/5152 3729/4009/5195 3728/4008/5193
f 3727/4007/5178 3705/3985/5167 3718/3998/5182 3733/4013/5196
f 3635/3913/5096 3646/3925/5112 3730/4010/5190 3734/4014/5163
f 3694/3974/5155 3569/3846/4960 3656/3935/5123 3776/4056/5197
f 3722/4002/5171 3707/3987/5154 3727/4007/5178 3738/4018/5198
f 3720/4000/5176 3678/3958/5132 3711/3991/5158 3747/4027/5199
f 3695/3975/5152 3690/3970/5147 3732/4012/5200 3729/4009/5195
f 3733/4013/5196 3718/3998/5182 3719/3999/5183 3725/4005/5189
f 3715/3995/5156 3673/3952/5110 3717/3997/5149 3752/4032/5201
f 3736/4016/5202 3645/3924/5070 3607/3885/5016 3708/3988/5170
f 3661/3940/5130 3697/3977/5135 3734/4014/5163 3714/3994/5179
f 3690/3970/5147 3684/3964/5146 3739/4019/5203 3732/4012/5200
f 3700/3980/5131 3644/3923/5107 3740/4020/5184 3755/4035/5204
f 3738/4018/5198 3727/4007/5178 3733/4013/5196 3742/4022/5205
f 3742/4022/5205 3733/4013/5196 3725/4005/5189 3728/4008/5193
f 3723/4003/5160 3698/3978/5140 3735/4015/5180 3757/4037/5206
f 3664/3943/5093 3666/3945/5108 3744/4024/5207 3667/3946/5136
f 3741/4021/5192 3722/4002/5171 3738/4018/5198 3750/4030/5208
f 3735/4015/5180 3712/3992/5159 3741/4021/5192 3756/4036/5209
f 3728/4008/5193 3729/4009/5195 3745/4025/5210 3742/4022/5205
f 3744/4024/5207 3666/3945/5108 3645/3924/5070 3736/4016/5202
f 3747/4027/5199 3711/3991/5158 3763/4043/5185 3781/4061/5211
f 3750/4030/5208 3738/4018/5198 3742/4022/5205 3745/4025/5210
f 3684/3964/5146 3683/3963/5145 3751/4031/5212 3739/4019/5203
f 3761/4041/5187 3715/3995/5156 3752/4032/5201 3787/4067/5213
f 3772/4052/5214 3717/3997/5149 3647/3926/5115 3731/4011/5162
f 3721/4001/5151 3689/3969/5128 3748/4028/5188 3783/4063/5215
f 3729/4009/5195 3732/4012/5200 3753/4033/5216 3745/4025/5210
f 3754/4034/5217 3656/3935/5123 3561/3838/5025 3688/3968/5150
f 3731/4011/5162 3700/3980/5131 3755/4035/5204 3774/4054/5218
f 3766/4046/5219 3716/3996/5175 3720/4000/5176 3760/4040/5220
f 3756/4036/5209 3741/4021/5192 3750/4030/5208 3765/4045/5221
f 3643/3922/5106 3714/3994/5179 3762/4042/5222 3710/3990/5173
f 3751/4031/5212 3683/3963/5145 3694/3974/5155 3790/4070/5223
f 3114/3386/5040 3162/3436/4605 3326/3601/4761 3100/3372/4516
f 3764/4044/5224 3737/4017/5169 3746/4026/5168 3761/4041/5187
f 3765/4045/5221 3750/4030/5208 3745/4025/5210 3753/4033/5216
f 3748/4028/5188 3723/4003/5160 3757/4037/5206 3786/4066/5225
f 3760/4040/5220 3720/4000/5176 3747/4027/5199 3778/4058/5226
f 3726/4006/5181 3716/3996/5175 3766/4046/5219 3775/4055/5227
f 3757/4037/5206 3735/4015/5180 3756/4036/5209 3782/4062/5228
f 3625/3903/5086 3710/3990/5173 3767/4047/5229 3713/3993/5177
f 3759/4039/5194 3699/3979/5114 3749/4029/5174 3798/4078/5230
f 3732/4012/5200 3739/4019/5203 3768/4048/5231 3753/4033/5216
f 3769/4049/5232 3688/3968/5150 3616/3894/5075 3724/4004/5186
f 3770/4050/5233 3743/4023/5172 3737/4017/5169 3764/4044/5224
f 3675/3954/5087 3713/3993/5177 3771/4051/5234 3749/4029/5174
f 3773/4053/5235 3708/3988/5170 3691/3971/5100 3758/4038/5191
f 3730/4010/5190 3726/4006/5181 3775/4055/5227 3784/4064/5236
f 3777/4057/5237 3752/4032/5201 3717/3997/5149 3772/4052/5214
f 3763/4043/5185 3743/4023/5172 3770/4050/5233 3795/4075/5238
f 3667/3946/5136 3744/4024/5207 3779/4059/5239 3724/4004/5186
f 3714/3994/5179 3734/4014/5163 3780/4060/5240 3762/4042/5222
f 3782/4062/5228 3756/4036/5209 3765/4045/5221 3785/4065/5241
f 3734/4014/5163 3730/4010/5190 3784/4064/5236 3780/4060/5240
f 3785/4065/5241 3765/4045/5221 3753/4033/5216 3768/4048/5231
f 3709/3989/5124 3759/4039/5194 3788/4068/5242 3758/4038/5191
f 3740/4020/5184 3721/4001/5151 3789/4069/5243 3794/4074/5244
f 3739/4019/5203 3751/4031/5212 3793/4073/5245 3768/4048/5231
f 3747/4027/5199 3781/4061/5211 3805/4085/5246 3778/4058/5226
f 3755/4035/5204 3740/4020/5184 3794/4074/5244 3801/4081/5247
f 3787/4067/5213 3752/4032/5201 3777/4057/5237 3807/4087/5248
f 3781/4061/5211 3763/4043/5185 3795/4075/5238 3805/4085/5246
f 3796/4076/5249 3764/4044/5224 3761/4041/5187 3787/4067/5213
f 3797/4077/5250 3736/4016/5202 3708/3988/5170 3773/4053/5235
f 3779/4059/5239 3744/4024/5207 3736/4016/5202 3797/4077/5250
f 3786/4066/5225 3757/4037/5206 3782/4062/5228 3809/4089/5251
f 3811/4091/5252 3772/4052/5214 3731/4011/5162 3774/4054/5218
f 3776/4056/5197 3656/3935/5123 3754/4034/5217 3832/4112/5253
f 3783/4063/5215 3748/4028/5188 3786/4066/5225 3823/4103/5254
f 3808/4088/5255 3766/4046/5219 3760/4040/5220 3799/4079/5256
f 3790/4070/5223 3694/3974/5155 3776/4056/5197 3833/4113/5257
f 3803/4083/4630 3792/4072/4625 3221/3495/4679 3247/3521/4694
f 3774/4054/5218 3755/4035/5204 3801/4081/5247 3815/4095/5258
f 3802/4082/5259 3193/3467/4643 3183/3457/4632 3195/3469/4645
f 3754/4034/5217 3688/3968/5150 3769/4049/5232 3836/4116/5260
f 3799/4079/5256 3760/4040/5220 3778/4058/5226 3812/4092/5261
f 3789/4069/5243 3721/4001/5151 3783/4063/5215 3835/4115/5262
f 3710/3990/5173 3762/4042/5222 3804/4084/5263 3767/4047/5229
f 3806/4086/5264 3770/4050/5233 3764/4044/5224 3796/4076/5249
f 3229/3503/4678 3791/4071/4624 3800/4080/4639 3240/3514/4699
f 3775/4055/5227 3766/4046/5219 3808/4088/5255 3821/4101/5265
f 3793/4073/5245 3751/4031/5212 3790/4070/5223 3830/4110/5266
f 3809/4089/5251 3782/4062/5228 3785/4065/5241 3810/4090/5267
f 3810/4090/5267 3785/4065/5241 3768/4048/5231 3793/4073/5245
f 3795/4075/5238 3770/4050/5233 3806/4086/5264 3825/4105/5268
f 3713/3993/5177 3767/4047/5229 3813/4093/5269 3771/4051/5234
f 3814/4094/5270 3777/4057/5237 3772/4052/5214 3811/4091/5252
f 3796/4076/5249 3787/4067/5213 3807/4087/5248 3829/4109/5271
f 3724/4004/5186 3779/4059/5239 3817/4097/5272 3769/4049/5232
f 3818/4098/5273 3773/4053/5235 3758/4038/5191 3788/4068/5242
f 3820/4100/5274 3222/3496/4661 3193/3467/4643 3802/4082/5259
f 3784/4064/5236 3775/4055/5227 3821/4101/5265 3828/4108/5275
f 3749/4029/5174 3771/4051/5234 3822/4102/5276 3798/4078/5230
f 3778/4058/5226 3805/4085/5246 3834/4114/5277 3812/4092/5261
f 3231/3505/4668 3824/4104/5278 3802/4082/5259 3195/3469/4645
f 3240/3514/4699 3800/4080/4639 3816/4096/4660 3837/4117/4735
f 3805/4085/5246 3795/4075/5238 3825/4105/5268 3834/4114/5277
f 3762/4042/5222 3780/4060/5240 3826/4106/5279 3804/4084/5263
f 3759/4039/5194 3798/4078/5230 3827/4107/5280 3788/4068/5242
f 3819/4099/4663 3803/4083/4630 3247/3521/4694 3270/3544/4728
f 3807/4087/5248 3777/4057/5237 3814/4094/5270 3831/4111/5281
f 3823/4103/5254 3786/4066/5225 3809/4089/5251 3848/4128/5282
f 3780/4060/5240 3784/4064/5236 3828/4108/5275 3826/4106/5279
f 3846/4126/5283 3811/4091/5252 3774/4054/5218 3815/4095/5258
f 3806/4086/5264 3796/4076/5249 3829/4109/5271 3852/4132/5284
f 3808/4088/5255 3799/4079/5256 3847/4127/5285 3839/4119/5286
f 3817/4097/5272 3779/4059/5239 3797/4077/5250 3838/4118/5287
f 3838/4118/5287 3797/4077/5250 3773/4053/5235 3818/4098/5273
f 3810/4090/5267 3793/4073/5245 3830/4110/5266 3861/4141/5288
f 3824/4104/5278 3840/4120/5289 3820/4100/5274 3802/4082/5259
f 3801/4081/5247 3794/4074/5244 3841/4121/5290 3843/4123/5291
f 3815/4095/5258 3801/4081/5247 3843/4123/5291 3849/4129/5292
f 3799/4079/5256 3812/4092/5261 3844/4124/5293 3847/4127/5285
f 3835/4115/5262 3783/4063/5215 3823/4103/5254 3874/4154/5294
f 3829/4109/5271 3807/4087/5248 3831/4111/5281 3860/4140/5295
f 3837/4117/4735 3816/4096/4660 3842/4122/4698 3856/4136/4766
f 3306/3580/4769 3262/3536/4701 3222/3496/4661 3820/4100/5274
f 3848/4128/5282 3809/4089/5251 3810/4090/5267 3861/4141/5288
f 3845/4125/4706 3819/4099/4663 3270/3544/4728 3859/4139/4764
f 3767/4047/5229 3804/4084/5263 3850/4130/5296 3813/4093/5269
f 3851/4131/5297 3814/4094/5270 3811/4091/5252 3846/4126/5283
f 3794/4074/5244 3789/4069/5243 3853/4133/5298 3841/4121/5290
f 3844/4124/5293 3812/4092/5261 3834/4114/5277 3858/4138/5299
f 3854/4134/5300 3825/4105/5268 3806/4086/5264 3852/4132/5284
f 3830/4110/5266 3790/4070/5223 3833/4113/5257 3887/4167/5301
f 3855/4135/5302 3821/4101/5265 3808/4088/5255 3839/4119/5286
f 3836/4116/5260 3769/4049/5232 3817/4097/5272 3883/4163/5303
f 3833/4113/5257 3776/4056/5197 3832/4112/5253 3893/4173/5304
f 3832/4112/5253 3754/4034/5217 3836/4116/5260 3891/4171/5305
f 3282/3556/4725 3857/4137/5306 3824/4104/5278 3231/3505/4668
f 3858/4138/5299 3834/4114/5277 3825/4105/5268 3854/4134/5300
f 3831/4111/5281 3814/4094/5270 3851/4131/5297 3860/4140/5295
f 3870/4150/5307 3846/4126/5283 3815/4095/5258 3849/4129/5292
f 3862/4142/5308 3818/4098/5273 3788/4068/5242 3827/4107/5280
f 3828/4108/5275 3821/4101/5265 3855/4135/5302 3873/4153/5309
f 3771/4051/5234 3813/4093/5269 3863/4143/5310 3822/4102/5276
f 3852/4132/5284 3829/4109/5271 3860/4140/5295 3878/4158/5311
f 3839/4119/5286 3847/4127/5285 3875/4155/5312 3865/4145/5313
f 3853/4133/5298 3789/4069/5243 3835/4115/5262 3894/4174/5314
f 3840/4120/5289 3329/3604/4795 3306/3580/4769 3820/4100/5274
f 3798/4078/5230 3822/4102/5276 3864/4144/5315 3827/4107/5280
f 3856/4136/4766 3842/4122/4698 3866/4146/4746 3872/4152/4782
f 3857/4137/5306 3867/4147/5316 3840/4120/5289 3824/4104/5278
f 3868/4148/5317 3849/4129/5292 3843/4123/5291 3879/4159/5318
f 3804/4084/5263 3826/4106/5279 3869/4149/5319 3850/4130/5296
f 3870/4150/5307 3849/4129/5292 3868/4148/5317 3885/4165/5320
f 3847/4127/5285 3844/4124/5293 3871/4151/5321 3875/4155/5312
f 3826/4106/5279 3828/4108/5275 3873/4153/5309 3869/4149/5319
f 3876/4156/4757 3845/4125/4706 3859/4139/4764 3880/4160/4786
f 3877/4157/5322 3851/4131/5297 3846/4126/5283 3870/4150/5307
f 3879/4159/5318 3843/4123/5291 3841/4121/5290 3890/4170/5323
f 3871/4151/5321 3844/4124/5293 3858/4138/5299 3882/4162/5324
f 3881/4161/5325 3854/4134/5300 3852/4132/5284 3878/4158/5311
f 3882/4162/5324 3858/4138/5299 3854/4134/5300 3881/4161/5325
f 3883/4163/5303 3817/4097/5272 3838/4118/5287 3886/4166/5326
f 3884/4164/5327 3855/4135/5302 3839/4119/5286 3865/4145/5313
f 3868/4148/5317 3865/4145/5313 3875/4155/5312 3885/4165/5320
f 3886/4166/5326 3838/4118/5287 3818/4098/5273 3862/4142/5308
f 3860/4140/5295 3851/4131/5297 3877/4157/5322 3878/4158/5311
f 3823/4103/5254 3848/4128/5282 3888/4168/5328 3874/4154/5294
f 3865/4145/5313 3868/4148/5317 3879/4159/5318 3884/4164/5327
f 3861/4141/5288 3830/4110/5266 3887/4167/5301 3897/4177/5329
f 3877/4157/5322 3870/4150/5307 3885/4165/5320 3889/4169/5330
f 3872/4152/4782 3866/4146/4746 3892/4172/4793 3352/3627/4810
f 3889/4169/5330 3885/4165/5320 3875/4155/5312 3871/4151/5321
f 3890/4170/5323 3841/4121/5290 3853/4133/5298 3903/4183/5331
f 3873/4153/5309 3855/4135/5302 3884/4164/5327 3900/4180/5332
f 3867/4147/5316 3372/3647/4840 3329/3604/4795 3840/4120/5289
f 3881/4161/5325 3878/4158/5311 3877/4157/5322 3889/4169/5330
f 3881/4161/5325 3889/4169/5330 3871/4151/5321 3882/4162/5324
f 3876/4156/4757 3880/4160/4786 3359/3634/4814 3898/4178/4806
f 3813/4093/5269 3850/4130/5296 3895/4175/5333 3863/4143/5310
f 3323/3598/4787 3896/4176/5334 3857/4137/5306 3282/3556/4725
f 3848/4128/5282 3861/4141/5288 3897/4177/5329 3888/4168/5328
f 3894/4174/5314 3835/4115/5262 3874/4154/5294 3910/4190/5335
f 3884/4164/5327 3879/4159/5318 3890/4170/5323 3900/4180/5332
f 3891/4171/5305 3836/4116/5260 3883/4163/5303 3908/4188/5336
f 3899/4179/5337 3862/4142/5308 3827/4107/5280 3864/4144/5315
f 3380/3655/4844 3334/3609/4799 3291/3565/4753 3305/3579/4770
f 3369/3644/4830 3352/3627/4810 3892/4172/4793 3906/4186/4834
f 3887/4167/5301 3833/4113/5257 3893/4173/5304 3911/4191/5338
f 3822/4102/5276 3863/4143/5310 3901/4181/5339 3864/4144/5315
f 3896/4176/5334 3902/4182/5340 3867/4147/5316 3857/4137/5306
f 3869/4149/5319 3873/4153/5309 3900/4180/5332 3904/4184/5341
f 3898/4178/4806 3359/3634/4814 3358/3633/4826 3905/4185/4851
f 3893/4173/5304 3832/4112/5253 3891/4171/5305 3915/4195/5342
f 3850/4130/5296 3869/4149/5319 3904/4184/5341 3895/4175/5333
f 3905/4185/4851 3358/3633/4826 3369/3644/4830 3906/4186/4834
f 3900/4180/5332 3890/4170/5323 3903/4183/5331 3904/4184/5341
f 3907/4187/5343 3886/4166/5326 3862/4142/5308 3899/4179/5337
f 3902/4182/5340 3421/3697/4883 3372/3647/4840 3867/4147/5316
f 3908/4188/5336 3883/4163/5303 3886/4166/5326 3907/4187/5343
f 3853/4133/5298 3894/4174/5314 3909/4189/5344 3903/4183/5331
f 3874/4154/5294 3888/4168/5328 3912/4192/5345 3910/4190/5335
f 3897/4177/5329 3887/4167/5301 3911/4191/5338 3918/4198/5346
f 3863/4143/5310 3895/4175/5333 3913/4193/5347 3901/4181/5339
f 3396/3672/4866 3914/4194/5348 3896/4176/5334 3323/3598/4787
f 3916/4196/5349 3899/4179/5337 3864/4144/5315 3901/4181/5339
f 3914/4194/5348 3917/4197/5350 3902/4182/5340 3896/4176/5334
f 3888/4168/5328 3897/4177/5329 3918/4198/5346 3912/4192/5345
f 3915/4195/5342 3891/4171/5305 3908/4188/5336 3922/4202/5351
f 3911/4191/5338 3893/4173/5304 3915/4195/5342 3924/4204/5352
f 3919/4199/5353 3904/4184/5341 3903/4183/5331 3909/4189/5344
f 3895/4175/5333 3904/4184/5341 3919/4199/5353 3913/4193/5347
f 3894/4174/5314 3910/4190/5335 3920/4200/5354 3909/4189/5344
f 3917/4197/5350 3461/3737/4921 3421/3697/4883 3902/4182/5340
f 3921/4201/5355 3907/4187/5343 3899/4179/5337 3916/4196/5349
f 3922/4202/5351 3908/4188/5336 3907/4187/5343 3921/4201/5355
f 3497/3773/4961 3496/3772/4877 3353/3628/4800 3367/3642/4837
f 3901/4181/5339 3913/4193/5347 3923/4203/5356 3916/4196/5349
f 3466/3742/4898 3497/3773/4961 3367/3642/4837 3376/3651/4832
f 3910/4190/5335 3912/4192/5345 3925/4205/5357 3920/4200/5354
f 3918/4198/5346 3911/4191/5338 3924/4204/5352 3927/4207/5358
f 3459/3735/4924 3499/3775/4964 3914/4194/5348 3396/3672/4866
f 3499/3775/4964 3502/3778/4968 3917/4197/5350 3914/4194/5348
f 3926/4206/5359 3919/4199/5353 3909/4189/5344 3920/4200/5354
f 3924/4204/5352 3915/4195/5342 3922/4202/5351 3929/4209/5360
f 3912/4192/5345 3918/4198/5346 3927/4207/5358 3925/4205/5357
f 3913/4193/5347 3919/4199/5353 3926/4206/5359 3923/4203/5356
f 3502/3778/4968 3495/3771/4957 3461/3737/4921 3917/4197/5350
f 3928/4208/5361 3921/4201/5355 3916/4196/5349 3923/4203/5356
f 3929/4209/5360 3922/4202/5351 3921/4201/5355 3928/4208/5361
f 3920/4200/5354 3925/4205/5357 3930/4210/5362 3926/4206/5359
f 3927/4207/5358 3924/4204/5352 3929/4209/5360 3931/4211/5363
f 3925/4205/5357 3927/4207/5358 3931/4211/5363 3930/4210/5362
f 3923/4203/5356 3926/4206/5359 3930/4210/5362 3928/4208/5361
f 3931/4211/5363 3929/4209/5360 3928/4208/5361 3930/4210/5362
f 3507/3783/4972 3527/3804/4962 3497/3773/4961 3466/3742/4898
s 26
f 850/971/5364 851/972/2072 3934/4213/2058 3933/4212/2057
f 851/972/2072 868/991/2071 3935/4214/2059 3934/4213/2058
f 873/996/2169 850/971/5365 3933/4212/2057 3936/4215/2080
f 943/1076/2170 873/996/2169 3936/4215/2080 3937/4216/2081
f 868/991/2071 963/1096/2150 3938/4217/2196 3935/4214/2059
f 963/1096/2150 1019/1155/5366 3939/4218/2197 3938/4217/2196
f 1025/1161/2260 943/1076/2170 3937/4216/2081 3940/4219/2261
f 1019/1155/5367 1025/1161/2260 3940/4219/2261 3939/4218/2197
s 1
f 1069/1211/2314 889/1015/2045 3942/4221/5368 3941/4220/5369
f 889/1015/2045 964/1097/2145 3943/4222/5370 3942/4221/5368
f 1101/1249/2340 1022/1158/2230 3945/4224/5371 3944/4223/5372
f 1022/1158/2230 1069/1211/2314 3941/4220/5369 3945/4224/5371
f 964/1097/2145 1034/1171/5373 3946/4225/5374 3943/4222/5370
f 1176/1329/5375 1101/1249/2340 3944/4223/5372 3947/4226/5376
f 1034/1171/5373 1088/1236/5377 3949/4227/5378 3946/4225/5374
f 1088/1236/5377 1914/2099/5379 3948/4228/5380 3949/4227/5378
f 1914/2099/5379 1281/1444/5381 3950/4229/5382 3948/4228/5380
f 1281/1444/5381 1176/1329/5375 3947/4226/5376 3950/4229/5382
s 57
f 3941/4220/5383 3942/4221/5384 3953/4231/5385 3952/4230/5386
s 58
f 3942/4221/5387 3943/4222/5388 3954/4232/5389 3953/4231/5390
s 59
f 3944/4223/5391 3945/4224/5392 3956/4234/5393 3955/4233/5394
s 57
f 3945/4224/5395 3941/4220/5383 3952/4230/5386 3956/4234/5396
s 58
f 3943/4222/5388 3946/4225/5397 3958/4235/5398 3954/4232/5389
s 59
f 3947/4226/5399 3944/4223/5391 3955/4233/5394 3959/4236/5400
s 58
f 3946/4225/5397 3949/4227/5401 3961/4237/5402 3958/4235/5398
s 60
f 3949/4227/5403 3948/4228/5404 3960/4238/5405 3961/4237/5406
f 3948/4228/5404 3950/4229/5407 3962/4239/5408 3960/4238/5405
s 59
f 3950/4229/5409 3947/4226/5399 3959/4236/5400 3962/4239/5410
s 61
f 1567/1744/5411 1572/1750/5412 3966/4241/5413 3965/4240/5414
s 62
f 1628/1808/5415 1627/1806/5416 3968/4243/5417 3967/4242/5418
s 63
f 1653/1833/5419 1628/1808/5420 3967/4242/5421 3970/4244/5422
f 1795/1980/5423 1794/1979/5424 3976/4246/5425 3975/4245/5426
s 65
f 1806/1991/5427 1795/1980/5428 3975/4245/5429 3977/4247/5430
s 62
f 1467/1642/5431 1476/1651/5432 3978/4249/5433 3979/4248/5434
s 61
f 1476/1651/5435 1567/1744/5411 3965/4240/5414 3978/4249/5436
s 62
f 1498/1673/5437 1467/1642/5431 3979/4248/5434 3980/4250/5438
f 1627/1806/5416 1498/1673/5437 3980/4250/5438 3968/4243/5417
s 61
f 1572/1750/5412 2466/2665/5439 3982/4251/5440 3966/4241/5413
f 2466/2665/5439 2467/2670/5441 3984/4252/5442 3982/4251/5440
s 65
f 2467/2670/5443 2469/2672/5444 3985/4253/5445 3984/4252/5446
s 63
f 2470/2673/5447 1653/1833/5419 3970/4244/5422 3986/4254/5448
s 65
f 2469/2672/5444 2473/2676/5449 3987/4255/5450 3985/4253/5445
s 63
f 1794/1979/5424 2470/2673/5447 3986/4254/5448 3976/4246/5425
s 65
f 2473/2676/5449 1806/1991/5427 3977/4247/5430 3987/4255/5450
s 68
f 513/621/5451 512/620/5452 3988/4257/5453 3989/4256/5454
s 69
f 2527/2773/5455 513/621/5456 3989/4256/5457 3991/4258/5458
s 68
f 512/620/5452 2533/2779/5459 3992/4259/5460 3988/4257/5453
s 69
f 2657/2906/5461 2527/2773/5455 3991/4258/5458 3996/4260/5462
s 68
f 2533/2779/5459 2633/2881/5463 3997/4261/5464 3992/4259/5460
s 69
f 2779/3038/5465 2778/3036/5466 4000/4263/5467 3999/4262/5468
s 70
f 2811/3071/5469 2779/3038/5470 3999/4262/5471 4002/4264/5472
s 68
f 2633/2881/5463 2763/3018/5473 4003/4265/5474 3997/4261/5464
s 71
f 2763/3018/5475 2822/3083/5476 4004/4266/5477 4003/4265/5478
f 2829/3090/5479 2830/3091/5480 4007/4268/5481 4006/4267/5482
s 69
f 2778/3036/5466 2657/2906/5461 3996/4260/5462 4000/4263/5467
s 71
f 2822/3083/5476 2829/3090/5479 4006/4267/5482 4004/4266/5477
s 70
f 2932/3199/5483 2811/3071/5469 4002/4264/5472 4010/4269/5484
f 2930/3197/5485 2932/3199/5483 4010/4269/5484 4011/4270/5486
s 71
f 2830/3091/5480 2954/3223/5487 4012/4271/5488 4007/4268/5481
s 70
f 2954/3223/5489 2930/3197/5485 4011/4270/5486 4012/4271/5490
s off
f 619/730/5491 677/790/5492 4013/4273/5493 4014/4272/5494
s 73
f 677/790/5495 2539/2785/5496 4015/4274/5497 4013/4273/5498
s 74
f 2875/3140/5499 620/731/5500 4017/4276/5501 4016/4275/5502
s off
f 4081/4330/5503 4080/4331/5504 4082/4332/5505 4083/4333/5506
s 73
f 2539/2785/5496 2803/3063/5507 4018/4277/5508 4015/4274/5497
s 75
f 2803/3063/5509 3114/3386/5510 4019/4278/5511 4018/4277/5512
f 3114/3386/5510 3100/3372/5513 4020/4279/5514 4019/4278/5511
s 74
f 3100/3372/5515 2875/3140/5499 4016/4275/5502 4020/4279/5516
s off
f 4014/4272/5517 4013/4273/5518 4021/4281/5519 4022/4280/5520
f 4013/4273/5521 4015/4274/5522 4023/4282/5523 4021/4281/5524
f 4016/4275/5525 4017/4276/5526 4025/4284/5527 4024/4283/5528
f 4017/4276/5529 4014/4272/5530 4022/4280/5531 4025/4284/5532
f 4015/4274/5533 4018/4277/5534 4026/4285/5535 4023/4282/5536
f 4018/4277/5537 4019/4278/5538 4027/4286/5539 4026/4285/5540
f 4019/4278/5541 4020/4279/5542 4028/4287/5543 4027/4286/5544
f 4020/4279/5545 4016/4275/5546 4024/4283/5547 4028/4287/5548
s 76
f 4022/4280/5549 4021/4281/5550 4029/4289/5551 4030/4288/5552
s 77
f 4021/4281/5553 4023/4282/5554 4031/4290/5555 4029/4289/5556
s 78
f 4024/4283/5557 4025/4284/5558 4034/4292/5559 4033/4291/5560
s 76
f 4025/4284/5561 4022/4280/5549 4030/4288/5552 4034/4292/5562
s 77
f 4023/4282/5554 4026/4285/5563 4035/4293/5564 4031/4290/5555
s 79
f 4026/4285/5565 4027/4286/5566 4036/4294/5567 4035/4293/5568
f 4027/4286/5566 4028/4287/5569 4037/4295/5570 4036/4294/5567
s 78
f 4028/4287/5571 4024/4283/5557 4033/4291/5560 4037/4295/5572
s 80
f 4030/4288/5573 4029/4289/5574 4038/4297/5575 4039/4296/5576
s 77
f 4029/4289/5556 4031/4290/5555 4040/4298/5577 4038/4297/5578
s 81
f 4031/4290/5579 4032/2952/5580 4041/4299/5581 4040/4298/5582
f 4032/2952/5580 4033/4291/5583 4042/4300/5584 4041/4299/5581
s 78
f 4033/4291/5560 4034/4292/5559 4043/4301/5585 4042/4300/5586
s 80
f 4034/4292/5587 4030/4288/5573 4039/4296/5576 4043/4301/5588
s off
f 964/1097/5589 914/1043/5590 4044/4303/5591 4045/4302/5592
f 914/1043/5593 975/1109/5594 4046/4304/5595 4044/4303/5596
f 1034/1171/5597 964/1097/5598 4045/4302/5599 4047/4305/5600
f 1032/1169/5601 969/1102/5602 4048/4307/5603 4049/4306/5604
f 969/1102/5605 989/1123/5606 4050/4308/5607 4048/4307/5608
f 975/1109/5609 1032/1169/5610 4049/4306/5611 4046/4304/5612
f 1088/1236/5613 1034/1171/5614 4047/4305/5615 4052/4309/5616
f 989/1123/5617 991/1125/5618 4053/4310/5619 4050/4308/5620
f 991/1125/5621 1061/1201/5622 4054/4311/5623 4053/4310/5624
f 1061/1201/5625 1068/1209/5626 4057/4312/5627 4054/4311/5628
f 1068/1209/5629 1089/1237/5630 4058/4313/5631 4057/4312/5632
f 1167/1320/5633 1092/1240/5634 4060/4315/5635 4059/4314/5636
f 1092/1240/5637 1101/1249/5638 4061/4316/5639 4060/4315/5640
f 1101/1249/5641 1176/1329/5642 4062/4317/5643 4061/4316/5644
f 1176/1329/5645 1281/1444/5646 4063/4318/5647 4062/4317/5648
f 1282/1445/5649 1167/1320/5650 4059/4314/5651 4064/4319/5652
f 1328/1497/5653 1374/1547/5654 4068/4321/5655 4067/4320/5656
f 1456/1631/5657 1370/1542/5658 4070/4323/5659 4069/4322/5660
f 1370/1542/5661 1282/1445/5662 4064/4319/5663 4070/4323/5664
f 1374/1547/5665 1470/1645/5666 4071/4324/5667 4068/4321/5668
f 1470/1645/5669 1456/1631/5670 4069/4322/5671 4071/4324/5672
f 1089/1237/5673 1066/1207/5674 4074/4325/5675 4058/4313/5676
f 1066/1207/5677 1699/1879/5678 4072/4326/5679 4074/4325/5680
f 1914/2099/5681 1088/1236/5682 4052/4309/5683 4076/4327/5684
f 1699/1879/5685 1159/1312/5686 4078/4328/5687 4072/4326/5688
f 1159/1312/5689 1242/1400/5690 4079/4329/5691 4078/4328/5692
f 1281/1444/5693 1914/2099/5694 4076/4327/5695 4063/4318/5696
f 1242/1400/5697 1328/1497/5698 4067/4320/5699 4079/4329/5700
f 620/731/5701 619/730/5702 4080/4331/5703 4081/4330/5704
f 619/730/5705 4014/4272/5706 4082/4332/5707 4080/4331/5708
f 4014/4272/5709 4017/4276/5710 4083/4333/5711 4082/4332/5712
f 4017/4276/5713 620/731/5714 4081/4330/5715 4083/4333/5716
