# author: headus 3D tools
#  using: ply2obj v1.8
#   from: uvlayout v2.09.04
mtllib SpaceShip5.mtl
# 1322 vertices
v -28.598000 1.269000 -3.328000
v -28.621486 1.315097 -3.328000
v -28.658075 1.351683 -3.328000
v -28.704172 1.375171 -3.328000
v -28.755274 1.383265 -3.328000
v -28.806375 1.375171 -3.328000
v -28.852476 1.351682 -3.328000
v -28.889059 1.315097 -3.328000
v -28.912550 1.269000 -3.328000
v -28.920643 1.217899 -3.328000
v -28.912550 1.166798 -3.328000
v -28.889059 1.120698 -3.328000
v -28.852476 1.084113 -3.328000
v -28.806375 1.060625 -3.328000
v -28.755274 1.052531 -3.328000
v -28.704172 1.060625 -3.328000
v -28.658075 1.084113 -3.328000
v -28.621486 1.120698 -3.328000
v -28.598000 1.166798 -3.328000
v -28.589908 1.217899 -3.328000
v -28.599287 1.268583 -0.059571
v -28.622583 1.314302 -0.059571
v -28.658871 1.350586 -0.059571
v -28.704592 1.373882 -0.059571
v -28.755274 1.381909 -0.059571
v -28.805958 1.373882 -0.059571
v -28.851676 1.350586 -0.059571
v -28.887961 1.314301 -0.059571
v -28.911261 1.268583 -0.059571
v -28.919287 1.217899 -0.059571
v -28.911261 1.167216 -0.059571
v -28.887961 1.121494 -0.059571
v -28.851676 1.085209 -0.059571
v -28.805958 1.061914 -0.059571
v -28.755274 1.053886 -0.059571
v -28.704592 1.061914 -0.059571
v -28.658871 1.085209 -0.059571
v -28.622585 1.121494 -0.059571
v -28.599287 1.167216 -0.059571
v -28.591262 1.217899 -0.059571
v -28.755274 1.217899 -3.328000
v -28.755274 1.217899 -0.059571
v -28.428788 1.323979 -0.386415
v -28.411988 1.217899 -0.386415
v -28.428788 1.111817 -0.386415
v -28.477551 1.016119 -0.386415
v -28.553494 0.940174 -0.386415
v -28.649191 0.891412 -0.386415
v -28.755274 0.874612 -0.386415
v -28.861357 0.891412 -0.386415
v -28.957051 0.940174 -0.386415
v -29.032998 1.016119 -0.386415
v -29.081758 1.111817 -0.386415
v -29.098560 1.217899 -0.386415
v -29.081758 1.323979 -0.386415
v -29.032998 1.419676 -0.386415
v -28.957051 1.495624 -0.386415
v -28.861357 1.544383 -0.386415
v -28.755274 1.561185 -0.386415
v -28.649191 1.544383 -0.386415
v -28.553494 1.495624 -0.386415
v -28.477551 1.419676 -0.386415
v -28.428788 1.323979 -3.033842
v -28.411988 1.217899 -3.033842
v -28.428788 1.111817 -3.033842
v -28.477551 1.016119 -3.033842
v -28.553494 0.940174 -3.033842
v -28.649191 0.891412 -3.033842
v -28.755274 0.874612 -3.033842
v -28.861357 0.891412 -3.033842
v -28.957051 0.940174 -3.033842
v -29.032998 1.016119 -3.033842
v -29.081758 1.111817 -3.033842
v -29.098560 1.217899 -3.033842
v -29.081758 1.323979 -3.033842
v -29.032998 1.419676 -3.033842
v -28.957051 1.495624 -3.033842
v -28.861357 1.544383 -3.033842
v -28.755274 1.561185 -3.033842
v -28.649191 1.544383 -3.033842
v -28.553494 1.495624 -3.033842
v -28.477551 1.419676 -3.033842
v -28.428788 1.323979 -0.499880
v -28.411988 1.217899 -0.499880
v -28.428788 1.111817 -0.499880
v -28.477551 1.016119 -0.499880
v -28.553494 0.940174 -0.499880
v -28.649191 0.891412 -0.499880
v -28.755274 0.874612 -0.499880
v -28.861357 0.891412 -0.499880
v -28.957051 0.940174 -0.499880
v -29.032998 1.016119 -0.499880
v -29.081758 1.111817 -0.499880
v -29.098560 1.217899 -0.499880
v -29.081758 1.323979 -0.499880
v -29.032998 1.419676 -0.499880
v -28.957051 1.495624 -0.499880
v -28.861357 1.544383 -0.499880
v -28.755274 1.561185 -0.499880
v -28.649191 1.544383 -0.499880
v -28.553494 1.495624 -0.499880
v -28.477551 1.419676 -0.499880
v -28.428788 1.323979 -2.926113
v -28.411988 1.217899 -2.926113
v -28.428788 1.111817 -2.926113
v -28.477551 1.016119 -2.926113
v -28.553494 0.940174 -2.926113
v -28.649191 0.891412 -2.926113
v -28.755274 0.874612 -2.926113
v -28.861357 0.891412 -2.926113
v -28.957051 0.940174 -2.926113
v -29.032998 1.016119 -2.926113
v -29.081758 1.111817 -2.926113
v -29.098560 1.217899 -2.926113
v -29.081758 1.323979 -2.926113
v -29.032998 1.419676 -2.926113
v -28.957051 1.495624 -2.926113
v -28.861357 1.544383 -2.926113
v -28.755274 1.561185 -2.926113
v -28.649191 1.544383 -2.926113
v -28.553494 1.495624 -2.926113
v -28.477551 1.419676 -2.926113
v -29.039363 1.125593 -2.926113
v -29.053982 1.217899 -2.926113
v -29.039363 1.125593 -0.499880
v -29.053982 1.217899 -0.499880
v -29.039363 1.310204 -2.926113
v -29.039363 1.310204 -0.499880
v -28.996935 1.393475 -2.926113
v -28.996935 1.393475 -0.499880
v -28.930850 1.459558 -2.926113
v -28.930850 1.459558 -0.499880
v -28.847579 1.501986 -2.926113
v -28.847579 1.501986 -0.499880
v -28.755274 1.516605 -2.926113
v -28.755274 1.516605 -0.499880
v -28.662966 1.501986 -2.926113
v -28.662966 1.501986 -0.499880
v -28.579697 1.459558 -2.926113
v -28.579697 1.459558 -0.499880
v -28.513615 1.393475 -2.926113
v -28.513615 1.393475 -0.499880
v -28.471187 1.310204 -2.926113
v -28.471187 1.310204 -0.499880
v -28.456565 1.217899 -2.926113
v -28.456565 1.217899 -0.499880
v -28.471187 1.125591 -2.926113
v -28.471187 1.125591 -0.499880
v -28.513615 1.042322 -2.926113
v -28.513615 1.042322 -0.499880
v -28.579697 0.976237 -2.926113
v -28.579697 0.976237 -0.499880
v -28.662966 0.933809 -2.926113
v -28.662966 0.933809 -0.499880
v -28.755274 0.919190 -2.926113
v -28.755274 0.919190 -0.499880
v -28.847579 0.933808 -2.926113
v -28.847579 0.933808 -0.499880
v -28.930850 0.976237 -2.926113
v -28.930850 0.976237 -0.499880
v -28.996935 1.042322 -2.926113
v -28.996935 1.042322 -0.499880
v -53.769008 1.269000 -3.328000
v -53.745520 1.315097 -3.328000
v -53.708934 1.351683 -3.328000
v -53.662834 1.375171 -3.328000
v -53.611736 1.383265 -3.328000
v -53.560634 1.375171 -3.328000
v -53.514534 1.351682 -3.328000
v -53.477952 1.315097 -3.328000
v -53.454458 1.269000 -3.328000
v -53.446368 1.217899 -3.328000
v -53.454458 1.166798 -3.328000
v -53.477952 1.120698 -3.328000
v -53.514534 1.084113 -3.328000
v -53.560634 1.060625 -3.328000
v -53.611736 1.052531 -3.328000
v -53.662834 1.060625 -3.328000
v -53.708934 1.084113 -3.328000
v -53.745520 1.120698 -3.328000
v -53.769008 1.166798 -3.328000
v -53.777102 1.217899 -3.328000
v -53.767720 1.268583 -0.059571
v -53.744424 1.314302 -0.059571
v -53.708138 1.350586 -0.059571
v -53.662412 1.373882 -0.059571
v -53.611736 1.381909 -0.059571
v -53.561052 1.373882 -0.059571
v -53.515328 1.350586 -0.059571
v -53.479048 1.314301 -0.059571
v -53.455752 1.268583 -0.059571
v -53.447724 1.217899 -0.059571
v -53.455752 1.167216 -0.059571
v -53.479048 1.121494 -0.059571
v -53.515328 1.085209 -0.059571
v -53.561052 1.061914 -0.059571
v -53.611736 1.053886 -0.059571
v -53.662412 1.061914 -0.059571
v -53.708138 1.085209 -0.059571
v -53.744424 1.121494 -0.059571
v -53.767720 1.167216 -0.059571
v -53.775746 1.217899 -0.059571
v -53.611736 1.217899 -3.328000
v -53.611736 1.217899 -0.059571
v -53.938220 1.323979 -0.386415
v -53.955022 1.217899 -0.386415
v -53.938220 1.111817 -0.386415
v -53.889458 1.016119 -0.386415
v -53.813514 0.940174 -0.386415
v -53.717816 0.891412 -0.386415
v -53.611736 0.874612 -0.386415
v -53.505654 0.891412 -0.386415
v -53.409958 0.940174 -0.386415
v -53.334012 1.016119 -0.386415
v -53.285252 1.111817 -0.386415
v -53.268450 1.217899 -0.386415
v -53.285252 1.323979 -0.386415
v -53.334012 1.419676 -0.386415
v -53.409958 1.495624 -0.386415
v -53.505654 1.544383 -0.386415
v -53.611736 1.561185 -0.386415
v -53.717816 1.544383 -0.386415
v -53.813514 1.495624 -0.386415
v -53.889458 1.419676 -0.386415
v -53.938220 1.323979 -3.033842
v -53.955022 1.217899 -3.033842
v -53.938220 1.111817 -3.033842
v -53.889458 1.016119 -3.033842
v -53.813514 0.940174 -3.033842
v -53.717816 0.891412 -3.033842
v -53.611736 0.874612 -3.033842
v -53.505654 0.891412 -3.033842
v -53.409958 0.940174 -3.033842
v -53.334012 1.016119 -3.033842
v -53.285252 1.111817 -3.033842
v -53.268450 1.217899 -3.033842
v -53.285252 1.323979 -3.033842
v -53.334012 1.419676 -3.033842
v -53.409958 1.495624 -3.033842
v -53.505654 1.544383 -3.033842
v -53.611736 1.561185 -3.033842
v -53.717816 1.544383 -3.033842
v -53.813514 1.495624 -3.033842
v -53.889458 1.419676 -3.033842
v -53.938220 1.323979 -0.499880
v -53.955022 1.217899 -0.499880
v -53.938220 1.111817 -0.499880
v -53.889458 1.016119 -0.499880
v -53.813514 0.940174 -0.499880
v -53.717816 0.891412 -0.499880
v -53.611736 0.874612 -0.499880
v -53.505654 0.891412 -0.499880
v -53.409958 0.940174 -0.499880
v -53.334012 1.016119 -0.499880
v -53.285252 1.111817 -0.499880
v -53.268450 1.217899 -0.499880
v -53.285252 1.323979 -0.499880
v -53.334012 1.419676 -0.499880
v -53.409958 1.495624 -0.499880
v -53.505654 1.544383 -0.499880
v -53.611736 1.561185 -0.499880
v -53.717816 1.544383 -0.499880
v -53.813514 1.495624 -0.499880
v -53.889458 1.419676 -0.499880
v -53.938220 1.323979 -2.926113
v -53.955022 1.217899 -2.926113
v -53.938220 1.111817 -2.926113
v -53.889458 1.016119 -2.926113
v -53.813514 0.940174 -2.926113
v -53.717816 0.891412 -2.926113
v -53.611736 0.874612 -2.926113
v -53.505654 0.891412 -2.926113
v -53.409958 0.940174 -2.926113
v -53.334012 1.016119 -2.926113
v -53.285252 1.111817 -2.926113
v -53.268450 1.217899 -2.926113
v -53.285252 1.323979 -2.926113
v -53.334012 1.419676 -2.926113
v -53.409958 1.495624 -2.926113
v -53.505654 1.544383 -2.926113
v -53.611736 1.561185 -2.926113
v -53.717816 1.544383 -2.926113
v -53.813514 1.495624 -2.926113
v -53.889458 1.419676 -2.926113
v -53.327642 1.125593 -2.926113
v -53.313028 1.217899 -2.926113
v -53.327642 1.125593 -0.499880
v -53.313028 1.217899 -0.499880
v -53.327642 1.310204 -2.926113
v -53.327642 1.310204 -0.499880
v -53.370074 1.393475 -2.926113
v -53.370074 1.393475 -0.499880
v -53.436158 1.459558 -2.926113
v -53.436158 1.459558 -0.499880
v -53.519434 1.501986 -2.926113
v -53.519434 1.501986 -0.499880
v -53.611736 1.516605 -2.926113
v -53.611736 1.516605 -0.499880
v -53.704042 1.501986 -2.926113
v -53.704042 1.501986 -0.499880
v -53.787316 1.459558 -2.926113
v -53.787316 1.459558 -0.499880
v -53.853394 1.393475 -2.926113
v -53.853394 1.393475 -0.499880
v -53.895826 1.310204 -2.926113
v -53.895826 1.310204 -0.499880
v -53.910446 1.217899 -2.926113
v -53.910446 1.217899 -0.499880
v -53.895826 1.125591 -2.926113
v -53.895826 1.125591 -0.499880
v -53.853394 1.042322 -2.926113
v -53.853394 1.042322 -0.499880
v -53.787316 0.976237 -2.926113
v -53.787316 0.976237 -0.499880
v -53.704042 0.933809 -2.926113
v -53.704042 0.933809 -0.499880
v -53.611736 0.919190 -2.926113
v -53.611736 0.919190 -0.499880
v -53.519434 0.933808 -2.926113
v -53.519434 0.933808 -0.499880
v -53.436158 0.976237 -2.926113
v -53.436158 0.976237 -0.499880
v -53.370074 1.042322 -2.926113
v -53.370074 1.042322 -0.499880
v -38.258873 2.392070 -6.425057
v -38.344188 2.519752 -6.425057
v -38.471871 2.605065 -6.425057
v -38.622481 2.635026 -6.425057
v -38.773094 2.605067 -6.425057
v -38.900771 2.519752 -6.425057
v -38.986088 2.392070 -6.425057
v -39.016044 2.241459 -6.425057
v -38.986088 2.090850 -6.425057
v -38.900771 1.963168 -6.425057
v -38.773094 1.877853 -6.425057
v -38.622481 1.847894 -6.425057
v -38.471871 1.877853 -6.425057
v -38.344188 1.963168 -6.425057
v -38.258873 2.090850 -6.425057
v -38.228916 2.241459 -6.425057
v -38.198762 2.416973 4.912643
v -38.298176 2.565764 4.912643
v -38.446969 2.665184 4.912643
v -38.622481 2.700096 4.912643
v -38.797993 2.665184 4.912643
v -38.946785 2.565764 4.912643
v -39.046202 2.416973 4.912643
v -39.081116 2.241459 4.912643
v -39.046202 2.065948 4.912643
v -38.946785 1.917157 4.912643
v -38.797993 1.817738 4.912643
v -38.622481 1.782823 4.912643
v -38.446969 1.817738 4.912643
v -38.298176 1.917157 4.912643
v -38.198762 2.065948 4.912643
v -38.163849 2.241459 4.912643
v -37.724877 2.613259 3.778873
v -37.650922 2.241459 3.778873
v -37.724877 1.869660 3.778873
v -37.935484 1.554463 3.778873
v -38.250679 1.343855 3.778873
v -38.622481 1.269898 3.778873
v -38.994283 1.343855 3.778873
v -39.309479 1.554463 3.778873
v -39.520087 1.869660 3.778873
v -39.594044 2.241459 3.778873
v -39.520087 2.613259 3.778873
v -39.309479 2.928457 3.778873
v -38.994283 3.139065 3.778873
v -38.622481 3.213021 3.778873
v -38.250679 3.139065 3.778873
v -37.935484 2.928455 3.778873
v -38.288632 2.379745 4.912643
v -38.366962 2.496976 4.912643
v -38.484196 2.575311 4.912643
v -38.622481 2.602819 4.912643
v -38.760769 2.575311 4.912643
v -38.877999 2.496976 4.912643
v -38.956334 2.379746 4.912643
v -38.983838 2.241459 4.912643
v -38.956334 2.103174 4.912643
v -38.877999 1.985943 4.912643
v -38.760769 1.907610 4.912643
v -38.622481 1.880102 4.912643
v -38.484196 1.907610 4.912643
v -38.366962 1.985943 4.912643
v -38.288632 2.103174 4.912643
v -38.261126 2.241459 4.912643
v -38.288632 2.379745 4.154943
v -38.366962 2.496976 4.154943
v -38.622481 2.241459 4.154943
v -38.484196 2.575311 4.154943
v -38.622481 2.602819 4.154943
v -38.760769 2.575311 4.154943
v -38.877999 2.496976 4.154943
v -38.956334 2.379746 4.154943
v -38.983838 2.241459 4.154943
v -38.956334 2.103174 4.154943
v -38.877999 1.985943 4.154943
v -38.760769 1.907610 4.154943
v -38.622481 1.880102 4.154943
v -38.484196 1.907610 4.154943
v -38.366962 1.985943 4.154943
v -38.288632 2.103174 4.154943
v -38.261126 2.241459 4.154943
v -37.503544 2.704939 0.804312
v -37.411351 2.241459 0.804312
v -37.503544 1.777981 0.804312
v -37.766083 1.385062 0.804312
v -38.159005 1.122524 0.804312
v -38.622481 1.030332 0.804312
v -39.085961 1.122524 0.804312
v -39.478882 1.385062 0.804312
v -39.741421 1.777981 0.804312
v -39.833609 2.241459 0.804312
v -39.741421 2.704940 0.804312
v -39.478879 3.097859 0.804312
v -39.085961 3.360398 0.804312
v -38.622481 3.452591 0.804312
v -38.158999 3.360398 0.804312
v -37.766083 3.097857 0.804312
v -37.724877 2.613259 -3.567955
v -37.650922 2.241459 -3.567955
v -37.724877 1.869660 -3.567955
v -37.935484 1.554463 -3.567955
v -38.250679 1.343855 -3.567955
v -38.622481 1.269898 -3.567955
v -38.994283 1.343855 -3.567955
v -39.309479 1.554463 -3.567955
v -39.520087 1.869660 -3.567955
v -39.594044 2.241459 -3.567955
v -39.520087 2.613259 -3.567955
v -39.309479 2.928457 -3.567955
v -38.994283 3.139065 -3.567955
v -38.622481 3.213021 -3.567955
v -38.250679 3.139065 -3.567955
v -37.935484 2.928455 -3.567955
v -37.724877 2.613259 -5.322167
v -37.650922 2.241459 -5.322167
v -37.724877 1.869660 -5.322167
v -37.935484 1.554463 -5.322167
v -38.250679 1.343855 -5.322167
v -38.622481 1.269898 -5.322167
v -38.994283 1.343855 -5.322167
v -39.309479 1.554463 -5.322167
v -39.520087 1.869660 -5.322167
v -39.594044 2.241459 -5.322167
v -39.520087 2.613259 -5.322167
v -39.309479 2.928457 -5.322167
v -38.994283 3.139065 -5.322167
v -38.622481 3.213021 -5.322167
v -38.250679 3.139065 -5.322167
v -37.935484 2.928455 -5.322167
v -37.724877 2.613259 1.023813
v -37.650922 2.241459 1.023813
v -37.724877 1.869660 1.023813
v -37.935484 1.554463 1.023813
v -38.250679 1.343855 1.023813
v -38.622481 1.269898 1.023813
v -38.994283 1.343855 1.023813
v -39.309479 1.554463 1.023813
v -39.520087 1.869660 1.023813
v -39.594044 2.241459 1.023813
v -39.520087 2.613259 1.023813
v -39.309479 2.928457 1.023813
v -38.994283 3.139065 1.023813
v -38.622481 3.213021 1.023813
v -38.250679 3.139065 1.023813
v -37.935484 2.928455 1.023813
v -37.503544 2.704939 -3.368093
v -37.411351 2.241459 -3.368093
v -37.503544 1.777981 -3.368093
v -37.766083 1.385062 -3.368093
v -38.159005 1.122524 -3.368093
v -38.622481 1.030332 -3.368093
v -39.085961 1.122524 -3.368093
v -39.478882 1.385062 -3.368093
v -39.741421 1.777981 -3.368093
v -39.833609 2.241459 -3.368093
v -39.741421 2.704940 -3.368093
v -39.478879 3.097859 -3.368093
v -39.085961 3.360398 -3.368093
v -38.622481 3.452591 -3.368093
v -38.158999 3.360398 -3.368093
v -37.766083 3.097857 -3.368093
v -37.503544 2.704939 0.675333
v -37.411351 2.241459 0.675333
v -37.503544 1.777981 0.675333
v -37.766083 1.385062 0.675333
v -38.159005 1.122524 0.675333
v -38.622481 1.030332 0.675333
v -39.085961 1.122524 0.675333
v -39.478882 1.385062 0.675333
v -39.741421 1.777981 0.675333
v -39.833609 2.241459 0.675333
v -39.741421 2.704940 0.675333
v -39.478879 3.097859 0.675333
v -39.085961 3.360398 0.675333
v -38.622481 3.452591 0.675333
v -38.158999 3.360398 0.675333
v -37.766083 3.097857 0.675333
v -37.503544 2.704939 -3.228458
v -37.411351 2.241459 -3.228458
v -37.503544 1.777981 -3.228458
v -37.766083 1.385062 -3.228458
v -38.159005 1.122524 -3.228458
v -38.622481 1.030332 -3.228458
v -39.085961 1.122524 -3.228458
v -39.478882 1.385062 -3.228458
v -39.741421 1.777981 -3.228458
v -39.833609 2.241459 -3.228458
v -39.741421 2.704940 -3.228458
v -39.478879 3.097859 -3.228458
v -39.085961 3.360398 -3.228458
v -38.622481 3.452591 -3.228458
v -38.158999 3.360398 -3.228458
v -37.766083 3.097857 -3.228458
v -37.597740 2.665919 -3.228458
v -37.513310 2.241459 -3.228458
v -37.597740 2.665919 0.675333
v -37.513310 2.241459 0.675333
v -37.597740 1.816998 -3.228458
v -37.597740 1.816998 0.675333
v -37.838182 1.457157 -3.228458
v -37.838182 1.457157 0.675333
v -38.198021 1.216722 -3.228458
v -38.198021 1.216722 0.675333
v -38.622481 1.132291 -3.228458
v -38.622481 1.132291 0.675333
v -39.046941 1.216722 -3.228458
v -39.046941 1.216722 0.675333
v -39.406783 1.457157 -3.228458
v -39.406783 1.457157 0.675333
v -39.647221 1.816998 -3.228458
v -39.647221 1.816998 0.675333
v -39.731650 2.241459 -3.228458
v -39.731650 2.241459 0.675333
v -39.647221 2.665921 -3.228458
v -39.647221 2.665921 0.675333
v -39.406783 3.025763 -3.228458
v -39.406783 3.025763 0.675333
v -39.046941 3.266201 -3.228458
v -39.046941 3.266201 0.675333
v -38.622481 3.350630 -3.228458
v -38.622481 3.350630 0.675333
v -38.198021 3.266198 -3.228458
v -38.198021 3.266198 0.675333
v -37.838177 3.025762 -3.228458
v -37.838177 3.025762 0.675333
v -37.724877 2.613259 -5.533715
v -37.650922 2.241459 -5.533715
v -37.724877 1.869660 -5.533715
v -37.935484 1.554463 -5.533715
v -38.250679 1.343855 -5.533715
v -38.622481 1.269898 -5.533715
v -38.994283 1.343855 -5.533715
v -39.309479 1.554463 -5.533715
v -39.520087 1.869660 -5.533715
v -39.594044 2.241459 -5.533715
v -39.520087 2.613259 -5.533715
v -39.309479 2.928457 -5.533715
v -38.994283 3.139065 -5.533715
v -38.622481 3.213021 -5.533715
v -38.250679 3.139065 -5.533715
v -37.935484 2.928455 -5.533715
v -37.819071 2.574242 -5.322167
v -37.752881 2.241459 -5.322167
v -37.819071 2.574242 -3.567955
v -37.752881 2.241459 -3.567955
v -37.819071 1.908678 -5.322167
v -37.819071 1.908678 -3.567955
v -38.007578 1.626559 -5.322167
v -38.007578 1.626557 -3.567955
v -38.289698 1.438054 -5.322167
v -38.289698 1.438054 -3.567955
v -38.622481 1.371859 -5.322167
v -38.622481 1.371859 -3.567955
v -38.955266 1.438054 -5.322167
v -38.955266 1.438054 -3.567955
v -39.237385 1.626559 -5.322167
v -39.237385 1.626559 -3.567955
v -39.425888 1.908678 -5.322167
v -39.425888 1.908678 -3.567955
v -39.492083 2.241459 -5.322167
v -39.492083 2.241459 -3.567955
v -39.425888 2.574243 -5.322167
v -39.425888 2.574243 -3.567955
v -39.237381 2.856362 -5.322167
v -39.237381 2.856362 -3.567955
v -38.955262 3.044868 -5.322167
v -38.955262 3.044868 -3.567955
v -38.622481 3.111062 -5.322167
v -38.622481 3.111062 -3.567955
v -38.289698 3.044867 -5.322167
v -38.289698 3.044868 -3.567955
v -38.007578 2.856362 -5.322167
v -38.007578 2.856362 -3.567955
v -37.724877 2.613259 3.582908
v -37.650922 2.241459 3.582908
v -37.724877 1.869660 3.582908
v -37.935484 1.554463 3.582908
v -38.250679 1.343855 3.582908
v -38.622481 1.269898 3.582908
v -38.994283 1.343855 3.582908
v -39.309479 1.554463 3.582908
v -39.520087 1.869660 3.582908
v -39.594044 2.241459 3.582908
v -39.520087 2.613259 3.582908
v -39.309479 2.928457 3.582908
v -38.994283 3.139065 3.582908
v -38.622481 3.213021 3.582908
v -38.250679 3.139065 3.582908
v -37.935484 2.928455 3.582908
v -37.815485 2.575726 1.023813
v -37.748997 2.241459 1.023813
v -37.815485 2.575726 3.582908
v -37.748997 2.241459 3.582908
v -37.815485 1.907193 1.023813
v -37.815485 1.907193 3.582908
v -38.004837 1.623814 1.023813
v -38.004837 1.623814 3.582908
v -38.288216 1.434467 1.023813
v -38.288216 1.434467 3.582908
v -38.622481 1.367977 1.023813
v -38.622481 1.367977 3.582908
v -38.956749 1.434467 1.023813
v -38.956749 1.434467 3.582908
v -39.240128 1.623814 1.023813
v -39.240128 1.623814 3.582908
v -39.429475 1.907193 1.023813
v -39.429475 1.907193 3.582908
v -39.495963 2.241459 1.023813
v -39.495963 2.241459 3.582908
v -39.429475 2.575726 1.023813
v -39.429475 2.575726 3.582908
v -39.240128 2.859106 1.023813
v -39.240128 2.859106 3.582908
v -38.956749 3.048452 1.023813
v -38.956749 3.048452 3.582908
v -38.622481 3.114942 1.023813
v -38.622481 3.114942 3.582908
v -38.288213 3.048452 1.023813
v -38.288213 3.048452 3.582908
v -38.004837 2.859105 1.023813
v -38.004837 2.859105 3.582908
v -38.353074 2.353053 -6.425057
v -38.416287 2.447657 -6.425057
v -38.510887 2.510868 -6.425057
v -38.622481 2.533067 -6.425057
v -38.734072 2.510868 -6.425057
v -38.828679 2.447657 -6.425057
v -38.891892 2.353053 -6.425057
v -38.914089 2.241459 -6.425057
v -38.891892 2.129868 -6.425057
v -38.828679 2.035263 -6.425057
v -38.734072 1.972050 -6.425057
v -38.622481 1.949852 -6.425057
v -38.510887 1.972050 -6.425057
v -38.416287 2.035263 -6.425057
v -38.353074 2.129868 -6.425057
v -38.330875 2.241459 -6.425057
v -38.353074 2.353053 -5.325055
v -38.416287 2.447657 -5.325055
v -38.622481 2.241459 -5.325055
v -38.510887 2.510868 -5.325055
v -38.622481 2.533067 -5.325055
v -38.734072 2.510868 -5.325055
v -38.828675 2.447657 -5.325055
v -38.891892 2.353053 -5.325055
v -38.914089 2.241459 -5.325055
v -38.891888 2.129868 -5.325055
v -38.828675 2.035263 -5.325055
v -38.734072 1.972050 -5.325055
v -38.622481 1.949852 -5.325055
v -38.510887 1.972050 -5.325055
v -38.416287 2.035263 -5.325055
v -38.353074 2.129868 -5.325055
v -38.330879 2.241459 -5.325055
v -44.108137 2.392070 -6.425057
v -44.022822 2.519752 -6.425057
v -43.895142 2.605065 -6.425057
v -43.744529 2.635026 -6.425057
v -43.593918 2.605067 -6.425057
v -43.466235 2.519752 -6.425057
v -43.380921 2.392070 -6.425057
v -43.350964 2.241459 -6.425057
v -43.380921 2.090850 -6.425057
v -43.466235 1.963168 -6.425057
v -43.593918 1.877853 -6.425057
v -43.744529 1.847894 -6.425057
v -43.895142 1.877853 -6.425057
v -44.022822 1.963168 -6.425057
v -44.108136 2.090850 -6.425057
v -44.138096 2.241459 -6.425057
v -44.168250 2.416973 4.912643
v -44.068833 2.565764 4.912643
v -43.920041 2.665184 4.912643
v -43.744529 2.700096 4.912643
v -43.569020 2.665184 4.912643
v -43.420227 2.565764 4.912643
v -43.320805 2.416973 4.912643
v -43.285896 2.241459 4.912643
v -43.320805 2.065948 4.912643
v -43.420227 1.917157 4.912643
v -43.569020 1.817738 4.912643
v -43.744529 1.782823 4.912643
v -43.920041 1.817738 4.912643
v -44.068833 1.917157 4.912643
v -44.168250 2.065948 4.912643
v -44.203158 2.241459 4.912643
v -44.642136 2.613259 3.778873
v -44.716093 2.241459 3.778873
v -44.642136 1.869660 3.778873
v -44.431525 1.554463 3.778873
v -44.116328 1.343855 3.778873
v -43.744525 1.269898 3.778873
v -43.372729 1.343855 3.778873
v -43.057532 1.554463 3.778873
v -42.846925 1.869660 3.778873
v -42.772968 2.241459 3.778873
v -42.846925 2.613259 3.778873
v -43.057532 2.928457 3.778873
v -43.372729 3.139065 3.778873
v -43.744529 3.213021 3.778873
v -44.116328 3.139065 3.778873
v -44.431525 2.928455 3.778873
v -44.078381 2.379745 4.912643
v -44.000044 2.496976 4.912643
v -43.882815 2.575311 4.912643
v -43.744529 2.602819 4.912643
v -43.606244 2.575311 4.912643
v -43.489014 2.496976 4.912643
v -43.410679 2.379746 4.912643
v -43.383174 2.241459 4.912643
v -43.410679 2.103174 4.912643
v -43.489014 1.985943 4.912643
v -43.606244 1.907610 4.912643
v -43.744529 1.880102 4.912643
v -43.882815 1.907610 4.912643
v -44.000044 1.985943 4.912643
v -44.078381 2.103174 4.912643
v -44.105885 2.241459 4.912643
v -44.078381 2.379745 4.154943
v -44.000044 2.496976 4.154943
v -43.744529 2.241459 4.154943
v -43.882815 2.575311 4.154943
v -43.744529 2.602819 4.154943
v -43.606244 2.575311 4.154943
v -43.489014 2.496976 4.154943
v -43.410679 2.379746 4.154943
v -43.383174 2.241459 4.154943
v -43.410679 2.103174 4.154943
v -43.489014 1.985943 4.154943
v -43.606244 1.907610 4.154943
v -43.744529 1.880102 4.154943
v -43.882815 1.907610 4.154943
v -44.000044 1.985943 4.154943
v -44.078381 2.103174 4.154943
v -44.105885 2.241459 4.154943
v -44.863467 2.704939 0.804312
v -44.955658 2.241459 0.804312
v -44.863467 1.777981 0.804312
v -44.600925 1.385062 0.804312
v -44.208009 1.122524 0.804312
v -43.744525 1.030332 0.804312
v -43.281047 1.122524 0.804312
v -42.888131 1.385062 0.804312
v -42.625592 1.777981 0.804312
v -42.533396 2.241459 0.804312
v -42.625592 2.704940 0.804312
v -42.888131 3.097859 0.804312
v -43.281047 3.360398 0.804312
v -43.744529 3.452591 0.804312
v -44.208013 3.360398 0.804312
v -44.600925 3.097857 0.804312
v -44.642136 2.613259 -3.567955
v -44.716093 2.241459 -3.567955
v -44.642136 1.869660 -3.567955
v -44.431525 1.554463 -3.567955
v -44.116328 1.343855 -3.567955
v -43.744525 1.269898 -3.567955
v -43.372729 1.343855 -3.567955
v -43.057532 1.554463 -3.567955
v -42.846925 1.869660 -3.567955
v -42.772968 2.241459 -3.567955
v -42.846925 2.613259 -3.567955
v -43.057532 2.928457 -3.567955
v -43.372729 3.139065 -3.567955
v -43.744529 3.213021 -3.567955
v -44.116328 3.139065 -3.567955
v -44.431525 2.928455 -3.567955
v -44.642136 2.613259 -5.322167
v -44.716093 2.241459 -5.322167
v -44.642136 1.869660 -5.322167
v -44.431525 1.554463 -5.322167
v -44.116328 1.343855 -5.322167
v -43.744525 1.269898 -5.322167
v -43.372729 1.343855 -5.322167
v -43.057532 1.554463 -5.322167
v -42.846925 1.869660 -5.322167
v -42.772968 2.241459 -5.322167
v -42.846925 2.613259 -5.322167
v -43.057532 2.928457 -5.322167
v -43.372729 3.139065 -5.322167
v -43.744529 3.213021 -5.322167
v -44.116328 3.139065 -5.322167
v -44.431525 2.928455 -5.322167
v -44.642136 2.613259 1.023813
v -44.716093 2.241459 1.023813
v -44.642136 1.869660 1.023813
v -44.431525 1.554463 1.023813
v -44.116328 1.343855 1.023813
v -43.744525 1.269898 1.023813
v -43.372729 1.343855 1.023813
v -43.057532 1.554463 1.023813
v -42.846925 1.869660 1.023813
v -42.772968 2.241459 1.023813
v -42.846925 2.613259 1.023813
v -43.057532 2.928457 1.023813
v -43.372729 3.139065 1.023813
v -43.744529 3.213021 1.023813
v -44.116328 3.139065 1.023813
v -44.431525 2.928455 1.023813
v -44.863467 2.704939 -3.368093
v -44.955658 2.241459 -3.368093
v -44.863467 1.777981 -3.368093
v -44.600925 1.385062 -3.368093
v -44.208009 1.122524 -3.368093
v -43.744525 1.030332 -3.368093
v -43.281047 1.122524 -3.368093
v -42.888131 1.385062 -3.368093
v -42.625592 1.777981 -3.368093
v -42.533396 2.241459 -3.368093
v -42.625592 2.704940 -3.368093
v -42.888131 3.097859 -3.368093
v -43.281047 3.360398 -3.368093
v -43.744529 3.452591 -3.368093
v -44.208013 3.360398 -3.368093
v -44.600925 3.097857 -3.368093
v -44.863467 2.704939 0.675333
v -44.955658 2.241459 0.675333
v -44.863467 1.777981 0.675333
v -44.600925 1.385062 0.675333
v -44.208009 1.122524 0.675333
v -43.744525 1.030332 0.675333
v -43.281047 1.122524 0.675333
v -42.888131 1.385062 0.675333
v -42.625592 1.777981 0.675333
v -42.533396 2.241459 0.675333
v -42.625592 2.704940 0.675333
v -42.888131 3.097859 0.675333
v -43.281047 3.360398 0.675333
v -43.744529 3.452591 0.675333
v -44.208013 3.360398 0.675333
v -44.600925 3.097857 0.675333
v -44.863467 2.704939 -3.228458
v -44.955658 2.241459 -3.228458
v -44.863467 1.777981 -3.228458
v -44.600925 1.385062 -3.228458
v -44.208009 1.122524 -3.228458
v -43.744525 1.030332 -3.228458
v -43.281047 1.122524 -3.228458
v -42.888131 1.385062 -3.228458
v -42.625592 1.777981 -3.228458
v -42.533396 2.241459 -3.228458
v -42.625592 2.704940 -3.228458
v -42.888131 3.097859 -3.228458
v -43.281047 3.360398 -3.228458
v -43.744529 3.452591 -3.228458
v -44.208013 3.360398 -3.228458
v -44.600925 3.097857 -3.228458
v -44.769270 2.665919 -3.228458
v -44.853699 2.241459 -3.228458
v -44.769270 2.665919 0.675333
v -44.853699 2.241459 0.675333
v -44.769270 1.816998 -3.228458
v -44.769270 1.816998 0.675333
v -44.528833 1.457157 -3.228458
v -44.528833 1.457157 0.675333
v -44.168991 1.216722 -3.228458
v -44.168991 1.216722 0.675333
v -43.744525 1.132291 -3.228458
v -43.744525 1.132291 0.675333
v -43.320067 1.216722 -3.228458
v -43.320067 1.216722 0.675333
v -42.960229 1.457157 -3.228458
v -42.960229 1.457157 0.675333
v -42.719788 1.816998 -3.228458
v -42.719788 1.816998 0.675333
v -42.635355 2.241459 -3.228458
v -42.635355 2.241459 0.675333
v -42.719788 2.665921 -3.228458
v -42.719788 2.665921 0.675333
v -42.960229 3.025763 -3.228458
v -42.960229 3.025763 0.675333
v -43.320067 3.266201 -3.228458
v -43.320067 3.266201 0.675333
v -43.744529 3.350630 -3.228458
v -43.744529 3.350630 0.675333
v -44.168991 3.266198 -3.228458
v -44.168991 3.266198 0.675333
v -44.528833 3.025762 -3.228458
v -44.528833 3.025762 0.675333
v -44.642136 2.613259 -5.533715
v -44.716093 2.241459 -5.533715
v -44.642136 1.869660 -5.533715
v -44.431525 1.554463 -5.533715
v -44.116328 1.343855 -5.533715
v -43.744525 1.269898 -5.533715
v -43.372729 1.343855 -5.533715
v -43.057532 1.554463 -5.533715
v -42.846925 1.869660 -5.533715
v -42.772968 2.241459 -5.533715
v -42.846925 2.613259 -5.533715
v -43.057532 2.928457 -5.533715
v -43.372729 3.139065 -5.533715
v -43.744529 3.213021 -5.533715
v -44.116328 3.139065 -5.533715
v -44.431525 2.928455 -5.533715
v -44.547935 2.574242 -5.322167
v -44.614133 2.241459 -5.322167
v -44.547935 2.574242 -3.567955
v -44.614133 2.241459 -3.567955
v -44.547935 1.908678 -5.322167
v -44.547935 1.908678 -3.567955
v -44.359430 1.626559 -5.322167
v -44.359430 1.626557 -3.567955
v -44.077312 1.438054 -5.322167
v -44.077312 1.438054 -3.567955
v -43.744525 1.371859 -5.322167
v -43.744525 1.371859 -3.567955
v -43.411746 1.438054 -5.322167
v -43.411746 1.438054 -3.567955
v -43.129626 1.626559 -5.322167
v -43.129626 1.626559 -3.567955
v -42.941119 1.908678 -5.322167
v -42.941119 1.908678 -3.567955
v -42.874928 2.241459 -5.322167
v -42.874928 2.241459 -3.567955
v -42.941119 2.574243 -5.322167
v -42.941119 2.574243 -3.567955
v -43.129626 2.856362 -5.322167
v -43.129626 2.856362 -3.567955
v -43.411746 3.044868 -5.322167
v -43.411746 3.044868 -3.567955
v -43.744529 3.111062 -5.322167
v -43.744529 3.111062 -3.567955
v -44.077312 3.044867 -5.322167
v -44.077312 3.044868 -3.567955
v -44.359430 2.856362 -5.322167
v -44.359430 2.856362 -3.567955
v -44.642136 2.613259 3.582908
v -44.716093 2.241459 3.582908
v -44.642136 1.869660 3.582908
v -44.431525 1.554463 3.582908
v -44.116328 1.343855 3.582908
v -43.744525 1.269898 3.582908
v -43.372729 1.343855 3.582908
v -43.057532 1.554463 3.582908
v -42.846925 1.869660 3.582908
v -42.772968 2.241459 3.582908
v -42.846925 2.613259 3.582908
v -43.057532 2.928457 3.582908
v -43.372729 3.139065 3.582908
v -43.744529 3.213021 3.582908
v -44.116328 3.139065 3.582908
v -44.431525 2.928455 3.582908
v -44.551522 2.575726 1.023813
v -44.618013 2.241459 1.023813
v -44.551522 2.575726 3.582908
v -44.618013 2.241459 3.582908
v -44.551522 1.907193 1.023813
v -44.551522 1.907193 3.582908
v -44.362175 1.623814 1.023813
v -44.362175 1.623814 3.582908
v -44.078797 1.434467 1.023813
v -44.078797 1.434467 3.582908
v -43.744525 1.367977 1.023813
v -43.744525 1.367977 3.582908
v -43.410264 1.434467 1.023813
v -43.410264 1.434467 3.582908
v -43.126885 1.623814 1.023813
v -43.126885 1.623814 3.582908
v -42.937537 1.907193 1.023813
v -42.937537 1.907193 3.582908
v -42.871049 2.241459 1.023813
v -42.871049 2.241459 3.582908
v -42.937537 2.575726 1.023813
v -42.937537 2.575726 3.582908
v -43.126885 2.859106 1.023813
v -43.126885 2.859106 3.582908
v -43.410264 3.048452 1.023813
v -43.410264 3.048452 3.582908
v -43.744529 3.114942 1.023813
v -43.744529 3.114942 3.582908
v -44.078797 3.048452 1.023813
v -44.078797 3.048452 3.582908
v -44.362175 2.859105 1.023813
v -44.362175 2.859105 3.582908
v -44.013938 2.353053 -6.425057
v -43.950726 2.447657 -6.425057
v -43.856120 2.510868 -6.425057
v -43.744529 2.533067 -6.425057
v -43.632935 2.510868 -6.425057
v -43.538335 2.447657 -6.425057
v -43.475121 2.353053 -6.425057
v -43.452923 2.241459 -6.425057
v -43.475121 2.129868 -6.425057
v -43.538335 2.035263 -6.425057
v -43.632935 1.972050 -6.425057
v -43.744529 1.949852 -6.425057
v -43.856120 1.972050 -6.425057
v -43.950726 2.035263 -6.425057
v -44.013938 2.129868 -6.425057
v -44.036137 2.241459 -6.425057
v -44.013938 2.353053 -5.325055
v -43.950726 2.447657 -5.325055
v -43.744529 2.241459 -5.325055
v -43.856120 2.510868 -5.325055
v -43.744529 2.533067 -5.325055
v -43.632935 2.510868 -5.325055
v -43.538335 2.447657 -5.325055
v -43.475121 2.353053 -5.325055
v -43.452923 2.241459 -5.325055
v -43.475125 2.129868 -5.325055
v -43.538337 2.035263 -5.325055
v -43.632935 1.972050 -5.325055
v -43.744529 1.949852 -5.325055
v -43.856120 1.972050 -5.325055
v -43.950726 2.035263 -5.325055
v -44.013936 2.129868 -5.325055
v -44.036133 2.241459 -5.325055
v -40.510001 0.683469 1.864698
v -28.559186 1.066699 -1.816424
v -40.510001 1.742624 1.777470
v -28.559186 1.359394 -1.903652
v -40.510001 1.742624 -3.663852
v -28.559186 1.359394 -2.232201
v -40.510001 0.683469 -3.663852
v -28.559186 1.066699 -2.232201
v -40.510001 1.213047 4.744323
v -40.510001 1.213047 -5.746805
v -28.559186 1.213047 -2.664403
v -28.559186 1.213047 -0.950811
v -28.559186 1.213047 -1.816424
v -40.510001 1.213047 1.864698
v -28.559186 1.213047 -2.232201
v -40.510001 1.213047 -3.663855
v -40.410054 1.739418 1.642052
v -28.659134 1.362599 -1.977498
v -28.659134 1.362599 -2.143460
v -40.410054 1.739418 -3.551165
v -40.413258 1.629655 1.642052
v -28.662336 1.252836 -1.977498
v -28.662336 1.252836 -2.143460
v -40.413258 1.629655 -3.551165
v -41.857011 0.683469 1.864698
v -53.807830 1.066699 -1.816424
v -41.857011 1.742624 1.777470
v -53.807830 1.359394 -1.903652
v -41.857011 1.742624 -3.663852
v -53.807830 1.359394 -2.232201
v -41.857011 0.683469 -3.663852
v -53.807830 1.066699 -2.232201
v -41.857011 1.213047 4.744323
v -41.857011 1.213047 -5.746805
v -53.807830 1.213047 -2.664403
v -53.807830 1.213047 -0.950811
v -53.807830 1.213047 -1.816424
v -41.857011 1.213047 1.864698
v -53.807830 1.213047 -2.232201
v -41.857011 1.213047 -3.663855
v -41.956959 1.739418 1.642052
v -53.707876 1.362599 -1.977498
v -53.707876 1.362599 -2.143460
v -41.956959 1.739418 -3.551165
v -41.953753 1.629655 1.642052
v -53.704674 1.252836 -1.977498
v -53.704674 1.252836 -2.143460
v -41.953753 1.629655 -3.551165
v -40.553009 1.760953 10.339338
v -40.553009 3.149126 10.339338
v -40.234291 3.374539 9.533547
v -40.234291 3.693426 6.853828
v -40.208340 3.693426 6.465560
v -40.208340 3.693426 2.655925
v -40.208340 3.693426 1.699032
v -40.208340 3.693426 -3.575869
v -40.208340 3.693426 -3.914416
v -40.946696 2.986170 -8.317357
v -40.946696 2.130849 -8.317357
v -40.208340 0.442870 -3.914410
v -40.208340 0.442870 -3.575864
v -40.208340 0.442870 1.699034
v -40.208340 0.442870 2.655927
v -40.208340 0.803353 6.465560
v -40.208340 0.877303 6.853829
v -40.435980 1.468235 9.533547
v -40.695477 2.832092 -8.317357
v -39.558228 3.043314 -3.914415
v -39.558228 3.043314 -3.575866
v -39.558228 3.043314 1.699032
v -39.558228 3.043314 2.655925
v -39.558228 3.043314 6.465560
v -39.863692 3.043314 6.853828
v -40.051884 3.043314 9.533547
v -40.321091 3.012422 10.339338
v -40.849625 3.043314 11.188797
v -40.695477 2.433926 -8.317357
v -39.558228 0.962959 -3.914411
v -39.558228 0.962959 -3.575864
v -39.558228 0.962959 1.699032
v -39.558228 0.962959 2.655927
v -39.558228 1.101091 6.465560
v -39.863692 1.160239 6.853829
v -40.051884 1.737569 9.533547
v -40.321091 2.038493 10.339338
v -40.849625 2.144876 11.031690
v -40.756005 4.158864 5.566281
v -40.756005 4.305924 3.510576
v -41.144118 3.693426 6.957822
v -41.144118 3.374539 9.429553
v -40.338688 3.374539 9.429553
v -40.338688 3.693426 6.957822
v -41.144118 3.631624 6.949850
v -41.144118 3.312738 9.421579
v -40.312737 3.312738 9.421579
v -40.312737 3.631624 6.949850
v -41.175977 4.309899 3.552847
v -41.175977 4.154890 5.524010
v -40.827138 4.154890 5.524010
v -40.827138 4.309899 3.552847
v -41.175977 4.287021 3.551049
v -41.175977 4.132012 5.522209
v -40.827138 4.132012 5.522209
v -40.827138 4.287021 3.551049
v -40.231617 3.736189 6.303631
v -40.231617 3.736189 2.817854
v -40.732728 4.279890 3.599848
v -40.732728 4.145329 5.480802
v -40.250357 3.700396 6.303154
v -40.250357 3.700396 2.817375
v -40.751469 4.260828 3.599372
v -40.751469 4.126266 5.480324
v -40.253952 3.713837 6.426124
v -40.753586 4.138453 5.605719
v -40.253952 3.689391 6.413473
v -40.753586 4.114010 5.593065
v -40.268406 3.750288 2.705281
v -40.752818 4.270555 3.461220
v -40.268406 3.704951 2.722369
v -40.752818 4.246708 3.478309
v -41.183506 3.374539 9.533547
v -41.183506 3.693426 6.853828
v -41.183506 3.693426 6.465560
v -41.183506 3.693426 2.655925
v -41.183506 3.693426 1.699032
v -41.183506 3.693426 -3.575869
v -41.183506 3.693426 -3.914416
v -41.183506 3.149126 10.339338
v -41.183506 1.760953 10.339338
v -41.183506 1.468235 9.533547
v -41.183506 0.877303 6.853829
v -41.183506 0.803353 6.465560
v -41.183506 0.442870 2.655927
v -41.183506 0.442870 1.699034
v -41.183506 0.442870 -3.575864
v -41.183506 0.442870 -3.914410
v -41.183506 2.130849 -8.317357
v -41.183506 2.986170 -8.317357
v -41.183506 3.043314 11.188797
v -41.183506 2.144876 11.031690
v -41.183506 4.158864 5.566281
v -41.183506 4.305924 3.510576
v -41.183506 3.693426 6.918588
v -41.183506 3.374539 9.468786
v -41.183506 4.309486 3.548462
v -41.183506 4.155303 5.528396
v -41.183506 3.713837 6.426124
v -41.183506 4.138453 5.605719
v -41.183506 3.689391 6.413473
v -41.183506 4.114010 5.593065
v -41.183506 3.750288 2.705281
v -41.183506 4.270555 3.461220
v -41.183506 3.704951 2.722369
v -41.183506 4.246708 3.478309
v -41.814003 1.760953 10.339338
v -41.814003 3.149126 10.339338
v -42.132721 3.374539 9.533547
v -42.132721 3.693426 6.853828
v -42.158671 3.693426 6.465560
v -42.158671 3.693426 2.655925
v -42.158671 3.693426 1.699032
v -42.158671 3.693426 -3.575869
v -42.158671 3.693426 -3.914416
v -41.420316 2.986170 -8.317357
v -41.420316 2.130849 -8.317357
v -42.158671 0.442870 -3.914410
v -42.158671 0.442870 -3.575864
v -42.158671 0.442870 1.699034
v -42.158671 0.442870 2.655927
v -42.158671 0.803353 6.465560
v -42.158671 0.877303 6.853829
v -41.931030 1.468235 9.533547
v -41.671532 2.832092 -8.317357
v -42.808785 3.043314 -3.914415
v -42.808785 3.043314 -3.575866
v -42.808785 3.043314 1.699032
v -42.808785 3.043314 2.655925
v -42.808785 3.043314 6.465560
v -42.503318 3.043314 6.853828
v -42.315123 3.043314 9.533547
v -42.045918 3.012422 10.339338
v -41.517388 3.043314 11.188797
v -41.671532 2.433926 -8.317357
v -42.808785 0.962959 -3.914411
v -42.808785 0.962959 -3.575864
v -42.808785 0.962959 1.699032
v -42.808785 0.962959 2.655927
v -42.808785 1.101091 6.465560
v -42.503318 1.160239 6.853829
v -42.315123 1.737569 9.533547
v -42.045918 2.038493 10.339338
v -41.517388 2.144876 11.031690
v -41.611003 4.158864 5.566281
v -41.611003 4.305924 3.510576
v -41.222889 3.693426 6.957822
v -41.222889 3.374539 9.429553
v -42.028323 3.374539 9.429553
v -42.028323 3.693426 6.957822
v -41.222889 3.631624 6.949850
v -41.222889 3.312738 9.421579
v -42.054274 3.312738 9.421579
v -42.054274 3.631624 6.949850
v -41.191033 4.309899 3.552847
v -41.191033 4.154890 5.524010
v -41.539876 4.154890 5.524010
v -41.539876 4.309899 3.552847
v -41.191033 4.287021 3.551049
v -41.191033 4.132012 5.522209
v -41.539876 4.132012 5.522209
v -41.539876 4.287021 3.551049
v -42.135395 3.736189 6.303631
v -42.135395 3.736189 2.817854
v -41.634284 4.279890 3.599848
v -41.634284 4.145329 5.480802
v -42.116651 3.700396 6.303154
v -42.116651 3.700396 2.817375
v -41.615540 4.260828 3.599372
v -41.615540 4.126266 5.480324
v -42.113057 3.713837 6.426124
v -41.613423 4.138453 5.605719
v -42.113057 3.689391 6.413473
v -41.613423 4.114010 5.593065
v -42.098602 3.750288 2.705281
v -41.614188 4.270555 3.461220
v -42.098602 3.704951 2.722369
v -41.614188 4.246708 3.478309
v -40.946696 2.130849 -8.851239
v -40.695477 2.433926 -8.851239
v -41.183506 2.986170 -8.851239
v -40.946696 2.986170 -8.851239
v -40.695477 2.832092 -8.851239
v -41.183506 2.130849 -8.851239
v -41.671532 2.433926 -8.851239
v -41.420316 2.130849 -8.851239
v -41.420316 2.986170 -8.851239
v -41.671532 2.832092 -8.851239
v -41.113615 2.730884 -9.350048
v -41.039479 2.820263 -9.346663
v -41.183506 2.983122 -9.340500
v -41.113615 2.983122 -9.340500
v -41.039479 2.937684 -9.342219
v -41.183506 2.730884 -9.350048
v -41.327529 2.820263 -9.346663
v -41.253392 2.730884 -9.350048
v -41.253392 2.983122 -9.340500
v -41.327529 2.937684 -9.342219
v -41.958672 3.693426 -3.375866
v -41.183506 3.693426 -3.375866
v -41.958672 3.693426 1.499031
v -41.183506 3.693426 1.499031
v -40.408335 3.693426 1.499031
v -40.408335 3.693426 -3.375866
v -41.958672 3.819979 -3.375866
v -41.183506 3.819979 -3.375866
v -41.958672 3.819979 1.499031
v -41.183506 3.819979 1.499031
v -40.408335 3.819979 1.499031
v -40.408335 3.819979 -3.375866
v -41.809249 3.991721 -2.887859
v -41.183506 3.991721 -2.887859
v -41.809249 3.991721 1.005755
v -41.183506 3.991721 1.005755
v -40.557763 3.991721 1.005755
v -40.557763 3.991721 -2.887859
v -41.124466 2.750455 -9.349306
v -41.061827 2.825964 -9.346448
v -41.183506 2.963551 -9.341239
v -41.124466 2.963551 -9.341239
v -41.061827 2.925164 -9.342694
v -41.183506 2.750455 -9.349306
v -41.305180 2.825964 -9.346448
v -41.242547 2.750455 -9.349306
v -41.242547 2.963551 -9.341239
v -41.305180 2.925164 -9.342694
v -41.124466 2.821804 -8.860324
v -41.124466 2.750455 -8.863027
v -41.061827 2.825964 -8.860167
v -41.183506 2.928836 -8.856275
v -41.124466 2.928836 -8.856275
v -41.183506 2.963551 -8.854960
v -41.124466 2.963551 -8.854960
v -41.061827 2.925164 -8.856411
v -41.183506 2.821804 -8.860324
v -41.183506 2.750455 -8.863027
v -41.305180 2.825964 -8.860167
v -41.242547 2.750455 -8.863027
v -41.242547 2.821804 -8.860324
v -41.242547 2.963551 -8.854960
v -41.242547 2.928836 -8.856275
v -41.305180 2.925164 -8.856411
# 5370 normals
vn 0.764878 0.389672 -0.512849
vn 0.764878 0.389672 -0.512849
vn 0.764878 0.389672 -0.512849
vn 0.764878 0.389672 -0.512849
vn 0.607032 0.607032 -0.512849
vn 0.607032 0.607032 -0.512849
vn 0.607032 0.607032 -0.512849
vn 0.607032 0.607032 -0.512849
vn 0.389672 0.764878 -0.512849
vn 0.389672 0.764878 -0.512849
vn 0.389672 0.764878 -0.512849
vn 0.389672 0.764878 -0.512849
vn 0.134255 0.847830 -0.512849
vn 0.134255 0.847830 -0.512849
vn 0.134255 0.847830 -0.512849
vn 0.134255 0.847830 -0.512849
vn -0.134255 0.847830 -0.512849
vn -0.134255 0.847830 -0.512849
vn -0.134255 0.847830 -0.512849
vn -0.134255 0.847830 -0.512849
vn -0.389672 0.764878 -0.512849
vn -0.389672 0.764878 -0.512849
vn -0.389672 0.764878 -0.512849
vn -0.389672 0.764878 -0.512849
vn -0.607032 0.607032 -0.512849
vn -0.607032 0.607032 -0.512849
vn -0.607032 0.607032 -0.512849
vn -0.607032 0.607032 -0.512849
vn -0.764909 0.389672 -0.512818
vn -0.764909 0.389672 -0.512818
vn -0.764909 0.389672 -0.512818
vn -0.764909 0.389672 -0.512818
vn -0.847830 0.134255 -0.512849
vn -0.847830 0.134255 -0.512849
vn -0.847830 0.134255 -0.512849
vn -0.847830 0.134255 -0.512849
vn -0.847830 -0.134255 -0.512849
vn -0.847830 -0.134255 -0.512849
vn -0.847830 -0.134255 -0.512849
vn -0.847830 -0.134255 -0.512849
vn -0.764909 -0.389672 -0.512818
vn -0.764909 -0.389672 -0.512818
vn -0.764909 -0.389672 -0.512818
vn -0.764909 -0.389672 -0.512818
vn -0.607032 -0.607032 -0.512849
vn -0.607032 -0.607032 -0.512849
vn -0.607032 -0.607032 -0.512849
vn -0.607032 -0.607032 -0.512849
vn -0.389672 -0.764878 -0.512849
vn -0.389672 -0.764878 -0.512849
vn -0.389672 -0.764878 -0.512849
vn -0.389672 -0.764878 -0.512849
vn -0.134255 -0.847830 -0.512849
vn -0.134255 -0.847830 -0.512849
vn -0.134255 -0.847830 -0.512849
vn -0.134255 -0.847830 -0.512849
vn 0.134255 -0.847830 -0.512849
vn 0.134255 -0.847830 -0.512849
vn 0.134255 -0.847830 -0.512849
vn 0.134255 -0.847830 -0.512849
vn 0.389672 -0.764878 -0.512849
vn 0.389672 -0.764878 -0.512849
vn 0.389672 -0.764878 -0.512849
vn 0.389672 -0.764878 -0.512849
vn 0.607032 -0.607032 -0.512849
vn 0.607032 -0.607032 -0.512849
vn 0.607032 -0.607032 -0.512849
vn 0.607032 -0.607032 -0.512849
vn 0.764878 -0.389672 -0.512849
vn 0.764878 -0.389672 -0.512849
vn 0.764878 -0.389672 -0.512849
vn 0.764878 -0.389672 -0.512849
vn 0.847830 -0.134255 -0.512849
vn 0.847830 -0.134255 -0.512849
vn 0.847830 -0.134255 -0.512849
vn 0.847830 -0.134255 -0.512849
vn 0.847830 0.134255 -0.512849
vn 0.847830 0.134255 -0.512849
vn 0.847830 0.134255 -0.512849
vn 0.847830 0.134255 -0.512849
vn 0.000000 0.000000 -1.000000
vn 0.000000 0.000000 -1.000000
vn 0.000000 0.000000 -1.000000
vn 0.000000 0.000000 -1.000000
vn 0.000000 0.000000 -1.000000
vn 0.000000 0.000000 -1.000000
vn 0.000000 0.000000 -1.000000
vn 0.000000 0.000000 -1.000000
vn 0.000000 0.000000 -1.000000
vn 0.000000 0.000000 -1.000000
vn 0.000000 0.000000 -1.000000
vn 0.000000 0.000000 -1.000000
vn 0.000000 0.000000 -1.000000
vn 0.000000 0.000000 -1.000000
vn 0.000000 0.000000 -1.000000
vn 0.000000 0.000000 -1.000000
vn 0.000000 0.000000 -1.000000
vn 0.000000 0.000000 -1.000000
vn 0.000000 0.000000 -1.000000
vn 0.000000 0.000000 -1.000000
vn 0.000000 0.000000 -1.000000
vn 0.000000 0.000000 -1.000000
vn 0.000000 0.000000 -1.000000
vn 0.000000 0.000000 -1.000000
vn 0.000000 0.000000 -1.000000
vn 0.000000 0.000000 -1.000000
vn 0.000000 0.000000 -1.000000
vn 0.000000 0.000000 -1.000000
vn 0.000000 0.000000 -1.000000
vn 0.000000 0.000000 -1.000000
vn 0.000000 0.000000 -1.000000
vn 0.000000 0.000000 -1.000000
vn 0.000000 0.000000 -1.000000
vn 0.000000 0.000000 -1.000000
vn 0.000000 0.000000 -1.000000
vn 0.000000 0.000000 -1.000000
vn 0.000000 0.000000 -1.000000
vn 0.000000 0.000000 -1.000000
vn 0.000000 0.000000 -1.000000
vn 0.000000 0.000000 -1.000000
vn 0.000000 0.000000 -1.000000
vn 0.000000 0.000000 -1.000000
vn 0.000000 0.000000 -1.000000
vn 0.000000 0.000000 -1.000000
vn 0.000000 0.000000 -1.000000
vn 0.000000 0.000000 -1.000000
vn 0.000000 0.000000 -1.000000
vn 0.000000 0.000000 -1.000000
vn 0.000000 0.000000 -1.000000
vn 0.000000 0.000000 -1.000000
vn 0.000000 0.000000 -1.000000
vn 0.000000 0.000000 -1.000000
vn 0.000000 0.000000 -1.000000
vn 0.000000 0.000000 -1.000000
vn 0.000000 0.000000 -1.000000
vn 0.000000 0.000000 -1.000000
vn 0.000000 0.000000 -1.000000
vn 0.000000 0.000000 -1.000000
vn 0.000000 0.000000 -1.000000
vn 0.000000 0.000000 -1.000000
vn 0.000000 0.000000 1.000000
vn 0.000000 0.000000 1.000000
vn 0.000000 0.000000 1.000000
vn 0.000000 0.000000 1.000000
vn 0.000000 0.000000 1.000000
vn 0.000000 0.000000 1.000000
vn 0.000000 0.000000 1.000000
vn 0.000000 0.000000 1.000000
vn 0.000000 0.000000 1.000000
vn 0.000000 0.000000 1.000000
vn 0.000000 0.000000 1.000000
vn 0.000000 0.000000 1.000000
vn 0.000000 0.000000 1.000000
vn 0.000000 0.000000 1.000000
vn 0.000000 0.000000 1.000000
vn 0.000000 0.000000 1.000000
vn 0.000000 0.000000 1.000000
vn 0.000000 0.000000 1.000000
vn 0.000000 0.000000 1.000000
vn 0.000000 0.000000 1.000000
vn 0.000000 0.000000 1.000000
vn 0.000000 0.000000 1.000000
vn 0.000000 0.000000 1.000000
vn 0.000000 0.000000 1.000000
vn 0.000000 0.000000 1.000000
vn 0.000000 0.000000 1.000000
vn 0.000000 0.000000 1.000000
vn 0.000000 0.000000 1.000000
vn 0.000000 0.000000 1.000000
vn 0.000000 0.000000 1.000000
vn 0.000000 0.000000 1.000000
vn 0.000000 0.000000 1.000000
vn 0.000000 0.000000 1.000000
vn 0.000000 0.000000 1.000000
vn 0.000000 0.000000 1.000000
vn 0.000000 0.000000 1.000000
vn 0.000000 0.000000 1.000000
vn 0.000000 0.000000 1.000000
vn 0.000000 0.000000 1.000000
vn 0.000000 0.000000 1.000000
vn 0.000000 0.000000 1.000000
vn 0.000000 0.000000 1.000000
vn 0.000000 0.000000 1.000000
vn 0.000000 0.000000 1.000000
vn 0.000000 0.000000 1.000000
vn 0.000000 0.000000 1.000000
vn 0.000000 0.000000 1.000000
vn 0.000000 0.000000 1.000000
vn 0.000000 0.000000 1.000000
vn 0.000000 0.000000 1.000000
vn 0.000000 0.000000 1.000000
vn 0.000000 0.000000 1.000000
vn 0.000000 0.000000 1.000000
vn 0.000000 0.000000 1.000000
vn 0.000000 0.000000 1.000000
vn 0.000000 0.000000 1.000000
vn 0.000000 0.000000 1.000000
vn 0.000000 0.000000 1.000000
vn 0.000000 0.000000 1.000000
vn 0.000000 0.000000 1.000000
vn 0.868431 0.137521 0.476317
vn 0.868431 0.137521 0.476317
vn 0.868431 0.137521 0.476317
vn 0.868431 0.137521 0.476317
vn 0.868431 -0.137521 0.476317
vn 0.868431 -0.137521 0.476317
vn 0.868431 -0.137521 0.476317
vn 0.868431 -0.137521 0.476317
vn 0.783342 -0.399164 0.476317
vn 0.783342 -0.399164 0.476317
vn 0.783342 -0.399164 0.476317
vn 0.783342 -0.399164 0.476317
vn 0.621650 -0.621650 0.476317
vn 0.621650 -0.621650 0.476317
vn 0.621650 -0.621650 0.476317
vn 0.621650 -0.621650 0.476317
vn 0.399164 -0.783342 0.476317
vn 0.399164 -0.783342 0.476317
vn 0.399164 -0.783342 0.476317
vn 0.399164 -0.783342 0.476317
vn 0.137521 -0.868431 0.476317
vn 0.137521 -0.868431 0.476317
vn 0.137521 -0.868431 0.476317
vn 0.137521 -0.868431 0.476317
vn -0.137521 -0.868431 0.476317
vn -0.137521 -0.868431 0.476317
vn -0.137521 -0.868431 0.476317
vn -0.137521 -0.868431 0.476317
vn -0.399164 -0.783342 0.476317
vn -0.399164 -0.783342 0.476317
vn -0.399164 -0.783342 0.476317
vn -0.399164 -0.783342 0.476317
vn -0.621650 -0.621650 0.476317
vn -0.621650 -0.621650 0.476317
vn -0.621650 -0.621650 0.476317
vn -0.621650 -0.621650 0.476317
vn -0.783342 -0.399164 0.476317
vn -0.783342 -0.399164 0.476317
vn -0.783342 -0.399164 0.476317
vn -0.783342 -0.399164 0.476317
vn -0.868431 -0.137551 0.476317
vn -0.868431 -0.137551 0.476317
vn -0.868431 -0.137551 0.476317
vn -0.868431 -0.137551 0.476317
vn -0.868431 0.137551 0.476317
vn -0.868431 0.137551 0.476317
vn -0.868431 0.137551 0.476317
vn -0.868431 0.137551 0.476317
vn -0.783342 0.399164 0.476317
vn -0.783342 0.399164 0.476317
vn -0.783342 0.399164 0.476317
vn -0.783342 0.399164 0.476317
vn -0.621650 0.621650 0.476317
vn -0.621650 0.621650 0.476317
vn -0.621650 0.621650 0.476317
vn -0.621650 0.621650 0.476317
vn -0.399164 0.783342 0.476317
vn -0.399164 0.783342 0.476317
vn -0.399164 0.783342 0.476317
vn -0.399164 0.783342 0.476317
vn -0.137521 0.868431 0.476317
vn -0.137521 0.868431 0.476317
vn -0.137521 0.868431 0.476317
vn -0.137521 0.868431 0.476317
vn 0.137521 0.868431 0.476317
vn 0.137521 0.868431 0.476317
vn 0.137521 0.868431 0.476317
vn 0.137521 0.868431 0.476317
vn 0.399164 0.783342 0.476317
vn 0.399164 0.783342 0.476317
vn 0.399164 0.783342 0.476317
vn 0.399164 0.783342 0.476317
vn 0.621650 0.621650 0.476317
vn 0.621650 0.621650 0.476317
vn 0.621650 0.621650 0.476317
vn 0.621650 0.621650 0.476317
vn 0.783342 0.399164 0.476317
vn 0.783342 0.399164 0.476317
vn 0.783342 0.399164 0.476317
vn 0.783342 0.399164 0.476317
vn 0.987670 0.156351 0.000000
vn 0.987670 0.156351 0.000000
vn 0.987670 0.156351 0.000000
vn 0.987670 0.156351 0.000000
vn 0.987670 -0.156351 0.000000
vn 0.987670 -0.156351 0.000000
vn 0.987670 -0.156351 0.000000
vn 0.987670 -0.156351 0.000000
vn 0.890924 -0.453977 0.000000
vn 0.890924 -0.453977 0.000000
vn 0.890924 -0.453977 0.000000
vn 0.890924 -0.453977 0.000000
vn 0.707044 -0.707044 0.000000
vn 0.707044 -0.707044 0.000000
vn 0.707044 -0.707044 0.000000
vn 0.707044 -0.707044 0.000000
vn 0.453977 -0.890924 0.000000
vn 0.453977 -0.890924 0.000000
vn 0.453977 -0.890924 0.000000
vn 0.453977 -0.890924 0.000000
vn 0.156351 -0.987670 0.000000
vn 0.156351 -0.987670 0.000000
vn 0.156351 -0.987670 0.000000
vn 0.156351 -0.987670 0.000000
vn -0.156351 -0.987670 0.000000
vn -0.156351 -0.987670 0.000000
vn -0.156351 -0.987670 0.000000
vn -0.156351 -0.987670 0.000000
vn -0.453977 -0.890924 0.000000
vn -0.453977 -0.890924 0.000000
vn -0.453977 -0.890924 0.000000
vn -0.453977 -0.890924 0.000000
vn -0.707044 -0.707044 0.000000
vn -0.707044 -0.707044 0.000000
vn -0.707044 -0.707044 0.000000
vn -0.707044 -0.707044 0.000000
vn -0.890924 -0.453977 0.000000
vn -0.890924 -0.453977 0.000000
vn -0.890924 -0.453977 0.000000
vn -0.890924 -0.453977 0.000000
vn -0.987670 -0.156382 0.000000
vn -0.987670 -0.156382 0.000000
vn -0.987670 -0.156382 0.000000
vn -0.987670 -0.156382 0.000000
vn -0.987670 0.156382 0.000000
vn -0.987670 0.156382 0.000000
vn -0.987670 0.156382 0.000000
vn -0.987670 0.156382 0.000000
vn -0.890924 0.453977 0.000000
vn -0.890924 0.453977 0.000000
vn -0.890924 0.453977 0.000000
vn -0.890924 0.453977 0.000000
vn -0.707044 0.707044 0.000000
vn -0.707044 0.707044 0.000000
vn -0.707044 0.707044 0.000000
vn -0.707044 0.707044 0.000000
vn -0.453977 0.890924 0.000000
vn -0.453977 0.890924 0.000000
vn -0.453977 0.890924 0.000000
vn -0.453977 0.890924 0.000000
vn -0.156351 0.987670 0.000000
vn -0.156351 0.987670 0.000000
vn -0.156351 0.987670 0.000000
vn -0.156351 0.987670 0.000000
vn 0.156351 0.987670 0.000000
vn 0.156351 0.987670 0.000000
vn 0.156351 0.987670 0.000000
vn 0.156351 0.987670 0.000000
vn 0.453977 0.890924 0.000000
vn 0.453977 0.890924 0.000000
vn 0.453977 0.890924 0.000000
vn 0.453977 0.890924 0.000000
vn 0.707044 0.707044 0.000000
vn 0.707044 0.707044 0.000000
vn 0.707044 0.707044 0.000000
vn 0.707044 0.707044 0.000000
vn 0.890924 0.453977 0.000000
vn 0.890924 0.453977 0.000000
vn 0.890924 0.453977 0.000000
vn 0.890924 0.453977 0.000000
vn 0.987670 0.156351 0.000000
vn 0.987670 0.156351 0.000000
vn 0.987670 0.156351 0.000000
vn 0.987670 0.156351 0.000000
vn 0.987670 -0.156351 0.000000
vn 0.987670 -0.156351 0.000000
vn 0.987670 -0.156351 0.000000
vn 0.987670 -0.156351 0.000000
vn 0.890924 -0.453977 0.000000
vn 0.890924 -0.453977 0.000000
vn 0.890924 -0.453977 0.000000
vn 0.890924 -0.453977 0.000000
vn 0.707044 -0.707044 0.000000
vn 0.707044 -0.707044 0.000000
vn 0.707044 -0.707044 0.000000
vn 0.707044 -0.707044 0.000000
vn 0.453977 -0.890924 0.000000
vn 0.453977 -0.890924 0.000000
vn 0.453977 -0.890924 0.000000
vn 0.453977 -0.890924 0.000000
vn 0.156351 -0.987670 0.000000
vn 0.156351 -0.987670 0.000000
vn 0.156351 -0.987670 0.000000
vn 0.156351 -0.987670 0.000000
vn -0.156351 -0.987670 0.000000
vn -0.156351 -0.987670 0.000000
vn -0.156351 -0.987670 0.000000
vn -0.156351 -0.987670 0.000000
vn -0.453977 -0.890924 0.000000
vn -0.453977 -0.890924 0.000000
vn -0.453977 -0.890924 0.000000
vn -0.453977 -0.890924 0.000000
vn -0.707044 -0.707044 0.000000
vn -0.707044 -0.707044 0.000000
vn -0.707044 -0.707044 0.000000
vn -0.707044 -0.707044 0.000000
vn -0.890924 -0.453977 0.000000
vn -0.890924 -0.453977 0.000000
vn -0.890924 -0.453977 0.000000
vn -0.890924 -0.453977 0.000000
vn -0.987670 -0.156382 0.000000
vn -0.987670 -0.156382 0.000000
vn -0.987670 -0.156382 0.000000
vn -0.987670 -0.156382 0.000000
vn -0.987670 0.156382 0.000000
vn -0.987670 0.156382 0.000000
vn -0.987670 0.156382 0.000000
vn -0.987670 0.156382 0.000000
vn -0.890924 0.453977 0.000000
vn -0.890924 0.453977 0.000000
vn -0.890924 0.453977 0.000000
vn -0.890924 0.453977 0.000000
vn -0.707044 0.707044 0.000000
vn -0.707044 0.707044 0.000000
vn -0.707044 0.707044 0.000000
vn -0.707044 0.707044 0.000000
vn -0.453977 0.890924 0.000000
vn -0.453977 0.890924 0.000000
vn -0.453977 0.890924 0.000000
vn -0.453977 0.890924 0.000000
vn -0.156351 0.987670 0.000000
vn -0.156351 0.987670 0.000000
vn -0.156351 0.987670 0.000000
vn -0.156351 0.987670 0.000000
vn 0.156351 0.987670 0.000000
vn 0.156351 0.987670 0.000000
vn 0.156351 0.987670 0.000000
vn 0.156351 0.987670 0.000000
vn 0.453977 0.890924 0.000000
vn 0.453977 0.890924 0.000000
vn 0.453977 0.890924 0.000000
vn 0.453977 0.890924 0.000000
vn 0.707044 0.707044 0.000000
vn 0.707044 0.707044 0.000000
vn 0.707044 0.707044 0.000000
vn 0.707044 0.707044 0.000000
vn 0.890924 0.453977 0.000000
vn 0.890924 0.453977 0.000000
vn 0.890924 0.453977 0.000000
vn 0.890924 0.453977 0.000000
vn -0.987670 -0.156321 0.000000
vn -0.987670 -0.156321 0.000000
vn -0.987670 -0.156321 0.000000
vn -0.987670 -0.156321 0.000000
vn -0.987670 0.156321 0.000000
vn -0.987670 0.156321 0.000000
vn -0.987670 0.156321 0.000000
vn -0.987670 0.156321 0.000000
vn -0.890924 0.453977 0.000000
vn -0.890924 0.453977 0.000000
vn -0.890924 0.453977 0.000000
vn -0.890924 0.453977 0.000000
vn -0.707044 0.707044 0.000000
vn -0.707044 0.707044 0.000000
vn -0.707044 0.707044 0.000000
vn -0.707044 0.707044 0.000000
vn -0.453977 0.890924 0.000000
vn -0.453977 0.890924 0.000000
vn -0.453977 0.890924 0.000000
vn -0.453977 0.890924 0.000000
vn -0.156351 0.987670 0.000000
vn -0.156351 0.987670 0.000000
vn -0.156351 0.987670 0.000000
vn -0.156351 0.987670 0.000000
vn 0.156351 0.987670 0.000000
vn 0.156351 0.987670 0.000000
vn 0.156351 0.987670 0.000000
vn 0.156351 0.987670 0.000000
vn 0.453977 0.890924 0.000000
vn 0.453977 0.890924 0.000000
vn 0.453977 0.890924 0.000000
vn 0.453977 0.890924 0.000000
vn 0.707044 0.707044 0.000000
vn 0.707044 0.707044 0.000000
vn 0.707044 0.707044 0.000000
vn 0.707044 0.707044 0.000000
vn 0.890924 0.453977 0.000000
vn 0.890924 0.453977 0.000000
vn 0.890924 0.453977 0.000000
vn 0.890924 0.453977 0.000000
vn 0.987670 0.156351 0.000000
vn 0.987670 0.156351 0.000000
vn 0.987670 0.156351 0.000000
vn 0.987670 0.156351 0.000000
vn 0.987670 -0.156351 0.000000
vn 0.987670 -0.156351 0.000000
vn 0.987670 -0.156351 0.000000
vn 0.987670 -0.156351 0.000000
vn 0.890924 -0.453977 0.000000
vn 0.890924 -0.453977 0.000000
vn 0.890924 -0.453977 0.000000
vn 0.890924 -0.453977 0.000000
vn 0.707044 -0.707044 0.000000
vn 0.707044 -0.707044 0.000000
vn 0.707044 -0.707044 0.000000
vn 0.707044 -0.707044 0.000000
vn 0.453977 -0.890924 0.000000
vn 0.453977 -0.890924 0.000000
vn 0.453977 -0.890924 0.000000
vn 0.453977 -0.890924 0.000000
vn 0.156351 -0.987670 0.000000
vn 0.156351 -0.987670 0.000000
vn 0.156351 -0.987670 0.000000
vn 0.156351 -0.987670 0.000000
vn -0.156351 -0.987670 0.000000
vn -0.156351 -0.987670 0.000000
vn -0.156351 -0.987670 0.000000
vn -0.156351 -0.987670 0.000000
vn -0.453977 -0.890924 0.000000
vn -0.453977 -0.890924 0.000000
vn -0.453977 -0.890924 0.000000
vn -0.453977 -0.890924 0.000000
vn -0.707044 -0.707044 0.000000
vn -0.707044 -0.707044 0.000000
vn -0.707044 -0.707044 0.000000
vn -0.707044 -0.707044 0.000000
vn -0.890924 -0.453977 0.000000
vn -0.890924 -0.453977 0.000000
vn -0.890924 -0.453977 0.000000
vn -0.890924 -0.453977 0.000000
vn 0.000000 0.000000 1.000000
vn 0.000000 0.000000 1.000000
vn 0.000000 0.000000 1.000000
vn 0.000000 0.000000 1.000000
vn 0.000000 0.000000 -1.000000
vn 0.000000 0.000000 -1.000000
vn 0.000000 0.000000 -1.000000
vn 0.000000 0.000000 -1.000000
vn 0.000000 0.000000 1.000000
vn 0.000000 0.000000 1.000000
vn 0.000000 0.000000 1.000000
vn 0.000000 0.000000 1.000000
vn 0.000000 0.000000 -1.000000
vn 0.000000 0.000000 -1.000000
vn 0.000000 0.000000 -1.000000
vn 0.000000 0.000000 -1.000000
vn 0.000000 0.000000 1.000000
vn 0.000000 0.000000 1.000000
vn 0.000000 0.000000 1.000000
vn 0.000000 0.000000 1.000000
vn 0.000000 0.000000 -1.000000
vn 0.000000 0.000000 -1.000000
vn 0.000000 0.000000 -1.000000
vn 0.000000 0.000000 -1.000000
vn 0.000000 0.000000 1.000000
vn 0.000000 0.000000 1.000000
vn 0.000000 0.000000 1.000000
vn 0.000000 0.000000 1.000000
vn 0.000000 0.000000 -1.000000
vn 0.000000 0.000000 -1.000000
vn 0.000000 0.000000 -1.000000
vn 0.000000 0.000000 -1.000000
vn 0.000000 0.000000 1.000000
vn 0.000000 0.000000 1.000000
vn 0.000000 0.000000 1.000000
vn 0.000000 0.000000 1.000000
vn 0.000000 0.000000 -1.000000
vn 0.000000 0.000000 -1.000000
vn 0.000000 0.000000 -1.000000
vn 0.000000 0.000000 -1.000000
vn 0.000000 0.000000 1.000000
vn 0.000000 0.000000 1.000000
vn 0.000000 0.000000 1.000000
vn 0.000000 0.000000 1.000000
vn 0.000000 0.000000 -1.000000
vn 0.000000 0.000000 -1.000000
vn 0.000000 0.000000 -1.000000
vn 0.000000 0.000000 -1.000000
vn 0.000000 0.000000 1.000000
vn 0.000000 0.000000 1.000000
vn 0.000000 0.000000 1.000000
vn 0.000000 0.000000 1.000000
vn 0.000000 0.000000 -1.000000
vn 0.000000 0.000000 -1.000000
vn 0.000000 0.000000 -1.000000
vn 0.000000 0.000000 -1.000000
vn 0.000000 0.000000 1.000000
vn 0.000000 0.000000 1.000000
vn 0.000000 0.000000 1.000000
vn 0.000000 0.000000 1.000000
vn 0.000000 0.000000 -1.000000
vn 0.000000 0.000000 -1.000000
vn 0.000000 0.000000 -1.000000
vn 0.000000 0.000000 -1.000000
vn 0.000000 0.000000 1.000000
vn 0.000000 0.000000 1.000000
vn 0.000000 0.000000 1.000000
vn 0.000000 0.000000 1.000000
vn 0.000000 0.000000 -1.000000
vn 0.000000 0.000000 -1.000000
vn 0.000000 0.000000 -1.000000
vn 0.000000 0.000000 -1.000000
vn 0.000000 0.000000 1.000000
vn 0.000000 0.000000 1.000000
vn 0.000000 0.000000 1.000000
vn 0.000000 0.000000 1.000000
vn 0.000000 0.000000 -1.000000
vn 0.000000 0.000000 -1.000000
vn 0.000000 0.000000 -1.000000
vn 0.000000 0.000000 -1.000000
vn 0.000000 0.000000 1.000000
vn 0.000000 0.000000 1.000000
vn 0.000000 0.000000 1.000000
vn 0.000000 0.000000 1.000000
vn 0.000000 0.000000 -1.000000
vn 0.000000 0.000000 -1.000000
vn 0.000000 0.000000 -1.000000
vn 0.000000 0.000000 -1.000000
vn 0.000000 0.000000 1.000000
vn 0.000000 0.000000 1.000000
vn 0.000000 0.000000 1.000000
vn 0.000000 0.000000 1.000000
vn 0.000000 0.000000 -1.000000
vn 0.000000 0.000000 -1.000000
vn 0.000000 0.000000 -1.000000
vn 0.000000 0.000000 -1.000000
vn 0.000000 0.000000 1.000000
vn 0.000000 0.000000 1.000000
vn 0.000000 0.000000 1.000000
vn 0.000000 0.000000 1.000000
vn 0.000000 0.000000 -1.000000
vn 0.000000 0.000000 -1.000000
vn 0.000000 0.000000 -1.000000
vn 0.000000 0.000000 -1.000000
vn 0.000000 0.000000 1.000000
vn 0.000000 0.000000 1.000000
vn 0.000000 0.000000 1.000000
vn 0.000000 0.000000 1.000000
vn 0.000000 0.000000 -1.000000
vn 0.000000 0.000000 -1.000000
vn 0.000000 0.000000 -1.000000
vn 0.000000 0.000000 -1.000000
vn 0.000000 0.000000 1.000000
vn 0.000000 0.000000 1.000000
vn 0.000000 0.000000 1.000000
vn 0.000000 0.000000 1.000000
vn 0.000000 0.000000 -1.000000
vn 0.000000 0.000000 -1.000000
vn 0.000000 0.000000 -1.000000
vn 0.000000 0.000000 -1.000000
vn 0.000000 0.000000 1.000000
vn 0.000000 0.000000 1.000000
vn 0.000000 0.000000 1.000000
vn 0.000000 0.000000 1.000000
vn 0.000000 0.000000 -1.000000
vn 0.000000 0.000000 -1.000000
vn 0.000000 0.000000 -1.000000
vn 0.000000 0.000000 -1.000000
vn 0.000000 0.000000 1.000000
vn 0.000000 0.000000 1.000000
vn 0.000000 0.000000 1.000000
vn 0.000000 0.000000 1.000000
vn 0.000000 0.000000 -1.000000
vn 0.000000 0.000000 -1.000000
vn 0.000000 0.000000 -1.000000
vn 0.000000 0.000000 -1.000000
vn 0.000000 0.000000 1.000000
vn 0.000000 0.000000 1.000000
vn 0.000000 0.000000 1.000000
vn 0.000000 0.000000 1.000000
vn 0.000000 0.000000 -1.000000
vn 0.000000 0.000000 -1.000000
vn 0.000000 0.000000 -1.000000
vn 0.000000 0.000000 -1.000000
vn 0.000000 0.000000 1.000000
vn 0.000000 0.000000 1.000000
vn 0.000000 0.000000 1.000000
vn 0.000000 0.000000 1.000000
vn 0.000000 0.000000 -1.000000
vn 0.000000 0.000000 -1.000000
vn 0.000000 0.000000 -1.000000
vn 0.000000 0.000000 -1.000000
vn 0.000000 0.000000 1.000000
vn 0.000000 0.000000 1.000000
vn 0.000000 0.000000 1.000000
vn 0.000000 0.000000 1.000000
vn 0.000000 0.000000 -1.000000
vn 0.000000 0.000000 -1.000000
vn 0.000000 0.000000 -1.000000
vn 0.000000 0.000000 -1.000000
vn -0.764909 0.389672 -0.512818
vn -0.764909 0.389672 -0.512818
vn -0.764909 0.389672 -0.512818
vn -0.764909 0.389672 -0.512818
vn -0.607032 0.607001 -0.512849
vn -0.607032 0.607001 -0.512849
vn -0.607032 0.607001 -0.512849
vn -0.607032 0.607001 -0.512849
vn -0.389672 0.764909 -0.512849
vn -0.389672 0.764909 -0.512849
vn -0.389672 0.764909 -0.512849
vn -0.389672 0.764909 -0.512849
vn -0.134255 0.847830 -0.512818
vn -0.134255 0.847830 -0.512818
vn -0.134255 0.847830 -0.512818
vn -0.134255 0.847830 -0.512818
vn 0.134255 0.847830 -0.512818
vn 0.134255 0.847830 -0.512818
vn 0.134255 0.847830 -0.512818
vn 0.134255 0.847830 -0.512818
vn 0.389672 0.764909 -0.512818
vn 0.389672 0.764909 -0.512818
vn 0.389672 0.764909 -0.512818
vn 0.389672 0.764909 -0.512818
vn 0.607032 0.607032 -0.512849
vn 0.607032 0.607032 -0.512849
vn 0.607032 0.607032 -0.512849
vn 0.607032 0.607032 -0.512849
vn 0.764909 0.389672 -0.512818
vn 0.764909 0.389672 -0.512818
vn 0.764909 0.389672 -0.512818
vn 0.764909 0.389672 -0.512818
vn 0.847830 0.134255 -0.512849
vn 0.847830 0.134255 -0.512849
vn 0.847830 0.134255 -0.512849
vn 0.847830 0.134255 -0.512849
vn 0.847830 -0.134255 -0.512849
vn 0.847830 -0.134255 -0.512849
vn 0.847830 -0.134255 -0.512849
vn 0.847830 -0.134255 -0.512849
vn 0.764909 -0.389642 -0.512849
vn 0.764909 -0.389642 -0.512849
vn 0.764909 -0.389642 -0.512849
vn 0.764909 -0.389642 -0.512849
vn 0.607032 -0.607032 -0.512849
vn 0.607032 -0.607032 -0.512849
vn 0.607032 -0.607032 -0.512849
vn 0.607032 -0.607032 -0.512849
vn 0.389672 -0.764878 -0.512849
vn 0.389672 -0.764878 -0.512849
vn 0.389672 -0.764878 -0.512849
vn 0.389672 -0.764878 -0.512849
vn 0.134255 -0.847830 -0.512849
vn 0.134255 -0.847830 -0.512849
vn 0.134255 -0.847830 -0.512849
vn 0.134255 -0.847830 -0.512849
vn -0.134255 -0.847830 -0.512818
vn -0.134255 -0.847830 -0.512818
vn -0.134255 -0.847830 -0.512818
vn -0.134255 -0.847830 -0.512818
vn -0.389642 -0.764878 -0.512849
vn -0.389642 -0.764878 -0.512849
vn -0.389642 -0.764878 -0.512849
vn -0.389642 -0.764878 -0.512849
vn -0.607032 -0.607001 -0.512849
vn -0.607032 -0.607001 -0.512849
vn -0.607032 -0.607001 -0.512849
vn -0.607032 -0.607001 -0.512849
vn -0.764878 -0.389672 -0.512849
vn -0.764878 -0.389672 -0.512849
vn -0.764878 -0.389672 -0.512849
vn -0.764878 -0.389672 -0.512849
vn -0.847830 -0.134255 -0.512849
vn -0.847830 -0.134255 -0.512849
vn -0.847830 -0.134255 -0.512849
vn -0.847830 -0.134255 -0.512849
vn -0.847830 0.134255 -0.512849
vn -0.847830 0.134255 -0.512849
vn -0.847830 0.134255 -0.512849
vn -0.847830 0.134255 -0.512849
vn 0.000000 0.000000 -1.000000
vn 0.000000 0.000000 -1.000000
vn 0.000000 0.000000 -1.000000
vn 0.000000 0.000000 -1.000000
vn 0.000000 0.000000 -1.000000
vn 0.000000 0.000000 -1.000000
vn 0.000000 0.000000 -1.000000
vn 0.000000 0.000000 -1.000000
vn 0.000000 0.000000 -1.000000
vn 0.000000 0.000000 -1.000000
vn 0.000000 0.000000 -1.000000
vn 0.000000 0.000000 -1.000000
vn 0.000000 0.000000 -1.000000
vn 0.000000 0.000000 -1.000000
vn 0.000000 0.000000 -1.000000
vn 0.000000 0.000000 -1.000000
vn 0.000000 0.000000 -1.000000
vn 0.000000 0.000000 -1.000000
vn 0.000000 0.000000 -1.000000
vn 0.000000 0.000000 -1.000000
vn 0.000000 0.000000 -1.000000
vn 0.000000 0.000000 -1.000000
vn 0.000000 0.000000 -1.000000
vn 0.000000 0.000000 -1.000000
vn 0.000000 0.000000 -1.000000
vn 0.000000 0.000000 -1.000000
vn 0.000000 0.000000 -1.000000
vn 0.000000 0.000000 -1.000000
vn 0.000000 0.000000 -1.000000
vn 0.000000 0.000000 -1.000000
vn 0.000000 0.000000 -1.000000
vn 0.000000 0.000000 -1.000000
vn 0.000000 0.000000 -1.000000
vn 0.000000 0.000000 -1.000000
vn 0.000000 0.000000 -1.000000
vn 0.000000 0.000000 -1.000000
vn 0.000000 0.000000 -1.000000
vn 0.000000 0.000000 -1.000000
vn 0.000000 0.000000 -1.000000
vn 0.000000 0.000000 -1.000000
vn 0.000000 0.000000 -1.000000
vn 0.000000 0.000000 -1.000000
vn 0.000000 0.000000 -1.000000
vn 0.000000 0.000000 -1.000000
vn 0.000000 0.000000 -1.000000
vn 0.000000 0.000000 -1.000000
vn 0.000000 0.000000 -1.000000
vn 0.000000 0.000000 -1.000000
vn 0.000000 0.000000 -1.000000
vn 0.000000 0.000000 -1.000000
vn 0.000000 0.000000 -1.000000
vn 0.000000 0.000000 -1.000000
vn 0.000000 0.000000 -1.000000
vn 0.000000 0.000000 -1.000000
vn 0.000000 0.000000 -1.000000
vn 0.000000 0.000000 -1.000000
vn 0.000000 0.000000 -1.000000
vn 0.000000 0.000000 -1.000000
vn 0.000000 0.000000 -1.000000
vn 0.000000 0.000000 -1.000000
vn 0.000000 0.000000 1.000000
vn 0.000000 0.000000 1.000000
vn 0.000000 0.000000 1.000000
vn 0.000000 0.000000 1.000000
vn 0.000000 0.000000 1.000000
vn 0.000000 0.000000 1.000000
vn 0.000000 0.000000 1.000000
vn 0.000000 0.000000 1.000000
vn 0.000000 0.000000 1.000000
vn 0.000000 0.000000 1.000000
vn 0.000000 0.000000 1.000000
vn 0.000000 0.000000 1.000000
vn 0.000000 0.000000 1.000000
vn 0.000000 0.000000 1.000000
vn 0.000000 0.000000 1.000000
vn 0.000000 0.000000 1.000000
vn 0.000000 0.000000 1.000000
vn 0.000000 0.000000 1.000000
vn 0.000000 0.000000 1.000000
vn 0.000000 0.000000 1.000000
vn 0.000000 0.000000 1.000000
vn 0.000000 0.000000 1.000000
vn 0.000000 0.000000 1.000000
vn 0.000000 0.000000 1.000000
vn 0.000000 0.000000 1.000000
vn 0.000000 0.000000 1.000000
vn 0.000000 0.000000 1.000000
vn 0.000000 0.000000 1.000000
vn 0.000000 0.000000 1.000000
vn 0.000000 0.000000 1.000000
vn 0.000000 0.000000 1.000000
vn 0.000000 0.000000 1.000000
vn 0.000000 0.000000 1.000000
vn 0.000000 0.000000 1.000000
vn 0.000000 0.000000 1.000000
vn 0.000000 0.000000 1.000000
vn 0.000000 0.000000 1.000000
vn 0.000000 0.000000 1.000000
vn 0.000000 0.000000 1.000000
vn 0.000000 0.000000 1.000000
vn 0.000000 0.000000 1.000000
vn 0.000000 0.000000 1.000000
vn 0.000000 0.000000 1.000000
vn 0.000000 0.000000 1.000000
vn 0.000000 0.000000 1.000000
vn 0.000000 0.000000 1.000000
vn 0.000000 0.000000 1.000000
vn 0.000000 0.000000 1.000000
vn 0.000000 0.000000 1.000000
vn 0.000000 0.000000 1.000000
vn 0.000000 0.000000 1.000000
vn 0.000000 0.000000 1.000000
vn 0.000000 0.000000 1.000000
vn 0.000000 0.000000 1.000000
vn 0.000000 0.000000 1.000000
vn 0.000000 0.000000 1.000000
vn 0.000000 0.000000 1.000000
vn 0.000000 0.000000 1.000000
vn 0.000000 0.000000 1.000000
vn 0.000000 0.000000 1.000000
vn -0.868431 0.137521 0.476317
vn -0.868431 0.137521 0.476317
vn -0.868431 0.137521 0.476317
vn -0.868431 0.137521 0.476317
vn -0.868431 -0.137521 0.476317
vn -0.868431 -0.137521 0.476317
vn -0.868431 -0.137521 0.476317
vn -0.868431 -0.137521 0.476317
vn -0.783342 -0.399164 0.476317
vn -0.783342 -0.399164 0.476317
vn -0.783342 -0.399164 0.476317
vn -0.783342 -0.399164 0.476317
vn -0.621650 -0.621650 0.476317
vn -0.621650 -0.621650 0.476317
vn -0.621650 -0.621650 0.476317
vn -0.621650 -0.621650 0.476317
vn -0.399164 -0.783342 0.476347
vn -0.399164 -0.783342 0.476347
vn -0.399164 -0.783342 0.476347
vn -0.399164 -0.783342 0.476347
vn -0.137521 -0.868431 0.476317
vn -0.137521 -0.868431 0.476317
vn -0.137521 -0.868431 0.476317
vn -0.137521 -0.868431 0.476317
vn 0.137521 -0.868400 0.476347
vn 0.137521 -0.868400 0.476347
vn 0.137521 -0.868400 0.476347
vn 0.137521 -0.868400 0.476347
vn 0.399164 -0.783342 0.476317
vn 0.399164 -0.783342 0.476317
vn 0.399164 -0.783342 0.476317
vn 0.399164 -0.783342 0.476317
vn 0.621650 -0.621650 0.476317
vn 0.621650 -0.621650 0.476317
vn 0.621650 -0.621650 0.476317
vn 0.621650 -0.621650 0.476317
vn 0.783342 -0.399164 0.476317
vn 0.783342 -0.399164 0.476317
vn 0.783342 -0.399164 0.476317
vn 0.783342 -0.399164 0.476317
vn 0.868431 -0.137551 0.476317
vn 0.868431 -0.137551 0.476317
vn 0.868431 -0.137551 0.476317
vn 0.868431 -0.137551 0.476317
vn 0.868431 0.137551 0.476317
vn 0.868431 0.137551 0.476317
vn 0.868431 0.137551 0.476317
vn 0.868431 0.137551 0.476317
vn 0.783342 0.399164 0.476317
vn 0.783342 0.399164 0.476317
vn 0.783342 0.399164 0.476317
vn 0.783342 0.399164 0.476317
vn 0.621650 0.621650 0.476317
vn 0.621650 0.621650 0.476317
vn 0.621650 0.621650 0.476317
vn 0.621650 0.621650 0.476317
vn 0.399164 0.783342 0.476347
vn 0.399164 0.783342 0.476347
vn 0.399164 0.783342 0.476347
vn 0.399164 0.783342 0.476347
vn 0.137521 0.868431 0.476317
vn 0.137521 0.868431 0.476317
vn 0.137521 0.868431 0.476317
vn 0.137521 0.868431 0.476317
vn -0.137521 0.868431 0.476317
vn -0.137521 0.868431 0.476317
vn -0.137521 0.868431 0.476317
vn -0.137521 0.868431 0.476317
vn -0.399164 0.783342 0.476317
vn -0.399164 0.783342 0.476317
vn -0.399164 0.783342 0.476317
vn -0.399164 0.783342 0.476317
vn -0.621650 0.621650 0.476317
vn -0.621650 0.621650 0.476317
vn -0.621650 0.621650 0.476317
vn -0.621650 0.621650 0.476317
vn -0.783342 0.399164 0.476317
vn -0.783342 0.399164 0.476317
vn -0.783342 0.399164 0.476317
vn -0.783342 0.399164 0.476317
vn -0.987670 0.156351 0.000000
vn -0.987670 0.156351 0.000000
vn -0.987670 0.156351 0.000000
vn -0.987670 0.156351 0.000000
vn -0.987670 -0.156351 0.000000
vn -0.987670 -0.156351 0.000000
vn -0.987670 -0.156351 0.000000
vn -0.987670 -0.156351 0.000000
vn -0.890924 -0.453977 0.000000
vn -0.890924 -0.453977 0.000000
vn -0.890924 -0.453977 0.000000
vn -0.890924 -0.453977 0.000000
vn -0.707044 -0.707044 0.000000
vn -0.707044 -0.707044 0.000000
vn -0.707044 -0.707044 0.000000
vn -0.707044 -0.707044 0.000000
vn -0.453977 -0.890924 0.000000
vn -0.453977 -0.890924 0.000000
vn -0.453977 -0.890924 0.000000
vn -0.453977 -0.890924 0.000000
vn -0.156351 -0.987670 0.000000
vn -0.156351 -0.987670 0.000000
vn -0.156351 -0.987670 0.000000
vn -0.156351 -0.987670 0.000000
vn 0.156351 -0.987670 0.000000
vn 0.156351 -0.987670 0.000000
vn 0.156351 -0.987670 0.000000
vn 0.156351 -0.987670 0.000000
vn 0.453977 -0.890924 0.000000
vn 0.453977 -0.890924 0.000000
vn 0.453977 -0.890924 0.000000
vn 0.453977 -0.890924 0.000000
vn 0.707044 -0.707044 0.000000
vn 0.707044 -0.707044 0.000000
vn 0.707044 -0.707044 0.000000
vn 0.707044 -0.707044 0.000000
vn 0.890924 -0.453977 0.000000
vn 0.890924 -0.453977 0.000000
vn 0.890924 -0.453977 0.000000
vn 0.890924 -0.453977 0.000000
vn 0.987670 -0.156382 0.000000
vn 0.987670 -0.156382 0.000000
vn 0.987670 -0.156382 0.000000
vn 0.987670 -0.156382 0.000000
vn 0.987670 0.156382 0.000000
vn 0.987670 0.156382 0.000000
vn 0.987670 0.156382 0.000000
vn 0.987670 0.156382 0.000000
vn 0.890924 0.453977 0.000000
vn 0.890924 0.453977 0.000000
vn 0.890924 0.453977 0.000000
vn 0.890924 0.453977 0.000000
vn 0.707044 0.707044 0.000000
vn 0.707044 0.707044 0.000000
vn 0.707044 0.707044 0.000000
vn 0.707044 0.707044 0.000000
vn 0.453977 0.890924 0.000000
vn 0.453977 0.890924 0.000000
vn 0.453977 0.890924 0.000000
vn 0.453977 0.890924 0.000000
vn 0.156351 0.987670 0.000000
vn 0.156351 0.987670 0.000000
vn 0.156351 0.987670 0.000000
vn 0.156351 0.987670 0.000000
vn -0.156351 0.987670 0.000000
vn -0.156351 0.987670 0.000000
vn -0.156351 0.987670 0.000000
vn -0.156351 0.987670 0.000000
vn -0.453977 0.890924 0.000000
vn -0.453977 0.890924 0.000000
vn -0.453977 0.890924 0.000000
vn -0.453977 0.890924 0.000000
vn -0.707044 0.707044 0.000000
vn -0.707044 0.707044 0.000000
vn -0.707044 0.707044 0.000000
vn -0.707044 0.707044 0.000000
vn -0.890924 0.453977 0.000000
vn -0.890924 0.453977 0.000000
vn -0.890924 0.453977 0.000000
vn -0.890924 0.453977 0.000000
vn -0.987670 0.156351 0.000000
vn -0.987670 0.156351 0.000000
vn -0.987670 0.156351 0.000000
vn -0.987670 0.156351 0.000000
vn -0.987670 -0.156351 0.000000
vn -0.987670 -0.156351 0.000000
vn -0.987670 -0.156351 0.000000
vn -0.987670 -0.156351 0.000000
vn -0.890924 -0.453977 0.000000
vn -0.890924 -0.453977 0.000000
vn -0.890924 -0.453977 0.000000
vn -0.890924 -0.453977 0.000000
vn -0.707044 -0.707044 0.000000
vn -0.707044 -0.707044 0.000000
vn -0.707044 -0.707044 0.000000
vn -0.707044 -0.707044 0.000000
vn -0.453977 -0.890924 0.000000
vn -0.453977 -0.890924 0.000000
vn -0.453977 -0.890924 0.000000
vn -0.453977 -0.890924 0.000000
vn -0.156351 -0.987670 0.000000
vn -0.156351 -0.987670 0.000000
vn -0.156351 -0.987670 0.000000
vn -0.156351 -0.987670 0.000000
vn 0.156351 -0.987670 0.000000
vn 0.156351 -0.987670 0.000000
vn 0.156351 -0.987670 0.000000
vn 0.156351 -0.987670 0.000000
vn 0.453977 -0.890924 0.000000
vn 0.453977 -0.890924 0.000000
vn 0.453977 -0.890924 0.000000
vn 0.453977 -0.890924 0.000000
vn 0.707044 -0.707044 0.000000
vn 0.707044 -0.707044 0.000000
vn 0.707044 -0.707044 0.000000
vn 0.707044 -0.707044 0.000000
vn 0.890924 -0.453977 0.000000
vn 0.890924 -0.453977 0.000000
vn 0.890924 -0.453977 0.000000
vn 0.890924 -0.453977 0.000000
vn 0.987670 -0.156382 0.000000
vn 0.987670 -0.156382 0.000000
vn 0.987670 -0.156382 0.000000
vn 0.987670 -0.156382 0.000000
vn 0.987670 0.156382 0.000000
vn 0.987670 0.156382 0.000000
vn 0.987670 0.156382 0.000000
vn 0.987670 0.156382 0.000000
vn 0.890924 0.453977 0.000000
vn 0.890924 0.453977 0.000000
vn 0.890924 0.453977 0.000000
vn 0.890924 0.453977 0.000000
vn 0.707044 0.707044 0.000000
vn 0.707044 0.707044 0.000000
vn 0.707044 0.707044 0.000000
vn 0.707044 0.707044 0.000000
vn 0.453977 0.890924 0.000000
vn 0.453977 0.890924 0.000000
vn 0.453977 0.890924 0.000000
vn 0.453977 0.890924 0.000000
vn 0.156351 0.987670 0.000000
vn 0.156351 0.987670 0.000000
vn 0.156351 0.987670 0.000000
vn 0.156351 0.987670 0.000000
vn -0.156351 0.987670 0.000000
vn -0.156351 0.987670 0.000000
vn -0.156351 0.987670 0.000000
vn -0.156351 0.987670 0.000000
vn -0.453977 0.890924 0.000000
vn -0.453977 0.890924 0.000000
vn -0.453977 0.890924 0.000000
vn -0.453977 0.890924 0.000000
vn -0.707044 0.707044 0.000000
vn -0.707044 0.707044 0.000000
vn -0.707044 0.707044 0.000000
vn -0.707044 0.707044 0.000000
vn -0.890924 0.453977 0.000000
vn -0.890924 0.453977 0.000000
vn -0.890924 0.453977 0.000000
vn -0.890924 0.453977 0.000000
vn 0.987670 -0.156351 0.000000
vn 0.987670 -0.156351 0.000000
vn 0.987670 -0.156351 0.000000
vn 0.987670 -0.156351 0.000000
vn 0.987670 0.156351 0.000000
vn 0.987670 0.156351 0.000000
vn 0.987670 0.156351 0.000000
vn 0.987670 0.156351 0.000000
vn 0.890924 0.453977 0.000000
vn 0.890924 0.453977 0.000000
vn 0.890924 0.453977 0.000000
vn 0.890924 0.453977 0.000000
vn 0.707044 0.707044 0.000000
vn 0.707044 0.707044 0.000000
vn 0.707044 0.707044 0.000000
vn 0.707044 0.707044 0.000000
vn 0.453977 0.890924 0.000000
vn 0.453977 0.890924 0.000000
vn 0.453977 0.890924 0.000000
vn 0.453977 0.890924 0.000000
vn 0.156351 0.987670 0.000000
vn 0.156351 0.987670 0.000000
vn 0.156351 0.987670 0.000000
vn 0.156351 0.987670 0.000000
vn -0.156351 0.987670 0.000000
vn -0.156351 0.987670 0.000000
vn -0.156351 0.987670 0.000000
vn -0.156351 0.987670 0.000000
vn -0.453977 0.890924 0.000000
vn -0.453977 0.890924 0.000000
vn -0.453977 0.890924 0.000000
vn -0.453977 0.890924 0.000000
vn -0.707044 0.707044 0.000000
vn -0.707044 0.707044 0.000000
vn -0.707044 0.707044 0.000000
vn -0.707044 0.707044 0.000000
vn -0.890924 0.453977 0.000000
vn -0.890924 0.453977 0.000000
vn -0.890924 0.453977 0.000000
vn -0.890924 0.453977 0.000000
vn -0.987670 0.156351 0.000000
vn -0.987670 0.156351 0.000000
vn -0.987670 0.156351 0.000000
vn -0.987670 0.156351 0.000000
vn -0.987670 -0.156351 0.000000
vn -0.987670 -0.156351 0.000000
vn -0.987670 -0.156351 0.000000
vn -0.987670 -0.156351 0.000000
vn -0.890924 -0.453977 0.000000
vn -0.890924 -0.453977 0.000000
vn -0.890924 -0.453977 0.000000
vn -0.890924 -0.453977 0.000000
vn -0.707044 -0.707044 0.000000
vn -0.707044 -0.707044 0.000000
vn -0.707044 -0.707044 0.000000
vn -0.707044 -0.707044 0.000000
vn -0.453977 -0.890924 0.000000
vn -0.453977 -0.890924 0.000000
vn -0.453977 -0.890924 0.000000
vn -0.453977 -0.890924 0.000000
vn -0.156351 -0.987670 0.000000
vn -0.156351 -0.987670 0.000000
vn -0.156351 -0.987670 0.000000
vn -0.156351 -0.987670 0.000000
vn 0.156351 -0.987670 0.000000
vn 0.156351 -0.987670 0.000000
vn 0.156351 -0.987670 0.000000
vn 0.156351 -0.987670 0.000000
vn 0.453977 -0.890924 0.000000
vn 0.453977 -0.890924 0.000000
vn 0.453977 -0.890924 0.000000
vn 0.453977 -0.890924 0.000000
vn 0.707044 -0.707044 0.000000
vn 0.707044 -0.707044 0.000000
vn 0.707044 -0.707044 0.000000
vn 0.707044 -0.707044 0.000000
vn 0.890924 -0.453977 0.000000
vn 0.890924 -0.453977 0.000000
vn 0.890924 -0.453977 0.000000
vn 0.890924 -0.453977 0.000000
vn 0.000000 0.000000 1.000000
vn 0.000000 0.000000 1.000000
vn 0.000000 0.000000 1.000000
vn 0.000000 0.000000 1.000000
vn 0.000000 0.000000 -1.000000
vn 0.000000 0.000000 -1.000000
vn 0.000000 0.000000 -1.000000
vn 0.000000 0.000000 -1.000000
vn 0.000000 0.000000 1.000000
vn 0.000000 0.000000 1.000000
vn 0.000000 0.000000 1.000000
vn 0.000000 0.000000 1.000000
vn 0.000000 0.000000 -1.000000
vn 0.000000 0.000000 -1.000000
vn 0.000000 0.000000 -1.000000
vn 0.000000 0.000000 -1.000000
vn 0.000000 0.000000 1.000000
vn 0.000000 0.000000 1.000000
vn 0.000000 0.000000 1.000000
vn 0.000000 0.000000 1.000000
vn 0.000000 0.000000 -1.000000
vn 0.000000 0.000000 -1.000000
vn 0.000000 0.000000 -1.000000
vn 0.000000 0.000000 -1.000000
vn 0.000000 0.000000 1.000000
vn 0.000000 0.000000 1.000000
vn 0.000000 0.000000 1.000000
vn 0.000000 0.000000 1.000000
vn 0.000000 0.000000 -1.000000
vn 0.000000 0.000000 -1.000000
vn 0.000000 0.000000 -1.000000
vn 0.000000 0.000000 -1.000000
vn 0.000000 0.000000 1.000000
vn 0.000000 0.000000 1.000000
vn 0.000000 0.000000 1.000000
vn 0.000000 0.000000 1.000000
vn 0.000000 0.000000 -1.000000
vn 0.000000 0.000000 -1.000000
vn 0.000000 0.000000 -1.000000
vn 0.000000 0.000000 -1.000000
vn 0.000000 0.000000 1.000000
vn 0.000000 0.000000 1.000000
vn 0.000000 0.000000 1.000000
vn 0.000000 0.000000 1.000000
vn 0.000000 0.000000 -1.000000
vn 0.000000 0.000000 -1.000000
vn 0.000000 0.000000 -1.000000
vn 0.000000 0.000000 -1.000000
vn 0.000000 0.000000 1.000000
vn 0.000000 0.000000 1.000000
vn 0.000000 0.000000 1.000000
vn 0.000000 0.000000 1.000000
vn 0.000000 0.000000 -1.000000
vn 0.000000 0.000000 -1.000000
vn 0.000000 0.000000 -1.000000
vn 0.000000 0.000000 -1.000000
vn 0.000000 0.000000 1.000000
vn 0.000000 0.000000 1.000000
vn 0.000000 0.000000 1.000000
vn 0.000000 0.000000 1.000000
vn 0.000000 0.000000 -1.000000
vn 0.000000 0.000000 -1.000000
vn 0.000000 0.000000 -1.000000
vn 0.000000 0.000000 -1.000000
vn 0.000000 0.000000 1.000000
vn 0.000000 0.000000 1.000000
vn 0.000000 0.000000 1.000000
vn 0.000000 0.000000 1.000000
vn 0.000000 0.000000 -1.000000
vn 0.000000 0.000000 -1.000000
vn 0.000000 0.000000 -1.000000
vn 0.000000 0.000000 -1.000000
vn 0.000000 0.000000 1.000000
vn 0.000000 0.000000 1.000000
vn 0.000000 0.000000 1.000000
vn 0.000000 0.000000 1.000000
vn 0.000000 0.000000 -1.000000
vn 0.000000 0.000000 -1.000000
vn 0.000000 0.000000 -1.000000
vn 0.000000 0.000000 -1.000000
vn 0.000000 0.000000 1.000000
vn 0.000000 0.000000 1.000000
vn 0.000000 0.000000 1.000000
vn 0.000000 0.000000 1.000000
vn 0.000000 0.000000 -1.000000
vn 0.000000 0.000000 -1.000000
vn 0.000000 0.000000 -1.000000
vn 0.000000 0.000000 -1.000000
vn 0.000000 0.000000 1.000000
vn 0.000000 0.000000 1.000000
vn 0.000000 0.000000 1.000000
vn 0.000000 0.000000 1.000000
vn 0.000000 0.000000 -1.000000
vn 0.000000 0.000000 -1.000000
vn 0.000000 0.000000 -1.000000
vn 0.000000 0.000000 -1.000000
vn 0.000000 0.000000 1.000000
vn 0.000000 0.000000 1.000000
vn 0.000000 0.000000 1.000000
vn 0.000000 0.000000 1.000000
vn 0.000000 0.000000 -1.000000
vn 0.000000 0.000000 -1.000000
vn 0.000000 0.000000 -1.000000
vn 0.000000 0.000000 -1.000000
vn 0.000000 0.000000 1.000000
vn 0.000000 0.000000 1.000000
vn 0.000000 0.000000 1.000000
vn 0.000000 0.000000 1.000000
vn 0.000000 0.000000 -1.000000
vn 0.000000 0.000000 -1.000000
vn 0.000000 0.000000 -1.000000
vn 0.000000 0.000000 -1.000000
vn 0.000000 0.000000 1.000000
vn 0.000000 0.000000 1.000000
vn 0.000000 0.000000 1.000000
vn 0.000000 0.000000 1.000000
vn 0.000000 0.000000 -1.000000
vn 0.000000 0.000000 -1.000000
vn 0.000000 0.000000 -1.000000
vn 0.000000 0.000000 -1.000000
vn 0.000000 0.000000 1.000000
vn 0.000000 0.000000 1.000000
vn 0.000000 0.000000 1.000000
vn 0.000000 0.000000 1.000000
vn 0.000000 0.000000 -1.000000
vn 0.000000 0.000000 -1.000000
vn 0.000000 0.000000 -1.000000
vn 0.000000 0.000000 -1.000000
vn 0.000000 0.000000 1.000000
vn 0.000000 0.000000 1.000000
vn 0.000000 0.000000 1.000000
vn 0.000000 0.000000 1.000000
vn 0.000000 0.000000 -1.000000
vn 0.000000 0.000000 -1.000000
vn 0.000000 0.000000 -1.000000
vn 0.000000 0.000000 -1.000000
vn 0.000000 0.000000 1.000000
vn 0.000000 0.000000 1.000000
vn 0.000000 0.000000 1.000000
vn 0.000000 0.000000 1.000000
vn 0.000000 0.000000 -1.000000
vn 0.000000 0.000000 -1.000000
vn 0.000000 0.000000 -1.000000
vn 0.000000 0.000000 -1.000000
vn 0.000000 0.000000 1.000000
vn 0.000000 0.000000 1.000000
vn 0.000000 0.000000 1.000000
vn 0.000000 0.000000 1.000000
vn 0.000000 0.000000 -1.000000
vn 0.000000 0.000000 -1.000000
vn 0.000000 0.000000 -1.000000
vn 0.000000 0.000000 -1.000000
vn 0.000000 0.000000 1.000000
vn 0.000000 0.000000 1.000000
vn 0.000000 0.000000 1.000000
vn 0.000000 0.000000 1.000000
vn 0.000000 0.000000 -1.000000
vn 0.000000 0.000000 -1.000000
vn 0.000000 0.000000 -1.000000
vn 0.000000 0.000000 -1.000000
vn 0.701520 0.468748 -0.536654
vn 0.701520 0.468748 -0.536654
vn 0.701520 0.468748 -0.536654
vn 0.701520 0.468748 -0.536654
vn 0.468748 0.701520 -0.536654
vn 0.468748 0.701520 -0.536654
vn 0.468748 0.701520 -0.536654
vn 0.468748 0.701520 -0.536654
vn 0.164530 0.827565 -0.536654
vn 0.164530 0.827565 -0.536654
vn 0.164530 0.827565 -0.536654
vn 0.164530 0.827565 -0.536654
vn -0.164530 0.827565 -0.536654
vn -0.164530 0.827565 -0.536654
vn -0.164530 0.827565 -0.536654
vn -0.164530 0.827565 -0.536654
vn -0.468748 0.701520 -0.536654
vn -0.468748 0.701520 -0.536654
vn -0.468748 0.701520 -0.536654
vn -0.468748 0.701520 -0.536654
vn -0.701520 0.468748 -0.536654
vn -0.701520 0.468748 -0.536654
vn -0.701520 0.468748 -0.536654
vn -0.701520 0.468748 -0.536654
vn -0.827565 0.164530 -0.536654
vn -0.827565 0.164530 -0.536654
vn -0.827565 0.164530 -0.536654
vn -0.827565 0.164530 -0.536654
vn -0.827565 -0.164530 -0.536654
vn -0.827565 -0.164530 -0.536654
vn -0.827565 -0.164530 -0.536654
vn -0.827565 -0.164530 -0.536654
vn -0.701520 -0.468748 -0.536654
vn -0.701520 -0.468748 -0.536654
vn -0.701520 -0.468748 -0.536654
vn -0.701520 -0.468748 -0.536654
vn -0.468748 -0.701520 -0.536654
vn -0.468748 -0.701520 -0.536654
vn -0.468748 -0.701520 -0.536654
vn -0.468748 -0.701520 -0.536654
vn -0.164530 -0.827565 -0.536654
vn -0.164530 -0.827565 -0.536654
vn -0.164530 -0.827565 -0.536654
vn -0.164530 -0.827565 -0.536654
vn 0.164530 -0.827565 -0.536654
vn 0.164530 -0.827565 -0.536654
vn 0.164530 -0.827565 -0.536654
vn 0.164530 -0.827565 -0.536654
vn 0.468748 -0.701520 -0.536654
vn 0.468748 -0.701520 -0.536654
vn 0.468748 -0.701520 -0.536654
vn 0.468748 -0.701520 -0.536654
vn 0.701520 -0.468748 -0.536654
vn 0.701520 -0.468748 -0.536654
vn 0.701520 -0.468748 -0.536654
vn 0.701520 -0.468748 -0.536654
vn 0.827565 -0.164530 -0.536654
vn 0.827565 -0.164530 -0.536654
vn 0.827565 -0.164530 -0.536654
vn 0.827565 -0.164530 -0.536654
vn 0.827565 0.164530 -0.536654
vn 0.827565 0.164530 -0.536654
vn 0.827565 0.164530 -0.536654
vn 0.827565 0.164530 -0.536654
vn 0.000000 0.000000 -1.000000
vn 0.000000 0.000000 -1.000000
vn 0.000000 0.000000 -1.000000
vn 0.000000 0.000000 -1.000000
vn 0.000000 0.000000 -1.000000
vn 0.000000 0.000000 -1.000000
vn 0.000000 0.000000 -1.000000
vn 0.000000 0.000000 -1.000000
vn 0.000000 0.000000 -1.000000
vn 0.000000 0.000000 -1.000000
vn 0.000000 0.000000 -1.000000
vn 0.000000 0.000000 -1.000000
vn 0.000000 0.000000 -1.000000
vn 0.000000 0.000000 -1.000000
vn 0.000000 0.000000 -1.000000
vn 0.000000 0.000000 -1.000000
vn 0.000000 0.000000 -1.000000
vn 0.000000 0.000000 -1.000000
vn 0.000000 0.000000 -1.000000
vn 0.000000 0.000000 -1.000000
vn 0.000000 0.000000 -1.000000
vn 0.000000 0.000000 -1.000000
vn 0.000000 0.000000 -1.000000
vn 0.000000 0.000000 -1.000000
vn 0.000000 0.000000 -1.000000
vn 0.000000 0.000000 -1.000000
vn 0.000000 0.000000 -1.000000
vn 0.000000 0.000000 -1.000000
vn 0.000000 0.000000 -1.000000
vn 0.000000 0.000000 -1.000000
vn 0.000000 0.000000 -1.000000
vn 0.000000 0.000000 -1.000000
vn 0.000000 0.000000 -1.000000
vn 0.000000 0.000000 -1.000000
vn 0.000000 0.000000 -1.000000
vn 0.000000 0.000000 -1.000000
vn 0.000000 0.000000 -1.000000
vn 0.000000 0.000000 -1.000000
vn 0.000000 0.000000 -1.000000
vn 0.000000 0.000000 -1.000000
vn 0.000000 0.000000 -1.000000
vn 0.000000 0.000000 -1.000000
vn 0.000000 0.000000 -1.000000
vn 0.000000 0.000000 -1.000000
vn 0.000000 0.000000 -1.000000
vn 0.000000 0.000000 -1.000000
vn 0.000000 0.000000 -1.000000
vn 0.000000 0.000000 -1.000000
vn 0.000000 0.000000 1.000000
vn 0.000000 0.000000 1.000000
vn 0.000000 0.000000 1.000000
vn 0.000000 0.000000 1.000000
vn 0.000000 0.000000 1.000000
vn 0.000000 0.000000 1.000000
vn 0.000000 0.000000 1.000000
vn 0.000000 0.000000 1.000000
vn 0.000000 0.000000 1.000000
vn 0.000000 0.000000 1.000000
vn 0.000000 0.000000 1.000000
vn 0.000000 0.000000 1.000000
vn 0.000000 0.000000 1.000000
vn 0.000000 0.000000 1.000000
vn 0.000000 0.000000 1.000000
vn 0.000000 0.000000 1.000000
vn 0.000000 0.000000 1.000000
vn 0.000000 0.000000 1.000000
vn 0.000000 0.000000 1.000000
vn 0.000000 0.000000 1.000000
vn 0.000000 0.000000 1.000000
vn 0.000000 0.000000 1.000000
vn 0.000000 0.000000 1.000000
vn 0.000000 0.000000 1.000000
vn 0.000000 0.000000 1.000000
vn 0.000000 0.000000 1.000000
vn 0.000000 0.000000 1.000000
vn 0.000000 0.000000 1.000000
vn 0.000000 0.000000 1.000000
vn 0.000000 0.000000 1.000000
vn 0.000000 0.000000 1.000000
vn 0.000000 0.000000 1.000000
vn 0.000000 0.000000 1.000000
vn 0.000000 0.000000 1.000000
vn 0.000000 0.000000 1.000000
vn 0.000000 0.000000 1.000000
vn 0.000000 0.000000 1.000000
vn 0.000000 0.000000 1.000000
vn 0.000000 0.000000 1.000000
vn 0.000000 0.000000 1.000000
vn 0.000000 0.000000 1.000000
vn 0.000000 0.000000 1.000000
vn 0.000000 0.000000 1.000000
vn 0.000000 0.000000 1.000000
vn 0.000000 0.000000 1.000000
vn 0.000000 0.000000 1.000000
vn 0.000000 0.000000 1.000000
vn 0.000000 0.000000 1.000000
vn 0.896478 0.178234 0.405512
vn 0.896478 0.178234 0.405512
vn 0.896478 0.178234 0.405512
vn 0.896478 0.178234 0.405512
vn 0.896478 -0.178234 0.405512
vn 0.896478 -0.178234 0.405512
vn 0.896478 -0.178234 0.405512
vn 0.896478 -0.178234 0.405512
vn 0.759934 -0.507813 0.405512
vn 0.759934 -0.507813 0.405512
vn 0.759934 -0.507813 0.405512
vn 0.759934 -0.507813 0.405512
vn 0.507813 -0.759934 0.405512
vn 0.507813 -0.759934 0.405512
vn 0.507813 -0.759934 0.405512
vn 0.507813 -0.759934 0.405512
vn 0.178264 -0.896478 0.405512
vn 0.178264 -0.896478 0.405512
vn 0.178264 -0.896478 0.405512
vn 0.178264 -0.896478 0.405512
vn -0.178264 -0.896478 0.405512
vn -0.178264 -0.896478 0.405512
vn -0.178264 -0.896478 0.405512
vn -0.178264 -0.896478 0.405512
vn -0.507813 -0.759934 0.405512
vn -0.507813 -0.759934 0.405512
vn -0.507813 -0.759934 0.405512
vn -0.507813 -0.759934 0.405512
vn -0.759934 -0.507813 0.405512
vn -0.759934 -0.507813 0.405512
vn -0.759934 -0.507813 0.405512
vn -0.759934 -0.507813 0.405512
vn -0.896478 -0.178234 0.405512
vn -0.896478 -0.178234 0.405512
vn -0.896478 -0.178234 0.405512
vn -0.896478 -0.178234 0.405512
vn -0.896478 0.178234 0.405512
vn -0.896478 0.178234 0.405512
vn -0.896478 0.178234 0.405512
vn -0.896478 0.178234 0.405512
vn -0.759934 0.507813 0.405512
vn -0.759934 0.507813 0.405512
vn -0.759934 0.507813 0.405512
vn -0.759934 0.507813 0.405512
vn -0.507813 0.759934 0.405512
vn -0.507813 0.759934 0.405512
vn -0.507813 0.759934 0.405512
vn -0.507813 0.759934 0.405512
vn -0.178264 0.896478 0.405512
vn -0.178264 0.896478 0.405512
vn -0.178264 0.896478 0.405512
vn -0.178264 0.896478 0.405512
vn 0.178234 0.896478 0.405512
vn 0.178234 0.896478 0.405512
vn 0.178234 0.896478 0.405512
vn 0.178234 0.896478 0.405512
vn 0.507813 0.759934 0.405512
vn 0.507813 0.759934 0.405512
vn 0.507813 0.759934 0.405512
vn 0.507813 0.759934 0.405512
vn 0.759934 0.507813 0.405512
vn 0.759934 0.507813 0.405512
vn 0.759934 0.507813 0.405512
vn 0.759934 0.507813 0.405512
vn 0.000000 0.000000 1.000000
vn 0.000000 0.000000 1.000000
vn 0.000000 0.000000 1.000000
vn 0.000000 0.000000 1.000000
vn 0.000000 0.000000 1.000000
vn 0.000000 0.000000 1.000000
vn 0.000000 0.000000 1.000000
vn 0.000000 0.000000 1.000000
vn 0.000000 0.000000 1.000000
vn 0.000000 0.000000 1.000000
vn 0.000000 0.000000 1.000000
vn 0.000000 0.000000 1.000000
vn 0.000000 0.000000 1.000000
vn 0.000000 0.000000 1.000000
vn 0.000000 0.000000 1.000000
vn 0.000000 0.000000 1.000000
vn 0.000000 0.000000 1.000000
vn 0.000000 0.000000 1.000000
vn 0.000000 0.000000 1.000000
vn 0.000000 0.000000 1.000000
vn 0.000000 0.000000 1.000000
vn 0.000000 0.000000 1.000000
vn 0.000000 0.000000 1.000000
vn 0.000000 0.000000 1.000000
vn 0.000000 0.000000 1.000000
vn 0.000000 0.000000 1.000000
vn 0.000000 0.000000 1.000000
vn 0.000000 0.000000 1.000000
vn 0.000000 0.000000 1.000000
vn 0.000000 0.000000 1.000000
vn 0.000000 0.000000 1.000000
vn 0.000000 0.000000 1.000000
vn 0.000000 0.000000 1.000000
vn 0.000000 0.000000 1.000000
vn 0.000000 0.000000 1.000000
vn 0.000000 0.000000 1.000000
vn 0.000000 0.000000 1.000000
vn 0.000000 0.000000 1.000000
vn 0.000000 0.000000 1.000000
vn 0.000000 0.000000 1.000000
vn 0.000000 0.000000 1.000000
vn 0.000000 0.000000 1.000000
vn 0.000000 0.000000 1.000000
vn 0.000000 0.000000 1.000000
vn 0.000000 0.000000 1.000000
vn 0.000000 0.000000 1.000000
vn 0.000000 0.000000 1.000000
vn 0.000000 0.000000 1.000000
vn 0.000000 0.000000 1.000000
vn 0.000000 0.000000 1.000000
vn 0.000000 0.000000 1.000000
vn 0.000000 0.000000 1.000000
vn 0.000000 0.000000 1.000000
vn 0.000000 0.000000 1.000000
vn 0.000000 0.000000 1.000000
vn 0.000000 0.000000 1.000000
vn 0.000000 0.000000 1.000000
vn 0.000000 0.000000 1.000000
vn 0.000000 0.000000 1.000000
vn 0.000000 0.000000 1.000000
vn 0.000000 0.000000 1.000000
vn 0.000000 0.000000 1.000000
vn 0.000000 0.000000 1.000000
vn 0.000000 0.000000 1.000000
vn -0.831472 -0.555484 0.000000
vn -0.831472 -0.555484 0.000000
vn -0.831472 -0.555484 0.000000
vn -0.831472 -0.555484 0.000000
vn -0.555484 -0.831441 0.000000
vn -0.555484 -0.831441 0.000000
vn -0.555484 -0.831441 0.000000
vn -0.555484 -0.831441 0.000000
vn -0.195080 -0.980712 0.000000
vn -0.195080 -0.980712 0.000000
vn -0.195080 -0.980712 0.000000
vn -0.195080 -0.980712 0.000000
vn 0.195080 -0.980712 0.000000
vn 0.195080 -0.980712 0.000000
vn 0.195080 -0.980712 0.000000
vn 0.195080 -0.980712 0.000000
vn 0.555515 -0.831441 0.000000
vn 0.555515 -0.831441 0.000000
vn 0.555515 -0.831441 0.000000
vn 0.555515 -0.831441 0.000000
vn 0.831441 -0.555515 0.000000
vn 0.831441 -0.555515 0.000000
vn 0.831441 -0.555515 0.000000
vn 0.831441 -0.555515 0.000000
vn 0.980712 -0.194989 0.000000
vn 0.980712 -0.194989 0.000000
vn 0.980712 -0.194989 0.000000
vn 0.980712 -0.194989 0.000000
vn 0.980712 0.194989 0.000000
vn 0.980712 0.194989 0.000000
vn 0.980712 0.194989 0.000000
vn 0.980712 0.194989 0.000000
vn 0.831441 0.555515 0.000000
vn 0.831441 0.555515 0.000000
vn 0.831441 0.555515 0.000000
vn 0.831441 0.555515 0.000000
vn 0.555515 0.831441 0.000000
vn 0.555515 0.831441 0.000000
vn 0.555515 0.831441 0.000000
vn 0.555515 0.831441 0.000000
vn 0.195080 0.980712 0.000000
vn 0.195080 0.980712 0.000000
vn 0.195080 0.980712 0.000000
vn 0.195080 0.980712 0.000000
vn -0.195080 0.980712 0.000000
vn -0.195080 0.980712 0.000000
vn -0.195080 0.980712 0.000000
vn -0.195080 0.980712 0.000000
vn -0.555484 0.831441 0.000000
vn -0.555484 0.831441 0.000000
vn -0.555484 0.831441 0.000000
vn -0.555484 0.831441 0.000000
vn -0.831472 0.555484 0.000000
vn -0.831472 0.555484 0.000000
vn -0.831472 0.555484 0.000000
vn -0.831472 0.555484 0.000000
vn -0.980712 0.194989 0.000000
vn -0.980712 0.194989 0.000000
vn -0.980712 0.194989 0.000000
vn -0.980712 0.194989 0.000000
vn -0.980712 -0.194989 0.000000
vn -0.980712 -0.194989 0.000000
vn -0.980712 -0.194989 0.000000
vn -0.980712 -0.194989 0.000000
vn 0.669505 0.133156 0.730666
vn 0.669505 0.133156 0.730666
vn 0.669505 0.133156 0.730666
vn 0.669505 0.133156 0.730666
vn 0.669505 -0.133156 0.730666
vn 0.669505 -0.133156 0.730666
vn 0.669505 -0.133156 0.730666
vn 0.669505 -0.133156 0.730666
vn 0.567601 -0.379174 0.730666
vn 0.567601 -0.379174 0.730666
vn 0.567601 -0.379174 0.730666
vn 0.567601 -0.379174 0.730666
vn 0.379174 -0.567601 0.730666
vn 0.379174 -0.567601 0.730666
vn 0.379174 -0.567601 0.730666
vn 0.379174 -0.567601 0.730666
vn 0.133156 -0.669505 0.730666
vn 0.133156 -0.669505 0.730666
vn 0.133156 -0.669505 0.730666
vn 0.133156 -0.669505 0.730666
vn -0.133156 -0.669505 0.730666
vn -0.133156 -0.669505 0.730666
vn -0.133156 -0.669505 0.730666
vn -0.133156 -0.669505 0.730666
vn -0.379174 -0.567601 0.730666
vn -0.379174 -0.567601 0.730666
vn -0.379174 -0.567601 0.730666
vn -0.379174 -0.567601 0.730666
vn -0.567601 -0.379174 0.730666
vn -0.567601 -0.379174 0.730666
vn -0.567601 -0.379174 0.730666
vn -0.567601 -0.379174 0.730666
vn -0.669505 -0.133156 0.730666
vn -0.669505 -0.133156 0.730666
vn -0.669505 -0.133156 0.730666
vn -0.669505 -0.133156 0.730666
vn -0.669505 0.133156 0.730666
vn -0.669505 0.133156 0.730666
vn -0.669505 0.133156 0.730666
vn -0.669505 0.133156 0.730666
vn -0.567601 0.379174 0.730666
vn -0.567601 0.379174 0.730666
vn -0.567601 0.379174 0.730666
vn -0.567601 0.379174 0.730666
vn -0.379174 0.567570 0.730666
vn -0.379174 0.567601 0.730666
vn -0.379174 0.567570 0.730666
vn -0.379174 0.567570 0.730666
vn -0.133156 0.669505 0.730666
vn -0.133156 0.669505 0.730666
vn -0.133156 0.669505 0.730666
vn -0.133156 0.669505 0.730666
vn 0.133156 0.669505 0.730666
vn 0.133156 0.669505 0.730666
vn 0.133156 0.669505 0.730666
vn 0.133156 0.669505 0.730666
vn 0.379174 0.567570 0.730666
vn 0.379174 0.567570 0.730666
vn 0.379174 0.567570 0.730666
vn 0.379174 0.567570 0.730666
vn 0.567601 0.379174 0.730666
vn 0.567601 0.379174 0.730666
vn 0.567601 0.379174 0.730666
vn 0.567601 0.379174 0.730666
vn 0.635384 0.126381 -0.761704
vn 0.635384 0.126381 -0.761704
vn 0.635384 0.126381 -0.761704
vn 0.635384 0.126381 -0.761704
vn 0.635384 -0.126381 -0.761704
vn 0.635384 -0.126381 -0.761704
vn 0.635384 -0.126381 -0.761704
vn 0.635384 -0.126381 -0.761704
vn 0.538699 -0.359946 -0.761704
vn 0.538699 -0.359946 -0.761704
vn 0.538699 -0.359946 -0.761704
vn 0.538699 -0.359946 -0.761704
vn 0.359946 -0.538699 -0.761704
vn 0.359946 -0.538699 -0.761704
vn 0.359946 -0.538699 -0.761704
vn 0.359946 -0.538699 -0.761704
vn 0.126381 -0.635384 -0.761704
vn 0.126381 -0.635384 -0.761704
vn 0.126381 -0.635384 -0.761704
vn 0.126381 -0.635384 -0.761704
vn -0.126381 -0.635384 -0.761704
vn -0.126381 -0.635384 -0.761704
vn -0.126381 -0.635384 -0.761704
vn -0.126381 -0.635384 -0.761704
vn -0.359946 -0.538699 -0.761704
vn -0.359946 -0.538699 -0.761704
vn -0.359946 -0.538699 -0.761704
vn -0.359946 -0.538699 -0.761704
vn -0.538699 -0.359946 -0.761704
vn -0.538699 -0.359946 -0.761704
vn -0.538699 -0.359946 -0.761704
vn -0.538699 -0.359946 -0.761704
vn -0.635384 -0.126381 -0.761704
vn -0.635384 -0.126381 -0.761704
vn -0.635384 -0.126381 -0.761704
vn -0.635384 -0.126381 -0.761704
vn -0.635384 0.126381 -0.761704
vn -0.635384 0.126381 -0.761704
vn -0.635384 0.126381 -0.761704
vn -0.635384 0.126381 -0.761704
vn -0.538699 0.359946 -0.761704
vn -0.538699 0.359946 -0.761704
vn -0.538699 0.359946 -0.761704
vn -0.538699 0.359946 -0.761704
vn -0.359946 0.538699 -0.761704
vn -0.359946 0.538699 -0.761704
vn -0.359946 0.538699 -0.761704
vn -0.359946 0.538699 -0.761704
vn -0.126381 0.635384 -0.761704
vn -0.126381 0.635384 -0.761704
vn -0.126381 0.635384 -0.761704
vn -0.126381 0.635384 -0.761704
vn 0.126381 0.635384 -0.761704
vn 0.126381 0.635384 -0.761704
vn 0.126381 0.635384 -0.761704
vn 0.126381 0.635384 -0.761704
vn 0.359946 0.538699 -0.761704
vn 0.359946 0.538699 -0.761704
vn 0.359946 0.538699 -0.761704
vn 0.359946 0.538699 -0.761704
vn 0.538699 0.359946 -0.761704
vn 0.538699 0.359946 -0.761704
vn 0.538699 0.359946 -0.761704
vn 0.538699 0.359946 -0.761704
vn 0.980712 0.195080 0.000000
vn 0.980712 0.195080 0.000000
vn 0.980712 0.195080 0.000000
vn 0.980712 0.195080 0.000000
vn 0.980712 -0.195080 0.000000
vn 0.980712 -0.195080 0.000000
vn 0.980712 -0.195080 0.000000
vn 0.980712 -0.195080 0.000000
vn 0.831441 -0.555484 0.000000
vn 0.831441 -0.555484 0.000000
vn 0.831441 -0.555484 0.000000
vn 0.831441 -0.555484 0.000000
vn 0.555484 -0.831441 0.000000
vn 0.555484 -0.831441 0.000000
vn 0.555484 -0.831441 0.000000
vn 0.555484 -0.831441 0.000000
vn 0.195080 -0.980712 0.000000
vn 0.195080 -0.980712 0.000000
vn 0.195080 -0.980712 0.000000
vn 0.195080 -0.980712 0.000000
vn -0.195080 -0.980712 0.000000
vn -0.195080 -0.980712 0.000000
vn -0.195080 -0.980712 0.000000
vn -0.195080 -0.980712 0.000000
vn -0.555484 -0.831441 0.000000
vn -0.555484 -0.831441 0.000000
vn -0.555484 -0.831441 0.000000
vn -0.555484 -0.831441 0.000000
vn -0.831441 -0.555484 0.000000
vn -0.831441 -0.555484 0.000000
vn -0.831441 -0.555484 0.000000
vn -0.831441 -0.555484 0.000000
vn -0.980712 -0.195080 0.000000
vn -0.980712 -0.195080 0.000000
vn -0.980712 -0.195080 0.000000
vn -0.980712 -0.195080 0.000000
vn -0.980712 0.195080 0.000000
vn -0.980712 0.195080 0.000000
vn -0.980712 0.195080 0.000000
vn -0.980712 0.195080 0.000000
vn -0.831441 0.555484 0.000000
vn -0.831441 0.555484 0.000000
vn -0.831441 0.555484 0.000000
vn -0.831441 0.555484 0.000000
vn -0.555484 0.831441 0.000000
vn -0.555484 0.831441 0.000000
vn -0.555484 0.831441 0.000000
vn -0.555484 0.831441 0.000000
vn -0.195080 0.980712 0.000000
vn -0.195080 0.980712 0.000000
vn -0.195080 0.980712 0.000000
vn -0.195080 0.980712 0.000000
vn 0.195080 0.980712 0.000000
vn 0.195080 0.980712 0.000000
vn 0.195080 0.980712 0.000000
vn 0.195080 0.980712 0.000000
vn 0.555484 0.831441 0.000000
vn 0.555484 0.831441 0.000000
vn 0.555484 0.831441 0.000000
vn 0.555484 0.831441 0.000000
vn 0.831441 0.555484 0.000000
vn 0.831441 0.555484 0.000000
vn 0.831441 0.555484 0.000000
vn 0.831441 0.555484 0.000000
vn 0.980712 0.195080 0.000000
vn 0.980712 0.195080 0.000000
vn 0.980712 0.195080 0.000000
vn 0.980712 0.195080 0.000000
vn 0.980712 -0.195080 0.000000
vn 0.980712 -0.195080 0.000000
vn 0.980712 -0.195080 0.000000
vn 0.980712 -0.195080 0.000000
vn 0.831441 -0.555484 0.000000
vn 0.831441 -0.555484 0.000000
vn 0.831441 -0.555484 0.000000
vn 0.831441 -0.555484 0.000000
vn 0.555484 -0.831441 0.000000
vn 0.555484 -0.831441 0.000000
vn 0.555484 -0.831441 0.000000
vn 0.555484 -0.831441 0.000000
vn 0.195080 -0.980712 0.000000
vn 0.195080 -0.980712 0.000000
vn 0.195080 -0.980712 0.000000
vn 0.195080 -0.980712 0.000000
vn -0.195080 -0.980712 0.000000
vn -0.195080 -0.980712 0.000000
vn -0.195080 -0.980712 0.000000
vn -0.195080 -0.980712 0.000000
vn -0.555484 -0.831441 0.000000
vn -0.555484 -0.831441 0.000000
vn -0.555484 -0.831441 0.000000
vn -0.555484 -0.831441 0.000000
vn -0.831441 -0.555484 0.000000
vn -0.831441 -0.555484 0.000000
vn -0.831441 -0.555484 0.000000
vn -0.831441 -0.555484 0.000000
vn -0.980712 -0.195080 0.000000
vn -0.980712 -0.195080 0.000000
vn -0.980712 -0.195080 0.000000
vn -0.980712 -0.195080 0.000000
vn -0.980712 0.195080 0.000000
vn -0.980712 0.195080 0.000000
vn -0.980712 0.195080 0.000000
vn -0.980712 0.195080 0.000000
vn -0.831441 0.555484 0.000000
vn -0.831441 0.555484 0.000000
vn -0.831441 0.555484 0.000000
vn -0.831441 0.555484 0.000000
vn -0.555484 0.831441 0.000000
vn -0.555484 0.831441 0.000000
vn -0.555484 0.831441 0.000000
vn -0.555484 0.831441 0.000000
vn -0.195080 0.980712 0.000000
vn -0.195080 0.980712 0.000000
vn -0.195080 0.980712 0.000000
vn -0.195080 0.980712 0.000000
vn 0.195080 0.980712 0.000000
vn 0.195080 0.980712 0.000000
vn 0.195080 0.980712 0.000000
vn 0.195080 0.980712 0.000000
vn 0.555484 0.831441 0.000000
vn 0.555484 0.831441 0.000000
vn 0.555484 0.831441 0.000000
vn 0.555484 0.831441 0.000000
vn 0.831441 0.555484 0.000000
vn 0.831441 0.555484 0.000000
vn 0.831441 0.555484 0.000000
vn 0.831441 0.555484 0.000000
vn 0.980712 0.195080 0.000000
vn 0.980712 0.195080 0.000000
vn 0.980712 0.195080 0.000000
vn 0.980712 0.195080 0.000000
vn 0.980712 -0.195080 0.000000
vn 0.980712 -0.195080 0.000000
vn 0.980712 -0.195080 0.000000
vn 0.980712 -0.195080 0.000000
vn 0.831441 -0.555484 0.000000
vn 0.831441 -0.555484 0.000000
vn 0.831441 -0.555484 0.000000
vn 0.831441 -0.555484 0.000000
vn 0.555484 -0.831441 0.000000
vn 0.555484 -0.831441 0.000000
vn 0.555484 -0.831441 0.000000
vn 0.555484 -0.831441 0.000000
vn 0.195080 -0.980712 0.000000
vn 0.195080 -0.980712 0.000000
vn 0.195080 -0.980712 0.000000
vn 0.195080 -0.980712 0.000000
vn -0.195080 -0.980712 0.000000
vn -0.195080 -0.980712 0.000000
vn -0.195080 -0.980712 0.000000
vn -0.195080 -0.980712 0.000000
vn -0.555484 -0.831441 0.000000
vn -0.555484 -0.831441 0.000000
vn -0.555484 -0.831441 0.000000
vn -0.555484 -0.831441 0.000000
vn -0.831441 -0.555484 0.000000
vn -0.831441 -0.555484 0.000000
vn -0.831441 -0.555484 0.000000
vn -0.831441 -0.555484 0.000000
vn -0.980712 -0.195080 0.000000
vn -0.980712 -0.195080 0.000000
vn -0.980712 -0.195080 0.000000
vn -0.980712 -0.195080 0.000000
vn -0.980712 0.195080 0.000000
vn -0.980712 0.195080 0.000000
vn -0.980712 0.195080 0.000000
vn -0.980712 0.195080 0.000000
vn -0.831441 0.555484 0.000000
vn -0.831441 0.555484 0.000000
vn -0.831441 0.555484 0.000000
vn -0.831441 0.555484 0.000000
vn -0.555484 0.831441 0.000000
vn -0.555484 0.831441 0.000000
vn -0.555484 0.831441 0.000000
vn -0.555484 0.831441 0.000000
vn -0.195080 0.980712 0.000000
vn -0.195080 0.980712 0.000000
vn -0.195080 0.980712 0.000000
vn -0.195080 0.980712 0.000000
vn 0.195080 0.980712 0.000000
vn 0.195080 0.980712 0.000000
vn 0.195080 0.980712 0.000000
vn 0.195080 0.980712 0.000000
vn 0.555484 0.831441 0.000000
vn 0.555484 0.831441 0.000000
vn 0.555484 0.831441 0.000000
vn 0.555484 0.831441 0.000000
vn 0.831441 0.555484 0.000000
vn 0.831441 0.555484 0.000000
vn 0.831441 0.555484 0.000000
vn 0.831441 0.555484 0.000000
vn 0.980712 0.195080 0.000000
vn 0.980712 0.195080 0.000000
vn 0.980712 0.195080 0.000000
vn 0.980712 0.195080 0.000000
vn 0.980712 -0.195080 0.000000
vn 0.980712 -0.195080 0.000000
vn 0.980712 -0.195080 0.000000
vn 0.980712 -0.195080 0.000000
vn 0.831441 -0.555484 0.000000
vn 0.831441 -0.555484 0.000000
vn 0.831441 -0.555484 0.000000
vn 0.831441 -0.555484 0.000000
vn 0.555484 -0.831441 0.000000
vn 0.555484 -0.831441 0.000000
vn 0.555484 -0.831441 0.000000
vn 0.555484 -0.831441 0.000000
vn 0.195080 -0.980712 0.000000
vn 0.195080 -0.980712 0.000000
vn 0.195080 -0.980712 0.000000
vn 0.195080 -0.980712 0.000000
vn -0.195080 -0.980712 0.000000
vn -0.195080 -0.980712 0.000000
vn -0.195080 -0.980712 0.000000
vn -0.195080 -0.980712 0.000000
vn -0.555484 -0.831441 0.000000
vn -0.555484 -0.831441 0.000000
vn -0.555484 -0.831441 0.000000
vn -0.555484 -0.831441 0.000000
vn -0.831441 -0.555484 0.000000
vn -0.831441 -0.555484 0.000000
vn -0.831441 -0.555484 0.000000
vn -0.831441 -0.555484 0.000000
vn -0.980712 -0.195080 0.000000
vn -0.980712 -0.195080 0.000000
vn -0.980712 -0.195080 0.000000
vn -0.980712 -0.195080 0.000000
vn -0.980712 0.195080 0.000000
vn -0.980712 0.195080 0.000000
vn -0.980712 0.195080 0.000000
vn -0.980712 0.195080 0.000000
vn -0.831441 0.555484 0.000000
vn -0.831441 0.555484 0.000000
vn -0.831441 0.555484 0.000000
vn -0.831441 0.555484 0.000000
vn -0.555484 0.831441 0.000000
vn -0.555484 0.831441 0.000000
vn -0.555484 0.831441 0.000000
vn -0.555484 0.831441 0.000000
vn -0.195080 0.980712 0.000000
vn -0.195080 0.980712 0.000000
vn -0.195080 0.980712 0.000000
vn -0.195080 0.980712 0.000000
vn 0.195080 0.980712 0.000000
vn 0.195080 0.980712 0.000000
vn 0.195080 0.980712 0.000000
vn 0.195080 0.980712 0.000000
vn 0.555484 0.831441 0.000000
vn 0.555484 0.831441 0.000000
vn 0.555484 0.831441 0.000000
vn 0.555484 0.831441 0.000000
vn 0.831441 0.555484 0.000000
vn 0.831441 0.555484 0.000000
vn 0.831441 0.555484 0.000000
vn 0.831441 0.555484 0.000000
vn 0.980712 0.195080 0.000000
vn 0.980712 0.195080 0.000000
vn 0.980712 0.195080 0.000000
vn 0.980712 0.195080 0.000000
vn 0.980712 -0.195080 0.000000
vn 0.980712 -0.195080 0.000000
vn 0.980712 -0.195080 0.000000
vn 0.980712 -0.195080 0.000000
vn 0.831441 -0.555484 0.000000
vn 0.831441 -0.555484 0.000000
vn 0.831441 -0.555484 0.000000
vn 0.831441 -0.555484 0.000000
vn 0.555484 -0.831441 0.000000
vn 0.555484 -0.831441 0.000000
vn 0.555484 -0.831441 0.000000
vn 0.555484 -0.831441 0.000000
vn 0.195080 -0.980712 0.000000
vn 0.195080 -0.980712 0.000000
vn 0.195080 -0.980712 0.000000
vn 0.195080 -0.980712 0.000000
vn -0.195080 -0.980712 0.000000
vn -0.195080 -0.980712 0.000000
vn -0.195080 -0.980712 0.000000
vn -0.195080 -0.980712 0.000000
vn -0.555484 -0.831441 0.000000
vn -0.555484 -0.831441 0.000000
vn -0.555484 -0.831441 0.000000
vn -0.555484 -0.831441 0.000000
vn -0.831441 -0.555484 0.000000
vn -0.831441 -0.555484 0.000000
vn -0.831441 -0.555484 0.000000
vn -0.831441 -0.555484 0.000000
vn -0.980712 -0.195080 0.000000
vn -0.980712 -0.195080 0.000000
vn -0.980712 -0.195080 0.000000
vn -0.980712 -0.195080 0.000000
vn -0.980712 0.195080 0.000000
vn -0.980712 0.195080 0.000000
vn -0.980712 0.195080 0.000000
vn -0.980712 0.195080 0.000000
vn -0.831441 0.555484 0.000000
vn -0.831441 0.555484 0.000000
vn -0.831441 0.555484 0.000000
vn -0.831441 0.555484 0.000000
vn -0.555484 0.831441 0.000000
vn -0.555484 0.831441 0.000000
vn -0.555484 0.831441 0.000000
vn -0.555484 0.831441 0.000000
vn -0.195080 0.980712 0.000000
vn -0.195080 0.980712 0.000000
vn -0.195080 0.980712 0.000000
vn -0.195080 0.980712 0.000000
vn 0.195080 0.980712 0.000000
vn 0.195080 0.980712 0.000000
vn 0.195080 0.980712 0.000000
vn 0.195080 0.980712 0.000000
vn 0.555484 0.831441 0.000000
vn 0.555484 0.831441 0.000000
vn 0.555484 0.831441 0.000000
vn 0.555484 0.831441 0.000000
vn 0.831441 0.555484 0.000000
vn 0.831441 0.555484 0.000000
vn 0.831441 0.555484 0.000000
vn 0.831441 0.555484 0.000000
vn 0.000000 0.000000 1.000000
vn 0.000000 0.000000 1.000000
vn 0.000000 0.000000 1.000000
vn 0.000000 0.000000 1.000000
vn 0.000000 0.000000 -1.000000
vn 0.000000 0.000000 -1.000000
vn 0.000000 0.000000 -1.000000
vn 0.000000 0.000000 -1.000000
vn 0.000000 0.000000 1.000000
vn 0.000000 0.000000 1.000000
vn 0.000000 0.000000 1.000000
vn 0.000000 0.000000 1.000000
vn 0.000000 0.000000 -1.000000
vn 0.000000 0.000000 -1.000000
vn 0.000000 0.000000 -1.000000
vn 0.000000 0.000000 -1.000000
vn 0.000000 0.000000 1.000000
vn 0.000000 0.000000 1.000000
vn 0.000000 0.000000 1.000000
vn 0.000000 0.000000 1.000000
vn 0.000000 0.000000 -1.000000
vn 0.000000 0.000000 -1.000000
vn 0.000000 0.000000 -1.000000
vn 0.000000 0.000000 -1.000000
vn 0.000000 0.000000 1.000000
vn 0.000000 0.000000 1.000000
vn 0.000000 0.000000 1.000000
vn 0.000000 0.000000 1.000000
vn 0.000000 0.000000 -1.000000
vn 0.000000 0.000000 -1.000000
vn 0.000000 0.000000 -1.000000
vn 0.000000 0.000000 -1.000000
vn 0.000000 0.000000 1.000000
vn 0.000000 0.000000 1.000000
vn 0.000000 0.000000 1.000000
vn 0.000000 0.000000 1.000000
vn 0.000000 0.000000 -1.000000
vn 0.000000 0.000000 -1.000000
vn 0.000000 0.000000 -1.000000
vn 0.000000 0.000000 -1.000000
vn 0.000000 0.000000 1.000000
vn 0.000000 0.000000 1.000000
vn 0.000000 0.000000 1.000000
vn 0.000000 0.000000 1.000000
vn 0.000000 0.000000 -1.000000
vn 0.000000 0.000000 -1.000000
vn 0.000000 0.000000 -1.000000
vn 0.000000 0.000000 -1.000000
vn 0.000000 0.000000 1.000000
vn 0.000000 0.000000 1.000000
vn 0.000000 0.000000 1.000000
vn 0.000000 0.000000 1.000000
vn 0.000000 0.000000 -1.000000
vn 0.000000 0.000000 -1.000000
vn 0.000000 0.000000 -1.000000
vn 0.000000 0.000000 -1.000000
vn 0.000000 0.000000 1.000000
vn 0.000000 0.000000 1.000000
vn 0.000000 0.000000 1.000000
vn 0.000000 0.000000 1.000000
vn 0.000000 0.000000 -1.000000
vn 0.000000 0.000000 -1.000000
vn 0.000000 0.000000 -1.000000
vn 0.000000 0.000000 -1.000000
vn 0.000000 0.000000 1.000000
vn 0.000000 0.000000 1.000000
vn 0.000000 0.000000 1.000000
vn 0.000000 0.000000 1.000000
vn 0.000000 0.000000 -1.000000
vn 0.000000 0.000000 -1.000000
vn 0.000000 0.000000 -1.000000
vn 0.000000 0.000000 -1.000000
vn 0.000000 0.000000 1.000000
vn 0.000000 0.000000 1.000000
vn 0.000000 0.000000 1.000000
vn 0.000000 0.000000 1.000000
vn 0.000000 0.000000 -1.000000
vn 0.000000 0.000000 -1.000000
vn 0.000000 0.000000 -1.000000
vn 0.000000 0.000000 -1.000000
vn 0.000000 0.000000 1.000000
vn 0.000000 0.000000 1.000000
vn 0.000000 0.000000 1.000000
vn 0.000000 0.000000 1.000000
vn 0.000000 0.000000 -1.000000
vn 0.000000 0.000000 -1.000000
vn 0.000000 0.000000 -1.000000
vn 0.000000 0.000000 -1.000000
vn 0.000000 0.000000 1.000000
vn 0.000000 0.000000 1.000000
vn 0.000000 0.000000 1.000000
vn 0.000000 0.000000 1.000000
vn 0.000000 0.000000 -1.000000
vn 0.000000 0.000000 -1.000000
vn 0.000000 0.000000 -1.000000
vn 0.000000 0.000000 -1.000000
vn 0.000000 0.000000 1.000000
vn 0.000000 0.000000 1.000000
vn 0.000000 0.000000 1.000000
vn 0.000000 0.000000 1.000000
vn 0.000000 0.000000 -1.000000
vn 0.000000 0.000000 -1.000000
vn 0.000000 0.000000 -1.000000
vn 0.000000 0.000000 -1.000000
vn 0.000000 0.000000 1.000000
vn 0.000000 0.000000 1.000000
vn 0.000000 0.000000 1.000000
vn 0.000000 0.000000 1.000000
vn 0.000000 0.000000 -1.000000
vn 0.000000 0.000000 -1.000000
vn 0.000000 0.000000 -1.000000
vn 0.000000 0.000000 -1.000000
vn 0.000000 0.000000 1.000000
vn 0.000000 0.000000 1.000000
vn 0.000000 0.000000 1.000000
vn 0.000000 0.000000 1.000000
vn 0.000000 0.000000 -1.000000
vn 0.000000 0.000000 -1.000000
vn 0.000000 0.000000 -1.000000
vn 0.000000 0.000000 -1.000000
vn 0.000000 0.000000 1.000000
vn 0.000000 0.000000 1.000000
vn 0.000000 0.000000 1.000000
vn 0.000000 0.000000 1.000000
vn 0.000000 0.000000 -1.000000
vn 0.000000 0.000000 -1.000000
vn 0.000000 0.000000 -1.000000
vn 0.000000 0.000000 -1.000000
vn 0.980712 0.195080 0.000000
vn 0.980712 0.195080 0.000000
vn 0.980712 0.195080 0.000000
vn 0.980712 0.195080 0.000000
vn 0.980712 -0.195080 0.000000
vn 0.980712 -0.195080 0.000000
vn 0.980712 -0.195080 0.000000
vn 0.980712 -0.195080 0.000000
vn 0.831441 -0.555484 0.000000
vn 0.831441 -0.555484 0.000000
vn 0.831441 -0.555484 0.000000
vn 0.831441 -0.555484 0.000000
vn 0.555484 -0.831441 0.000000
vn 0.555484 -0.831441 0.000000
vn 0.555484 -0.831441 0.000000
vn 0.555484 -0.831441 0.000000
vn 0.195080 -0.980712 0.000000
vn 0.195080 -0.980712 0.000000
vn 0.195080 -0.980712 0.000000
vn 0.195080 -0.980712 0.000000
vn -0.195080 -0.980712 0.000000
vn -0.195080 -0.980712 0.000000
vn -0.195080 -0.980712 0.000000
vn -0.195080 -0.980712 0.000000
vn -0.555484 -0.831441 0.000000
vn -0.555484 -0.831441 0.000000
vn -0.555484 -0.831441 0.000000
vn -0.555484 -0.831441 0.000000
vn -0.831441 -0.555484 0.000000
vn -0.831441 -0.555484 0.000000
vn -0.831441 -0.555484 0.000000
vn -0.831441 -0.555484 0.000000
vn -0.980712 -0.195080 0.000000
vn -0.980712 -0.195080 0.000000
vn -0.980712 -0.195080 0.000000
vn -0.980712 -0.195080 0.000000
vn -0.980712 0.195080 0.000000
vn -0.980712 0.195080 0.000000
vn -0.980712 0.195080 0.000000
vn -0.980712 0.195080 0.000000
vn -0.831441 0.555484 0.000000
vn -0.831441 0.555484 0.000000
vn -0.831441 0.555484 0.000000
vn -0.831441 0.555484 0.000000
vn -0.555484 0.831441 0.000000
vn -0.555484 0.831441 0.000000
vn -0.555484 0.831441 0.000000
vn -0.555484 0.831441 0.000000
vn -0.195080 0.980712 0.000000
vn -0.195080 0.980712 0.000000
vn -0.195080 0.980712 0.000000
vn -0.195080 0.980712 0.000000
vn 0.195080 0.980712 0.000000
vn 0.195080 0.980712 0.000000
vn 0.195080 0.980712 0.000000
vn 0.195080 0.980712 0.000000
vn 0.555484 0.831441 0.000000
vn 0.555484 0.831441 0.000000
vn 0.555484 0.831441 0.000000
vn 0.555484 0.831441 0.000000
vn 0.831441 0.555484 0.000000
vn 0.831441 0.555484 0.000000
vn 0.831441 0.555484 0.000000
vn 0.831441 0.555484 0.000000
vn 0.000000 0.000000 1.000000
vn 0.000000 0.000000 1.000000
vn 0.000000 0.000000 1.000000
vn 0.000000 0.000000 1.000000
vn 0.000000 0.000000 -1.000000
vn 0.000000 0.000000 -1.000000
vn 0.000000 0.000000 -1.000000
vn 0.000000 0.000000 -1.000000
vn 0.000000 0.000000 1.000000
vn 0.000000 0.000000 1.000000
vn 0.000000 0.000000 1.000000
vn 0.000000 0.000000 1.000000
vn 0.000000 0.000000 -1.000000
vn 0.000000 0.000000 -1.000000
vn 0.000000 0.000000 -1.000000
vn 0.000000 0.000000 -1.000000
vn 0.000000 0.000000 1.000000
vn 0.000000 0.000000 1.000000
vn 0.000000 0.000000 1.000000
vn 0.000000 0.000000 1.000000
vn 0.000000 0.000000 -1.000000
vn 0.000000 0.000000 -1.000000
vn 0.000000 0.000000 -1.000000
vn 0.000000 0.000000 -1.000000
vn 0.000000 0.000000 1.000000
vn 0.000000 0.000000 1.000000
vn 0.000000 0.000000 1.000000
vn 0.000000 0.000000 1.000000
vn 0.000000 0.000000 -1.000000
vn 0.000000 0.000000 -1.000000
vn 0.000000 0.000000 -1.000000
vn 0.000000 0.000000 -1.000000
vn 0.000000 0.000000 1.000000
vn 0.000000 0.000000 1.000000
vn 0.000000 0.000000 1.000000
vn 0.000000 0.000000 1.000000
vn 0.000000 0.000000 -1.000000
vn 0.000000 0.000000 -1.000000
vn 0.000000 0.000000 -1.000000
vn 0.000000 0.000000 -1.000000
vn 0.000000 0.000000 1.000000
vn 0.000000 0.000000 1.000000
vn 0.000000 0.000000 1.000000
vn 0.000000 0.000000 1.000000
vn 0.000000 0.000000 -1.000000
vn 0.000000 0.000000 -1.000000
vn 0.000000 0.000000 -1.000000
vn 0.000000 0.000000 -1.000000
vn 0.000000 0.000000 1.000000
vn 0.000000 0.000000 1.000000
vn 0.000000 0.000000 1.000000
vn 0.000000 0.000000 1.000000
vn 0.000000 0.000000 -1.000000
vn 0.000000 0.000000 -1.000000
vn 0.000000 0.000000 -1.000000
vn 0.000000 0.000000 -1.000000
vn 0.000000 0.000000 1.000000
vn 0.000000 0.000000 1.000000
vn 0.000000 0.000000 1.000000
vn 0.000000 0.000000 1.000000
vn 0.000000 0.000000 -1.000000
vn 0.000000 0.000000 -1.000000
vn 0.000000 0.000000 -1.000000
vn 0.000000 0.000000 -1.000000
vn 0.000000 0.000000 1.000000
vn 0.000000 0.000000 1.000000
vn 0.000000 0.000000 1.000000
vn 0.000000 0.000000 1.000000
vn 0.000000 0.000000 -1.000000
vn 0.000000 0.000000 -1.000000
vn 0.000000 0.000000 -1.000000
vn 0.000000 0.000000 -1.000000
vn 0.000000 0.000000 1.000000
vn 0.000000 0.000000 1.000000
vn 0.000000 0.000000 1.000000
vn 0.000000 0.000000 1.000000
vn 0.000000 0.000000 -1.000000
vn 0.000000 0.000000 -1.000000
vn 0.000000 0.000000 -1.000000
vn 0.000000 0.000000 -1.000000
vn 0.000000 0.000000 1.000000
vn 0.000000 0.000000 1.000000
vn 0.000000 0.000000 1.000000
vn 0.000000 0.000000 1.000000
vn 0.000000 0.000000 -1.000000
vn 0.000000 0.000000 -1.000000
vn 0.000000 0.000000 -1.000000
vn 0.000000 0.000000 -1.000000
vn 0.000000 0.000000 1.000000
vn 0.000000 0.000000 1.000000
vn 0.000000 0.000000 1.000000
vn 0.000000 0.000000 1.000000
vn 0.000000 0.000000 -1.000000
vn 0.000000 0.000000 -1.000000
vn 0.000000 0.000000 -1.000000
vn 0.000000 0.000000 -1.000000
vn 0.000000 0.000000 1.000000
vn 0.000000 0.000000 1.000000
vn 0.000000 0.000000 1.000000
vn 0.000000 0.000000 1.000000
vn 0.000000 0.000000 -1.000000
vn 0.000000 0.000000 -1.000000
vn 0.000000 0.000000 -1.000000
vn 0.000000 0.000000 -1.000000
vn 0.000000 0.000000 1.000000
vn 0.000000 0.000000 1.000000
vn 0.000000 0.000000 1.000000
vn 0.000000 0.000000 1.000000
vn 0.000000 0.000000 -1.000000
vn 0.000000 0.000000 -1.000000
vn 0.000000 0.000000 -1.000000
vn 0.000000 0.000000 -1.000000
vn 0.000000 0.000000 1.000000
vn 0.000000 0.000000 1.000000
vn 0.000000 0.000000 1.000000
vn 0.000000 0.000000 1.000000
vn 0.000000 0.000000 -1.000000
vn 0.000000 0.000000 -1.000000
vn 0.000000 0.000000 -1.000000
vn 0.000000 0.000000 -1.000000
vn 0.000000 0.000000 1.000000
vn 0.000000 0.000000 1.000000
vn 0.000000 0.000000 1.000000
vn 0.000000 0.000000 1.000000
vn 0.000000 0.000000 -1.000000
vn 0.000000 0.000000 -1.000000
vn 0.000000 0.000000 -1.000000
vn 0.000000 0.000000 -1.000000
vn 0.980712 0.195080 0.000000
vn 0.980712 0.195080 0.000000
vn 0.980712 0.195080 0.000000
vn 0.980712 0.195080 0.000000
vn 0.980712 -0.195080 0.000000
vn 0.980712 -0.195080 0.000000
vn 0.980712 -0.195080 0.000000
vn 0.980712 -0.195080 0.000000
vn 0.831441 -0.555484 0.000000
vn 0.831441 -0.555484 0.000000
vn 0.831441 -0.555484 0.000000
vn 0.831441 -0.555484 0.000000
vn 0.555484 -0.831441 0.000000
vn 0.555484 -0.831441 0.000000
vn 0.555484 -0.831441 0.000000
vn 0.555484 -0.831441 0.000000
vn 0.195080 -0.980712 0.000000
vn 0.195080 -0.980712 0.000000
vn 0.195080 -0.980712 0.000000
vn 0.195080 -0.980712 0.000000
vn -0.195080 -0.980712 0.000000
vn -0.195080 -0.980712 0.000000
vn -0.195080 -0.980712 0.000000
vn -0.195080 -0.980712 0.000000
vn -0.555484 -0.831441 0.000000
vn -0.555484 -0.831441 0.000000
vn -0.555484 -0.831441 0.000000
vn -0.555484 -0.831441 0.000000
vn -0.831441 -0.555484 0.000000
vn -0.831441 -0.555484 0.000000
vn -0.831441 -0.555484 0.000000
vn -0.831441 -0.555484 0.000000
vn -0.980712 -0.195080 0.000000
vn -0.980712 -0.195080 0.000000
vn -0.980712 -0.195080 0.000000
vn -0.980712 -0.195080 0.000000
vn -0.980712 0.195080 0.000000
vn -0.980712 0.195080 0.000000
vn -0.980712 0.195080 0.000000
vn -0.980712 0.195080 0.000000
vn -0.831441 0.555484 0.000000
vn -0.831441 0.555484 0.000000
vn -0.831441 0.555484 0.000000
vn -0.831441 0.555484 0.000000
vn -0.555484 0.831441 0.000000
vn -0.555484 0.831441 0.000000
vn -0.555484 0.831441 0.000000
vn -0.555484 0.831441 0.000000
vn -0.195080 0.980712 0.000000
vn -0.195080 0.980712 0.000000
vn -0.195080 0.980712 0.000000
vn -0.195080 0.980712 0.000000
vn 0.195080 0.980712 0.000000
vn 0.195080 0.980712 0.000000
vn 0.195080 0.980712 0.000000
vn 0.195080 0.980712 0.000000
vn 0.555484 0.831441 0.000000
vn 0.555484 0.831441 0.000000
vn 0.555484 0.831441 0.000000
vn 0.555484 0.831441 0.000000
vn 0.831441 0.555484 0.000000
vn 0.831441 0.555484 0.000000
vn 0.831441 0.555484 0.000000
vn 0.831441 0.555484 0.000000
vn 0.000000 0.000000 1.000000
vn 0.000000 0.000000 1.000000
vn 0.000000 0.000000 1.000000
vn 0.000000 0.000000 1.000000
vn 0.000000 0.000000 -1.000000
vn 0.000000 0.000000 -1.000000
vn 0.000000 0.000000 -1.000000
vn 0.000000 0.000000 -1.000000
vn 0.000000 0.000000 1.000000
vn 0.000000 0.000000 1.000000
vn 0.000000 0.000000 1.000000
vn 0.000000 0.000000 1.000000
vn 0.000000 0.000000 -1.000000
vn 0.000000 0.000000 -1.000000
vn 0.000000 0.000000 -1.000000
vn 0.000000 0.000000 -1.000000
vn 0.000000 0.000000 1.000000
vn 0.000000 0.000000 1.000000
vn 0.000000 0.000000 1.000000
vn 0.000000 0.000000 1.000000
vn 0.000000 0.000000 -1.000000
vn 0.000000 0.000000 -1.000000
vn 0.000000 0.000000 -1.000000
vn 0.000000 0.000000 -1.000000
vn 0.000000 0.000000 1.000000
vn 0.000000 0.000000 1.000000
vn 0.000000 0.000000 1.000000
vn 0.000000 0.000000 1.000000
vn 0.000000 0.000000 -1.000000
vn 0.000000 0.000000 -1.000000
vn 0.000000 0.000000 -1.000000
vn 0.000000 0.000000 -1.000000
vn 0.000000 0.000000 1.000000
vn 0.000000 0.000000 1.000000
vn 0.000000 0.000000 1.000000
vn 0.000000 0.000000 1.000000
vn 0.000000 0.000000 -1.000000
vn 0.000000 0.000000 -1.000000
vn 0.000000 0.000000 -1.000000
vn 0.000000 0.000000 -1.000000
vn 0.000000 0.000000 1.000000
vn 0.000000 0.000000 1.000000
vn 0.000000 0.000000 1.000000
vn 0.000000 0.000000 1.000000
vn 0.000000 0.000000 -1.000000
vn 0.000000 0.000000 -1.000000
vn 0.000000 0.000000 -1.000000
vn 0.000000 0.000000 -1.000000
vn 0.000000 0.000000 1.000000
vn 0.000000 0.000000 1.000000
vn 0.000000 0.000000 1.000000
vn 0.000000 0.000000 1.000000
vn 0.000000 0.000000 -1.000000
vn 0.000000 0.000000 -1.000000
vn 0.000000 0.000000 -1.000000
vn 0.000000 0.000000 -1.000000
vn 0.000000 0.000000 1.000000
vn 0.000000 0.000000 1.000000
vn 0.000000 0.000000 1.000000
vn 0.000000 0.000000 1.000000
vn 0.000000 0.000000 -1.000000
vn 0.000000 0.000000 -1.000000
vn 0.000000 0.000000 -1.000000
vn 0.000000 0.000000 -1.000000
vn 0.000000 0.000000 1.000000
vn 0.000000 0.000000 1.000000
vn 0.000000 0.000000 1.000000
vn 0.000000 0.000000 1.000000
vn 0.000000 0.000000 -1.000000
vn 0.000000 0.000000 -1.000000
vn 0.000000 0.000000 -1.000000
vn 0.000000 0.000000 -1.000000
vn 0.000000 0.000000 1.000000
vn 0.000000 0.000000 1.000000
vn 0.000000 0.000000 1.000000
vn 0.000000 0.000000 1.000000
vn 0.000000 0.000000 -1.000000
vn 0.000000 0.000000 -1.000000
vn 0.000000 0.000000 -1.000000
vn 0.000000 0.000000 -1.000000
vn 0.000000 0.000000 1.000000
vn 0.000000 0.000000 1.000000
vn 0.000000 0.000000 1.000000
vn 0.000000 0.000000 1.000000
vn 0.000000 0.000000 -1.000000
vn 0.000000 0.000000 -1.000000
vn 0.000000 0.000000 -1.000000
vn 0.000000 0.000000 -1.000000
vn 0.000000 0.000000 1.000000
vn 0.000000 0.000000 1.000000
vn 0.000000 0.000000 1.000000
vn 0.000000 0.000000 1.000000
vn 0.000000 0.000000 -1.000000
vn 0.000000 0.000000 -1.000000
vn 0.000000 0.000000 -1.000000
vn 0.000000 0.000000 -1.000000
vn 0.000000 0.000000 1.000000
vn 0.000000 0.000000 1.000000
vn 0.000000 0.000000 1.000000
vn 0.000000 0.000000 1.000000
vn 0.000000 0.000000 -1.000000
vn 0.000000 0.000000 -1.000000
vn 0.000000 0.000000 -1.000000
vn 0.000000 0.000000 -1.000000
vn 0.000000 0.000000 1.000000
vn 0.000000 0.000000 1.000000
vn 0.000000 0.000000 1.000000
vn 0.000000 0.000000 1.000000
vn 0.000000 0.000000 -1.000000
vn 0.000000 0.000000 -1.000000
vn 0.000000 0.000000 -1.000000
vn 0.000000 0.000000 -1.000000
vn 0.000000 0.000000 1.000000
vn 0.000000 0.000000 1.000000
vn 0.000000 0.000000 1.000000
vn 0.000000 0.000000 1.000000
vn 0.000000 0.000000 -1.000000
vn 0.000000 0.000000 -1.000000
vn 0.000000 0.000000 -1.000000
vn 0.000000 0.000000 -1.000000
vn 0.000000 0.000000 1.000000
vn 0.000000 0.000000 1.000000
vn 0.000000 0.000000 1.000000
vn 0.000000 0.000000 1.000000
vn 0.000000 0.000000 -1.000000
vn 0.000000 0.000000 -1.000000
vn 0.000000 0.000000 -1.000000
vn 0.000000 0.000000 -1.000000
vn 0.000000 0.000000 -1.000000
vn 0.000000 0.000000 -1.000000
vn 0.000000 0.000000 -1.000000
vn 0.000000 0.000000 -1.000000
vn 0.000000 0.000000 -1.000000
vn 0.000000 0.000000 -1.000000
vn 0.000000 0.000000 -1.000000
vn 0.000000 0.000000 -1.000000
vn 0.000000 0.000000 -1.000000
vn 0.000000 0.000000 -1.000000
vn 0.000000 0.000000 -1.000000
vn 0.000000 0.000000 -1.000000
vn 0.000000 0.000000 -1.000000
vn 0.000000 0.000000 -1.000000
vn 0.000000 0.000000 -1.000000
vn 0.000000 0.000000 -1.000000
vn 0.000000 0.000000 -1.000000
vn 0.000000 0.000000 -1.000000
vn 0.000000 0.000000 -1.000000
vn 0.000000 0.000000 -1.000000
vn 0.000000 0.000000 -1.000000
vn 0.000000 0.000000 -1.000000
vn 0.000000 0.000000 -1.000000
vn 0.000000 0.000000 -1.000000
vn 0.000000 0.000000 -1.000000
vn 0.000000 0.000000 -1.000000
vn 0.000000 0.000000 -1.000000
vn 0.000000 0.000000 -1.000000
vn 0.000000 0.000000 -1.000000
vn 0.000000 0.000000 -1.000000
vn 0.000000 0.000000 -1.000000
vn 0.000000 0.000000 -1.000000
vn 0.000000 0.000000 -1.000000
vn 0.000000 0.000000 -1.000000
vn 0.000000 0.000000 -1.000000
vn 0.000000 0.000000 -1.000000
vn 0.000000 0.000000 -1.000000
vn 0.000000 0.000000 -1.000000
vn 0.000000 0.000000 -1.000000
vn 0.000000 0.000000 -1.000000
vn 0.000000 0.000000 -1.000000
vn 0.000000 0.000000 -1.000000
vn 0.000000 0.000000 -1.000000
vn 0.000000 0.000000 -1.000000
vn 0.000000 0.000000 -1.000000
vn 0.000000 0.000000 -1.000000
vn 0.000000 0.000000 -1.000000
vn 0.000000 0.000000 -1.000000
vn 0.000000 0.000000 -1.000000
vn 0.000000 0.000000 -1.000000
vn 0.000000 0.000000 -1.000000
vn 0.000000 0.000000 -1.000000
vn 0.000000 0.000000 -1.000000
vn 0.000000 0.000000 -1.000000
vn 0.000000 0.000000 -1.000000
vn 0.000000 0.000000 -1.000000
vn 0.000000 0.000000 -1.000000
vn 0.000000 0.000000 -1.000000
vn 0.000000 0.000000 -1.000000
vn 0.000000 0.000000 -1.000000
vn 0.000000 0.000000 -1.000000
vn 0.000000 0.000000 -1.000000
vn 0.000000 0.000000 -1.000000
vn 0.000000 0.000000 -1.000000
vn -0.831441 -0.555484 0.000000
vn -0.831441 -0.555484 0.000000
vn -0.831441 -0.555484 0.000000
vn -0.831441 -0.555484 0.000000
vn -0.555484 -0.831441 0.000000
vn -0.555484 -0.831441 0.000000
vn -0.555484 -0.831441 0.000000
vn -0.555484 -0.831441 0.000000
vn -0.195080 -0.980712 0.000000
vn -0.195080 -0.980712 0.000000
vn -0.195080 -0.980712 0.000000
vn -0.195080 -0.980712 0.000000
vn 0.195080 -0.980712 0.000000
vn 0.195080 -0.980712 0.000000
vn 0.195080 -0.980712 0.000000
vn 0.195080 -0.980712 0.000000
vn 0.555515 -0.831441 0.000000
vn 0.555515 -0.831441 0.000000
vn 0.555515 -0.831441 0.000000
vn 0.555515 -0.831441 0.000000
vn 0.831441 -0.555515 0.000000
vn 0.831441 -0.555515 0.000000
vn 0.831441 -0.555515 0.000000
vn 0.831441 -0.555515 0.000000
vn 0.980712 -0.195080 0.000000
vn 0.980712 -0.195080 0.000000
vn 0.980712 -0.195080 0.000000
vn 0.980712 -0.195080 0.000000
vn 0.980712 0.195111 0.000000
vn 0.980712 0.195111 0.000000
vn 0.980712 0.195111 0.000000
vn 0.980712 0.195111 0.000000
vn 0.831441 0.555484 0.000000
vn 0.831441 0.555484 0.000000
vn 0.831441 0.555484 0.000000
vn 0.831441 0.555484 0.000000
vn 0.555515 0.831441 0.000000
vn 0.555515 0.831441 0.000000
vn 0.555515 0.831441 0.000000
vn 0.555515 0.831441 0.000000
vn 0.195080 0.980712 0.000000
vn 0.195080 0.980712 0.000000
vn 0.195080 0.980712 0.000000
vn 0.195080 0.980712 0.000000
vn -0.195080 0.980712 0.000000
vn -0.195080 0.980712 0.000000
vn -0.195080 0.980712 0.000000
vn -0.195080 0.980712 0.000000
vn -0.555484 0.831441 0.000000
vn -0.555484 0.831441 0.000000
vn -0.555484 0.831441 0.000000
vn -0.555484 0.831441 0.000000
vn -0.831472 0.555484 0.000000
vn -0.831472 0.555484 0.000000
vn -0.831472 0.555484 0.000000
vn -0.831472 0.555484 0.000000
vn -0.980712 0.195080 0.000000
vn -0.980712 0.195080 0.000000
vn -0.980712 0.195080 0.000000
vn -0.980712 0.195080 0.000000
vn -0.980712 -0.195080 0.000000
vn -0.980712 -0.195080 0.000000
vn -0.980712 -0.195080 0.000000
vn -0.980712 -0.195080 0.000000
vn -0.701520 0.468748 -0.536654
vn -0.701520 0.468748 -0.536654
vn -0.701520 0.468748 -0.536654
vn -0.701520 0.468748 -0.536654
vn -0.468748 0.701520 -0.536654
vn -0.468748 0.701520 -0.536654
vn -0.468748 0.701520 -0.536654
vn -0.468748 0.701520 -0.536654
vn -0.164530 0.827565 -0.536654
vn -0.164530 0.827565 -0.536654
vn -0.164530 0.827565 -0.536654
vn -0.164530 0.827565 -0.536654
vn 0.164530 0.827565 -0.536654
vn 0.164530 0.827565 -0.536654
vn 0.164530 0.827565 -0.536654
vn 0.164530 0.827565 -0.536654
vn 0.468748 0.701520 -0.536654
vn 0.468748 0.701520 -0.536654
vn 0.468748 0.701520 -0.536654
vn 0.468748 0.701520 -0.536654
vn 0.701520 0.468748 -0.536654
vn 0.701520 0.468748 -0.536654
vn 0.701520 0.468748 -0.536654
vn 0.701520 0.468748 -0.536654
vn 0.827565 0.164530 -0.536654
vn 0.827565 0.164530 -0.536654
vn 0.827565 0.164530 -0.536654
vn 0.827565 0.164530 -0.536654
vn 0.827565 -0.164530 -0.536654
vn 0.827565 -0.164530 -0.536654
vn 0.827565 -0.164530 -0.536654
vn 0.827565 -0.164530 -0.536654
vn 0.701520 -0.468748 -0.536654
vn 0.701520 -0.468748 -0.536654
vn 0.701520 -0.468748 -0.536654
vn 0.701520 -0.468748 -0.536654
vn 0.468748 -0.701520 -0.536654
vn 0.468748 -0.701520 -0.536654
vn 0.468748 -0.701520 -0.536654
vn 0.468748 -0.701520 -0.536654
vn 0.164530 -0.827565 -0.536654
vn 0.164530 -0.827565 -0.536654
vn 0.164530 -0.827565 -0.536654
vn 0.164530 -0.827565 -0.536654
vn -0.164530 -0.827565 -0.536654
vn -0.164530 -0.827565 -0.536654
vn -0.164530 -0.827565 -0.536654
vn -0.164530 -0.827565 -0.536654
vn -0.468748 -0.701520 -0.536654
vn -0.468748 -0.701520 -0.536654
vn -0.468748 -0.701520 -0.536654
vn -0.468748 -0.701520 -0.536654
vn -0.701520 -0.468748 -0.536654
vn -0.701520 -0.468748 -0.536654
vn -0.701520 -0.468748 -0.536654
vn -0.701520 -0.468748 -0.536654
vn -0.827565 -0.164530 -0.536654
vn -0.827565 -0.164530 -0.536654
vn -0.827565 -0.164530 -0.536654
vn -0.827565 -0.164530 -0.536654
vn -0.827565 0.164530 -0.536654
vn -0.827565 0.164530 -0.536654
vn -0.827565 0.164530 -0.536654
vn -0.827565 0.164530 -0.536654
vn 0.000000 0.000000 -1.000000
vn 0.000000 0.000000 -1.000000
vn 0.000000 0.000000 -1.000000
vn 0.000000 0.000000 -1.000000
vn 0.000000 0.000000 -1.000000
vn 0.000000 0.000000 -1.000000
vn 0.000000 0.000000 -1.000000
vn 0.000000 0.000000 -1.000000
vn 0.000000 0.000000 -1.000000
vn 0.000000 0.000000 -1.000000
vn 0.000000 0.000000 -1.000000
vn 0.000000 0.000000 -1.000000
vn 0.000000 0.000000 -1.000000
vn 0.000000 0.000000 -1.000000
vn 0.000000 0.000000 -1.000000
vn 0.000000 0.000000 -1.000000
vn 0.000000 0.000000 -1.000000
vn 0.000000 0.000000 -1.000000
vn 0.000000 0.000000 -1.000000
vn 0.000000 0.000000 -1.000000
vn 0.000000 0.000000 -1.000000
vn 0.000000 0.000000 -1.000000
vn 0.000000 0.000000 -1.000000
vn 0.000000 0.000000 -1.000000
vn 0.000000 0.000000 -1.000000
vn 0.000000 0.000000 -1.000000
vn 0.000000 0.000000 -1.000000
vn 0.000000 0.000000 -1.000000
vn 0.000000 0.000000 -1.000000
vn 0.000000 0.000000 -1.000000
vn 0.000000 0.000000 -1.000000
vn 0.000000 0.000000 -1.000000
vn 0.000000 0.000000 -1.000000
vn 0.000000 0.000000 -1.000000
vn 0.000000 0.000000 -1.000000
vn 0.000000 0.000000 -1.000000
vn 0.000000 0.000000 -1.000000
vn 0.000000 0.000000 -1.000000
vn 0.000000 0.000000 -1.000000
vn 0.000000 0.000000 -1.000000
vn 0.000000 0.000000 -1.000000
vn 0.000000 0.000000 -1.000000
vn 0.000000 0.000000 -1.000000
vn 0.000000 0.000000 -1.000000
vn 0.000000 0.000000 -1.000000
vn 0.000000 0.000000 -1.000000
vn 0.000000 0.000000 -1.000000
vn 0.000000 0.000000 -1.000000
vn 0.000000 0.000000 1.000000
vn 0.000000 0.000000 1.000000
vn 0.000000 0.000000 1.000000
vn 0.000000 0.000000 1.000000
vn 0.000000 0.000000 1.000000
vn 0.000000 0.000000 1.000000
vn 0.000000 0.000000 1.000000
vn 0.000000 0.000000 1.000000
vn 0.000000 0.000000 1.000000
vn 0.000000 0.000000 1.000000
vn 0.000000 0.000000 1.000000
vn 0.000000 0.000000 1.000000
vn 0.000000 0.000000 1.000000
vn 0.000000 0.000000 1.000000
vn 0.000000 0.000000 1.000000
vn 0.000000 0.000000 1.000000
vn 0.000000 0.000000 1.000000
vn 0.000000 0.000000 1.000000
vn 0.000000 0.000000 1.000000
vn 0.000000 0.000000 1.000000
vn 0.000000 0.000000 1.000000
vn 0.000000 0.000000 1.000000
vn 0.000000 0.000000 1.000000
vn 0.000000 0.000000 1.000000
vn 0.000000 0.000000 1.000000
vn 0.000000 0.000000 1.000000
vn 0.000000 0.000000 1.000000
vn 0.000000 0.000000 1.000000
vn 0.000000 0.000000 1.000000
vn 0.000000 0.000000 1.000000
vn 0.000000 0.000000 1.000000
vn 0.000000 0.000000 1.000000
vn 0.000000 0.000000 1.000000
vn 0.000000 0.000000 1.000000
vn 0.000000 0.000000 1.000000
vn 0.000000 0.000000 1.000000
vn 0.000000 0.000000 1.000000
vn 0.000000 0.000000 1.000000
vn 0.000000 0.000000 1.000000
vn 0.000000 0.000000 1.000000
vn 0.000000 0.000000 1.000000
vn 0.000000 0.000000 1.000000
vn 0.000000 0.000000 1.000000
vn 0.000000 0.000000 1.000000
vn 0.000000 0.000000 1.000000
vn 0.000000 0.000000 1.000000
vn 0.000000 0.000000 1.000000
vn 0.000000 0.000000 1.000000
vn -0.896478 0.178234 0.405512
vn -0.896478 0.178234 0.405512
vn -0.896478 0.178234 0.405512
vn -0.896478 0.178234 0.405512
vn -0.896478 -0.178234 0.405512
vn -0.896478 -0.178234 0.405512
vn -0.896478 -0.178234 0.405512
vn -0.896478 -0.178234 0.405512
vn -0.759934 -0.507813 0.405512
vn -0.759934 -0.507813 0.405512
vn -0.759934 -0.507813 0.405512
vn -0.759934 -0.507813 0.405512
vn -0.507813 -0.759934 0.405512
vn -0.507813 -0.759934 0.405512
vn -0.507813 -0.759934 0.405512
vn -0.507813 -0.759934 0.405512
vn -0.178264 -0.896478 0.405512
vn -0.178264 -0.896478 0.405512
vn -0.178264 -0.896478 0.405512
vn -0.178264 -0.896478 0.405512
vn 0.178264 -0.896478 0.405512
vn 0.178264 -0.896478 0.405512
vn 0.178264 -0.896478 0.405512
vn 0.178264 -0.896478 0.405512
vn 0.507813 -0.759934 0.405512
vn 0.507813 -0.759934 0.405512
vn 0.507813 -0.759934 0.405512
vn 0.507813 -0.759934 0.405512
vn 0.759934 -0.507813 0.405512
vn 0.759934 -0.507813 0.405512
vn 0.759934 -0.507813 0.405512
vn 0.759934 -0.507813 0.405512
vn 0.896478 -0.178234 0.405512
vn 0.896478 -0.178234 0.405512
vn 0.896478 -0.178234 0.405512
vn 0.896478 -0.178234 0.405512
vn 0.896478 0.178234 0.405512
vn 0.896478 0.178234 0.405512
vn 0.896478 0.178234 0.405512
vn 0.896478 0.178234 0.405512
vn 0.759934 0.507813 0.405512
vn 0.759934 0.507813 0.405512
vn 0.759934 0.507813 0.405512
vn 0.759934 0.507813 0.405512
vn 0.507813 0.759934 0.405512
vn 0.507813 0.759934 0.405512
vn 0.507813 0.759934 0.405512
vn 0.507813 0.759934 0.405512
vn 0.178264 0.896478 0.405512
vn 0.178264 0.896478 0.405512
vn 0.178264 0.896478 0.405512
vn 0.178264 0.896478 0.405512
vn -0.178234 0.896478 0.405512
vn -0.178234 0.896478 0.405512
vn -0.178234 0.896478 0.405512
vn -0.178234 0.896478 0.405512
vn -0.507813 0.759934 0.405512
vn -0.507813 0.759934 0.405512
vn -0.507813 0.759934 0.405512
vn -0.507813 0.759934 0.405512
vn -0.759934 0.507813 0.405512
vn -0.759934 0.507813 0.405512
vn -0.759934 0.507813 0.405512
vn -0.759934 0.507813 0.405512
vn 0.000000 0.000000 1.000000
vn 0.000000 0.000000 1.000000
vn 0.000000 0.000000 1.000000
vn 0.000000 0.000000 1.000000
vn 0.000000 0.000000 1.000000
vn 0.000000 0.000000 1.000000
vn 0.000000 0.000000 1.000000
vn 0.000000 0.000000 1.000000
vn 0.000000 0.000000 1.000000
vn 0.000000 0.000000 1.000000
vn 0.000000 0.000000 1.000000
vn 0.000000 0.000000 1.000000
vn 0.000000 0.000000 1.000000
vn 0.000000 0.000000 1.000000
vn 0.000000 0.000000 1.000000
vn 0.000000 0.000000 1.000000
vn 0.000000 0.000000 1.000000
vn 0.000000 0.000000 1.000000
vn 0.000000 0.000000 1.000000
vn 0.000000 0.000000 1.000000
vn 0.000000 0.000000 1.000000
vn 0.000000 0.000000 1.000000
vn 0.000000 0.000000 1.000000
vn 0.000000 0.000000 1.000000
vn 0.000000 0.000000 1.000000
vn 0.000000 0.000000 1.000000
vn 0.000000 0.000000 1.000000
vn 0.000000 0.000000 1.000000
vn 0.000000 0.000000 1.000000
vn 0.000000 0.000000 1.000000
vn 0.000000 0.000000 1.000000
vn 0.000000 0.000000 1.000000
vn 0.000000 0.000000 1.000000
vn 0.000000 0.000000 1.000000
vn 0.000000 0.000000 1.000000
vn 0.000000 0.000000 1.000000
vn 0.000000 0.000000 1.000000
vn 0.000000 0.000000 1.000000
vn 0.000000 0.000000 1.000000
vn 0.000000 0.000000 1.000000
vn 0.000000 0.000000 1.000000
vn 0.000000 0.000000 1.000000
vn 0.000000 0.000000 1.000000
vn 0.000000 0.000000 1.000000
vn 0.000000 0.000000 1.000000
vn 0.000000 0.000000 1.000000
vn 0.000000 0.000000 1.000000
vn 0.000000 0.000000 1.000000
vn 0.000000 0.000000 1.000000
vn 0.000000 0.000000 1.000000
vn 0.000000 0.000000 1.000000
vn 0.000000 0.000000 1.000000
vn 0.000000 0.000000 1.000000
vn 0.000000 0.000000 1.000000
vn 0.000000 0.000000 1.000000
vn 0.000000 0.000000 1.000000
vn 0.000000 0.000000 1.000000
vn 0.000000 0.000000 1.000000
vn 0.000000 0.000000 1.000000
vn 0.000000 0.000000 1.000000
vn 0.000000 0.000000 1.000000
vn 0.000000 0.000000 1.000000
vn 0.000000 0.000000 1.000000
vn 0.000000 0.000000 1.000000
vn 0.831472 -0.555484 0.000000
vn 0.831472 -0.555484 0.000000
vn 0.831472 -0.555484 0.000000
vn 0.831472 -0.555484 0.000000
vn 0.555484 -0.831441 0.000000
vn 0.555484 -0.831441 0.000000
vn 0.555484 -0.831441 0.000000
vn 0.555484 -0.831441 0.000000
vn 0.195080 -0.980712 0.000000
vn 0.195080 -0.980712 0.000000
vn 0.195080 -0.980712 0.000000
vn 0.195080 -0.980712 0.000000
vn -0.195080 -0.980712 0.000000
vn -0.195080 -0.980712 0.000000
vn -0.195080 -0.980712 0.000000
vn -0.195080 -0.980712 0.000000
vn -0.555515 -0.831441 0.000000
vn -0.555515 -0.831441 0.000000
vn -0.555515 -0.831441 0.000000
vn -0.555515 -0.831441 0.000000
vn -0.831441 -0.555515 0.000000
vn -0.831441 -0.555515 0.000000
vn -0.831441 -0.555515 0.000000
vn -0.831441 -0.555515 0.000000
vn -0.980712 -0.194989 0.000000
vn -0.980712 -0.194989 0.000000
vn -0.980712 -0.194989 0.000000
vn -0.980712 -0.194989 0.000000
vn -0.980712 0.194989 0.000000
vn -0.980712 0.194989 0.000000
vn -0.980712 0.194989 0.000000
vn -0.980712 0.194989 0.000000
vn -0.831441 0.555515 0.000000
vn -0.831441 0.555515 0.000000
vn -0.831441 0.555515 0.000000
vn -0.831441 0.555515 0.000000
vn -0.555515 0.831441 0.000000
vn -0.555515 0.831441 0.000000
vn -0.555515 0.831441 0.000000
vn -0.555515 0.831441 0.000000
vn -0.195080 0.980712 0.000000
vn -0.195080 0.980712 0.000000
vn -0.195080 0.980712 0.000000
vn -0.195080 0.980712 0.000000
vn 0.195080 0.980712 0.000000
vn 0.195080 0.980712 0.000000
vn 0.195080 0.980712 0.000000
vn 0.195080 0.980712 0.000000
vn 0.555484 0.831441 0.000000
vn 0.555484 0.831441 0.000000
vn 0.555484 0.831441 0.000000
vn 0.555484 0.831441 0.000000
vn 0.831441 0.555484 0.000000
vn 0.831441 0.555484 0.000000
vn 0.831441 0.555484 0.000000
vn 0.831441 0.555484 0.000000
vn 0.980712 0.194989 0.000000
vn 0.980712 0.194989 0.000000
vn 0.980712 0.194989 0.000000
vn 0.980712 0.194989 0.000000
vn 0.980712 -0.194989 0.000000
vn 0.980712 -0.194989 0.000000
vn 0.980712 -0.194989 0.000000
vn 0.980712 -0.194989 0.000000
vn -0.669505 0.133156 0.730666
vn -0.669505 0.133156 0.730666
vn -0.669505 0.133156 0.730666
vn -0.669505 0.133156 0.730666
vn -0.669505 -0.133156 0.730666
vn -0.669505 -0.133156 0.730666
vn -0.669505 -0.133156 0.730666
vn -0.669505 -0.133156 0.730666
vn -0.567601 -0.379174 0.730666
vn -0.567601 -0.379174 0.730666
vn -0.567601 -0.379174 0.730666
vn -0.567601 -0.379174 0.730666
vn -0.379174 -0.567601 0.730666
vn -0.379174 -0.567601 0.730666
vn -0.379174 -0.567601 0.730666
vn -0.379174 -0.567601 0.730666
vn -0.133156 -0.669505 0.730666
vn -0.133156 -0.669505 0.730666
vn -0.133156 -0.669505 0.730666
vn -0.133156 -0.669505 0.730666
vn 0.133156 -0.669505 0.730666
vn 0.133156 -0.669505 0.730666
vn 0.133156 -0.669505 0.730666
vn 0.133156 -0.669505 0.730666
vn 0.379174 -0.567601 0.730666
vn 0.379174 -0.567601 0.730666
vn 0.379174 -0.567601 0.730666
vn 0.379174 -0.567601 0.730666
vn 0.567601 -0.379174 0.730666
vn 0.567601 -0.379174 0.730666
vn 0.567601 -0.379174 0.730666
vn 0.567601 -0.379174 0.730666
vn 0.669505 -0.133156 0.730666
vn 0.669505 -0.133156 0.730666
vn 0.669505 -0.133156 0.730666
vn 0.669505 -0.133156 0.730666
vn 0.669505 0.133156 0.730666
vn 0.669505 0.133156 0.730666
vn 0.669505 0.133156 0.730666
vn 0.669505 0.133156 0.730666
vn 0.567601 0.379174 0.730666
vn 0.567601 0.379174 0.730666
vn 0.567601 0.379174 0.730666
vn 0.567601 0.379174 0.730666
vn 0.379174 0.567570 0.730666
vn 0.379174 0.567570 0.730666
vn 0.379174 0.567570 0.730666
vn 0.379174 0.567570 0.730666
vn 0.133156 0.669505 0.730666
vn 0.133156 0.669505 0.730666
vn 0.133156 0.669505 0.730666
vn 0.133156 0.669505 0.730666
vn -0.133156 0.669505 0.730666
vn -0.133156 0.669505 0.730666
vn -0.133156 0.669505 0.730666
vn -0.133156 0.669505 0.730666
vn -0.379174 0.567570 0.730666
vn -0.379174 0.567570 0.730666
vn -0.379174 0.567570 0.730666
vn -0.379174 0.567570 0.730666
vn -0.567570 0.379174 0.730666
vn -0.567570 0.379174 0.730666
vn -0.567570 0.379174 0.730666
vn -0.567570 0.379174 0.730666
vn -0.635384 0.126381 -0.761704
vn -0.635384 0.126381 -0.761704
vn -0.635384 0.126381 -0.761704
vn -0.635384 0.126381 -0.761704
vn -0.635384 -0.126381 -0.761704
vn -0.635384 -0.126381 -0.761704
vn -0.635384 -0.126381 -0.761704
vn -0.635384 -0.126381 -0.761704
vn -0.538699 -0.359946 -0.761704
vn -0.538699 -0.359946 -0.761704
vn -0.538699 -0.359946 -0.761704
vn -0.538699 -0.359946 -0.761704
vn -0.359946 -0.538699 -0.761704
vn -0.359946 -0.538699 -0.761704
vn -0.359946 -0.538699 -0.761704
vn -0.359946 -0.538699 -0.761704
vn -0.126381 -0.635384 -0.761704
vn -0.126381 -0.635384 -0.761704
vn -0.126381 -0.635384 -0.761704
vn -0.126381 -0.635384 -0.761704
vn 0.126381 -0.635384 -0.761704
vn 0.126381 -0.635384 -0.761704
vn 0.126381 -0.635384 -0.761704
vn 0.126381 -0.635384 -0.761704
vn 0.359946 -0.538699 -0.761704
vn 0.359946 -0.538699 -0.761704
vn 0.359946 -0.538699 -0.761704
vn 0.359946 -0.538699 -0.761704
vn 0.538699 -0.359946 -0.761704
vn 0.538699 -0.359946 -0.761704
vn 0.538699 -0.359946 -0.761704
vn 0.538699 -0.359946 -0.761704
vn 0.635384 -0.126381 -0.761704
vn 0.635384 -0.126381 -0.761704
vn 0.635384 -0.126381 -0.761704
vn 0.635384 -0.126381 -0.761704
vn 0.635384 0.126381 -0.761704
vn 0.635384 0.126381 -0.761704
vn 0.635384 0.126381 -0.761704
vn 0.635384 0.126381 -0.761704
vn 0.538699 0.359946 -0.761704
vn 0.538699 0.359946 -0.761704
vn 0.538699 0.359946 -0.761704
vn 0.538699 0.359946 -0.761704
vn 0.359946 0.538699 -0.761704
vn 0.359946 0.538699 -0.761704
vn 0.359946 0.538699 -0.761704
vn 0.359946 0.538699 -0.761704
vn 0.126381 0.635384 -0.761704
vn 0.126381 0.635384 -0.761704
vn 0.126381 0.635384 -0.761704
vn 0.126381 0.635384 -0.761704
vn -0.126381 0.635384 -0.761704
vn -0.126381 0.635384 -0.761704
vn -0.126381 0.635384 -0.761704
vn -0.126381 0.635384 -0.761704
vn -0.359946 0.538699 -0.761704
vn -0.359946 0.538699 -0.761704
vn -0.359946 0.538699 -0.761704
vn -0.359946 0.538699 -0.761704
vn -0.538699 0.359946 -0.761704
vn -0.538699 0.359946 -0.761704
vn -0.538699 0.359946 -0.761704
vn -0.538699 0.359946 -0.761704
vn -0.980712 0.195080 0.000000
vn -0.980712 0.195080 0.000000
vn -0.980712 0.195080 0.000000
vn -0.980712 0.195080 0.000000
vn -0.980712 -0.195080 0.000000
vn -0.980712 -0.195080 0.000000
vn -0.980712 -0.195080 0.000000
vn -0.980712 -0.195080 0.000000
vn -0.831441 -0.555484 0.000000
vn -0.831441 -0.555484 0.000000
vn -0.831441 -0.555484 0.000000
vn -0.831441 -0.555484 0.000000
vn -0.555484 -0.831441 0.000000
vn -0.555484 -0.831441 0.000000
vn -0.555484 -0.831441 0.000000
vn -0.555484 -0.831441 0.000000
vn -0.195080 -0.980712 0.000000
vn -0.195080 -0.980712 0.000000
vn -0.195080 -0.980712 0.000000
vn -0.195080 -0.980712 0.000000
vn 0.195080 -0.980712 0.000000
vn 0.195080 -0.980712 0.000000
vn 0.195080 -0.980712 0.000000
vn 0.195080 -0.980712 0.000000
vn 0.555484 -0.831441 0.000000
vn 0.555484 -0.831441 0.000000
vn 0.555484 -0.831441 0.000000
vn 0.555484 -0.831441 0.000000
vn 0.831441 -0.555484 0.000000
vn 0.831441 -0.555484 0.000000
vn 0.831441 -0.555484 0.000000
vn 0.831441 -0.555484 0.000000
vn 0.980712 -0.195080 0.000000
vn 0.980712 -0.195080 0.000000
vn 0.980712 -0.195080 0.000000
vn 0.980712 -0.195080 0.000000
vn 0.980712 0.195080 0.000000
vn 0.980712 0.195080 0.000000
vn 0.980712 0.195080 0.000000
vn 0.980712 0.195080 0.000000
vn 0.831441 0.555484 0.000000
vn 0.831441 0.555484 0.000000
vn 0.831441 0.555484 0.000000
vn 0.831441 0.555484 0.000000
vn 0.555484 0.831441 0.000000
vn 0.555484 0.831441 0.000000
vn 0.555484 0.831441 0.000000
vn 0.555484 0.831441 0.000000
vn 0.195080 0.980712 0.000000
vn 0.195080 0.980712 0.000000
vn 0.195080 0.980712 0.000000
vn 0.195080 0.980712 0.000000
vn -0.195080 0.980712 0.000000
vn -0.195080 0.980712 0.000000
vn -0.195080 0.980712 0.000000
vn -0.195080 0.980712 0.000000
vn -0.555484 0.831441 0.000000
vn -0.555484 0.831441 0.000000
vn -0.555484 0.831441 0.000000
vn -0.555484 0.831441 0.000000
vn -0.831441 0.555484 0.000000
vn -0.831441 0.555484 0.000000
vn -0.831441 0.555484 0.000000
vn -0.831441 0.555484 0.000000
vn -0.980712 0.195080 0.000000
vn -0.980712 0.195080 0.000000
vn -0.980712 0.195080 0.000000
vn -0.980712 0.195080 0.000000
vn -0.980712 -0.195080 0.000000
vn -0.980712 -0.195080 0.000000
vn -0.980712 -0.195080 0.000000
vn -0.980712 -0.195080 0.000000
vn -0.831441 -0.555484 0.000000
vn -0.831441 -0.555484 0.000000
vn -0.831441 -0.555484 0.000000
vn -0.831441 -0.555484 0.000000
vn -0.555484 -0.831441 0.000000
vn -0.555484 -0.831441 0.000000
vn -0.555484 -0.831441 0.000000
vn -0.555484 -0.831441 0.000000
vn -0.195080 -0.980712 0.000000
vn -0.195080 -0.980712 0.000000
vn -0.195080 -0.980712 0.000000
vn -0.195080 -0.980712 0.000000
vn 0.195080 -0.980712 0.000000
vn 0.195080 -0.980712 0.000000
vn 0.195080 -0.980712 0.000000
vn 0.195080 -0.980712 0.000000
vn 0.555484 -0.831441 0.000000
vn 0.555484 -0.831441 0.000000
vn 0.555484 -0.831441 0.000000
vn 0.555484 -0.831441 0.000000
vn 0.831441 -0.555484 0.000000
vn 0.831441 -0.555484 0.000000
vn 0.831441 -0.555484 0.000000
vn 0.831441 -0.555484 0.000000
vn 0.980712 -0.195080 0.000000
vn 0.980712 -0.195080 0.000000
vn 0.980712 -0.195080 0.000000
vn 0.980712 -0.195080 0.000000
vn 0.980712 0.195080 0.000000
vn 0.980712 0.195080 0.000000
vn 0.980712 0.195080 0.000000
vn 0.980712 0.195080 0.000000
vn 0.831441 0.555484 0.000000
vn 0.831441 0.555484 0.000000
vn 0.831441 0.555484 0.000000
vn 0.831441 0.555484 0.000000
vn 0.555484 0.831441 0.000000
vn 0.555484 0.831441 0.000000
vn 0.555484 0.831441 0.000000
vn 0.555484 0.831441 0.000000
vn 0.195080 0.980712 0.000000
vn 0.195080 0.980712 0.000000
vn 0.195080 0.980712 0.000000
vn 0.195080 0.980712 0.000000
vn -0.195080 0.980712 0.000000
vn -0.195080 0.980712 0.000000
vn -0.195080 0.980712 0.000000
vn -0.195080 0.980712 0.000000
vn -0.555484 0.831441 0.000000
vn -0.555484 0.831441 0.000000
vn -0.555484 0.831441 0.000000
vn -0.555484 0.831441 0.000000
vn -0.831441 0.555484 0.000000
vn -0.831441 0.555484 0.000000
vn -0.831441 0.555484 0.000000
vn -0.831441 0.555484 0.000000
vn -0.980712 0.195080 0.000000
vn -0.980712 0.195080 0.000000
vn -0.980712 0.195080 0.000000
vn -0.980712 0.195080 0.000000
vn -0.980712 -0.195080 0.000000
vn -0.980712 -0.195080 0.000000
vn -0.980712 -0.195080 0.000000
vn -0.980712 -0.195080 0.000000
vn -0.831441 -0.555484 0.000000
vn -0.831441 -0.555484 0.000000
vn -0.831441 -0.555484 0.000000
vn -0.831441 -0.555484 0.000000
vn -0.555484 -0.831441 0.000000
vn -0.555484 -0.831441 0.000000
vn -0.555484 -0.831441 0.000000
vn -0.555484 -0.831441 0.000000
vn -0.195080 -0.980712 0.000000
vn -0.195080 -0.980712 0.000000
vn -0.195080 -0.980712 0.000000
vn -0.195080 -0.980712 0.000000
vn 0.195080 -0.980712 0.000000
vn 0.195080 -0.980712 0.000000
vn 0.195080 -0.980712 0.000000
vn 0.195080 -0.980712 0.000000
vn 0.555484 -0.831441 0.000000
vn 0.555484 -0.831441 0.000000
vn 0.555484 -0.831441 0.000000
vn 0.555484 -0.831441 0.000000
vn 0.831441 -0.555484 0.000000
vn 0.831441 -0.555484 0.000000
vn 0.831441 -0.555484 0.000000
vn 0.831441 -0.555484 0.000000
vn 0.980712 -0.195080 0.000000
vn 0.980712 -0.195080 0.000000
vn 0.980712 -0.195080 0.000000
vn 0.980712 -0.195080 0.000000
vn 0.980712 0.195080 0.000000
vn 0.980712 0.195080 0.000000
vn 0.980712 0.195080 0.000000
vn 0.980712 0.195080 0.000000
vn 0.831441 0.555484 0.000000
vn 0.831441 0.555484 0.000000
vn 0.831441 0.555484 0.000000
vn 0.831441 0.555484 0.000000
vn 0.555484 0.831441 0.000000
vn 0.555484 0.831441 0.000000
vn 0.555484 0.831441 0.000000
vn 0.555484 0.831441 0.000000
vn 0.195080 0.980712 0.000000
vn 0.195080 0.980712 0.000000
vn 0.195080 0.980712 0.000000
vn 0.195080 0.980712 0.000000
vn -0.195080 0.980712 0.000000
vn -0.195080 0.980712 0.000000
vn -0.195080 0.980712 0.000000
vn -0.195080 0.980712 0.000000
vn -0.555484 0.831441 0.000000
vn -0.555484 0.831441 0.000000
vn -0.555484 0.831441 0.000000
vn -0.555484 0.831441 0.000000
vn -0.831441 0.555484 0.000000
vn -0.831441 0.555484 0.000000
vn -0.831441 0.555484 0.000000
vn -0.831441 0.555484 0.000000
vn -0.980712 0.195080 0.000000
vn -0.980712 0.195080 0.000000
vn -0.980712 0.195080 0.000000
vn -0.980712 0.195080 0.000000
vn -0.980712 -0.195080 0.000000
vn -0.980712 -0.195080 0.000000
vn -0.980712 -0.195080 0.000000
vn -0.980712 -0.195080 0.000000
vn -0.831441 -0.555484 0.000000
vn -0.831441 -0.555484 0.000000
vn -0.831441 -0.555484 0.000000
vn -0.831441 -0.555484 0.000000
vn -0.555484 -0.831441 0.000000
vn -0.555484 -0.831441 0.000000
vn -0.555484 -0.831441 0.000000
vn -0.555484 -0.831441 0.000000
vn -0.195080 -0.980712 0.000000
vn -0.195080 -0.980712 0.000000
vn -0.195080 -0.980712 0.000000
vn -0.195080 -0.980712 0.000000
vn 0.195080 -0.980712 0.000000
vn 0.195080 -0.980712 0.000000
vn 0.195080 -0.980712 0.000000
vn 0.195080 -0.980712 0.000000
vn 0.555484 -0.831441 0.000000
vn 0.555484 -0.831441 0.000000
vn 0.555484 -0.831441 0.000000
vn 0.555484 -0.831441 0.000000
vn 0.831441 -0.555484 0.000000
vn 0.831441 -0.555484 0.000000
vn 0.831441 -0.555484 0.000000
vn 0.831441 -0.555484 0.000000
vn 0.980712 -0.195080 0.000000
vn 0.980712 -0.195080 0.000000
vn 0.980712 -0.195080 0.000000
vn 0.980712 -0.195080 0.000000
vn 0.980712 0.195080 0.000000
vn 0.980712 0.195080 0.000000
vn 0.980712 0.195080 0.000000
vn 0.980712 0.195080 0.000000
vn 0.831441 0.555484 0.000000
vn 0.831441 0.555484 0.000000
vn 0.831441 0.555484 0.000000
vn 0.831441 0.555484 0.000000
vn 0.555484 0.831441 0.000000
vn 0.555484 0.831441 0.000000
vn 0.555484 0.831441 0.000000
vn 0.555484 0.831441 0.000000
vn 0.195080 0.980712 0.000000
vn 0.195080 0.980712 0.000000
vn 0.195080 0.980712 0.000000
vn 0.195080 0.980712 0.000000
vn -0.195080 0.980712 0.000000
vn -0.195080 0.980712 0.000000
vn -0.195080 0.980712 0.000000
vn -0.195080 0.980712 0.000000
vn -0.555484 0.831441 0.000000
vn -0.555484 0.831441 0.000000
vn -0.555484 0.831441 0.000000
vn -0.555484 0.831441 0.000000
vn -0.831441 0.555484 0.000000
vn -0.831441 0.555484 0.000000
vn -0.831441 0.555484 0.000000
vn -0.831441 0.555484 0.000000
vn -0.980712 0.195080 0.000000
vn -0.980712 0.195080 0.000000
vn -0.980712 0.195080 0.000000
vn -0.980712 0.195080 0.000000
vn -0.980712 -0.195080 0.000000
vn -0.980712 -0.195080 0.000000
vn -0.980712 -0.195080 0.000000
vn -0.980712 -0.195080 0.000000
vn -0.831441 -0.555484 0.000000
vn -0.831441 -0.555484 0.000000
vn -0.831441 -0.555484 0.000000
vn -0.831441 -0.555484 0.000000
vn -0.555484 -0.831441 0.000000
vn -0.555484 -0.831441 0.000000
vn -0.555484 -0.831441 0.000000
vn -0.555484 -0.831441 0.000000
vn -0.195080 -0.980712 0.000000
vn -0.195080 -0.980712 0.000000
vn -0.195080 -0.980712 0.000000
vn -0.195080 -0.980712 0.000000
vn 0.195080 -0.980712 0.000000
vn 0.195080 -0.980712 0.000000
vn 0.195080 -0.980712 0.000000
vn 0.195080 -0.980712 0.000000
vn 0.555484 -0.831441 0.000000
vn 0.555484 -0.831441 0.000000
vn 0.555484 -0.831441 0.000000
vn 0.555484 -0.831441 0.000000
vn 0.831441 -0.555484 0.000000
vn 0.831441 -0.555484 0.000000
vn 0.831441 -0.555484 0.000000
vn 0.831441 -0.555484 0.000000
vn 0.980712 -0.195080 0.000000
vn 0.980712 -0.195080 0.000000
vn 0.980712 -0.195080 0.000000
vn 0.980712 -0.195080 0.000000
vn 0.980712 0.195080 0.000000
vn 0.980712 0.195080 0.000000
vn 0.980712 0.195080 0.000000
vn 0.980712 0.195080 0.000000
vn 0.831441 0.555484 0.000000
vn 0.831441 0.555484 0.000000
vn 0.831441 0.555484 0.000000
vn 0.831441 0.555484 0.000000
vn 0.555484 0.831441 0.000000
vn 0.555484 0.831441 0.000000
vn 0.555484 0.831441 0.000000
vn 0.555484 0.831441 0.000000
vn 0.195080 0.980712 0.000000
vn 0.195080 0.980712 0.000000
vn 0.195080 0.980712 0.000000
vn 0.195080 0.980712 0.000000
vn -0.195080 0.980712 0.000000
vn -0.195080 0.980712 0.000000
vn -0.195080 0.980712 0.000000
vn -0.195080 0.980712 0.000000
vn -0.555484 0.831441 0.000000
vn -0.555484 0.831441 0.000000
vn -0.555484 0.831441 0.000000
vn -0.555484 0.831441 0.000000
vn -0.831441 0.555484 0.000000
vn -0.831441 0.555484 0.000000
vn -0.831441 0.555484 0.000000
vn -0.831441 0.555484 0.000000
vn 0.000000 0.000000 1.000000
vn 0.000000 0.000000 1.000000
vn 0.000000 0.000000 1.000000
vn 0.000000 0.000000 1.000000
vn 0.000000 0.000000 -1.000000
vn 0.000000 0.000000 -1.000000
vn 0.000000 0.000000 -1.000000
vn 0.000000 0.000000 -1.000000
vn 0.000000 0.000000 1.000000
vn 0.000000 0.000000 1.000000
vn 0.000000 0.000000 1.000000
vn 0.000000 0.000000 1.000000
vn 0.000000 0.000000 -1.000000
vn 0.000000 0.000000 -1.000000
vn 0.000000 0.000000 -1.000000
vn 0.000000 0.000000 -1.000000
vn 0.000000 0.000000 1.000000
vn 0.000000 0.000000 1.000000
vn 0.000000 0.000000 1.000000
vn 0.000000 0.000000 1.000000
vn 0.000000 0.000000 -1.000000
vn 0.000000 0.000000 -1.000000
vn 0.000000 0.000000 -1.000000
vn 0.000000 0.000000 -1.000000
vn 0.000000 0.000000 1.000000
vn 0.000000 0.000000 1.000000
vn 0.000000 0.000000 1.000000
vn 0.000000 0.000000 1.000000
vn 0.000000 0.000000 -1.000000
vn 0.000000 0.000000 -1.000000
vn 0.000000 0.000000 -1.000000
vn 0.000000 0.000000 -1.000000
vn 0.000000 0.000000 1.000000
vn 0.000000 0.000000 1.000000
vn 0.000000 0.000000 1.000000
vn 0.000000 0.000000 1.000000
vn 0.000000 0.000000 -1.000000
vn 0.000000 0.000000 -1.000000
vn 0.000000 0.000000 -1.000000
vn 0.000000 0.000000 -1.000000
vn 0.000000 0.000000 1.000000
vn 0.000000 0.000000 1.000000
vn 0.000000 0.000000 1.000000
vn 0.000000 0.000000 1.000000
vn 0.000000 0.000000 -1.000000
vn 0.000000 0.000000 -1.000000
vn 0.000000 0.000000 -1.000000
vn 0.000000 0.000000 -1.000000
vn 0.000000 0.000000 1.000000
vn 0.000000 0.000000 1.000000
vn 0.000000 0.000000 1.000000
vn 0.000000 0.000000 1.000000
vn 0.000000 0.000000 -1.000000
vn 0.000000 0.000000 -1.000000
vn 0.000000 0.000000 -1.000000
vn 0.000000 0.000000 -1.000000
vn 0.000000 0.000000 1.000000
vn 0.000000 0.000000 1.000000
vn 0.000000 0.000000 1.000000
vn 0.000000 0.000000 1.000000
vn 0.000000 0.000000 -1.000000
vn 0.000000 0.000000 -1.000000
vn 0.000000 0.000000 -1.000000
vn 0.000000 0.000000 -1.000000
vn 0.000000 0.000000 1.000000
vn 0.000000 0.000000 1.000000
vn 0.000000 0.000000 1.000000
vn 0.000000 0.000000 1.000000
vn 0.000000 0.000000 -1.000000
vn 0.000000 0.000000 -1.000000
vn 0.000000 0.000000 -1.000000
vn 0.000000 0.000000 -1.000000
vn 0.000000 0.000000 1.000000
vn 0.000000 0.000000 1.000000
vn 0.000000 0.000000 1.000000
vn 0.000000 0.000000 1.000000
vn 0.000000 0.000000 -1.000000
vn 0.000000 0.000000 -1.000000
vn 0.000000 0.000000 -1.000000
vn 0.000000 0.000000 -1.000000
vn 0.000000 0.000000 1.000000
vn 0.000000 0.000000 1.000000
vn 0.000000 0.000000 1.000000
vn 0.000000 0.000000 1.000000
vn 0.000000 0.000000 -1.000000
vn 0.000000 0.000000 -1.000000
vn 0.000000 0.000000 -1.000000
vn 0.000000 0.000000 -1.000000
vn 0.000000 0.000000 1.000000
vn 0.000000 0.000000 1.000000
vn 0.000000 0.000000 1.000000
vn 0.000000 0.000000 1.000000
vn 0.000000 0.000000 -1.000000
vn 0.000000 0.000000 -1.000000
vn 0.000000 0.000000 -1.000000
vn 0.000000 0.000000 -1.000000
vn 0.000000 0.000000 1.000000
vn 0.000000 0.000000 1.000000
vn 0.000000 0.000000 1.000000
vn 0.000000 0.000000 1.000000
vn 0.000000 0.000000 -1.000000
vn 0.000000 0.000000 -1.000000
vn 0.000000 0.000000 -1.000000
vn 0.000000 0.000000 -1.000000
vn 0.000000 0.000000 1.000000
vn 0.000000 0.000000 1.000000
vn 0.000000 0.000000 1.000000
vn 0.000000 0.000000 1.000000
vn 0.000000 0.000000 -1.000000
vn 0.000000 0.000000 -1.000000
vn 0.000000 0.000000 -1.000000
vn 0.000000 0.000000 -1.000000
vn 0.000000 0.000000 1.000000
vn 0.000000 0.000000 1.000000
vn 0.000000 0.000000 1.000000
vn 0.000000 0.000000 1.000000
vn 0.000000 0.000000 -1.000000
vn 0.000000 0.000000 -1.000000
vn 0.000000 0.000000 -1.000000
vn 0.000000 0.000000 -1.000000
vn 0.000000 0.000000 1.000000
vn 0.000000 0.000000 1.000000
vn 0.000000 0.000000 1.000000
vn 0.000000 0.000000 1.000000
vn 0.000000 0.000000 -1.000000
vn 0.000000 0.000000 -1.000000
vn 0.000000 0.000000 -1.000000
vn 0.000000 0.000000 -1.000000
vn -0.980712 0.195080 0.000000
vn -0.980712 0.195080 0.000000
vn -0.980712 0.195080 0.000000
vn -0.980712 0.195080 0.000000
vn -0.980712 -0.195080 0.000000
vn -0.980712 -0.195080 0.000000
vn -0.980712 -0.195080 0.000000
vn -0.980712 -0.195080 0.000000
vn -0.831441 -0.555484 0.000000
vn -0.831441 -0.555484 0.000000
vn -0.831441 -0.555484 0.000000
vn -0.831441 -0.555484 0.000000
vn -0.555484 -0.831441 0.000000
vn -0.555484 -0.831441 0.000000
vn -0.555484 -0.831441 0.000000
vn -0.555484 -0.831441 0.000000
vn -0.195080 -0.980712 0.000000
vn -0.195080 -0.980712 0.000000
vn -0.195080 -0.980712 0.000000
vn -0.195080 -0.980712 0.000000
vn 0.195080 -0.980712 0.000000
vn 0.195080 -0.980712 0.000000
vn 0.195080 -0.980712 0.000000
vn 0.195080 -0.980712 0.000000
vn 0.555484 -0.831441 0.000000
vn 0.555484 -0.831441 0.000000
vn 0.555484 -0.831441 0.000000
vn 0.555484 -0.831441 0.000000
vn 0.831441 -0.555484 0.000000
vn 0.831441 -0.555484 0.000000
vn 0.831441 -0.555484 0.000000
vn 0.831441 -0.555484 0.000000
vn 0.980712 -0.195080 0.000000
vn 0.980712 -0.195080 0.000000
vn 0.980712 -0.195080 0.000000
vn 0.980712 -0.195080 0.000000
vn 0.980712 0.195080 0.000000
vn 0.980712 0.195080 0.000000
vn 0.980712 0.195080 0.000000
vn 0.980712 0.195080 0.000000
vn 0.831441 0.555484 0.000000
vn 0.831441 0.555484 0.000000
vn 0.831441 0.555484 0.000000
vn 0.831441 0.555484 0.000000
vn 0.555484 0.831441 0.000000
vn 0.555484 0.831441 0.000000
vn 0.555484 0.831441 0.000000
vn 0.555484 0.831441 0.000000
vn 0.195080 0.980712 0.000000
vn 0.195080 0.980712 0.000000
vn 0.195080 0.980712 0.000000
vn 0.195080 0.980712 0.000000
vn -0.195080 0.980712 0.000000
vn -0.195080 0.980712 0.000000
vn -0.195080 0.980712 0.000000
vn -0.195080 0.980712 0.000000
vn -0.555484 0.831441 0.000000
vn -0.555484 0.831441 0.000000
vn -0.555484 0.831441 0.000000
vn -0.555484 0.831441 0.000000
vn -0.831441 0.555484 0.000000
vn -0.831441 0.555484 0.000000
vn -0.831441 0.555484 0.000000
vn -0.831441 0.555484 0.000000
vn 0.000000 0.000000 1.000000
vn 0.000000 0.000000 1.000000
vn 0.000000 0.000000 1.000000
vn 0.000000 0.000000 1.000000
vn 0.000000 0.000000 -1.000000
vn 0.000000 0.000000 -1.000000
vn 0.000000 0.000000 -1.000000
vn 0.000000 0.000000 -1.000000
vn 0.000000 0.000000 1.000000
vn 0.000000 0.000000 1.000000
vn 0.000000 0.000000 1.000000
vn 0.000000 0.000000 1.000000
vn 0.000000 0.000000 -1.000000
vn 0.000000 0.000000 -1.000000
vn 0.000000 0.000000 -1.000000
vn 0.000000 0.000000 -1.000000
vn 0.000000 0.000000 1.000000
vn 0.000000 0.000000 1.000000
vn 0.000000 0.000000 1.000000
vn 0.000000 0.000000 1.000000
vn 0.000000 0.000000 -1.000000
vn 0.000000 0.000000 -1.000000
vn 0.000000 0.000000 -1.000000
vn 0.000000 0.000000 -1.000000
vn 0.000000 0.000000 1.000000
vn 0.000000 0.000000 1.000000
vn 0.000000 0.000000 1.000000
vn 0.000000 0.000000 1.000000
vn 0.000000 0.000000 -1.000000
vn 0.000000 0.000000 -1.000000
vn 0.000000 0.000000 -1.000000
vn 0.000000 0.000000 -1.000000
vn 0.000000 0.000000 1.000000
vn 0.000000 0.000000 1.000000
vn 0.000000 0.000000 1.000000
vn 0.000000 0.000000 1.000000
vn 0.000000 0.000000 -1.000000
vn 0.000000 0.000000 -1.000000
vn 0.000000 0.000000 -1.000000
vn 0.000000 0.000000 -1.000000
vn 0.000000 0.000000 1.000000
vn 0.000000 0.000000 1.000000
vn 0.000000 0.000000 1.000000
vn 0.000000 0.000000 1.000000
vn 0.000000 0.000000 -1.000000
vn 0.000000 0.000000 -1.000000
vn 0.000000 0.000000 -1.000000
vn 0.000000 0.000000 -1.000000
vn 0.000000 0.000000 1.000000
vn 0.000000 0.000000 1.000000
vn 0.000000 0.000000 1.000000
vn 0.000000 0.000000 1.000000
vn 0.000000 0.000000 -1.000000
vn 0.000000 0.000000 -1.000000
vn 0.000000 0.000000 -1.000000
vn 0.000000 0.000000 -1.000000
vn 0.000000 0.000000 1.000000
vn 0.000000 0.000000 1.000000
vn 0.000000 0.000000 1.000000
vn 0.000000 0.000000 1.000000
vn 0.000000 0.000000 -1.000000
vn 0.000000 0.000000 -1.000000
vn 0.000000 0.000000 -1.000000
vn 0.000000 0.000000 -1.000000
vn 0.000000 0.000000 1.000000
vn 0.000000 0.000000 1.000000
vn 0.000000 0.000000 1.000000
vn 0.000000 0.000000 1.000000
vn 0.000000 0.000000 -1.000000
vn 0.000000 0.000000 -1.000000
vn 0.000000 0.000000 -1.000000
vn 0.000000 0.000000 -1.000000
vn 0.000000 0.000000 1.000000
vn 0.000000 0.000000 1.000000
vn 0.000000 0.000000 1.000000
vn 0.000000 0.000000 1.000000
vn 0.000000 0.000000 -1.000000
vn 0.000000 0.000000 -1.000000
vn 0.000000 0.000000 -1.000000
vn 0.000000 0.000000 -1.000000
vn 0.000000 0.000000 1.000000
vn 0.000000 0.000000 1.000000
vn 0.000000 0.000000 1.000000
vn 0.000000 0.000000 1.000000
vn 0.000000 0.000000 -1.000000
vn 0.000000 0.000000 -1.000000
vn 0.000000 0.000000 -1.000000
vn 0.000000 0.000000 -1.000000
vn 0.000000 0.000000 1.000000
vn 0.000000 0.000000 1.000000
vn 0.000000 0.000000 1.000000
vn 0.000000 0.000000 1.000000
vn 0.000000 0.000000 -1.000000
vn 0.000000 0.000000 -1.000000
vn 0.000000 0.000000 -1.000000
vn 0.000000 0.000000 -1.000000
vn 0.000000 0.000000 1.000000
vn 0.000000 0.000000 1.000000
vn 0.000000 0.000000 1.000000
vn 0.000000 0.000000 1.000000
vn 0.000000 0.000000 -1.000000
vn 0.000000 0.000000 -1.000000
vn 0.000000 0.000000 -1.000000
vn 0.000000 0.000000 -1.000000
vn 0.000000 0.000000 1.000000
vn 0.000000 0.000000 1.000000
vn 0.000000 0.000000 1.000000
vn 0.000000 0.000000 1.000000
vn 0.000000 0.000000 -1.000000
vn 0.000000 0.000000 -1.000000
vn 0.000000 0.000000 -1.000000
vn 0.000000 0.000000 -1.000000
vn 0.000000 0.000000 1.000000
vn 0.000000 0.000000 1.000000
vn 0.000000 0.000000 1.000000
vn 0.000000 0.000000 1.000000
vn 0.000000 0.000000 -1.000000
vn 0.000000 0.000000 -1.000000
vn 0.000000 0.000000 -1.000000
vn 0.000000 0.000000 -1.000000
vn 0.000000 0.000000 1.000000
vn 0.000000 0.000000 1.000000
vn 0.000000 0.000000 1.000000
vn 0.000000 0.000000 1.000000
vn 0.000000 0.000000 -1.000000
vn 0.000000 0.000000 -1.000000
vn 0.000000 0.000000 -1.000000
vn 0.000000 0.000000 -1.000000
vn -0.980712 0.195080 0.000000
vn -0.980712 0.195080 0.000000
vn -0.980712 0.195080 0.000000
vn -0.980712 0.195080 0.000000
vn -0.980712 -0.195080 0.000000
vn -0.980712 -0.195080 0.000000
vn -0.980712 -0.195080 0.000000
vn -0.980712 -0.195080 0.000000
vn -0.831441 -0.555484 0.000000
vn -0.831441 -0.555484 0.000000
vn -0.831441 -0.555484 0.000000
vn -0.831441 -0.555484 0.000000
vn -0.555484 -0.831441 0.000000
vn -0.555484 -0.831441 0.000000
vn -0.555484 -0.831441 0.000000
vn -0.555484 -0.831441 0.000000
vn -0.195080 -0.980712 0.000000
vn -0.195080 -0.980712 0.000000
vn -0.195080 -0.980712 0.000000
vn -0.195080 -0.980712 0.000000
vn 0.195080 -0.980712 0.000000
vn 0.195080 -0.980712 0.000000
vn 0.195080 -0.980712 0.000000
vn 0.195080 -0.980712 0.000000
vn 0.555484 -0.831441 0.000000
vn 0.555484 -0.831441 0.000000
vn 0.555484 -0.831441 0.000000
vn 0.555484 -0.831441 0.000000
vn 0.831441 -0.555484 0.000000
vn 0.831441 -0.555484 0.000000
vn 0.831441 -0.555484 0.000000
vn 0.831441 -0.555484 0.000000
vn 0.980712 -0.195080 0.000000
vn 0.980712 -0.195080 0.000000
vn 0.980712 -0.195080 0.000000
vn 0.980712 -0.195080 0.000000
vn 0.980712 0.195080 0.000000
vn 0.980712 0.195080 0.000000
vn 0.980712 0.195080 0.000000
vn 0.980712 0.195080 0.000000
vn 0.831441 0.555484 0.000000
vn 0.831441 0.555484 0.000000
vn 0.831441 0.555484 0.000000
vn 0.831441 0.555484 0.000000
vn 0.555484 0.831441 0.000000
vn 0.555484 0.831441 0.000000
vn 0.555484 0.831441 0.000000
vn 0.555484 0.831441 0.000000
vn 0.195080 0.980712 0.000000
vn 0.195080 0.980712 0.000000
vn 0.195080 0.980712 0.000000
vn 0.195080 0.980712 0.000000
vn -0.195080 0.980712 0.000000
vn -0.195080 0.980712 0.000000
vn -0.195080 0.980712 0.000000
vn -0.195080 0.980712 0.000000
vn -0.555484 0.831441 0.000000
vn -0.555484 0.831441 0.000000
vn -0.555484 0.831441 0.000000
vn -0.555484 0.831441 0.000000
vn -0.831441 0.555484 0.000000
vn -0.831441 0.555484 0.000000
vn -0.831441 0.555484 0.000000
vn -0.831441 0.555484 0.000000
vn 0.000000 0.000000 1.000000
vn 0.000000 0.000000 1.000000
vn 0.000000 0.000000 1.000000
vn 0.000000 0.000000 1.000000
vn 0.000000 0.000000 -1.000000
vn 0.000000 0.000000 -1.000000
vn 0.000000 0.000000 -1.000000
vn 0.000000 0.000000 -1.000000
vn 0.000000 0.000000 1.000000
vn 0.000000 0.000000 1.000000
vn 0.000000 0.000000 1.000000
vn 0.000000 0.000000 1.000000
vn 0.000000 0.000000 -1.000000
vn 0.000000 0.000000 -1.000000
vn 0.000000 0.000000 -1.000000
vn 0.000000 0.000000 -1.000000
vn 0.000000 0.000000 1.000000
vn 0.000000 0.000000 1.000000
vn 0.000000 0.000000 1.000000
vn 0.000000 0.000000 1.000000
vn 0.000000 0.000000 -1.000000
vn 0.000000 0.000000 -1.000000
vn 0.000000 0.000000 -1.000000
vn 0.000000 0.000000 -1.000000
vn 0.000000 0.000000 1.000000
vn 0.000000 0.000000 1.000000
vn 0.000000 0.000000 1.000000
vn 0.000000 0.000000 1.000000
vn 0.000000 0.000000 -1.000000
vn 0.000000 0.000000 -1.000000
vn 0.000000 0.000000 -1.000000
vn 0.000000 0.000000 -1.000000
vn 0.000000 0.000000 1.000000
vn 0.000000 0.000000 1.000000
vn 0.000000 0.000000 1.000000
vn 0.000000 0.000000 1.000000
vn 0.000000 0.000000 -1.000000
vn 0.000000 0.000000 -1.000000
vn 0.000000 0.000000 -1.000000
vn 0.000000 0.000000 -1.000000
vn 0.000000 0.000000 1.000000
vn 0.000000 0.000000 1.000000
vn 0.000000 0.000000 1.000000
vn 0.000000 0.000000 1.000000
vn 0.000000 0.000000 -1.000000
vn 0.000000 0.000000 -1.000000
vn 0.000000 0.000000 -1.000000
vn 0.000000 0.000000 -1.000000
vn 0.000000 0.000000 1.000000
vn 0.000000 0.000000 1.000000
vn 0.000000 0.000000 1.000000
vn 0.000000 0.000000 1.000000
vn 0.000000 0.000000 -1.000000
vn 0.000000 0.000000 -1.000000
vn 0.000000 0.000000 -1.000000
vn 0.000000 0.000000 -1.000000
vn 0.000000 0.000000 1.000000
vn 0.000000 0.000000 1.000000
vn 0.000000 0.000000 1.000000
vn 0.000000 0.000000 1.000000
vn 0.000000 0.000000 -1.000000
vn 0.000000 0.000000 -1.000000
vn 0.000000 0.000000 -1.000000
vn 0.000000 0.000000 -1.000000
vn 0.000000 0.000000 1.000000
vn 0.000000 0.000000 1.000000
vn 0.000000 0.000000 1.000000
vn 0.000000 0.000000 1.000000
vn 0.000000 0.000000 -1.000000
vn 0.000000 0.000000 -1.000000
vn 0.000000 0.000000 -1.000000
vn 0.000000 0.000000 -1.000000
vn 0.000000 0.000000 1.000000
vn 0.000000 0.000000 1.000000
vn 0.000000 0.000000 1.000000
vn 0.000000 0.000000 1.000000
vn 0.000000 0.000000 -1.000000
vn 0.000000 0.000000 -1.000000
vn 0.000000 0.000000 -1.000000
vn 0.000000 0.000000 -1.000000
vn 0.000000 0.000000 1.000000
vn 0.000000 0.000000 1.000000
vn 0.000000 0.000000 1.000000
vn 0.000000 0.000000 1.000000
vn 0.000000 0.000000 -1.000000
vn 0.000000 0.000000 -1.000000
vn 0.000000 0.000000 -1.000000
vn 0.000000 0.000000 -1.000000
vn 0.000000 0.000000 1.000000
vn 0.000000 0.000000 1.000000
vn 0.000000 0.000000 1.000000
vn 0.000000 0.000000 1.000000
vn 0.000000 0.000000 -1.000000
vn 0.000000 0.000000 -1.000000
vn 0.000000 0.000000 -1.000000
vn 0.000000 0.000000 -1.000000
vn 0.000000 0.000000 1.000000
vn 0.000000 0.000000 1.000000
vn 0.000000 0.000000 1.000000
vn 0.000000 0.000000 1.000000
vn 0.000000 0.000000 -1.000000
vn 0.000000 0.000000 -1.000000
vn 0.000000 0.000000 -1.000000
vn 0.000000 0.000000 -1.000000
vn 0.000000 0.000000 1.000000
vn 0.000000 0.000000 1.000000
vn 0.000000 0.000000 1.000000
vn 0.000000 0.000000 1.000000
vn 0.000000 0.000000 -1.000000
vn 0.000000 0.000000 -1.000000
vn 0.000000 0.000000 -1.000000
vn 0.000000 0.000000 -1.000000
vn 0.000000 0.000000 1.000000
vn 0.000000 0.000000 1.000000
vn 0.000000 0.000000 1.000000
vn 0.000000 0.000000 1.000000
vn 0.000000 0.000000 -1.000000
vn 0.000000 0.000000 -1.000000
vn 0.000000 0.000000 -1.000000
vn 0.000000 0.000000 -1.000000
vn 0.000000 0.000000 1.000000
vn 0.000000 0.000000 1.000000
vn 0.000000 0.000000 1.000000
vn 0.000000 0.000000 1.000000
vn 0.000000 0.000000 -1.000000
vn 0.000000 0.000000 -1.000000
vn 0.000000 0.000000 -1.000000
vn 0.000000 0.000000 -1.000000
vn 0.000000 0.000000 -1.000000
vn 0.000000 0.000000 -1.000000
vn 0.000000 0.000000 -1.000000
vn 0.000000 0.000000 -1.000000
vn 0.000000 0.000000 -1.000000
vn 0.000000 0.000000 -1.000000
vn 0.000000 0.000000 -1.000000
vn 0.000000 0.000000 -1.000000
vn 0.000000 0.000000 -1.000000
vn 0.000000 0.000000 -1.000000
vn 0.000000 0.000000 -1.000000
vn 0.000000 0.000000 -1.000000
vn 0.000000 0.000000 -1.000000
vn 0.000000 0.000000 -1.000000
vn 0.000000 0.000000 -1.000000
vn 0.000000 0.000000 -1.000000
vn 0.000000 0.000000 -1.000000
vn 0.000000 0.000000 -1.000000
vn 0.000000 0.000000 -1.000000
vn 0.000000 0.000000 -1.000000
vn 0.000000 0.000000 -1.000000
vn 0.000000 0.000000 -1.000000
vn 0.000000 0.000000 -1.000000
vn 0.000000 0.000000 -1.000000
vn 0.000000 0.000000 -1.000000
vn 0.000000 0.000000 -1.000000
vn 0.000000 0.000000 -1.000000
vn 0.000000 0.000000 -1.000000
vn 0.000000 0.000000 -1.000000
vn 0.000000 0.000000 -1.000000
vn 0.000000 0.000000 -1.000000
vn 0.000000 0.000000 -1.000000
vn 0.000000 0.000000 -1.000000
vn 0.000000 0.000000 -1.000000
vn 0.000000 0.000000 -1.000000
vn 0.000000 0.000000 -1.000000
vn 0.000000 0.000000 -1.000000
vn 0.000000 0.000000 -1.000000
vn 0.000000 0.000000 -1.000000
vn 0.000000 0.000000 -1.000000
vn 0.000000 0.000000 -1.000000
vn 0.000000 0.000000 -1.000000
vn 0.000000 0.000000 -1.000000
vn 0.000000 0.000000 -1.000000
vn 0.000000 0.000000 -1.000000
vn 0.000000 0.000000 -1.000000
vn 0.000000 0.000000 -1.000000
vn 0.000000 0.000000 -1.000000
vn 0.000000 0.000000 -1.000000
vn 0.000000 0.000000 -1.000000
vn 0.000000 0.000000 -1.000000
vn 0.000000 0.000000 -1.000000
vn 0.000000 0.000000 -1.000000
vn 0.000000 0.000000 -1.000000
vn 0.000000 0.000000 -1.000000
vn 0.000000 0.000000 -1.000000
vn 0.000000 0.000000 -1.000000
vn 0.000000 0.000000 -1.000000
vn 0.000000 0.000000 -1.000000
vn 0.000000 0.000000 -1.000000
vn 0.000000 0.000000 -1.000000
vn 0.000000 0.000000 -1.000000
vn 0.000000 0.000000 -1.000000
vn 0.000000 0.000000 -1.000000
vn 0.831441 -0.555484 0.000000
vn 0.831441 -0.555484 0.000000
vn 0.831441 -0.555484 0.000000
vn 0.831441 -0.555484 0.000000
vn 0.555484 -0.831441 0.000000
vn 0.555484 -0.831441 0.000000
vn 0.555484 -0.831441 0.000000
vn 0.555484 -0.831441 0.000000
vn 0.195080 -0.980712 0.000000
vn 0.195080 -0.980712 0.000000
vn 0.195080 -0.980712 0.000000
vn 0.195080 -0.980712 0.000000
vn -0.195080 -0.980712 0.000000
vn -0.195080 -0.980712 0.000000
vn -0.195080 -0.980712 0.000000
vn -0.195080 -0.980712 0.000000
vn -0.555515 -0.831441 0.000000
vn -0.555515 -0.831441 0.000000
vn -0.555515 -0.831441 0.000000
vn -0.555515 -0.831441 0.000000
vn -0.831441 -0.555515 0.000000
vn -0.831441 -0.555515 0.000000
vn -0.831441 -0.555515 0.000000
vn -0.831441 -0.555515 0.000000
vn -0.980712 -0.195080 0.000000
vn -0.980712 -0.195080 0.000000
vn -0.980712 -0.195080 0.000000
vn -0.980712 -0.195080 0.000000
vn -0.980712 0.195111 0.000000
vn -0.980712 0.195111 0.000000
vn -0.980712 0.195111 0.000000
vn -0.980712 0.195111 0.000000
vn -0.831441 0.555484 0.000000
vn -0.831441 0.555484 0.000000
vn -0.831441 0.555484 0.000000
vn -0.831441 0.555484 0.000000
vn -0.555515 0.831441 0.000000
vn -0.555515 0.831441 0.000000
vn -0.555515 0.831441 0.000000
vn -0.555515 0.831441 0.000000
vn -0.195080 0.980712 0.000000
vn -0.195080 0.980712 0.000000
vn -0.195080 0.980712 0.000000
vn -0.195080 0.980712 0.000000
vn 0.195080 0.980712 0.000000
vn 0.195080 0.980712 0.000000
vn 0.195080 0.980712 0.000000
vn 0.195080 0.980712 0.000000
vn 0.555484 0.831441 0.000000
vn 0.555484 0.831441 0.000000
vn 0.555484 0.831441 0.000000
vn 0.555484 0.831441 0.000000
vn 0.831472 0.555484 0.000000
vn 0.831472 0.555484 0.000000
vn 0.831472 0.555484 0.000000
vn 0.831472 0.555484 0.000000
vn 0.980712 0.195080 0.000000
vn 0.980712 0.195080 0.000000
vn 0.980712 0.195080 0.000000
vn 0.980712 0.195080 0.000000
vn 0.980712 -0.195080 0.000000
vn 0.980712 -0.195080 0.000000
vn 0.980712 -0.195080 0.000000
vn 0.980712 -0.195080 0.000000
vn 0.085119 -0.980498 0.176891
vn 0.085119 -0.980498 0.176891
vn 0.085119 -0.980498 0.176891
vn 0.085119 -0.980498 0.176891
vn 0.032045 0.999481 0.000000
vn 0.032045 0.999481 0.000000
vn 0.032045 0.999481 0.000000
vn 0.032045 0.999481 0.000000
vn 0.064366 -0.963651 -0.258927
vn 0.064366 -0.963651 -0.258927
vn 0.064366 -0.963651 -0.258927
vn 0.064366 -0.963651 -0.258927
vn 0.032045 -0.999481 0.000000
vn 0.032045 -0.999481 0.000000
vn 0.032045 -0.999481 0.000000
vn 0.032045 -0.999481 0.000000
vn 1.000000 0.000000 0.000000
vn 1.000000 0.000000 0.000000
vn 1.000000 0.000000 0.000000
vn -1.000000 0.000000 0.000000
vn -1.000000 0.000000 0.000000
vn -1.000000 0.000000 0.000000
vn -1.000000 0.000000 0.000000
vn -1.000000 0.000000 0.000000
vn -1.000000 0.000000 0.000000
vn 0.064366 0.963651 -0.258927
vn 0.064366 0.963651 -0.258927
vn 0.064366 0.963651 -0.258927
vn 0.064366 0.963651 -0.258927
vn 1.000000 0.000000 0.000000
vn 1.000000 0.000000 0.000000
vn 1.000000 0.000000 0.000000
vn 0.082158 0.982116 0.169352
vn 0.082158 0.982116 0.169352
vn 0.082158 0.982116 0.169352
vn 0.082158 0.982116 0.169352
vn 1.000000 0.000000 0.000000
vn 1.000000 0.000000 0.000000
vn 1.000000 0.000000 0.000000
vn 1.000000 0.000000 0.000000
vn 1.000000 0.000000 0.000000
vn 1.000000 0.000000 0.000000
vn -1.000000 0.000000 0.000000
vn -1.000000 0.000000 0.000000
vn -1.000000 0.000000 0.000000
vn -1.000000 0.000000 0.000000
vn -1.000000 0.000000 0.000000
vn -1.000000 0.000000 0.000000
vn -1.000000 0.000000 0.000000
vn -1.000000 0.000000 0.000000
vn 1.000000 0.000000 0.000000
vn 1.000000 0.000000 0.000000
vn 1.000000 0.000000 0.000000
vn 1.000000 0.000000 0.000000
vn 1.000000 0.000000 0.000000
vn 1.000000 0.000000 0.000000
vn 1.000000 0.000000 0.000000
vn 1.000000 0.000000 0.000000
vn -1.000000 0.000000 0.000000
vn -1.000000 0.000000 0.000000
vn -1.000000 0.000000 0.000000
vn -1.000000 0.000000 0.000000
vn -1.000000 0.000000 0.000000
vn -1.000000 0.000000 0.000000
vn 0.032045 0.999481 0.000000
vn 0.032045 0.999481 0.000000
vn 0.032045 0.999481 0.000000
vn 0.032045 0.999481 0.000000
vn 0.032045 0.999481 0.000000
vn 0.032045 0.999481 0.000000
vn 0.032045 0.999481 0.000000
vn 0.032045 0.999481 0.000000
vn 0.032045 0.999481 0.000000
vn 0.032045 0.999481 0.000000
vn 0.032045 0.999481 0.000000
vn 0.032045 0.999481 0.000000
vn 0.032045 0.999481 0.000000
vn 0.032045 0.999481 0.000000
vn 0.032045 0.999481 0.000000
vn 0.032045 0.999481 0.000000
vn -0.294024 0.008515 -0.955655
vn -0.294024 0.008515 -0.955655
vn -0.294024 0.008515 -0.955655
vn -0.294024 0.008515 -0.955655
vn -0.999573 0.029146 0.000000
vn -0.999573 0.029146 0.000000
vn -0.999573 0.029146 0.000000
vn -0.999573 0.029146 0.000000
vn -0.118812 0.003388 0.992828
vn -0.118812 0.003388 0.992828
vn -0.118812 0.003388 0.992828
vn -0.118812 0.003388 0.992828
vn 0.999573 -0.029146 0.000000
vn 0.999573 -0.029146 0.000000
vn 0.999573 -0.029146 0.000000
vn 0.999573 -0.029146 0.000000
vn -0.085119 -0.980498 0.176891
vn -0.085119 -0.980498 0.176891
vn -0.085119 -0.980498 0.176891
vn -0.085119 -0.980498 0.176891
vn -0.032045 0.999481 0.000000
vn -0.032045 0.999481 0.000000
vn -0.032045 0.999481 0.000000
vn -0.032045 0.999481 0.000000
vn -0.064366 -0.963651 -0.258927
vn -0.064366 -0.963651 -0.258927
vn -0.064366 -0.963651 -0.258927
vn -0.064366 -0.963651 -0.258927
vn -0.032045 -0.999481 0.000000
vn -0.032045 -0.999481 0.000000
vn -0.032045 -0.999481 0.000000
vn -0.032045 -0.999481 0.000000
vn -1.000000 0.000000 0.000000
vn -1.000000 0.000000 0.000000
vn -1.000000 0.000000 0.000000
vn 1.000000 0.000000 0.000000
vn 1.000000 0.000000 0.000000
vn 1.000000 0.000000 0.000000
vn 1.000000 0.000000 0.000000
vn 1.000000 0.000000 0.000000
vn 1.000000 0.000000 0.000000
vn -0.064366 0.963651 -0.258927
vn -0.064366 0.963651 -0.258927
vn -0.064366 0.963651 -0.258927
vn -0.064366 0.963651 -0.258927
vn -1.000000 0.000000 0.000000
vn -1.000000 0.000000 0.000000
vn -1.000000 0.000000 0.000000
vn -0.082158 0.982116 0.169352
vn -0.082158 0.982116 0.169352
vn -0.082158 0.982116 0.169352
vn -0.082158 0.982116 0.169352
vn -1.000000 0.000000 0.000000
vn -1.000000 0.000000 0.000000
vn -1.000000 0.000000 0.000000
vn -1.000000 0.000000 0.000000
vn -1.000000 0.000000 0.000000
vn -1.000000 0.000000 0.000000
vn 1.000000 0.000000 0.000000
vn 1.000000 0.000000 0.000000
vn 1.000000 0.000000 0.000000
vn 1.000000 0.000000 0.000000
vn 1.000000 0.000000 0.000000
vn 1.000000 0.000000 0.000000
vn 1.000000 0.000000 0.000000
vn 1.000000 0.000000 0.000000
vn -1.000000 0.000000 0.000000
vn -1.000000 0.000000 0.000000
vn -1.000000 0.000000 0.000000
vn -1.000000 0.000000 0.000000
vn -1.000000 0.000000 0.000000
vn -1.000000 0.000000 0.000000
vn -1.000000 0.000000 0.000000
vn -1.000000 0.000000 0.000000
vn 1.000000 0.000000 0.000000
vn 1.000000 0.000000 0.000000
vn 1.000000 0.000000 0.000000
vn 1.000000 0.000000 0.000000
vn 1.000000 0.000000 0.000000
vn 1.000000 0.000000 0.000000
vn -0.032045 0.999481 0.000000
vn -0.032045 0.999481 0.000000
vn -0.032045 0.999481 0.000000
vn -0.032045 0.999481 0.000000
vn -0.032045 0.999481 0.000000
vn -0.032045 0.999481 0.000000
vn -0.032045 0.999481 0.000000
vn -0.032045 0.999481 0.000000
vn -0.032045 0.999481 0.000000
vn -0.032045 0.999481 0.000000
vn -0.032045 0.999481 0.000000
vn -0.032045 0.999481 0.000000
vn -0.032045 0.999481 0.000000
vn -0.032045 0.999481 0.000000
vn -0.032045 0.999481 0.000000
vn -0.032045 0.999481 0.000000
vn 0.294024 0.008515 -0.955655
vn 0.294024 0.008515 -0.955655
vn 0.294024 0.008515 -0.955655
vn 0.294024 0.008515 -0.955655
vn 0.999573 0.029146 0.000000
vn 0.999573 0.029146 0.000000
vn 0.999573 0.029146 0.000000
vn 0.999573 0.029146 0.000000
vn 0.118812 0.003388 0.992828
vn 0.118812 0.003388 0.992828
vn 0.118812 0.003388 0.992828
vn 0.118812 0.003388 0.992828
vn -0.999573 -0.029146 0.000000
vn -0.999573 -0.029146 0.000000
vn -0.999573 -0.029146 0.000000
vn -0.999573 -0.029146 0.000000
vn 0.633187 -0.529146 0.564671
vn 0.633187 -0.529146 0.564671
vn 0.633187 -0.529146 0.564671
vn 0.700116 0.619911 0.354026
vn 0.700116 0.619911 0.354026
vn 0.700116 0.619911 0.354026
vn 0.700116 0.619911 0.354026
vn 0.869560 0.490051 0.059666
vn 0.869560 0.490051 0.059666
vn 0.869560 0.490051 0.059666
vn 0.869560 0.490051 0.059666
vn 0.745681 0.585363 0.318226
vn 0.745681 0.585363 0.318226
vn 0.745681 0.585363 0.318226
vn 0.745681 0.585363 0.318226
vn 0.707044 0.707044 0.000000
vn 0.707044 0.707044 0.000000
vn 0.707044 0.707044 0.000000
vn 0.707044 0.707044 0.000000
vn 0.707044 0.707044 0.000000
vn 0.707044 0.707044 0.000000
vn 0.707044 0.707044 0.000000
vn 0.707044 0.707044 0.000000
vn 0.707044 0.707044 0.000000
vn 0.707044 0.707044 0.000000
vn 0.707044 0.707044 0.000000
vn 0.707044 0.707044 0.000000
vn 0.707044 0.707044 0.000000
vn 0.707044 0.707044 0.000000
vn 0.707044 0.707044 0.000000
vn 0.707044 0.707044 0.000000
vn 0.650247 0.728713 -0.214430
vn 0.650247 0.728713 -0.214430
vn 0.650247 0.728713 -0.214430
vn 0.650247 0.728713 -0.214430
vn 0.000000 0.037814 -0.999268
vn 0.000000 0.037814 -0.999268
vn 0.000000 0.037814 -0.999268
vn 0.624275 -0.683544 -0.378105
vn 0.624275 -0.683544 -0.378105
vn 0.624275 -0.683544 -0.378105
vn 0.624275 -0.683544 -0.378105
vn 0.624672 -0.780840 0.000000
vn 0.624672 -0.780840 0.000000
vn 0.624672 -0.780840 0.000000
vn 0.624672 -0.780840 0.000000
vn 0.624672 -0.780840 0.000000
vn 0.624672 -0.780840 0.000000
vn 0.624672 -0.780840 0.000000
vn 0.624672 -0.780840 0.000000
vn 0.624672 -0.780840 0.000000
vn 0.624672 -0.780840 0.000000
vn 0.624672 -0.780840 0.000000
vn 0.624672 -0.780840 0.000000
vn 0.531527 -0.845175 0.055271
vn 0.531527 -0.845175 0.055271
vn 0.531527 -0.845175 0.055271
vn 0.531527 -0.845175 0.055271
vn 0.476347 -0.816059 0.327168
vn 0.476347 -0.816059 0.327168
vn 0.476347 -0.816059 0.327168
vn 0.476347 -0.816059 0.327168
vn 0.589788 -0.778215 0.215345
vn 0.589788 -0.778215 0.215345
vn 0.589788 -0.778215 0.215345
vn 0.589788 -0.778215 0.215345
vn 0.608863 -0.685772 0.398492
vn 0.608863 -0.685772 0.398492
vn 0.608863 -0.685772 0.398492
vn 0.608863 -0.685772 0.398492
vn 0.000000 -0.874535 0.484923
vn 0.000000 -0.874535 0.484923
vn 0.000000 -0.874535 0.484923
vn 0.000000 -0.874535 0.484923
vn 0.000000 0.991760 0.127907
vn 0.000000 0.991760 0.127907
vn 0.000000 0.991760 0.127907
vn 0.000000 0.991760 0.127907
vn 0.000000 0.996856 0.078343
vn 0.000000 0.996856 0.078343
vn 0.000000 0.996856 0.078343
vn 0.000000 0.996856 0.078343
vn 0.000000 0.037814 -0.999268
vn 0.000000 0.037814 -0.999268
vn 0.000000 0.037814 -0.999268
vn 0.000000 0.037814 -0.999268
vn 0.000000 0.037814 -0.999268
vn 0.000000 0.037814 -0.999268
vn 0.000000 0.037814 -0.999268
vn 0.488342 0.828481 0.273668
vn 0.488342 0.828481 0.273668
vn 0.488342 0.828481 0.273668
vn 0.000000 0.037814 -0.999268
vn 0.000000 0.037814 -0.999268
vn 0.000000 0.037814 -0.999268
vn 0.000000 0.037814 -0.999268
vn 0.000000 0.037814 -0.999268
vn 0.000000 0.037814 -0.999268
vn 0.000000 0.037814 -0.999268
vn 0.000000 0.037814 -0.999268
vn 0.968199 0.000000 -0.250015
vn 0.968199 0.000000 -0.250015
vn 0.968199 0.000000 -0.250015
vn 0.968199 0.000000 -0.250015
vn 1.000000 0.000000 0.000000
vn 1.000000 0.000000 0.000000
vn 1.000000 0.000000 0.000000
vn 1.000000 0.000000 0.000000
vn 1.000000 0.000000 0.000000
vn 1.000000 0.000000 0.000000
vn 1.000000 0.000000 0.000000
vn 1.000000 0.000000 0.000000
vn 1.000000 0.000000 0.000000
vn 1.000000 0.000000 0.000000
vn 1.000000 0.000000 0.000000
vn 1.000000 0.000000 0.000000
vn 1.000000 0.000000 0.000000
vn 1.000000 0.000000 0.000000
vn 1.000000 0.000000 0.000000
vn 1.000000 0.000000 0.000000
vn 0.785845 0.000000 0.618293
vn 0.785845 0.000000 0.618293
vn 0.785845 0.000000 0.618293
vn 0.785845 0.000000 0.618293
vn 0.997528 0.000000 0.070042
vn 0.997528 0.000000 0.070042
vn 0.997528 0.000000 0.070042
vn 0.997528 0.000000 0.070042
vn 0.948453 0.000000 0.316792
vn 0.948453 0.000000 0.316792
vn 0.948453 0.000000 0.316792
vn 0.948453 0.000000 0.316792
vn 0.821828 -0.047580 0.567692
vn 0.821828 -0.047580 0.567692
vn 0.821828 -0.047580 0.567692
vn 0.821828 -0.047580 0.567692
vn 0.000000 -0.172221 0.984984
vn 0.000000 -0.172221 0.984984
vn 0.000000 -0.172221 0.984984
vn 0.000000 -0.172221 0.984984
vn 0.700940 0.712904 0.017854
vn 0.700940 0.712904 0.017854
vn 0.700940 0.712904 0.017854
vn 0.700940 0.712904 0.017854
vn 0.000000 0.812733 -0.582433
vn 0.000000 0.812733 -0.582433
vn 0.000000 0.812733 -0.582433
vn 0.000000 0.812733 -0.582433
vn 0.000000 0.992340 0.122780
vn 0.000000 0.992340 0.122780
vn 0.000000 0.992340 0.122780
vn 0.000000 0.992340 0.122780
vn 0.000000 1.000000 0.000000
vn 0.000000 1.000000 0.000000
vn 0.000000 1.000000 0.000000
vn 0.000000 1.000000 0.000000
vn 0.000000 1.000000 0.000000
vn 1.000000 0.000000 0.000000
vn 1.000000 0.000000 0.000000
vn 1.000000 0.000000 0.000000
vn 1.000000 0.000000 0.000000
vn 0.000000 0.127907 -0.991760
vn 0.000000 0.127907 -0.991760
vn 0.000000 0.127907 -0.991760
vn 0.000000 0.127907 -0.991760
vn -0.923122 -0.381218 -0.049167
vn -0.923122 -0.381218 -0.049167
vn -0.923122 -0.381218 -0.049167
vn -0.923122 -0.381218 -0.049167
vn 0.000000 -0.127907 0.991760
vn 0.000000 -0.127907 0.991760
vn 0.000000 -0.127907 0.991760
vn 0.000000 -0.127907 0.991760
vn 0.000000 0.997192 0.074742
vn 0.000000 0.997192 0.074742
vn 0.000000 0.997192 0.074742
vn 0.000000 0.997192 0.074742
vn 0.000000 0.995605 -0.093481
vn 0.000000 0.995605 -0.093481
vn 0.000000 0.995605 -0.093481
vn 0.000000 0.995605 -0.093481
vn 0.000000 0.995605 -0.093481
vn 1.000000 0.000000 0.000000
vn 1.000000 0.000000 0.000000
vn 1.000000 0.000000 0.000000
vn 1.000000 0.000000 0.000000
vn 0.000000 0.078343 -0.996856
vn 0.000000 0.078343 -0.996856
vn 0.000000 0.078343 -0.996856
vn 0.000000 0.078343 -0.996856
vn -1.000000 0.000000 0.000000
vn -1.000000 0.000000 0.000000
vn -1.000000 0.000000 0.000000
vn -1.000000 0.000000 0.000000
vn 0.000000 -0.078343 0.996856
vn 0.000000 -0.078343 0.996856
vn 0.000000 -0.078343 0.996856
vn 0.000000 -0.078343 0.996856
vn 0.878288 0.478087 0.000000
vn 0.878288 0.478087 0.000000
vn 0.878288 0.478087 0.000000
vn 0.878288 0.478087 0.000000
vn 0.705732 0.706830 -0.047061
vn 0.705732 0.706830 -0.047061
vn 0.705732 0.706830 -0.047061
vn 0.705732 0.706830 -0.047061
vn 0.644021 0.763047 0.054538
vn 0.644021 0.763047 0.054538
vn 0.644021 0.763047 0.054538
vn 0.644021 0.763047 0.054538
vn 0.536349 0.838094 0.099005
vn 0.536349 0.838094 0.099005
vn 0.536349 0.838094 0.099005
vn 0.536349 0.838094 0.099005
vn -0.885888 0.463865 0.000000
vn -0.885888 0.463865 0.000000
vn -0.885888 0.463865 0.000000
vn -0.885888 0.463865 0.000000
vn 0.598914 -0.421046 0.681102
vn 0.598914 -0.421046 0.681102
vn 0.598914 -0.421046 0.681102
vn 0.598914 -0.421046 0.681102
vn 0.712812 -0.699475 -0.050021
vn 0.712812 -0.699475 -0.050021
vn 0.712812 -0.699475 -0.050021
vn 0.712812 -0.699475 -0.050021
vn 0.653421 -0.435634 -0.618995
vn 0.653421 -0.435634 -0.618995
vn 0.653421 -0.435634 -0.618995
vn 0.653421 -0.435634 -0.618995
vn 0.000000 0.888085 0.459653
vn 0.000000 0.888085 0.459653
vn 0.000000 0.888085 0.459653
vn 0.000000 0.888085 0.459653
vn 0.000000 0.888085 0.459653
vn 0.000000 0.888085 0.459653
vn 0.000000 0.888085 0.459653
vn 0.000000 0.888085 0.459653
vn -0.879509 -0.218672 0.422481
vn -0.879509 -0.218672 0.422481
vn -0.879509 -0.218672 0.422481
vn -0.879509 -0.218672 0.422481
vn 0.000000 -0.459653 0.888085
vn 0.000000 -0.459653 0.888085
vn 0.000000 -0.459653 0.888085
vn 0.000000 -0.459653 0.888085
vn 0.000000 0.655466 -0.755173
vn 0.000000 0.655466 -0.755173
vn 0.000000 0.655466 -0.755173
vn 0.000000 0.655466 -0.755173
vn 0.324452 0.858909 -0.396142
vn 0.324452 0.858909 -0.396142
vn 0.324452 0.858909 -0.396142
vn 0.324452 0.858909 -0.396142
vn 0.000000 0.352652 0.935665
vn 0.000000 0.352652 0.935665
vn 0.000000 0.352652 0.935665
vn 0.000000 0.352652 0.935665
vn -0.883263 -0.207532 -0.420161
vn -0.883263 -0.207532 -0.420161
vn -0.883263 -0.207532 -0.420161
vn -0.883263 -0.207532 -0.420161
vn 0.000000 0.962949 0.269395
vn 0.000000 0.962949 0.269395
vn 0.000000 0.962949 0.269395
vn 0.000000 0.962949 0.269395
vn 0.000000 1.000000 0.000000
vn 0.000000 1.000000 0.000000
vn 0.000000 1.000000 0.000000
vn 0.000000 1.000000 0.000000
vn 0.000000 1.000000 0.000000
vn 0.000000 1.000000 0.000000
vn 0.000000 1.000000 0.000000
vn 0.000000 1.000000 0.000000
vn 0.000000 1.000000 0.000000
vn 0.000000 1.000000 0.000000
vn 0.000000 1.000000 0.000000
vn 0.000000 1.000000 0.000000
vn 0.000000 0.987273 -0.158579
vn 0.000000 0.987273 -0.158579
vn 0.000000 0.987273 -0.158579
vn 0.000000 0.987273 -0.158579
vn 0.000000 0.037814 -0.999268
vn 0.000000 0.037814 -0.999268
vn 0.000000 0.037814 -0.999268
vn 0.000000 0.037814 -0.999268
vn 0.000000 -0.933651 -0.357963
vn 0.000000 -0.933651 -0.357963
vn 0.000000 -0.933651 -0.357963
vn 0.000000 -0.933651 -0.357963
vn 0.000000 -1.000000 0.000000
vn 0.000000 -1.000000 0.000000
vn 0.000000 -1.000000 0.000000
vn 0.000000 -1.000000 0.000000
vn 0.000000 -1.000000 0.000000
vn 0.000000 -1.000000 0.000000
vn 0.000000 -1.000000 0.000000
vn 0.000000 -1.000000 0.000000
vn 0.000000 -1.000000 0.000000
vn 0.000000 -1.000000 0.000000
vn 0.000000 -1.000000 0.000000
vn 0.000000 -1.000000 0.000000
vn 0.000000 -0.995544 0.094183
vn 0.000000 -0.995544 0.094183
vn 0.000000 -0.995544 0.094183
vn 0.000000 -0.995544 0.094183
vn 0.000000 -0.982329 0.187023
vn 0.000000 -0.982329 0.187023
vn 0.000000 -0.982329 0.187023
vn 0.000000 -0.982329 0.187023
vn 0.000000 -0.976531 0.215315
vn 0.000000 -0.976531 0.215315
vn 0.000000 -0.976531 0.215315
vn 0.000000 -0.976531 0.215315
vn 0.000000 -0.939816 0.341421
vn 0.000000 -0.939816 0.341421
vn 0.000000 -0.939816 0.341421
vn 0.000000 -0.939816 0.341421
vn 0.000000 0.992248 0.123543
vn 0.000000 0.992248 0.123543
vn 0.000000 0.992248 0.123543
vn 0.000000 0.992248 0.123543
vn 0.000000 0.888085 0.459623
vn 0.000000 0.888085 0.459623
vn 0.000000 0.888085 0.459623
vn 0.000000 0.888085 0.459623
vn 0.000000 0.992004 0.125954
vn 0.000000 0.992004 0.125954
vn 0.000000 0.992004 0.125954
vn 0.000000 0.992004 0.125954
vn 0.000000 1.000000 0.000000
vn 0.000000 1.000000 0.000000
vn 0.000000 1.000000 0.000000
vn 0.000000 1.000000 0.000000
vn 0.000000 1.000000 0.000000
vn 0.000000 0.996887 0.078008
vn 0.000000 0.996887 0.078008
vn 0.000000 0.996887 0.078008
vn 0.000000 0.996887 0.078008
vn 0.000000 0.995605 -0.093481
vn 0.000000 0.995605 -0.093481
vn 0.000000 0.995605 -0.093481
vn 0.000000 0.995605 -0.093481
vn 0.000000 0.995605 -0.093481
vn 0.000000 0.888085 0.459653
vn 0.000000 0.888085 0.459653
vn 0.000000 0.888085 0.459653
vn 0.000000 0.888085 0.459653
vn 0.000000 0.459653 -0.888055
vn 0.000000 0.459653 -0.888055
vn 0.000000 0.459653 -0.888055
vn 0.000000 0.459653 -0.888055
vn 0.000000 0.812733 -0.582433
vn 0.000000 0.812733 -0.582433
vn 0.000000 0.812733 -0.582433
vn 0.000000 0.812733 -0.582433
vn 0.000000 -0.582433 -0.812733
vn 0.000000 -0.582433 -0.812733
vn 0.000000 -0.582433 -0.812733
vn 0.000000 -0.582433 -0.812733
vn -0.633187 -0.529146 0.564671
vn -0.633187 -0.529146 0.564671
vn -0.633187 -0.529146 0.564671
vn -0.700116 0.619911 0.354026
vn -0.700116 0.619911 0.354026
vn -0.700116 0.619911 0.354026
vn -0.700116 0.619911 0.354026
vn -0.869560 0.490051 0.059666
vn -0.869560 0.490051 0.059666
vn -0.869560 0.490051 0.059666
vn -0.869560 0.490051 0.059666
vn -0.745681 0.585363 0.318226
vn -0.745681 0.585363 0.318226
vn -0.745681 0.585363 0.318226
vn -0.745681 0.585363 0.318226
vn -0.707044 0.707044 0.000000
vn -0.707044 0.707044 0.000000
vn -0.707044 0.707044 0.000000
vn -0.707044 0.707044 0.000000
vn -0.707044 0.707044 0.000000
vn -0.707044 0.707044 0.000000
vn -0.707044 0.707044 0.000000
vn -0.707044 0.707044 0.000000
vn -0.707044 0.707044 0.000000
vn -0.707044 0.707044 0.000000
vn -0.707044 0.707044 0.000000
vn -0.707044 0.707044 0.000000
vn -0.707044 0.707044 0.000000
vn -0.707044 0.707044 0.000000
vn -0.707044 0.707044 0.000000
vn -0.707044 0.707044 0.000000
vn -0.650247 0.728713 -0.214430
vn -0.650247 0.728713 -0.214430
vn -0.650247 0.728713 -0.214430
vn -0.650247 0.728713 -0.214430
vn 0.000000 0.037814 -0.999268
vn 0.000000 0.037814 -0.999268
vn 0.000000 0.037814 -0.999268
vn -0.624275 -0.683544 -0.378105
vn -0.624275 -0.683544 -0.378105
vn -0.624275 -0.683544 -0.378105
vn -0.624275 -0.683544 -0.378105
vn -0.624672 -0.780840 0.000000
vn -0.624672 -0.780840 0.000000
vn -0.624672 -0.780840 0.000000
vn -0.624672 -0.780840 0.000000
vn -0.624672 -0.780840 0.000000
vn -0.624672 -0.780840 0.000000
vn -0.624672 -0.780840 0.000000
vn -0.624672 -0.780840 0.000000
vn -0.624672 -0.780840 0.000000
vn -0.624672 -0.780840 0.000000
vn -0.624672 -0.780840 0.000000
vn -0.624672 -0.780840 0.000000
vn -0.531527 -0.845175 0.055271
vn -0.531527 -0.845175 0.055271
vn -0.531527 -0.845175 0.055271
vn -0.531527 -0.845175 0.055271
vn -0.476347 -0.816059 0.327168
vn -0.476347 -0.816059 0.327168
vn -0.476347 -0.816059 0.327168
vn -0.476347 -0.816059 0.327168
vn -0.589788 -0.778215 0.215345
vn -0.589788 -0.778215 0.215345
vn -0.589788 -0.778215 0.215345
vn -0.589788 -0.778215 0.215345
vn -0.608863 -0.685772 0.398492
vn -0.608863 -0.685772 0.398492
vn -0.608863 -0.685772 0.398492
vn -0.608863 -0.685772 0.398492
vn 0.000000 -0.874535 0.484923
vn 0.000000 -0.874535 0.484923
vn 0.000000 -0.874535 0.484923
vn 0.000000 -0.874535 0.484923
vn 0.000000 0.991760 0.127907
vn 0.000000 0.991760 0.127907
vn 0.000000 0.991760 0.127907
vn 0.000000 0.991760 0.127907
vn 0.000000 0.996856 0.078343
vn 0.000000 0.996856 0.078343
vn 0.000000 0.996856 0.078343
vn 0.000000 0.996856 0.078343
vn 0.000000 0.037814 -0.999268
vn 0.000000 0.037814 -0.999268
vn 0.000000 0.037814 -0.999268
vn 0.000000 0.037814 -0.999268
vn 0.000000 0.037814 -0.999268
vn 0.000000 0.037814 -0.999268
vn 0.000000 0.037814 -0.999268
vn -0.488342 0.828481 0.273668
vn -0.488342 0.828481 0.273668
vn -0.488342 0.828481 0.273668
vn 0.000000 0.037814 -0.999268
vn 0.000000 0.037814 -0.999268
vn 0.000000 0.037814 -0.999268
vn 0.000000 0.037814 -0.999268
vn 0.000000 0.037814 -0.999268
vn 0.000000 0.037814 -0.999268
vn 0.000000 0.037814 -0.999268
vn 0.000000 0.037814 -0.999268
vn -0.968199 0.000000 -0.250015
vn -0.968199 0.000000 -0.250015
vn -0.968199 0.000000 -0.250015
vn -0.968199 0.000000 -0.250015
vn -1.000000 0.000000 0.000000
vn -1.000000 0.000000 0.000000
vn -1.000000 0.000000 0.000000
vn -1.000000 0.000000 0.000000
vn -1.000000 0.000000 0.000000
vn -1.000000 0.000000 0.000000
vn -1.000000 0.000000 0.000000
vn -1.000000 0.000000 0.000000
vn -1.000000 0.000000 0.000000
vn -1.000000 0.000000 0.000000
vn -1.000000 0.000000 0.000000
vn -1.000000 0.000000 0.000000
vn -1.000000 0.000000 0.000000
vn -1.000000 0.000000 0.000000
vn -1.000000 0.000000 0.000000
vn -1.000000 0.000000 0.000000
vn -0.785845 0.000000 0.618293
vn -0.785845 0.000000 0.618293
vn -0.785845 0.000000 0.618293
vn -0.785845 0.000000 0.618293
vn -0.997528 0.000000 0.070042
vn -0.997528 0.000000 0.070042
vn -0.997528 0.000000 0.070042
vn -0.997528 0.000000 0.070042
vn -0.948453 0.000000 0.316792
vn -0.948453 0.000000 0.316792
vn -0.948453 0.000000 0.316792
vn -0.948453 0.000000 0.316792
vn -0.821828 -0.047580 0.567692
vn -0.821828 -0.047580 0.567692
vn -0.821828 -0.047580 0.567692
vn -0.821828 -0.047580 0.567692
vn 0.000000 -0.172221 0.984984
vn 0.000000 -0.172221 0.984984
vn 0.000000 -0.172221 0.984984
vn 0.000000 -0.172221 0.984984
vn -0.700940 0.712904 0.017854
vn -0.700940 0.712904 0.017854
vn -0.700940 0.712904 0.017854
vn -0.700940 0.712904 0.017854
vn 0.000000 0.812733 -0.582433
vn 0.000000 0.812733 -0.582433
vn 0.000000 0.812733 -0.582433
vn 0.000000 0.812733 -0.582433
vn 0.000000 0.992340 0.122780
vn 0.000000 0.992340 0.122780
vn 0.000000 0.992340 0.122780
vn 0.000000 0.992340 0.122780
vn 0.000000 1.000000 0.000000
vn 0.000000 1.000000 0.000000
vn 0.000000 1.000000 0.000000
vn 0.000000 1.000000 0.000000
vn 0.000000 1.000000 0.000000
vn -1.000000 0.000000 0.000000
vn -1.000000 0.000000 0.000000
vn -1.000000 0.000000 0.000000
vn -1.000000 0.000000 0.000000
vn 0.000000 0.127907 -0.991760
vn 0.000000 0.127907 -0.991760
vn 0.000000 0.127907 -0.991760
vn 0.000000 0.127907 -0.991760
vn 0.923122 -0.381218 -0.049167
vn 0.923122 -0.381218 -0.049167
vn 0.923122 -0.381218 -0.049167
vn 0.923122 -0.381218 -0.049167
vn 0.000000 -0.127907 0.991760
vn 0.000000 -0.127907 0.991760
vn 0.000000 -0.127907 0.991760
vn 0.000000 -0.127907 0.991760
vn 0.000000 0.997192 0.074742
vn 0.000000 0.997192 0.074742
vn 0.000000 0.997192 0.074742
vn 0.000000 0.997192 0.074742
vn 0.000000 0.995605 -0.093481
vn 0.000000 0.995605 -0.093481
vn 0.000000 0.995605 -0.093481
vn 0.000000 0.995605 -0.093481
vn 0.000000 0.995605 -0.093481
vn -1.000000 0.000000 0.000000
vn -1.000000 0.000000 0.000000
vn -1.000000 0.000000 0.000000
vn -1.000000 0.000000 0.000000
vn 0.000000 0.078343 -0.996856
vn 0.000000 0.078343 -0.996856
vn 0.000000 0.078343 -0.996856
vn 0.000000 0.078343 -0.996856
vn 1.000000 0.000000 0.000000
vn 1.000000 0.000000 0.000000
vn 1.000000 0.000000 0.000000
vn 1.000000 0.000000 0.000000
vn 0.000000 -0.078343 0.996856
vn 0.000000 -0.078343 0.996856
vn 0.000000 -0.078343 0.996856
vn 0.000000 -0.078343 0.996856
vn -0.878288 0.478087 0.000000
vn -0.878288 0.478087 0.000000
vn -0.878288 0.478087 0.000000
vn -0.878288 0.478087 0.000000
vn -0.705732 0.706830 -0.047061
vn -0.705732 0.706830 -0.047061
vn -0.705732 0.706830 -0.047061
vn -0.705732 0.706830 -0.047061
vn -0.644021 0.763047 0.054538
vn -0.644021 0.763047 0.054538
vn -0.644021 0.763047 0.054538
vn -0.644021 0.763047 0.054538
vn -0.536349 0.838094 0.099005
vn -0.536349 0.838094 0.099005
vn -0.536349 0.838094 0.099005
vn -0.536349 0.838094 0.099005
vn 0.885888 0.463865 0.000000
vn 0.885888 0.463865 0.000000
vn 0.885888 0.463865 0.000000
vn 0.885888 0.463865 0.000000
vn -0.598914 -0.421046 0.681102
vn -0.598914 -0.421046 0.681102
vn -0.598914 -0.421046 0.681102
vn -0.598914 -0.421046 0.681102
vn -0.712812 -0.699475 -0.050021
vn -0.712812 -0.699475 -0.050021
vn -0.712812 -0.699475 -0.050021
vn -0.712812 -0.699475 -0.050021
vn -0.653421 -0.435634 -0.618995
vn -0.653421 -0.435634 -0.618995
vn -0.653421 -0.435634 -0.618995
vn -0.653421 -0.435634 -0.618995
vn 0.000000 0.888085 0.459653
vn 0.000000 0.888085 0.459653
vn 0.000000 0.888085 0.459653
vn 0.000000 0.888085 0.459653
vn 0.000000 0.888085 0.459653
vn 0.000000 0.888085 0.459653
vn 0.000000 0.888085 0.459653
vn 0.000000 0.888085 0.459653
vn 0.879509 -0.218672 0.422481
vn 0.879509 -0.218672 0.422481
vn 0.879509 -0.218672 0.422481
vn 0.879509 -0.218672 0.422481
vn 0.000000 -0.459653 0.888085
vn 0.000000 -0.459653 0.888085
vn 0.000000 -0.459653 0.888085
vn 0.000000 -0.459653 0.888085
vn 0.000000 0.655466 -0.755173
vn 0.000000 0.655466 -0.755173
vn 0.000000 0.655466 -0.755173
vn 0.000000 0.655466 -0.755173
vn -0.324452 0.858909 -0.396142
vn -0.324452 0.858909 -0.396142
vn -0.324452 0.858909 -0.396142
vn -0.324452 0.858909 -0.396142
vn 0.000000 0.352652 0.935665
vn 0.000000 0.352652 0.935665
vn 0.000000 0.352652 0.935665
vn 0.000000 0.352652 0.935665
vn 0.883263 -0.207532 -0.420161
vn 0.883263 -0.207532 -0.420161
vn 0.883263 -0.207532 -0.420161
vn 0.883263 -0.207532 -0.420161
vn 0.000000 0.962949 0.269395
vn 0.000000 0.962949 0.269395
vn 0.000000 0.962949 0.269395
vn 0.000000 0.962949 0.269395
vn 0.000000 1.000000 0.000000
vn 0.000000 1.000000 0.000000
vn 0.000000 1.000000 0.000000
vn 0.000000 1.000000 0.000000
vn 0.000000 1.000000 0.000000
vn 0.000000 1.000000 0.000000
vn 0.000000 1.000000 0.000000
vn 0.000000 1.000000 0.000000
vn 0.000000 1.000000 0.000000
vn 0.000000 1.000000 0.000000
vn 0.000000 1.000000 0.000000
vn 0.000000 1.000000 0.000000
vn 0.000000 1.000000 0.000000
vn 0.000000 1.000000 0.000000
vn 0.000000 1.000000 0.000000
vn 0.000000 1.000000 0.000000
vn 0.000000 0.987273 -0.158579
vn 0.000000 0.987273 -0.158579
vn 0.000000 0.987273 -0.158579
vn 0.000000 0.987273 -0.158579
vn 0.000000 0.037814 -0.999268
vn 0.000000 0.037814 -0.999268
vn 0.000000 0.037814 -0.999268
vn 0.000000 0.037814 -0.999268
vn 0.000000 -0.933651 -0.357963
vn 0.000000 -0.933651 -0.357963
vn 0.000000 -0.933651 -0.357963
vn 0.000000 -0.933651 -0.357963
vn 0.000000 -1.000000 0.000000
vn 0.000000 -1.000000 0.000000
vn 0.000000 -1.000000 0.000000
vn 0.000000 -1.000000 0.000000
vn 0.000000 -1.000000 0.000000
vn 0.000000 -1.000000 0.000000
vn 0.000000 -1.000000 0.000000
vn 0.000000 -1.000000 0.000000
vn 0.000000 -1.000000 0.000000
vn 0.000000 -1.000000 0.000000
vn 0.000000 -1.000000 0.000000
vn 0.000000 -1.000000 0.000000
vn 0.000000 -0.995544 0.094183
vn 0.000000 -0.995544 0.094183
vn 0.000000 -0.995544 0.094183
vn 0.000000 -0.995544 0.094183
vn 0.000000 -0.982329 0.187023
vn 0.000000 -0.982329 0.187023
vn 0.000000 -0.982329 0.187023
vn 0.000000 -0.982329 0.187023
vn 0.000000 -0.976531 0.215315
vn 0.000000 -0.976531 0.215315
vn 0.000000 -0.976531 0.215315
vn 0.000000 -0.976531 0.215315
vn 0.000000 -0.939816 0.341421
vn 0.000000 -0.939816 0.341421
vn 0.000000 -0.939816 0.341421
vn 0.000000 -0.939816 0.341421
vn 0.000000 0.992248 0.123543
vn 0.000000 0.992248 0.123543
vn 0.000000 0.992248 0.123543
vn 0.000000 0.992248 0.123543
vn 0.000000 0.888085 0.459623
vn 0.000000 0.888085 0.459623
vn 0.000000 0.888085 0.459623
vn 0.000000 0.888085 0.459623
vn 0.000000 0.992004 0.125954
vn 0.000000 0.992004 0.125954
vn 0.000000 0.992004 0.125954
vn 0.000000 0.992004 0.125954
vn 0.000000 1.000000 0.000000
vn 0.000000 1.000000 0.000000
vn 0.000000 1.000000 0.000000
vn 0.000000 1.000000 0.000000
vn 0.000000 1.000000 0.000000
vn 0.000000 0.996887 0.078008
vn 0.000000 0.996887 0.078008
vn 0.000000 0.996887 0.078008
vn 0.000000 0.996887 0.078008
vn 0.000000 0.995605 -0.093481
vn 0.000000 0.995605 -0.093481
vn 0.000000 0.995605 -0.093481
vn 0.000000 0.995605 -0.093481
vn 0.000000 0.995605 -0.093481
vn 0.000000 0.888085 0.459653
vn 0.000000 0.888085 0.459653
vn 0.000000 0.888085 0.459653
vn 0.000000 0.888085 0.459653
vn 0.000000 0.459653 -0.888055
vn 0.000000 0.459653 -0.888055
vn 0.000000 0.459653 -0.888055
vn 0.000000 0.459653 -0.888055
vn 0.000000 0.812733 -0.582433
vn 0.000000 0.812733 -0.582433
vn 0.000000 0.812733 -0.582433
vn 0.000000 0.812733 -0.582433
vn 0.000000 -0.582433 -0.812733
vn 0.000000 -0.582433 -0.812733
vn 0.000000 -0.582433 -0.812733
vn 0.000000 -0.582433 -0.812733
vn 0.769822 -0.638162 0.000000
vn 0.769822 -0.638162 0.000000
vn 0.769822 -0.638162 0.000000
vn 0.769822 -0.638162 0.000000
vn 0.000000 1.000000 0.000000
vn 0.000000 1.000000 0.000000
vn 0.000000 1.000000 0.000000
vn 0.000000 1.000000 0.000000
vn 0.522798 0.852377 0.000000
vn 0.522798 0.852377 0.000000
vn 0.522798 0.852377 0.000000
vn 0.522798 0.852377 0.000000
vn 1.000000 0.000000 0.000000
vn 1.000000 0.000000 0.000000
vn 1.000000 0.000000 0.000000
vn 1.000000 0.000000 0.000000
vn 0.000000 -1.000000 0.000000
vn 0.000000 -1.000000 0.000000
vn 0.000000 -1.000000 0.000000
vn 0.000000 -1.000000 0.000000
vn -0.769822 -0.638162 0.000000
vn -0.769822 -0.638162 0.000000
vn -0.769822 -0.638162 0.000000
vn -0.769822 -0.638162 0.000000
vn 0.000000 1.000000 0.000000
vn 0.000000 1.000000 0.000000
vn 0.000000 1.000000 0.000000
vn 0.000000 1.000000 0.000000
vn -0.522798 0.852377 0.000000
vn -0.522798 0.852377 0.000000
vn -0.522798 0.852377 0.000000
vn -0.522798 0.852377 0.000000
vn -1.000000 0.000000 0.000000
vn -1.000000 0.000000 0.000000
vn -1.000000 0.000000 0.000000
vn -1.000000 0.000000 0.000000
vn 0.000000 -1.000000 0.000000
vn 0.000000 -1.000000 0.000000
vn 0.000000 -1.000000 0.000000
vn 0.000000 -1.000000 0.000000
vn 0.540377 -0.441769 -0.716047
vn 0.540377 -0.441769 -0.716047
vn 0.540377 -0.441769 -0.716047
vn 0.540377 -0.441769 -0.716047
vn 0.000000 0.999969 -0.006165
vn 0.000000 0.999969 -0.006165
vn 0.000000 0.999969 -0.006165
vn 0.000000 0.999969 -0.006165
vn 0.513520 0.838979 -0.179821
vn 0.513520 0.838979 -0.179821
vn 0.513520 0.838979 -0.179821
vn 0.513520 0.838979 -0.179821
vn 0.821248 0.004853 -0.570347
vn 0.821248 0.004853 -0.570347
vn 0.821248 0.004853 -0.570347
vn 0.821248 0.004853 -0.570347
vn 0.000000 -0.639169 -0.768968
vn 0.000000 -0.639169 -0.768968
vn 0.000000 -0.639169 -0.768968
vn 0.000000 -0.639169 -0.768968
vn -0.540377 -0.441769 -0.716047
vn -0.540377 -0.441769 -0.716047
vn -0.540377 -0.441769 -0.716047
vn -0.540377 -0.441769 -0.716047
vn 0.000000 0.999969 -0.006165
vn 0.000000 0.999969 -0.006165
vn 0.000000 0.999969 -0.006165
vn 0.000000 0.999969 -0.006165
vn -0.513520 0.838979 -0.179821
vn -0.513520 0.838979 -0.179821
vn -0.513520 0.838979 -0.179821
vn -0.513520 0.838979 -0.179821
vn -0.821248 0.004853 -0.570347
vn -0.821248 0.004853 -0.570347
vn -0.821248 0.004853 -0.570347
vn -0.821248 0.004853 -0.570347
vn 0.000000 -0.639169 -0.768968
vn 0.000000 -0.639169 -0.768968
vn 0.000000 -0.639169 -0.768968
vn 0.000000 -0.639169 -0.768968
vn 0.000000 1.000000 0.000000
vn 0.000000 1.000000 0.000000
vn 0.000000 1.000000 0.000000
vn 0.000000 1.000000 0.000000
vn 0.000000 1.000000 0.000000
vn 0.000000 1.000000 0.000000
vn 0.000000 0.000000 -1.000000
vn 0.000000 0.000000 -1.000000
vn 0.000000 0.000000 -1.000000
vn 0.000000 0.000000 -1.000000
vn -1.000000 0.000000 0.000000
vn -1.000000 0.000000 0.000000
vn -1.000000 0.000000 0.000000
vn -1.000000 0.000000 0.000000
vn 0.000000 0.000000 1.000000
vn 0.000000 0.000000 1.000000
vn 0.000000 0.000000 1.000000
vn 0.000000 0.000000 1.000000
vn 0.000000 0.000000 1.000000
vn 0.000000 0.000000 1.000000
vn 0.000000 0.000000 1.000000
vn 0.000000 0.000000 1.000000
vn 1.000000 0.000000 0.000000
vn 1.000000 0.000000 0.000000
vn 1.000000 0.000000 0.000000
vn 1.000000 0.000000 0.000000
vn 0.000000 0.000000 -1.000000
vn 0.000000 0.000000 -1.000000
vn 0.000000 0.000000 -1.000000
vn 0.000000 0.000000 -1.000000
vn 0.000000 0.943264 -0.331960
vn 0.000000 0.943264 -0.331960
vn 0.000000 0.943264 -0.331960
vn 0.000000 0.943264 -0.331960
vn -0.754349 0.656321 0.000000
vn -0.754349 0.656321 0.000000
vn -0.754349 0.656321 0.000000
vn -0.754349 0.656321 0.000000
vn 0.000000 0.944394 0.328786
vn 0.000000 0.944394 0.328786
vn 0.000000 0.944394 0.328786
vn 0.000000 0.944394 0.328786
vn 0.000000 0.944394 0.328786
vn 0.000000 0.944394 0.328786
vn 0.000000 0.944394 0.328786
vn 0.000000 0.944394 0.328786
vn 0.754349 0.656321 0.000000
vn 0.754349 0.656321 0.000000
vn 0.754349 0.656321 0.000000
vn 0.754349 0.656321 0.000000
vn 0.000000 0.943264 -0.331960
vn 0.000000 0.943264 -0.331960
vn 0.000000 0.943264 -0.331960
vn 0.000000 0.943264 -0.331960
vn 0.000000 0.037814 -0.999268
vn 0.000000 0.037814 -0.999268
vn 0.000000 0.037814 -0.999268
vn 0.000000 0.037814 -0.999268
vn 0.000000 0.037783 -0.999268
vn 0.000000 0.037783 -0.999268
vn 0.000000 0.037783 -0.999268
vn 0.000000 0.037783 -0.999268
vn 0.000000 0.037783 -0.999268
vn 0.000000 0.037783 -0.999268
vn 0.000000 0.037783 -0.999268
vn 0.000000 0.037783 -0.999268
vn 0.000000 0.037814 -0.999268
vn 0.000000 0.037814 -0.999268
vn 0.000000 0.037814 -0.999268
vn 0.000000 0.037814 -0.999268
vn 0.000000 0.037783 -0.999268
vn 0.000000 0.037783 -0.999268
vn 0.000000 0.037783 -0.999268
vn 0.000000 0.037783 -0.999268
vn 0.000000 0.037814 -0.999268
vn 0.000000 0.037814 -0.999268
vn 0.000000 0.037814 -0.999268
vn 0.000000 0.037814 -0.999268
vn 0.000000 0.037783 -0.999268
vn 0.000000 0.037783 -0.999268
vn 0.000000 0.037783 -0.999268
vn 0.000000 0.037783 -0.999268
vn 0.000000 0.037783 -0.999268
vn 0.000000 0.037783 -0.999268
vn 0.000000 0.037783 -0.999268
vn 0.000000 0.037783 -0.999268
vn 0.000000 0.037814 -0.999268
vn 0.000000 0.037814 -0.999268
vn 0.000000 0.037814 -0.999268
vn 0.000000 0.037814 -0.999268
vn 0.000000 0.037783 -0.999268
vn 0.000000 0.037783 -0.999268
vn 0.000000 0.037783 -0.999268
vn 0.000000 0.037783 -0.999268
vn -0.769609 0.638436 0.000000
vn -0.769609 0.638436 0.000000
vn -0.769609 0.638436 0.000000
vn -0.769609 0.638436 0.000000
vn 0.000000 -1.000000 0.000000
vn 0.000000 -1.000000 0.000000
vn 0.000000 -1.000000 0.000000
vn 0.000000 -1.000000 0.000000
vn -0.522523 -0.852591 0.000000
vn -0.522523 -0.852591 0.000000
vn -0.522523 -0.852591 0.000000
vn -0.522523 -0.852591 0.000000
vn -1.000000 0.000000 0.000000
vn -1.000000 0.000000 0.000000
vn -1.000000 0.000000 0.000000
vn -1.000000 0.000000 0.000000
vn 0.000000 1.000000 0.000000
vn 0.000000 1.000000 0.000000
vn 0.000000 1.000000 0.000000
vn 0.000000 1.000000 0.000000
vn 0.769609 0.638436 0.000000
vn 0.769609 0.638436 0.000000
vn 0.769609 0.638436 0.000000
vn 0.769609 0.638436 0.000000
vn 0.000000 -1.000000 0.000000
vn 0.000000 -1.000000 0.000000
vn 0.000000 -1.000000 0.000000
vn 0.000000 -1.000000 0.000000
vn 0.522523 -0.852591 0.000000
vn 0.522523 -0.852591 0.000000
vn 0.522523 -0.852591 0.000000
vn 0.522523 -0.852591 0.000000
vn 1.000000 0.000000 0.000000
vn 1.000000 0.000000 0.000000
vn 1.000000 0.000000 0.000000
vn 1.000000 0.000000 0.000000
vn 0.000000 1.000000 0.000000
vn 0.000000 1.000000 0.000000
vn 0.000000 1.000000 0.000000
vn 0.000000 1.000000 0.000000
# 1904 uv coords
vt 0.980955 0.027841
vt 0.979347 0.028660
vt 0.977565 0.028942
vt 0.975782 0.028660
vt 0.974174 0.027841
vt 0.972898 0.026565
vt 0.972079 0.024958
vt 0.971797 0.023176
vt 0.972080 0.021393
vt 0.972899 0.019785
vt 0.974174 0.018510
vt 0.975782 0.017691
vt 0.977565 0.017408
vt 0.979347 0.017690
vt 0.980954 0.018509
vt 0.982229 0.019783
vt 0.983049 0.021391
vt 0.983331 0.023174
vt 0.983050 0.024957
vt 0.982231 0.026565
vt 0.930241 0.018891
vt 0.929966 0.020629
vt 0.930241 0.022367
vt 0.931040 0.023935
vt 0.932285 0.025179
vt 0.933853 0.025978
vt 0.935592 0.026253
vt 0.937330 0.025978
vt 0.938898 0.025179
vt 0.940142 0.023935
vt 0.940941 0.022366
vt 0.941216 0.020628
vt 0.940941 0.018889
vt 0.940141 0.017321
vt 0.938898 0.016077
vt 0.937330 0.015279
vt 0.935592 0.015004
vt 0.933853 0.015279
vt 0.932285 0.016078
vt 0.931040 0.017323
vt 0.977565 0.023176
vt 0.935592 0.020629
vt 0.868716 0.030554
vt 0.870522 0.027012
vt 0.871144 0.023084
vt 0.870523 0.019156
vt 0.868719 0.015613
vt 0.865908 0.012801
vt 0.862365 0.010995
vt 0.858437 0.010373
vt 0.854509 0.010994
vt 0.850965 0.012799
vt 0.848153 0.015611
vt 0.846347 0.019154
vt 0.845724 0.023082
vt 0.846346 0.027010
vt 0.848151 0.030553
vt 0.850963 0.033364
vt 0.854506 0.035169
vt 0.858434 0.035792
vt 0.862362 0.035170
vt 0.865905 0.033365
vt 0.889143 0.033901
vt 0.886328 0.031086
vt 0.884521 0.027538
vt 0.883899 0.023604
vt 0.884522 0.019671
vt 0.886329 0.016123
vt 0.889145 0.013308
vt 0.892693 0.011501
vt 0.896627 0.010879
vt 0.900560 0.011501
vt 0.904107 0.013309
vt 0.906922 0.016125
vt 0.908729 0.019673
vt 0.909351 0.023606
vt 0.908729 0.027539
vt 0.906922 0.031086
vt 0.904106 0.033901
vt 0.900558 0.035708
vt 0.896624 0.036331
vt 0.892691 0.035708
vt 0.871559 0.049927
vt 0.967080 0.146210
vt 0.887335 0.049809
vt 0.911271 0.146210
vt 0.354686 0.600490
vt 0.259572 0.202399
vt 0.265986 0.198867
vt 0.504350 0.512722
vt 0.355143 0.598574
vt 0.262028 0.203096
vt 0.265220 0.201066
vt 0.502253 0.511994
vt 0.954556 0.114081
vt 0.919094 0.129739
vt 0.938780 0.113959
vt 0.974903 0.129985
vt 0.247047 0.849195
vt 0.652744 0.888856
vt 0.654866 0.883780
vt 0.313446 0.690351
vt 0.247172 0.849207
vt 0.652868 0.888869
vt 0.654990 0.883793
vt 0.313572 0.690364
vt 0.128312 0.052573
vt 0.052869 0.052621
vt 0.052880 0.038968
vt 0.128336 0.038921
vt 0.127919 0.052172
vt 0.053268 0.052220
vt 0.053277 0.039365
vt 0.127936 0.039319
vt 0.022496 0.010063
vt 0.154798 0.004347
vt 0.126718 0.034671
vt 0.054383 0.034640
vt 0.022751 0.010481
vt 0.154516 0.004553
vt 0.126173 0.033915
vt 0.054841 0.033764
vt 0.012952 0.017658
vt 0.048650 0.036254
vt 0.012892 0.017988
vt 0.047748 0.036816
vt 0.168709 0.018022
vt 0.133173 0.036135
vt 0.168976 0.018615
vt 0.134018 0.036765
vt 0.050973 0.052977
vt 0.130177 0.052913
vt 0.128414 0.052915
vt 0.052760 0.052975
vt 0.011011 0.053012
vt 0.048967 0.052978
vt 0.012361 0.053011
vt 0.047702 0.052979
vt 0.171624 0.052876
vt 0.132751 0.052911
vt 0.169543 0.052878
vt 0.134027 0.052910
vt 0.128314 0.053257
vt 0.052872 0.053329
vt 0.052906 0.066982
vt 0.128362 0.066909
vt 0.127921 0.053659
vt 0.053271 0.053730
vt 0.053302 0.066584
vt 0.127960 0.066512
vt 0.022568 0.095937
vt 0.154880 0.101439
vt 0.126751 0.071160
vt 0.054416 0.071307
vt 0.022823 0.095517
vt 0.154597 0.101234
vt 0.126207 0.071917
vt 0.054874 0.072182
vt 0.013016 0.088363
vt 0.048680 0.069703
vt 0.012955 0.088033
vt 0.047777 0.069143
vt 0.168772 0.087734
vt 0.133204 0.069685
vt 0.169038 0.087141
vt 0.134047 0.069054
vt 0.371324 0.040486
vt 0.184128 0.040492
vt 0.351692 0.040488
vt 0.203948 0.040492
vt 0.009230 0.053014
vt 0.011444 0.016050
vt 0.051012 0.036171
vt 0.051042 0.069782
vt 0.011510 0.089974
vt 0.016470 0.008577
vt 0.160696 0.002335
vt 0.130245 0.036138
vt 0.130276 0.069688
vt 0.160781 0.103441
vt 0.016545 0.097433
vt 0.171219 0.015793
vt 0.171286 0.089959
vt 0.174539 0.052873
vt 0.371322 0.069899
vt 0.351691 0.064229
vt 0.185233 0.072882
vt 0.203949 0.064237
vt 0.370209 0.072859
vt 0.184129 0.069906
vt 0.184130 0.011078
vt 0.203949 0.016749
vt 0.370207 0.008106
vt 0.351690 0.016745
vt 0.185231 0.008114
vt 0.371318 0.011072
vt 0.376127 0.040486
vt 0.376124 0.069900
vt 0.370210 0.077657
vt 0.185234 0.077687
vt 0.179327 0.069906
vt 0.179326 0.040492
vt 0.179327 0.011078
vt 0.185231 0.003312
vt 0.370207 0.003304
vt 0.376120 0.011072
vt 0.420432 0.005111
vt 0.421671 0.007512
vt 0.419803 0.008093
vt 0.421636 0.011677
vt 0.419899 0.011040
vt 0.382199 0.002289
vt 0.379831 0.003627
vt 0.420894 0.012885
vt 0.381097 0.005140
vt 0.377588 0.007158
vt 0.379407 0.007575
vt 0.377564 0.008594
vt 0.875801 0.271517
vt 0.874318 0.239699
vt 0.888202 0.267992
vt 0.839499 0.269535
vt 0.841842 0.233345
vt 0.901470 0.297667
vt 0.885472 0.302141
vt 0.830758 0.265249
vt 0.837300 0.300480
vt 0.090345 0.242904
vt 0.079049 0.272326
vt 0.924935 0.399356
vt 0.906556 0.402330
vt 0.824806 0.298349
vt 0.122122 0.233665
vt 0.832563 0.401751
vt 0.091716 0.274726
vt 0.068493 0.303068
vt 0.929673 0.413971
vt 0.905279 0.418593
vt 0.136016 0.264449
vt 0.803366 0.398943
vt 0.127695 0.269499
vt 0.834187 0.419407
vt 0.084827 0.306093
vt 0.054240 0.406447
vt 0.947543 0.558538
vt 0.915968 0.560858
vt 0.144906 0.296884
vt 0.821524 0.299889
vt 0.791006 0.290497
vt 0.800875 0.393101
vt 0.132655 0.300124
vt 0.836665 0.563587
vt 0.072811 0.407766
vt 0.050827 0.421424
vt 0.949927 0.594922
vt 0.917750 0.596084
vt 0.177864 0.286033
vt 0.148311 0.298124
vt 0.820547 0.300436
vt 0.791697 0.291986
vt 0.770194 0.384019
vt 0.800295 0.391832
vt 0.146455 0.400567
vt 0.838436 0.600079
vt 0.075538 0.423849
vt 0.045931 0.567005
vt 0.959225 0.794639
vt 0.927863 0.794028
vt 0.206984 0.377309
vt 0.177306 0.287576
vt 0.149334 0.298582
vt 0.177243 0.389107
vt 0.175285 0.395153
vt 0.771372 0.383430
vt 0.803468 0.602668
vt 0.146419 0.418304
vt 0.849124 0.799460
vt 0.077588 0.566495
vt 0.046800 0.603453
vt 0.958185 0.806584
vt 0.928139 0.803953
vt 0.205757 0.376828
vt 0.177707 0.387791
vt 0.814025 0.803897
vt 0.156819 0.562135
vt 0.850760 0.811171
vt 0.078952 0.601739
vt 0.055326 0.803203
vt 0.193366 0.598108
vt 0.817949 0.818056
vt 0.158308 0.598646
vt 0.086507 0.799797
vt 0.057425 0.815008
vt 0.165415 0.798190
vt 0.087116 0.809708
vt 0.200768 0.799481
vt 0.198121 0.813935
vt 0.164828 0.810003
vt 0.443675 0.070125
vt 0.446073 0.072656
vt 0.456731 0.051262
vt 0.461536 0.060102
vt 0.439393 0.067480
vt 0.447693 0.041768
vt 0.415462 0.072660
vt 0.434392 0.065771
vt 0.400000 0.060105
vt 0.436922 0.035876
vt 0.417862 0.070129
vt 0.430770 0.065825
vt 0.404806 0.051264
vt 0.430771 0.035834
vt 0.422144 0.067482
vt 0.427147 0.065772
vt 0.413846 0.041770
vt 0.424619 0.035877
vt 0.478185 0.048105
vt 0.482981 0.056105
vt 0.465518 0.067793
vt 0.447491 0.074929
vt 0.471336 0.037649
vt 0.446752 0.075259
vt 0.445425 0.073209
vt 0.458847 0.025377
vt 0.442944 0.070760
vt 0.442819 0.017150
vt 0.438823 0.068268
vt 0.430769 0.015389
vt 0.434168 0.066715
vt 0.418719 0.017152
vt 0.430770 0.066615
vt 0.402692 0.025379
vt 0.427371 0.066717
vt 0.390201 0.037651
vt 0.422714 0.068270
vt 0.383351 0.048108
vt 0.418592 0.070764
vt 0.378554 0.056108
vt 0.396017 0.067796
vt 0.416109 0.073214
vt 0.414043 0.074933
vt 0.414781 0.075263
vt 0.396675 0.014602
vt 0.394321 0.017892
vt 0.392117 0.019978
vt 0.398372 0.011052
vt 0.390412 0.021568
vt 0.375862 0.009247
vt 0.375695 0.006668
vt 0.378468 0.002162
vt 0.399184 0.008877
vt 0.382054 0.000512
vt 0.423609 0.007027
vt 0.423488 0.012290
vt 0.421521 0.003704
vt 0.421970 0.014351
vt 0.402097 0.003695
vt 0.402597 0.001434
vt 0.403071 0.016813
vt 0.402499 0.014555
vt 0.401781 0.011613
vt 0.401593 0.007584
vt 0.191910 0.560254
vt 0.228993 0.559758
vt 0.230288 0.596083
vt 0.230798 0.603694
vt 0.201426 0.606117
vt 0.209516 0.792805
vt 0.179650 0.411428
vt 0.237919 0.804303
vt 0.235849 0.811940
vt 0.232444 0.825573
vt 0.166012 0.983172
vt 0.154311 0.981936
vt 0.009576 0.605023
vt 0.008953 0.566306
vt 0.214107 0.395472
vt 0.208634 0.381373
vt 0.174795 0.985548
vt 0.137411 0.982416
vt 0.019138 0.809235
vt 0.014558 0.417867
vt 0.208155 0.378012
vt 0.120648 0.984187
vt 0.023830 0.827913
vt 0.017563 0.399251
vt 0.153813 0.248714
vt 0.175186 0.278422
vt 0.178113 0.283689
vt 0.111684 0.987526
vt 0.042533 0.293335
vt 0.124473 0.223951
vt 0.059827 0.259155
vt 0.084366 0.232998
vt 0.766513 0.603947
vt 0.764567 0.567652
vt 0.801545 0.564843
vt 0.796154 0.611363
vt 0.766684 0.611573
vt 0.800475 0.415535
vt 0.804717 0.798030
vt 0.780193 0.819433
vt 0.777449 0.812011
vt 0.764726 0.402745
vt 0.768915 0.388212
vt 0.984311 0.554541
vt 0.987143 0.593166
vt 0.784801 0.832707
vt 0.876557 0.981484
vt 0.865010 0.983759
vt 0.769089 0.384824
vt 0.965480 0.407189
vt 0.995806 0.797421
vt 0.893434 0.980455
vt 0.856474 0.986908
vt 0.790548 0.288186
vt 0.792993 0.282676
vt 0.811623 0.251172
vt 0.960821 0.388907
vt 0.992797 0.816444
vt 0.910291 0.980724
vt 0.838630 0.223881
vt 0.926453 0.285649
vt 0.919517 0.983251
vt 0.879386 0.229297
vt 0.906166 0.253155
vt 0.997405 0.101700
vt 0.997405 0.105175
vt 0.905346 0.105175
vt 0.905346 0.101700
vt 0.997405 0.098366
vt 0.905346 0.098366
vt 0.997405 0.095169
vt 0.905346 0.095169
vt 0.997405 0.092101
vt 0.905346 0.092101
vt 0.997405 0.089150
vt 0.905346 0.089150
vt 0.997405 0.086302
vt 0.905346 0.086302
vt 0.997404 0.083539
vt 0.905346 0.083539
vt 0.997404 0.080841
vt 0.905346 0.080841
vt 0.997404 0.078189
vt 0.905346 0.078189
vt 0.997404 0.075560
vt 0.905346 0.075560
vt 0.997404 0.072931
vt 0.905345 0.072931
vt 0.997404 0.070280
vt 0.905345 0.070280
vt 0.997404 0.067585
vt 0.905345 0.067585
vt 0.997404 0.064825
vt 0.905345 0.064825
vt 0.997404 0.061980
vt 0.905346 0.061980
vt 0.997404 0.059033
vt 0.905346 0.059033
vt 0.997404 0.055968
vt 0.905346 0.055968
vt 0.997404 0.052773
vt 0.905346 0.052773
vt 0.997405 0.049440
vt 0.905346 0.049440
vt 0.905346 0.045965
vt 0.997405 0.045965
vt 0.851696 0.013779
vt 0.849151 0.016317
vt 0.854900 0.012152
vt 0.847515 0.019516
vt 0.872086 0.033002
vt 0.868353 0.036734
vt 0.858451 0.011595
vt 0.863649 0.039131
vt 0.846947 0.023065
vt 0.874483 0.028298
vt 0.861999 0.012162
vt 0.858434 0.039956
vt 0.847505 0.026616
vt 0.875309 0.023084
vt 0.865199 0.013798
vt 0.853219 0.039130
vt 0.849132 0.029820
vt 0.874484 0.017869
vt 0.867737 0.016343
vt 0.848515 0.036733
vt 0.851669 0.032365
vt 0.872088 0.013165
vt 0.869363 0.019548
vt 0.844781 0.033001
vt 0.854868 0.034001
vt 0.868356 0.009432
vt 0.869921 0.023098
vt 0.842384 0.028297
vt 0.858417 0.034569
vt 0.863652 0.007035
vt 0.869354 0.026647
vt 0.841559 0.023082
vt 0.861968 0.034012
vt 0.858437 0.006209
vt 0.867718 0.029847
vt 0.842386 0.017867
vt 0.865173 0.032385
vt 0.853222 0.007034
vt 0.844783 0.013162
vt 0.848517 0.009430
vt 0.889849 0.032870
vt 0.893044 0.034511
vt 0.887318 0.030323
vt 0.896589 0.035084
vt 0.901781 0.007740
vt 0.906431 0.010109
vt 0.885697 0.027118
vt 0.910121 0.013800
vt 0.900138 0.034533
vt 0.896626 0.006925
vt 0.885146 0.023569
vt 0.912490 0.018450
vt 0.903343 0.032912
vt 0.891471 0.007740
vt 0.885719 0.020024
vt 0.913306 0.023605
vt 0.905890 0.030381
vt 0.886820 0.010108
vt 0.887360 0.016830
vt 0.912491 0.028760
vt 0.907531 0.027186
vt 0.883129 0.013799
vt 0.889907 0.014298
vt 0.910122 0.033410
vt 0.908104 0.023641
vt 0.880760 0.018450
vt 0.893112 0.012677
vt 0.906431 0.037100
vt 0.907553 0.020092
vt 0.879944 0.023605
vt 0.896661 0.012126
vt 0.901780 0.039469
vt 0.905932 0.016887
vt 0.880760 0.028760
vt 0.900206 0.012699
vt 0.896625 0.040285
vt 0.903401 0.014340
vt 0.883128 0.033411
vt 0.891470 0.039470
vt 0.886819 0.037101
vt 0.916060 0.020632
vt 0.917015 0.014596
vt 0.919789 0.009151
vt 0.917016 0.026667
vt 0.924109 0.004830
vt 0.919792 0.032110
vt 0.929554 0.002055
vt 0.924113 0.036430
vt 0.935590 0.001099
vt 0.929559 0.039204
vt 0.941626 0.002054
vt 0.935595 0.040159
vt 0.947070 0.004827
vt 0.941630 0.039202
vt 0.951391 0.009146
vt 0.947074 0.036427
vt 0.954165 0.014591
vt 0.951394 0.032106
vt 0.955122 0.020627
vt 0.954167 0.026662
vt 0.958954 0.023177
vt 0.959865 0.017426
vt 0.962508 0.012238
vt 0.959865 0.028928
vt 0.966625 0.008120
vt 0.962508 0.034116
vt 0.971813 0.005476
vt 0.966626 0.038233
vt 0.977565 0.004565
vt 0.971815 0.040875
vt 0.983316 0.005475
vt 0.977566 0.041785
vt 0.988504 0.008118
vt 0.983317 0.040874
vt 0.992621 0.012235
vt 0.988505 0.038231
vt 0.995264 0.017423
vt 0.992622 0.034113
vt 0.996175 0.023174
vt 0.995265 0.028925
vt 0.972080 0.021393
vt 0.977565 0.023176
vt 0.971797 0.023176
vt 0.972899 0.019785
vt 0.972079 0.024958
vt 0.958954 0.023177
vt 0.959865 0.017426
vt 0.974174 0.018510
vt 0.962508 0.012238
vt 0.972898 0.026565
vt 0.959865 0.028928
vt 0.975782 0.017691
vt 0.966625 0.008120
vt 0.974174 0.027841
vt 0.962508 0.034116
vt 0.977565 0.017408
vt 0.971813 0.005476
vt 0.975782 0.028660
vt 0.966626 0.038233
vt 0.979347 0.017690
vt 0.977565 0.004565
vt 0.977565 0.028942
vt 0.971815 0.040875
vt 0.980954 0.018509
vt 0.983316 0.005475
vt 0.979347 0.028660
vt 0.977566 0.041785
vt 0.982229 0.019783
vt 0.988504 0.008118
vt 0.980955 0.027841
vt 0.983317 0.040874
vt 0.983049 0.021391
vt 0.992621 0.012235
vt 0.982231 0.026565
vt 0.988505 0.038231
vt 0.983331 0.023174
vt 0.995264 0.017423
vt 0.983050 0.024957
vt 0.992622 0.034113
vt 0.996175 0.023174
vt 0.995265 0.028925
vt 0.917015 0.014596
vt 0.930241 0.018891
vt 0.929966 0.020629
vt 0.916060 0.020632
vt 0.919789 0.009151
vt 0.931040 0.017323
vt 0.935592 0.020629
vt 0.930241 0.022367
vt 0.917016 0.026667
vt 0.924109 0.004830
vt 0.932285 0.016078
vt 0.931040 0.023935
vt 0.919792 0.032110
vt 0.929554 0.002055
vt 0.933853 0.015279
vt 0.932285 0.025179
vt 0.924113 0.036430
vt 0.935590 0.001099
vt 0.935592 0.015004
vt 0.933853 0.025978
vt 0.929559 0.039204
vt 0.941626 0.002054
vt 0.937330 0.015279
vt 0.935592 0.026253
vt 0.935595 0.040159
vt 0.947070 0.004827
vt 0.938898 0.016077
vt 0.937330 0.025978
vt 0.941630 0.039202
vt 0.951391 0.009146
vt 0.940141 0.017321
vt 0.938898 0.025179
vt 0.947074 0.036427
vt 0.954165 0.014591
vt 0.940941 0.018889
vt 0.940142 0.023935
vt 0.951394 0.032106
vt 0.955122 0.020627
vt 0.941216 0.020628
vt 0.940941 0.022366
vt 0.954167 0.026662
vt 0.904107 0.013309
vt 0.889849 0.032870
vt 0.893044 0.034511
vt 0.900560 0.011501
vt 0.906922 0.016125
vt 0.887318 0.030323
vt 0.896589 0.035084
vt 0.896627 0.010879
vt 0.906431 0.010109
vt 0.901781 0.007740
vt 0.908729 0.019673
vt 0.885697 0.027118
vt 0.910121 0.013800
vt 0.900138 0.034533
vt 0.892693 0.011501
vt 0.896626 0.006925
vt 0.909351 0.023606
vt 0.885146 0.023569
vt 0.912490 0.018450
vt 0.903343 0.032912
vt 0.889145 0.013308
vt 0.891471 0.007740
vt 0.908729 0.027539
vt 0.885719 0.020024
vt 0.913306 0.023605
vt 0.905890 0.030381
vt 0.886329 0.016123
vt 0.886820 0.010108
vt 0.906922 0.031086
vt 0.887360 0.016830
vt 0.912491 0.028760
vt 0.907531 0.027186
vt 0.884522 0.019671
vt 0.883129 0.013799
vt 0.904106 0.033901
vt 0.889907 0.014298
vt 0.910122 0.033410
vt 0.908104 0.023641
vt 0.883899 0.023604
vt 0.880760 0.018450
vt 0.900558 0.035708
vt 0.893112 0.012677
vt 0.906431 0.037100
vt 0.907553 0.020092
vt 0.884521 0.027538
vt 0.879944 0.023605
vt 0.896624 0.036331
vt 0.896661 0.012126
vt 0.901780 0.039469
vt 0.905932 0.016887
vt 0.886328 0.031086
vt 0.880760 0.028760
vt 0.892691 0.035708
vt 0.900206 0.012699
vt 0.896625 0.040285
vt 0.903401 0.014340
vt 0.889143 0.033901
vt 0.883128 0.033411
vt 0.891470 0.039470
vt 0.886819 0.037101
vt 0.865905 0.033365
vt 0.851696 0.013779
vt 0.849151 0.016317
vt 0.868716 0.030554
vt 0.862362 0.035170
vt 0.854900 0.012152
vt 0.847515 0.019516
vt 0.870522 0.027012
vt 0.872086 0.033002
vt 0.868353 0.036734
vt 0.858434 0.035792
vt 0.858451 0.011595
vt 0.863649 0.039131
vt 0.846947 0.023065
vt 0.871144 0.023084
vt 0.874483 0.028298
vt 0.854506 0.035169
vt 0.861999 0.012162
vt 0.858434 0.039956
vt 0.847505 0.026616
vt 0.870523 0.019156
vt 0.875309 0.023084
vt 0.850963 0.033364
vt 0.865199 0.013798
vt 0.853219 0.039130
vt 0.849132 0.029820
vt 0.868719 0.015613
vt 0.874484 0.017869
vt 0.848151 0.030553
vt 0.867737 0.016343
vt 0.848515 0.036733
vt 0.851669 0.032365
vt 0.865908 0.012801
vt 0.872088 0.013165
vt 0.846346 0.027010
vt 0.869363 0.019548
vt 0.844781 0.033001
vt 0.854868 0.034001
vt 0.862365 0.010995
vt 0.868356 0.009432
vt 0.845724 0.023082
vt 0.869921 0.023098
vt 0.842384 0.028297
vt 0.858417 0.034569
vt 0.858437 0.010373
vt 0.863652 0.007035
vt 0.846347 0.019154
vt 0.869354 0.026647
vt 0.841559 0.023082
vt 0.861968 0.034012
vt 0.854509 0.010994
vt 0.858437 0.006209
vt 0.848153 0.015611
vt 0.867718 0.029847
vt 0.842386 0.017867
vt 0.865173 0.032385
vt 0.850965 0.012799
vt 0.853222 0.007034
vt 0.844783 0.013162
vt 0.848517 0.009430
vt 0.905346 0.078189
vt 0.905346 0.075560
vt 0.997404 0.075560
vt 0.997404 0.078189
vt 0.905345 0.072931
vt 0.997404 0.072931
vt 0.905346 0.080841
vt 0.997404 0.080841
vt 0.905345 0.070280
vt 0.997404 0.070280
vt 0.905346 0.083539
vt 0.997404 0.083539
vt 0.905345 0.067585
vt 0.997404 0.067585
vt 0.905346 0.086302
vt 0.997405 0.086302
vt 0.905345 0.064825
vt 0.997404 0.064825
vt 0.905346 0.089150
vt 0.997405 0.089150
vt 0.905346 0.061980
vt 0.997404 0.061980
vt 0.905346 0.092101
vt 0.997405 0.092101
vt 0.905346 0.059033
vt 0.997404 0.059033
vt 0.905346 0.095169
vt 0.997405 0.095169
vt 0.905346 0.055968
vt 0.997404 0.055968
vt 0.905346 0.098366
vt 0.997405 0.098366
vt 0.905346 0.052773
vt 0.997404 0.052773
vt 0.905346 0.101700
vt 0.997405 0.101700
vt 0.905346 0.049440
vt 0.997405 0.049440
vt 0.905346 0.105175
vt 0.997405 0.105175
vt 0.905346 0.045965
vt 0.997405 0.045965
vt 0.966200 0.151556
vt 0.911271 0.151556
vt 0.890244 0.146210
vt 0.911271 0.140864
vt 0.967080 0.140864
vt 0.996149 0.146210
vt 0.919119 0.124394
vt 0.974932 0.124639
vt 0.995929 0.130123
vt 0.974874 0.135331
vt 0.919950 0.135089
vt 0.890026 0.129603
vt 0.938822 0.108406
vt 0.954601 0.108528
vt 0.987400 0.114362
vt 0.951201 0.119607
vt 0.938738 0.119512
vt 0.922381 0.113839
vt 0.887377 0.055362
vt 0.874913 0.055453
vt 0.838715 0.050212
vt 0.871514 0.044374
vt 0.887293 0.044256
vt 0.903734 0.049688
vt 0.311830 0.685625
vt 0.339537 0.622172
vt 0.664880 0.869197
vt 0.659057 0.882345
vt 0.654856 0.892395
vt 0.242258 0.852057
vt 0.205399 0.943062
vt 0.642970 0.921610
vt 0.266707 0.195237
vt 0.279745 0.187474
vt 0.569479 0.476345
vt 0.508536 0.513330
vt 0.352654 0.604811
vt 0.256404 0.201015
vt 0.265968 0.654475
vt 0.228696 0.217204
vt 0.585792 0.204215
vt 0.571350 0.204925
vt 0.468415 0.009094
vt 0.516451 0.006690
vt 0.592747 0.203942
vt 0.608922 0.003065
vt 0.643890 0.002216
vt 0.600012 0.203801
vt 0.652361 0.007598
vt 0.688306 0.006065
vt 0.718462 0.205389
vt 0.710850 0.205751
vt 0.780806 0.003195
vt 0.725424 0.205173
vt 0.829805 0.002202
vt 0.740121 0.204857
vt 0.517354 0.737704
vt 0.500932 0.737704
vt 0.500932 0.589577
vt 0.517354 0.589577
vt 0.533775 0.737704
vt 0.533775 0.589577
vt 0.550196 0.737704
vt 0.550196 0.589577
vt 0.566616 0.737704
vt 0.566616 0.589577
vt 0.583035 0.737704
vt 0.583035 0.589577
vt 0.599453 0.737704
vt 0.599453 0.589577
vt 0.615870 0.737704
vt 0.615870 0.589577
vt 0.632286 0.737704
vt 0.632286 0.589577
vt 0.648702 0.737704
vt 0.648702 0.589577
vt 0.665119 0.737704
vt 0.665119 0.589577
vt 0.681537 0.737704
vt 0.681537 0.589577
vt 0.697955 0.737704
vt 0.697955 0.589577
vt 0.714374 0.737704
vt 0.714374 0.589577
vt 0.730794 0.737704
vt 0.730794 0.589577
vt 0.747215 0.737704
vt 0.747215 0.589577
vt 0.763637 0.589577
vt 0.763637 0.737704
vt 0.481080 0.105205
vt 0.492287 0.114255
vt 0.468804 0.097833
vt 0.502145 0.124822
vt 0.487260 0.119619
vt 0.476759 0.111118
vt 0.465009 0.104100
vt 0.510483 0.136654
vt 0.496445 0.129481
vt 0.455780 0.154826
vt 0.450617 0.150383
vt 0.495939 0.270224
vt 0.444930 0.146742
vt 0.517181 0.149500
vt 0.504210 0.140512
vt 0.460362 0.159988
vt 0.505355 0.259436
vt 0.490400 0.265427
vt 0.522147 0.163117
vt 0.510452 0.152493
vt 0.464275 0.165779
vt 0.807154 0.185088
vt 0.809493 0.188589
vt 0.513238 0.247379
vt 0.499425 0.255138
vt 0.458193 0.231013
vt 0.812993 0.190929
vt 0.525318 0.177264
vt 0.515085 0.165201
vt 0.467445 0.172086
vt 0.806333 0.180958
vt 0.817124 0.180961
vt 0.519372 0.234292
vt 0.506805 0.243820
vt 0.462485 0.225798
vt 0.817123 0.191751
vt 0.526644 0.191700
vt 0.518044 0.178408
vt 0.469819 0.178786
vt 0.807156 0.176829
vt 0.523671 0.220469
vt 0.512515 0.231610
vt 0.466033 0.219982
vt 0.821253 0.190930
vt 0.526099 0.206185
vt 0.519283 0.191886
vt 0.471357 0.185754
vt 0.809496 0.173329
vt 0.516516 0.218725
vt 0.468807 0.213659
vt 0.824754 0.188590
vt 0.518776 0.205404
vt 0.472032 0.192857
vt 0.812996 0.170990
vt 0.470750 0.206943
vt 0.827093 0.185088
vt 0.471830 0.199965
vt 0.817124 0.170169
vt 0.827914 0.180959
vt 0.821252 0.170991
vt 0.827092 0.176829
vt 0.824753 0.173329
vt 0.572243 0.327810
vt 0.564526 0.340096
vt 0.734200 0.344459
vt 0.582164 0.317100
vt 0.562319 0.320507
vt 0.553403 0.334995
vt 0.727115 0.331798
vt 0.745568 0.339928
vt 0.593865 0.308203
vt 0.573697 0.308093
vt 0.558508 0.317635
vt 0.549303 0.332696
vt 0.717745 0.320600
vt 0.737397 0.325007
vt 0.749781 0.337838
vt 0.606937 0.301277
vt 0.587033 0.297879
vt 0.570382 0.304597
vt 0.706507 0.311120
vt 0.726658 0.312033
vt 0.741348 0.322330
vt 0.620991 0.296411
vt 0.601847 0.289985
vt 0.584333 0.293860
vt 0.693799 0.303536
vt 0.713855 0.301156
vt 0.730147 0.308709
vt 0.635661 0.293642
vt 0.617692 0.284466
vt 0.599824 0.285570
vt 0.680009 0.297951
vt 0.699461 0.292518
vt 0.716756 0.297279
vt 0.650607 0.292982
vt 0.634173 0.281339
vt 0.616375 0.279780
vt 0.665498 0.294424
vt 0.683919 0.286193
vt 0.701708 0.288212
vt 0.650929 0.280592
vt 0.633576 0.276504
vt 0.667622 0.282215
vt 0.685475 0.281582
vt 0.651055 0.275719
vt 0.668469 0.277416
vt 0.376503 0.227922
vt 0.410427 0.249715
vt 0.402615 0.260388
vt 0.373203 0.232910
vt 0.378960 0.222343
vt 0.416204 0.237873
vt 0.417198 0.253778
vt 0.408651 0.265431
vt 0.392844 0.269638
vt 0.369115 0.237164
vt 0.380498 0.216327
vt 0.419873 0.225206
vt 0.423572 0.240757
vt 0.398275 0.275355
vt 0.843146 0.086142
vt 0.839590 0.088516
vt 0.381073 0.210050
vt 0.421389 0.212084
vt 0.427624 0.226816
vt 0.837212 0.092070
vt 0.351179 0.129580
vt 0.349050 0.169741
vt 0.847340 0.085310
vt 0.847336 0.096270
vt 0.380672 0.203693
vt 0.420752 0.198874
vt 0.429303 0.212389
vt 0.836376 0.096263
vt 0.352602 0.121824
vt 0.364416 0.131988
vt 0.354799 0.171070
vt 0.851533 0.086146
vt 0.379310 0.197436
vt 0.418004 0.185927
vt 0.428610 0.197879
vt 0.837208 0.100457
vt 0.366715 0.124467
vt 0.376791 0.136656
vt 0.360289 0.173444
vt 0.855088 0.088523
vt 0.377027 0.191453
vt 0.413226 0.173586
vt 0.425596 0.183668
vt 0.839581 0.104015
vt 0.380241 0.129554
vt 0.388101 0.143417
vt 0.365395 0.176774
vt 0.857462 0.092079
vt 0.373886 0.185913
vt 0.406537 0.162177
vt 0.420349 0.170123
vt 0.843135 0.106393
vt 0.392695 0.136976
vt 0.398095 0.152019
vt 0.369972 0.180971
vt 0.858295 0.096274
vt 0.412997 0.157596
vt 0.847329 0.107230
vt 0.403708 0.146433
vt 0.857459 0.100468
vt 0.851524 0.106398
vt 0.855081 0.104023
vt 0.713731 0.399672
vt 0.704088 0.388685
vt 0.721112 0.412184
vt 0.692610 0.379469
vt 0.712452 0.380259
vt 0.723451 0.392933
vt 0.731930 0.407618
vt 0.679705 0.372189
vt 0.699434 0.369733
vt 0.716142 0.376568
vt 0.727664 0.389937
vt 0.551322 0.412164
vt 0.736453 0.405264
vt 0.665764 0.366945
vt 0.684881 0.361478
vt 0.702470 0.365456
vt 0.558698 0.399650
vt 0.540504 0.407603
vt 0.651151 0.363782
vt 0.669235 0.355563
vt 0.687195 0.356754
vt 0.568335 0.388660
vt 0.548976 0.392914
vt 0.535982 0.405250
vt 0.636210 0.362721
vt 0.652894 0.352007
vt 0.670792 0.350527
vt 0.579811 0.379444
vt 0.559970 0.380236
vt 0.544761 0.389918
vt 0.621268 0.363770
vt 0.636213 0.350818
vt 0.653677 0.346787
vt 0.592715 0.372166
vt 0.572987 0.369707
vt 0.556280 0.376545
vt 0.606655 0.366925
vt 0.619532 0.351995
vt 0.636215 0.345539
vt 0.587540 0.361454
vt 0.569950 0.365430
vt 0.603187 0.355541
vt 0.618751 0.346776
vt 0.585226 0.356730
vt 0.601632 0.350505
vt 0.609311 0.556749
vt 0.596379 0.556747
vt 0.596380 0.459644
vt 0.609314 0.459646
vt 0.622243 0.556753
vt 0.622248 0.459650
vt 0.583447 0.556746
vt 0.583447 0.459643
vt 0.635177 0.556757
vt 0.635181 0.459654
vt 0.648114 0.556761
vt 0.648111 0.459657
vt 0.661051 0.556763
vt 0.661042 0.459659
vt 0.673986 0.556764
vt 0.673977 0.459661
vt 0.686920 0.556766
vt 0.686914 0.459662
vt 0.699856 0.556768
vt 0.699849 0.459665
vt 0.712794 0.556770
vt 0.712783 0.459666
vt 0.725728 0.556771
vt 0.725719 0.459668
vt 0.738660 0.556774
vt 0.738654 0.459671
vt 0.751591 0.556776
vt 0.751589 0.459673
vt 0.764521 0.556779
vt 0.764525 0.459675
vt 0.777455 0.556781
vt 0.777457 0.459677
vt 0.790388 0.459678
vt 0.790388 0.556781
vt 0.694695 0.835668
vt 0.689561 0.823860
vt 0.750603 0.797318
vt 0.755737 0.809126
vt 0.699830 0.847477
vt 0.760872 0.820935
vt 0.684427 0.812053
vt 0.745469 0.785511
vt 0.704965 0.859287
vt 0.766007 0.832745
vt 0.679293 0.800246
vt 0.740336 0.773704
vt 0.710100 0.871098
vt 0.771143 0.844556
vt 0.715236 0.882908
vt 0.776278 0.856366
vt 0.720372 0.894720
vt 0.781414 0.868178
vt 0.725508 0.906532
vt 0.786550 0.879990
vt 0.730643 0.918343
vt 0.791685 0.891801
vt 0.735778 0.930153
vt 0.796821 0.903611
vt 0.740913 0.941962
vt 0.801955 0.915420
vt 0.746047 0.953770
vt 0.807090 0.927228
vt 0.751182 0.965578
vt 0.812224 0.939036
vt 0.756315 0.977385
vt 0.817358 0.950843
vt 0.822491 0.962649
vt 0.761449 0.989191
vt 0.546159 0.330839
vt 0.555620 0.315428
vt 0.567890 0.301927
vt 0.582314 0.290797
vt 0.567933 0.341584
vt 0.598315 0.282213
vt 0.575250 0.330026
vt 0.615397 0.276224
vt 0.584723 0.319840
vt 0.633135 0.272837
vt 0.595929 0.311340
vt 0.651151 0.272026
vt 0.608474 0.304707
vt 0.669101 0.273777
vt 0.621986 0.300036
vt 0.686636 0.278082
vt 0.636110 0.297375
vt 0.703387 0.284938
vt 0.650509 0.296741
vt 0.718929 0.294324
vt 0.664857 0.298130
vt 0.732770 0.306168
vt 0.678828 0.301521
vt 0.744344 0.320273
vt 0.692089 0.306883
vt 0.753015 0.336144
vt 0.704286 0.314149
vt 0.715049 0.323206
vt 0.723999 0.333859
vt 0.730723 0.345773
vt 0.563610 0.354082
vt 0.734408 0.358474
vt 0.559809 0.353719
vt 0.738223 0.358304
vt 0.539251 0.346567
vt 0.759116 0.352202
vt 0.547308 0.351432
vt 0.750824 0.356653
vt 0.542458 0.349125
vt 0.755783 0.354595
vt 0.737525 0.424208
vt 0.725407 0.425955
vt 0.742831 0.421887
vt 0.721442 0.426205
vt 0.717524 0.413622
vt 0.710542 0.401889
vt 0.739645 0.403493
vt 0.746108 0.419415
vt 0.701351 0.391462
vt 0.730611 0.387812
vt 0.690379 0.382674
vt 0.718705 0.373968
vt 0.678015 0.375712
vt 0.704570 0.362451
vt 0.664630 0.370685
vt 0.688792 0.353440
vt 0.650583 0.367649
vt 0.671865 0.346999
vt 0.636209 0.366629
vt 0.654216 0.343134
vt 0.621834 0.367637
vt 0.636216 0.341845
vt 0.607787 0.370666
vt 0.618214 0.343123
vt 0.594405 0.375689
vt 0.600560 0.346977
vt 0.582042 0.382648
vt 0.583629 0.353416
vt 0.571072 0.391436
vt 0.567849 0.362425
vt 0.561887 0.401866
vt 0.553716 0.373946
vt 0.547032 0.425937
vt 0.534914 0.424194
vt 0.554910 0.413601
vt 0.541814 0.387794
vt 0.529608 0.421876
vt 0.550998 0.426186
vt 0.532789 0.403481
vt 0.526330 0.419404
vt 0.826081 0.075017
vt 0.835833 0.068502
vt 0.847336 0.066214
vt 0.819566 0.084769
vt 0.858838 0.068502
vt 0.817278 0.096271
vt 0.868590 0.075018
vt 0.819566 0.107772
vt 0.875105 0.084769
vt 0.826082 0.117523
vt 0.877392 0.096271
vt 0.835834 0.124038
vt 0.875104 0.107772
vt 0.847336 0.126326
vt 0.868588 0.117523
vt 0.858837 0.124038
vt 0.855127 0.180962
vt 0.852234 0.195504
vt 0.843997 0.207832
vt 0.852235 0.166419
vt 0.831669 0.216071
vt 0.843998 0.154089
vt 0.817126 0.218964
vt 0.831669 0.145850
vt 0.802582 0.216072
vt 0.817125 0.142957
vt 0.790252 0.207834
vt 0.802581 0.145849
vt 0.782013 0.195505
vt 0.790251 0.154088
vt 0.779120 0.180962
vt 0.782013 0.166418
vt 0.358504 0.176897
vt 0.353687 0.174765
vt 0.343223 0.169895
vt 0.337200 0.129312
vt 0.348841 0.173596
vt 0.367798 0.120983
vt 0.381836 0.126284
vt 0.363045 0.179890
vt 0.338320 0.120509
vt 0.344299 0.173765
vt 0.353409 0.118194
vt 0.394814 0.134015
vt 0.367140 0.183669
vt 0.339865 0.116632
vt 0.406295 0.143866
vt 0.370657 0.188128
vt 0.415975 0.155490
vt 0.373489 0.193139
vt 0.423632 0.168529
vt 0.375554 0.198555
vt 0.429093 0.182627
vt 0.376789 0.204217
vt 0.432230 0.197418
vt 0.377158 0.209961
vt 0.432948 0.212525
vt 0.376652 0.215616
vt 0.431194 0.227552
vt 0.375289 0.221017
vt 0.426965 0.242078
vt 0.373122 0.226005
vt 0.420321 0.255646
vt 0.370253 0.230423
vt 0.411462 0.267757
vt 0.381283 0.277501
vt 0.364152 0.240219
vt 0.366834 0.234049
vt 0.400934 0.277954
vt 0.387034 0.284262
vt 0.362939 0.236390
vt 0.390447 0.286665
vt 0.448475 0.153363
vt 0.443398 0.150068
vt 0.438636 0.144305
vt 0.452112 0.098429
vt 0.453216 0.157483
vt 0.438138 0.148107
vt 0.456043 0.091325
vt 0.470760 0.094820
vt 0.483181 0.102349
vt 0.457456 0.162285
vt 0.494712 0.111673
vt 0.458752 0.088407
vt 0.461089 0.167678
vt 0.504891 0.122584
vt 0.464039 0.173561
vt 0.513504 0.134802
vt 0.466252 0.179819
vt 0.520421 0.148063
vt 0.467688 0.186330
vt 0.525548 0.162115
vt 0.468320 0.192969
vt 0.528820 0.176713
vt 0.468135 0.199606
vt 0.530189 0.191609
vt 0.467135 0.206114
vt 0.529624 0.206557
vt 0.465336 0.212366
vt 0.527115 0.221303
vt 0.462776 0.218241
vt 0.522673 0.235578
vt 0.459531 0.223621
vt 0.516339 0.249090
vt 0.479869 0.274786
vt 0.452953 0.235268
vt 0.455713 0.228319
vt 0.508233 0.261508
vt 0.451310 0.231802
vt 0.485795 0.280340
vt 0.498726 0.272490
vt 0.489270 0.282284
vt 0.476759 0.111118
vt 0.450617 0.150383
vt 0.444930 0.146742
vt 0.465009 0.104100
vt 0.487260 0.119619
vt 0.455780 0.154826
vt 0.448475 0.153363
vt 0.443398 0.150068
vt 0.438636 0.144305
vt 0.452112 0.098429
vt 0.481080 0.105205
vt 0.468804 0.097833
vt 0.496445 0.129481
vt 0.460362 0.159988
vt 0.453216 0.157483
vt 0.492287 0.114255
vt 0.438138 0.148107
vt 0.456043 0.091325
vt 0.470760 0.094820
vt 0.483181 0.102349
vt 0.504210 0.140512
vt 0.464275 0.165779
vt 0.457456 0.162285
vt 0.502145 0.124822
vt 0.494712 0.111673
vt 0.458752 0.088407
vt 0.510452 0.152493
vt 0.467445 0.172086
vt 0.461089 0.167678
vt 0.510483 0.136654
vt 0.504891 0.122584
vt 0.515085 0.165201
vt 0.469819 0.178786
vt 0.464039 0.173561
vt 0.517181 0.149500
vt 0.513504 0.134802
vt 0.518044 0.178408
vt 0.471357 0.185754
vt 0.466252 0.179819
vt 0.522147 0.163117
vt 0.520421 0.148063
vt 0.519283 0.191886
vt 0.472032 0.192857
vt 0.467688 0.186330
vt 0.525318 0.177264
vt 0.525548 0.162115
vt 0.518776 0.205404
vt 0.471830 0.199965
vt 0.468320 0.192969
vt 0.526644 0.191700
vt 0.528820 0.176713
vt 0.516516 0.218725
vt 0.470750 0.206943
vt 0.468135 0.199606
vt 0.526099 0.206185
vt 0.530189 0.191609
vt 0.512515 0.231610
vt 0.468807 0.213659
vt 0.467135 0.206114
vt 0.523671 0.220469
vt 0.529624 0.206557
vt 0.506805 0.243820
vt 0.466033 0.219982
vt 0.465336 0.212366
vt 0.519372 0.234292
vt 0.527115 0.221303
vt 0.499425 0.255138
vt 0.462485 0.225798
vt 0.462776 0.218241
vt 0.513238 0.247379
vt 0.522673 0.235578
vt 0.490400 0.265427
vt 0.458193 0.231013
vt 0.459531 0.223621
vt 0.505355 0.259436
vt 0.516339 0.249090
vt 0.479869 0.274786
vt 0.452953 0.235268
vt 0.455713 0.228319
vt 0.495939 0.270224
vt 0.508233 0.261508
vt 0.451310 0.231802
vt 0.485795 0.280340
vt 0.498726 0.272490
vt 0.489270 0.282284
vt 0.354799 0.171070
vt 0.364416 0.131988
vt 0.376791 0.136656
vt 0.360289 0.173444
vt 0.349050 0.169741
vt 0.351179 0.129580
vt 0.366715 0.124467
vt 0.380241 0.129554
vt 0.388101 0.143417
vt 0.365395 0.176774
vt 0.358504 0.176897
vt 0.353687 0.174765
vt 0.343223 0.169895
vt 0.337200 0.129312
vt 0.352602 0.121824
vt 0.348841 0.173596
vt 0.367798 0.120983
vt 0.381836 0.126284
vt 0.392695 0.136976
vt 0.398095 0.152019
vt 0.369972 0.180971
vt 0.363045 0.179890
vt 0.338320 0.120509
vt 0.344299 0.173765
vt 0.353409 0.118194
vt 0.394814 0.134015
vt 0.403708 0.146433
vt 0.406537 0.162177
vt 0.373886 0.185913
vt 0.367140 0.183669
vt 0.339865 0.116632
vt 0.406295 0.143866
vt 0.412997 0.157596
vt 0.413226 0.173586
vt 0.377027 0.191453
vt 0.370657 0.188128
vt 0.415975 0.155490
vt 0.420349 0.170123
vt 0.418004 0.185927
vt 0.379310 0.197436
vt 0.373489 0.193139
vt 0.423632 0.168529
vt 0.425596 0.183668
vt 0.420752 0.198874
vt 0.380672 0.203693
vt 0.375554 0.198555
vt 0.429093 0.182627
vt 0.428610 0.197879
vt 0.421389 0.212084
vt 0.381073 0.210050
vt 0.376789 0.204217
vt 0.432230 0.197418
vt 0.429303 0.212389
vt 0.419873 0.225206
vt 0.380498 0.216327
vt 0.377158 0.209961
vt 0.432948 0.212525
vt 0.427624 0.226816
vt 0.416204 0.237873
vt 0.378960 0.222343
vt 0.376652 0.215616
vt 0.431194 0.227552
vt 0.423572 0.240757
vt 0.410427 0.249715
vt 0.376503 0.227922
vt 0.375289 0.221017
vt 0.426965 0.242078
vt 0.417198 0.253778
vt 0.402615 0.260388
vt 0.373203 0.232910
vt 0.373122 0.226005
vt 0.420321 0.255646
vt 0.408651 0.265431
vt 0.392844 0.269638
vt 0.369115 0.237164
vt 0.370253 0.230423
vt 0.411462 0.267757
vt 0.398275 0.275355
vt 0.381283 0.277501
vt 0.364152 0.240219
vt 0.366834 0.234049
vt 0.400934 0.277954
vt 0.387034 0.284262
vt 0.362939 0.236390
vt 0.390447 0.286665
vt 0.827093 0.185088
vt 0.817124 0.180961
vt 0.827914 0.180959
vt 0.824754 0.188590
vt 0.827092 0.176829
vt 0.852234 0.195504
vt 0.855127 0.180962
vt 0.821253 0.190930
vt 0.843997 0.207832
vt 0.824753 0.173329
vt 0.852235 0.166419
vt 0.817123 0.191751
vt 0.831669 0.216071
vt 0.821252 0.170991
vt 0.843998 0.154089
vt 0.812993 0.190929
vt 0.817126 0.218964
vt 0.817124 0.170169
vt 0.831669 0.145850
vt 0.809493 0.188589
vt 0.802582 0.216072
vt 0.812996 0.170990
vt 0.817125 0.142957
vt 0.807154 0.185088
vt 0.790252 0.207834
vt 0.809496 0.173329
vt 0.802581 0.145849
vt 0.806333 0.180958
vt 0.782013 0.195505
vt 0.807156 0.176829
vt 0.790251 0.154088
vt 0.779120 0.180962
vt 0.782013 0.166418
vt 0.835833 0.068502
vt 0.851524 0.106398
vt 0.855081 0.104023
vt 0.826081 0.075017
vt 0.847336 0.066214
vt 0.847329 0.107230
vt 0.847336 0.096270
vt 0.857459 0.100468
vt 0.819566 0.084769
vt 0.858838 0.068502
vt 0.843135 0.106393
vt 0.858295 0.096274
vt 0.817278 0.096271
vt 0.868590 0.075018
vt 0.839581 0.104015
vt 0.857462 0.092079
vt 0.819566 0.107772
vt 0.875105 0.084769
vt 0.837208 0.100457
vt 0.855088 0.088523
vt 0.826082 0.117523
vt 0.877392 0.096271
vt 0.836376 0.096263
vt 0.851533 0.086146
vt 0.835834 0.124038
vt 0.875104 0.107772
vt 0.837212 0.092070
vt 0.847340 0.085310
vt 0.847336 0.126326
vt 0.868588 0.117523
vt 0.839590 0.088516
vt 0.843146 0.086142
vt 0.858837 0.124038
vt 0.721112 0.412184
vt 0.731930 0.407618
vt 0.737525 0.424208
vt 0.725407 0.425955
vt 0.713731 0.399672
vt 0.723451 0.392933
vt 0.736453 0.405264
vt 0.742831 0.421887
vt 0.721442 0.426205
vt 0.717524 0.413622
vt 0.704088 0.388685
vt 0.712452 0.380259
vt 0.727664 0.389937
vt 0.710542 0.401889
vt 0.739645 0.403493
vt 0.746108 0.419415
vt 0.692610 0.379469
vt 0.699434 0.369733
vt 0.716142 0.376568
vt 0.701351 0.391462
vt 0.730611 0.387812
vt 0.679705 0.372189
vt 0.684881 0.361478
vt 0.702470 0.365456
vt 0.690379 0.382674
vt 0.718705 0.373968
vt 0.665764 0.366945
vt 0.669235 0.355563
vt 0.687195 0.356754
vt 0.678015 0.375712
vt 0.704570 0.362451
vt 0.651151 0.363782
vt 0.652894 0.352007
vt 0.670792 0.350527
vt 0.664630 0.370685
vt 0.688792 0.353440
vt 0.636210 0.362721
vt 0.636213 0.350818
vt 0.653677 0.346787
vt 0.650583 0.367649
vt 0.671865 0.346999
vt 0.621268 0.363770
vt 0.619532 0.351995
vt 0.636215 0.345539
vt 0.636209 0.366629
vt 0.654216 0.343134
vt 0.606655 0.366925
vt 0.603187 0.355541
vt 0.618751 0.346776
vt 0.621834 0.367637
vt 0.636216 0.341845
vt 0.592715 0.372166
vt 0.587540 0.361454
vt 0.601632 0.350505
vt 0.607787 0.370666
vt 0.618214 0.343123
vt 0.579811 0.379444
vt 0.572987 0.369707
vt 0.585226 0.356730
vt 0.594405 0.375689
vt 0.600560 0.346977
vt 0.568335 0.388660
vt 0.559970 0.380236
vt 0.569950 0.365430
vt 0.582042 0.382648
vt 0.583629 0.353416
vt 0.558698 0.399650
vt 0.548976 0.392914
vt 0.556280 0.376545
vt 0.571072 0.391436
vt 0.567849 0.362425
vt 0.551322 0.412164
vt 0.540504 0.407603
vt 0.544761 0.389918
vt 0.561887 0.401866
vt 0.553716 0.373946
vt 0.547032 0.425937
vt 0.534914 0.424194
vt 0.535982 0.405250
vt 0.554910 0.413601
vt 0.541814 0.387794
vt 0.529608 0.421876
vt 0.550998 0.426186
vt 0.532789 0.403481
vt 0.526330 0.419404
vt 0.542458 0.349125
vt 0.539251 0.346567
vt 0.546159 0.330839
vt 0.549303 0.332696
vt 0.555620 0.315428
vt 0.558508 0.317635
vt 0.553403 0.334995
vt 0.547308 0.351432
vt 0.567890 0.301927
vt 0.570382 0.304597
vt 0.562319 0.320507
vt 0.564526 0.340096
vt 0.559809 0.353719
vt 0.582314 0.290797
vt 0.584333 0.293860
vt 0.573697 0.308093
vt 0.572243 0.327810
vt 0.567933 0.341584
vt 0.563610 0.354082
vt 0.598315 0.282213
vt 0.599824 0.285570
vt 0.587033 0.297879
vt 0.582164 0.317100
vt 0.575250 0.330026
vt 0.615397 0.276224
vt 0.616375 0.279780
vt 0.601847 0.289985
vt 0.593865 0.308203
vt 0.584723 0.319840
vt 0.633135 0.272837
vt 0.633576 0.276504
vt 0.617692 0.284466
vt 0.606937 0.301277
vt 0.595929 0.311340
vt 0.651151 0.272026
vt 0.651055 0.275719
vt 0.634173 0.281339
vt 0.620991 0.296411
vt 0.608474 0.304707
vt 0.669101 0.273777
vt 0.668469 0.277416
vt 0.650929 0.280592
vt 0.635661 0.293642
vt 0.621986 0.300036
vt 0.686636 0.278082
vt 0.685475 0.281582
vt 0.667622 0.282215
vt 0.650607 0.292982
vt 0.636110 0.297375
vt 0.703387 0.284938
vt 0.701708 0.288212
vt 0.683919 0.286193
vt 0.665498 0.294424
vt 0.650509 0.296741
vt 0.718929 0.294324
vt 0.716756 0.297279
vt 0.699461 0.292518
vt 0.680009 0.297951
vt 0.664857 0.298130
vt 0.732770 0.306168
vt 0.730147 0.308709
vt 0.713855 0.301156
vt 0.693799 0.303536
vt 0.678828 0.301521
vt 0.744344 0.320273
vt 0.741348 0.322330
vt 0.726658 0.312033
vt 0.706507 0.311120
vt 0.692089 0.306883
vt 0.753015 0.336144
vt 0.749781 0.337838
vt 0.737397 0.325007
vt 0.717745 0.320600
vt 0.704286 0.314149
vt 0.759116 0.352202
vt 0.755783 0.354595
vt 0.745568 0.339928
vt 0.727115 0.331798
vt 0.715049 0.323206
vt 0.750824 0.356653
vt 0.734200 0.344459
vt 0.723999 0.333859
vt 0.738223 0.358304
vt 0.730723 0.345773
vt 0.734408 0.358474
vt 0.755737 0.809126
vt 0.694695 0.835668
vt 0.689561 0.823860
vt 0.750603 0.797318
vt 0.760872 0.820935
vt 0.699830 0.847477
vt 0.684427 0.812053
vt 0.745469 0.785511
vt 0.766007 0.832745
vt 0.704965 0.859287
vt 0.679293 0.800246
vt 0.740336 0.773704
vt 0.771143 0.844556
vt 0.710100 0.871098
vt 0.776278 0.856366
vt 0.715236 0.882908
vt 0.781414 0.868178
vt 0.720372 0.894720
vt 0.786550 0.879990
vt 0.725508 0.906532
vt 0.791685 0.891801
vt 0.730643 0.918343
vt 0.796821 0.903611
vt 0.735778 0.930153
vt 0.801955 0.915420
vt 0.740913 0.941962
vt 0.807090 0.927228
vt 0.746047 0.953770
vt 0.812224 0.939036
vt 0.751182 0.965578
vt 0.817358 0.950843
vt 0.756315 0.977385
vt 0.822491 0.962649
vt 0.761449 0.989191
vt 0.609314 0.459646
vt 0.609311 0.556749
vt 0.596379 0.556747
vt 0.596380 0.459644
vt 0.622248 0.459650
vt 0.622243 0.556753
vt 0.583447 0.556746
vt 0.583447 0.459643
vt 0.635181 0.459654
vt 0.635177 0.556757
vt 0.648111 0.459657
vt 0.648114 0.556761
vt 0.661042 0.459659
vt 0.661051 0.556763
vt 0.673977 0.459661
vt 0.673986 0.556764
vt 0.686914 0.459662
vt 0.686920 0.556766
vt 0.699849 0.459665
vt 0.699856 0.556768
vt 0.712783 0.459666
vt 0.712794 0.556770
vt 0.725719 0.459668
vt 0.725728 0.556771
vt 0.738654 0.459671
vt 0.738660 0.556774
vt 0.751589 0.459673
vt 0.751591 0.556776
vt 0.764525 0.459675
vt 0.764521 0.556779
vt 0.777457 0.459677
vt 0.777455 0.556781
vt 0.790388 0.459678
vt 0.790388 0.556781
vt 0.517354 0.589577
vt 0.517354 0.737704
vt 0.500932 0.737704
vt 0.500932 0.589577
vt 0.533775 0.589577
vt 0.533775 0.737704
vt 0.550196 0.589577
vt 0.550196 0.737704
vt 0.566616 0.589577
vt 0.566616 0.737704
vt 0.583035 0.589577
vt 0.583035 0.737704
vt 0.599453 0.589577
vt 0.599453 0.737704
vt 0.615870 0.589577
vt 0.615870 0.737704
vt 0.632286 0.589577
vt 0.632286 0.737704
vt 0.648702 0.589577
vt 0.648702 0.737704
vt 0.665119 0.589577
vt 0.665119 0.737704
vt 0.681537 0.589577
vt 0.681537 0.737704
vt 0.697955 0.589577
vt 0.697955 0.737704
vt 0.714374 0.589577
vt 0.714374 0.737704
vt 0.730794 0.589577
vt 0.730794 0.737704
vt 0.747215 0.589577
vt 0.747215 0.737704
vt 0.763637 0.589577
vt 0.763637 0.737704
# 1387 polygons
usemtl initialShadingGroup
s off
g pCylinder6 Prototip
f 1/602/1 2/606/2 82/611/3 63/607/4
f 2/606/5 3/610/6 81/615/7 82/611/8
f 3/610/9 4/614/10 80/619/11 81/615/12
f 4/614/13 5/618/14 79/623/15 80/619/16
f 5/618/17 6/622/18 78/627/19 79/623/20
f 6/622/21 7/626/22 77/629/23 78/627/24
f 7/626/25 8/624/26 76/628/27 77/629/28
f 8/624/29 9/620/30 75/625/31 76/628/32
f 9/620/33 10/616/34 74/621/35 75/625/36
f 10/616/37 11/612/38 73/617/39 74/621/40
f 11/612/41 12/608/42 72/613/43 73/617/44
f 12/608/45 13/604/46 71/609/47 72/613/48
f 13/604/49 14/600/50 70/605/51 71/609/52
f 14/600/53 15/596/54 69/601/55 70/605/56
f 15/596/57 16/592/58 68/597/59 69/601/60
f 16/592/61 17/589/62 67/595/63 68/597/64
f 17/589/65 18/591/66 66/594/67 67/595/68
f 18/591/69 19/593/70 65/599/71 66/594/72
f 19/593/73 20/598/74 64/603/75 65/599/76
f 20/598/77 1/602/78 63/607/79 64/603/80
f 2/606/81 1/602/82 41/590/83
f 3/610/84 2/606/85 41/590/86
f 4/614/87 3/610/88 41/590/89
f 5/618/90 4/614/91 41/590/92
f 6/622/93 5/618/94 41/590/95
f 7/626/96 6/622/97 41/590/98
f 8/624/99 7/626/100 41/590/101
f 9/620/102 8/624/103 41/590/104
f 10/616/105 9/620/106 41/590/107
f 11/612/108 10/616/109 41/590/110
f 12/608/111 11/612/112 41/590/113
f 13/604/114 12/608/115 41/590/116
f 14/600/117 13/604/118 41/590/119
f 15/596/120 14/600/121 41/590/122
f 16/592/123 15/596/124 41/590/125
f 17/589/126 16/592/127 41/590/128
f 18/591/129 17/589/130 41/590/131
f 19/593/132 18/591/133 41/590/134
f 20/598/135 19/593/136 41/590/137
f 1/602/138 20/598/139 41/590/140
f 21/645/141 22/641/142 42/636/143
f 22/641/144 23/637/145 42/636/146
f 23/637/147 24/632/148 42/636/149
f 24/632/150 25/631/151 42/636/152
f 25/631/153 26/635/154 42/636/155
f 26/635/156 27/640/157 42/636/158
f 27/640/159 28/644/160 42/636/161
f 28/644/162 29/648/163 42/636/164
f 29/648/165 30/652/166 42/636/167
f 30/652/168 31/656/169 42/636/170
f 31/656/171 32/660/172 42/636/173
f 32/660/174 33/664/175 42/636/176
f 33/664/177 34/668/178 42/636/179
f 34/668/180 35/669/181 42/636/182
f 35/669/183 36/665/184 42/636/185
f 36/665/186 37/661/187 42/636/188
f 37/661/189 38/657/190 42/636/191
f 38/657/192 39/653/193 42/636/194
f 39/653/195 40/649/196 42/636/197
f 40/649/198 21/645/199 42/636/200
f 44/650/201 43/646/202 21/645/203 40/649/204
f 45/654/205 44/650/206 40/649/207 39/653/208
f 46/658/209 45/654/210 39/653/211 38/657/212
f 47/662/213 46/658/214 38/657/215 37/661/216
f 48/666/217 47/662/218 37/661/219 36/665/220
f 49/670/221 48/666/222 36/665/223 35/669/224
f 50/667/225 49/670/226 35/669/227 34/668/228
f 51/663/229 50/667/230 34/668/231 33/664/232
f 52/659/233 51/663/234 33/664/235 32/660/236
f 53/655/237 52/659/238 32/660/239 31/656/240
f 54/651/241 53/655/242 31/656/243 30/652/244
f 55/647/245 54/651/246 30/652/247 29/648/248
f 56/643/249 55/647/250 29/648/251 28/644/252
f 57/639/253 56/643/254 28/644/255 27/640/256
f 58/634/257 57/639/258 27/640/259 26/635/260
f 59/630/261 58/634/262 26/635/263 25/631/264
f 60/633/265 59/630/266 25/631/267 24/632/268
f 61/638/269 60/633/270 24/632/271 23/637/272
f 62/642/273 61/638/274 23/637/275 22/641/276
f 43/646/277 62/642/278 22/641/279 21/645/280
f 64/707/281 63/713/282 103/705/283 104/699/284
f 65/701/285 64/707/286 104/699/287 105/693/288
f 66/695/289 65/701/290 105/693/291 106/687/292
f 67/689/293 66/695/294 106/687/295 107/681/296
f 68/683/297 67/689/298 107/681/299 108/675/300
f 69/679/301 68/683/302 108/675/303 109/671/304
f 70/680/305 69/679/306 109/671/307 110/674/308
f 71/686/309 70/680/310 110/674/311 111/678/312
f 72/692/313 71/686/314 111/678/315 112/685/316
f 73/698/317 72/692/318 112/685/319 113/691/320
f 74/704/321 73/698/322 113/691/323 114/697/324
f 75/710/325 74/704/326 114/697/327 115/703/328
f 76/716/329 75/710/330 115/703/331 116/709/332
f 77/722/333 76/716/334 116/709/335 117/715/336
f 78/728/337 77/722/338 117/715/339 118/721/340
f 79/730/341 78/728/342 118/721/343 119/727/344
f 80/729/345 79/730/346 119/727/347 120/723/348
f 81/725/349 80/729/350 120/723/351 121/717/352
f 82/719/353 81/725/354 121/717/355 122/711/356
f 63/713/357 82/719/358 122/711/359 103/705/360
f 84/753/361 83/747/362 43/755/363 44/761/364
f 85/759/365 84/753/366 44/761/367 45/767/368
f 86/765/369 85/759/370 45/767/371 46/773/372
f 87/771/373 86/765/374 46/773/375 47/779/376
f 88/777/377 87/771/378 47/779/379 48/785/380
f 89/783/381 88/777/382 48/785/383 49/789/384
f 90/787/385 89/783/386 49/789/387 50/790/388
f 91/781/389 90/787/390 50/790/391 51/788/392
f 92/775/393 91/781/394 51/788/395 52/782/396
f 93/769/397 92/775/398 52/782/399 53/776/400
f 94/763/401 93/769/402 53/776/403 54/770/404
f 95/757/405 94/763/406 54/770/407 55/764/408
f 96/751/409 95/757/410 55/764/411 56/758/412
f 97/745/413 96/751/414 56/758/415 57/752/416
f 98/738/417 97/745/418 57/752/419 58/746/420
f 99/734/421 98/738/422 58/746/423 59/739/424
f 100/731/425 99/734/426 59/739/427 60/740/428
f 101/735/429 100/731/430 60/740/431 61/743/432
f 102/741/433 101/735/434 61/743/435 62/749/436
f 83/747/437 102/741/438 62/749/439 43/755/440
f 124/791/441 123/792/442 125/793/443 126/794/444
f 127/797/445 124/791/446 126/794/447 128/798/448
f 129/801/449 127/797/450 128/798/451 130/802/452
f 131/805/453 129/801/454 130/802/455 132/806/456
f 133/809/457 131/805/458 132/806/459 134/810/460
f 135/813/461 133/809/462 134/810/463 136/814/464
f 137/817/465 135/813/466 136/814/467 138/818/468
f 139/821/469 137/817/470 138/818/471 140/822/472
f 141/825/473 139/821/474 140/822/475 142/826/476
f 143/829/477 141/825/478 142/826/479 144/830/480
f 145/827/481 143/831/482 144/832/483 146/828/484
f 147/823/485 145/827/486 146/828/487 148/824/488
f 149/819/489 147/823/490 148/824/491 150/820/492
f 151/815/493 149/819/494 150/820/495 152/816/496
f 153/811/497 151/815/498 152/816/499 154/812/500
f 155/807/501 153/811/502 154/812/503 156/808/504
f 157/803/505 155/807/506 156/808/507 158/804/508
f 159/799/509 157/803/510 158/804/511 160/800/512
f 161/795/513 159/799/514 160/800/515 162/796/516
f 123/792/517 161/795/518 162/796/519 125/793/520
f 104/699/521 103/705/522 123/706/523 124/700/524
f 83/747/525 84/753/526 126/754/527 125/748/528
f 105/693/529 104/699/530 124/700/531 127/694/532
f 84/753/533 85/759/534 128/760/535 126/754/536
f 106/687/537 105/693/538 127/694/539 129/688/540
f 85/759/541 86/765/542 130/766/543 128/760/544
f 107/681/545 106/687/546 129/688/547 131/682/548
f 86/765/549 87/771/550 132/772/551 130/766/552
f 108/675/553 107/681/554 131/682/555 133/676/556
f 87/771/557 88/777/558 134/778/559 132/772/560
f 109/671/561 108/675/562 133/676/563 135/672/564
f 88/777/565 89/783/566 136/784/567 134/778/568
f 110/674/569 109/671/570 135/672/571 137/673/572
f 89/783/573 90/787/574 138/786/575 136/784/576
f 111/678/577 110/674/578 137/673/579 139/677/580
f 90/787/581 91/781/582 140/780/583 138/786/584
f 112/685/585 111/678/586 139/677/587 141/684/588
f 91/781/589 92/775/590 142/774/591 140/780/592
f 113/691/593 112/685/594 141/684/595 143/690/596
f 92/775/597 93/769/598 144/768/599 142/774/600
f 114/697/601 113/691/602 143/690/603 145/696/604
f 93/769/605 94/763/606 146/762/607 144/768/608
f 115/703/609 114/697/610 145/696/611 147/702/612
f 94/763/613 95/757/614 148/756/615 146/762/616
f 116/709/617 115/703/618 147/702/619 149/708/620
f 95/757/621 96/751/622 150/750/623 148/756/624
f 117/715/625 116/709/626 149/708/627 151/714/628
f 96/751/629 97/745/630 152/744/631 150/750/632
f 118/721/633 117/715/634 151/714/635 153/720/636
f 97/745/637 98/738/638 154/737/639 152/744/640
f 119/727/641 118/721/642 153/720/643 155/726/644
f 98/738/645 99/734/646 156/733/647 154/737/648
f 120/723/649 119/727/650 155/726/651 157/724/652
f 99/734/653 100/731/654 158/732/655 156/733/656
f 121/717/657 120/723/658 157/724/659 159/718/660
f 100/731/661 101/735/662 160/736/663 158/732/664
f 122/711/665 121/717/666 159/718/667 161/712/668
f 101/735/669 102/741/670 162/742/671 160/736/672
f 103/705/673 122/711/674 161/712/675 123/706/676
f 102/741/677 83/747/678 125/748/679 162/742/680
f 163/1/681 225/584/682 244/582/683 164/2/684
f 164/2/685 244/582/686 243/580/687 165/3/688
f 165/3/689 243/580/690 242/578/691 166/4/692
f 166/4/693 242/578/694 241/576/695 167/5/696
f 167/5/697 241/576/698 240/574/699 168/6/700
f 168/6/701 240/574/702 239/572/703 169/7/704
f 169/7/705 239/572/706 238/569/707 170/8/708
f 170/8/709 238/569/710 237/570/711 171/9/712
f 171/9/713 237/570/714 236/571/715 172/10/716
f 172/10/717 236/571/718 235/573/719 173/11/720
f 173/11/721 235/573/722 234/575/723 174/12/724
f 174/12/725 234/575/726 233/577/727 175/13/728
f 175/13/729 233/577/730 232/579/731 176/14/732
f 176/14/733 232/579/734 231/581/735 177/15/736
f 177/15/737 231/581/738 230/583/739 178/16/740
f 178/16/741 230/583/742 229/585/743 179/17/744
f 179/17/745 229/585/746 228/587/747 180/18/748
f 180/18/749 228/587/750 227/588/751 181/19/752
f 181/19/753 227/588/754 226/586/755 182/20/756
f 182/20/757 226/586/758 225/584/759 163/1/760
f 164/2/761 203/41/762 163/1/763
f 165/3/764 203/41/765 164/2/766
f 166/4/767 203/41/768 165/3/769
f 167/5/770 203/41/771 166/4/772
f 168/6/773 203/41/774 167/5/775
f 169/7/776 203/41/777 168/6/778
f 170/8/779 203/41/780 169/7/781
f 171/9/782 203/41/783 170/8/784
f 172/10/785 203/41/786 171/9/787
f 173/11/788 203/41/789 172/10/790
f 174/12/791 203/41/792 173/11/793
f 175/13/794 203/41/795 174/12/796
f 176/14/797 203/41/798 175/13/799
f 177/15/800 203/41/801 176/14/802
f 178/16/803 203/41/804 177/15/805
f 179/17/806 203/41/807 178/16/808
f 180/18/809 203/41/810 179/17/811
f 181/19/812 203/41/813 180/18/814
f 182/20/815 203/41/816 181/19/817
f 163/1/818 203/41/819 182/20/820
f 183/21/821 204/42/822 184/22/823
f 184/22/824 204/42/825 185/23/826
f 185/23/827 204/42/828 186/24/829
f 186/24/830 204/42/831 187/25/832
f 187/25/833 204/42/834 188/26/835
f 188/26/836 204/42/837 189/27/838
f 189/27/839 204/42/840 190/28/841
f 190/28/842 204/42/843 191/29/844
f 191/29/845 204/42/846 192/30/847
f 192/30/848 204/42/849 193/31/850
f 193/31/851 204/42/852 194/32/853
f 194/32/854 204/42/855 195/33/856
f 195/33/857 204/42/858 196/34/859
f 196/34/860 204/42/861 197/35/862
f 197/35/863 204/42/864 198/36/865
f 198/36/866 204/42/867 199/37/868
f 199/37/869 204/42/870 200/38/871
f 200/38/872 204/42/873 201/39/874
f 201/39/875 204/42/876 202/40/877
f 202/40/878 204/42/879 183/21/880
f 206/551/881 202/40/882 183/21/883 205/550/884
f 207/553/885 201/39/886 202/40/887 206/551/888
f 208/555/889 200/38/890 201/39/891 207/553/892
f 209/557/893 199/37/894 200/38/895 208/555/896
f 210/559/897 198/36/898 199/37/899 209/557/900
f 211/561/901 197/35/902 198/36/903 210/559/904
f 212/563/905 196/34/906 197/35/907 211/561/908
f 213/565/909 195/33/910 196/34/911 212/563/912
f 214/567/913 194/32/914 195/33/915 213/565/916
f 215/568/917 193/31/918 194/32/919 214/567/920
f 216/566/921 192/30/922 193/31/923 215/568/924
f 217/564/925 191/29/926 192/30/927 216/566/928
f 218/562/929 190/28/930 191/29/931 217/564/932
f 219/560/933 189/27/934 190/28/935 218/562/936
f 220/558/937 188/26/938 189/27/939 219/560/940
f 221/556/941 187/25/942 188/26/943 220/558/944
f 222/554/945 186/24/946 187/25/947 221/556/948
f 223/552/949 185/23/950 186/24/951 222/554/952
f 224/549/953 184/22/954 185/23/955 223/552/956
f 205/550/957 183/21/958 184/22/959 224/549/960
f 226/546/961 266/64/962 265/63/963 225/548/964
f 227/542/965 267/65/966 266/64/967 226/546/968
f 228/538/969 268/66/970 267/65/971 227/542/972
f 229/534/973 269/67/974 268/66/975 228/538/976
f 230/530/977 270/68/978 269/67/979 229/534/980
f 231/526/981 271/69/982 270/68/983 230/530/984
f 232/522/985 272/70/986 271/69/987 231/526/988
f 233/518/989 273/71/990 272/70/991 232/522/992
f 234/513/993 274/72/994 273/71/995 233/518/996
f 235/514/997 275/73/998 274/72/999 234/513/1000
f 236/516/1001 276/74/1002 275/73/1003 235/514/1004
f 237/520/1005 277/75/1006 276/74/1007 236/516/1008
f 238/524/1009 278/76/1010 277/75/1011 237/520/1012
f 239/528/1013 279/77/1014 278/76/1015 238/524/1016
f 240/532/1017 280/78/1018 279/77/1019 239/528/1020
f 241/536/1021 281/79/1022 280/78/1023 240/532/1024
f 242/540/1025 282/80/1026 281/79/1027 241/536/1028
f 243/544/1029 283/81/1030 282/80/1031 242/540/1032
f 244/547/1033 284/82/1034 283/81/1035 243/544/1036
f 225/548/1037 265/63/1038 284/82/1039 244/547/1040
f 246/44/1041 206/478/1042 205/473/1043 245/43/1044
f 247/45/1045 207/482/1046 206/478/1047 246/44/1048
f 248/46/1049 208/486/1050 207/482/1051 247/45/1052
f 249/47/1053 209/490/1054 208/486/1055 248/46/1056
f 250/48/1057 210/494/1058 209/490/1059 249/47/1060
f 251/49/1061 211/498/1062 210/494/1063 250/48/1064
f 252/50/1065 212/502/1066 211/498/1067 251/49/1068
f 253/51/1069 213/506/1070 212/502/1071 252/50/1072
f 254/52/1073 214/508/1074 213/506/1075 253/51/1076
f 255/53/1077 215/507/1078 214/508/1079 254/52/1080
f 256/54/1081 216/504/1082 215/507/1083 255/53/1084
f 257/55/1085 217/500/1086 216/504/1087 256/54/1088
f 258/56/1089 218/496/1090 217/500/1091 257/55/1092
f 259/57/1093 219/492/1094 218/496/1095 258/56/1096
f 260/58/1097 220/488/1098 219/492/1099 259/57/1100
f 261/59/1101 221/484/1102 220/488/1103 260/58/1104
f 262/60/1105 222/480/1106 221/484/1107 261/59/1108
f 263/61/1109 223/476/1110 222/480/1111 262/60/1112
f 264/62/1113 224/474/1114 223/476/1115 263/61/1116
f 245/43/1117 205/473/1118 224/474/1119 264/62/1120
f 286/458/1121 288/457/1122 287/455/1123 285/456/1124
f 289/460/1125 290/459/1126 288/457/1127 286/458/1128
f 291/462/1129 292/461/1130 290/459/1131 289/460/1132
f 293/464/1133 294/463/1134 292/461/1135 291/462/1136
f 295/466/1137 296/465/1138 294/463/1139 293/464/1140
f 297/467/1141 298/468/1142 296/465/1143 295/466/1144
f 299/430/1145 300/427/1146 298/428/1147 297/429/1148
f 301/432/1149 302/431/1150 300/427/1151 299/430/1152
f 303/434/1153 304/433/1154 302/431/1155 301/432/1156
f 305/436/1157 306/435/1158 304/433/1159 303/434/1160
f 307/438/1161 308/437/1162 306/435/1163 305/436/1164
f 309/440/1165 310/439/1166 308/437/1167 307/438/1168
f 311/442/1169 312/441/1170 310/439/1171 309/440/1172
f 313/444/1173 314/443/1174 312/441/1175 311/442/1176
f 315/446/1177 316/445/1178 314/443/1179 313/444/1180
f 317/448/1181 318/447/1182 316/445/1183 315/446/1184
f 319/450/1185 320/449/1186 318/447/1187 317/448/1188
f 321/452/1189 322/451/1190 320/449/1191 319/450/1192
f 323/454/1193 324/453/1194 322/451/1195 321/452/1196
f 285/456/1197 287/455/1198 324/453/1199 323/454/1200
f 266/64/1201 286/541/1202 285/545/1203 265/63/1204
f 245/43/1205 287/470/1206 288/472/1207 246/44/1208
f 267/65/1209 289/537/1210 286/541/1211 266/64/1212
f 246/44/1213 288/472/1214 290/477/1215 247/45/1216
f 268/66/1217 291/533/1218 289/537/1219 267/65/1220
f 247/45/1221 290/477/1222 292/481/1223 248/46/1224
f 269/67/1225 293/529/1226 291/533/1227 268/66/1228
f 248/46/1229 292/481/1230 294/485/1231 249/47/1232
f 270/68/1233 295/525/1234 293/529/1235 269/67/1236
f 249/47/1237 294/485/1238 296/489/1239 250/48/1240
f 271/69/1241 297/521/1242 295/525/1243 270/68/1244
f 250/48/1245 296/489/1246 298/493/1247 251/49/1248
f 272/70/1249 299/517/1250 297/521/1251 271/69/1252
f 251/49/1253 298/493/1254 300/497/1255 252/50/1256
f 273/71/1257 301/512/1258 299/517/1259 272/70/1260
f 252/50/1261 300/497/1262 302/501/1263 253/51/1264
f 274/72/1265 303/510/1266 301/512/1267 273/71/1268
f 253/51/1269 302/501/1270 304/505/1271 254/52/1272
f 275/73/1273 305/509/1274 303/510/1275 274/72/1276
f 254/52/1277 304/505/1278 306/503/1279 255/53/1280
f 276/74/1281 307/511/1282 305/509/1283 275/73/1284
f 255/53/1285 306/503/1286 308/499/1287 256/54/1288
f 277/75/1289 309/515/1290 307/511/1291 276/74/1292
f 256/54/1293 308/499/1294 310/495/1295 257/55/1296
f 278/76/1297 311/519/1298 309/515/1299 277/75/1300
f 257/55/1301 310/495/1302 312/491/1303 258/56/1304
f 279/77/1305 313/523/1306 311/519/1307 278/76/1308
f 258/56/1309 312/491/1310 314/487/1311 259/57/1312
f 280/78/1313 315/527/1314 313/523/1315 279/77/1316
f 259/57/1317 314/487/1318 316/483/1319 260/58/1320
f 281/79/1321 317/531/1322 315/527/1323 280/78/1324
f 260/58/1325 316/483/1326 318/479/1327 261/59/1328
f 282/80/1329 319/535/1330 317/531/1331 281/79/1332
f 261/59/1333 318/479/1334 320/475/1335 262/60/1336
f 283/81/1337 321/539/1338 319/535/1339 282/80/1340
f 262/60/1341 320/475/1342 322/471/1343 263/61/1344
f 284/82/1345 323/543/1346 321/539/1347 283/81/1348
f 263/61/1349 322/471/1350 324/469/1351 264/62/1352
f 265/63/1353 285/545/1354 323/543/1355 284/82/1356
f 264/62/1357 324/469/1358 287/470/1359 245/43/1360
g pCylinder5 Prototip
f 325/1526/1361 326/1521/1362 565/1520/1363 550/1525/1364
f 326/1521/1365 327/1516/1366 564/1515/1367 565/1520/1368
f 327/1516/1369 328/1510/1370 563/1509/1371 564/1515/1372
f 328/1510/1373 329/1502/1374 562/1501/1375 563/1509/1376
f 329/1502/1377 330/1491/1378 561/1490/1379 562/1501/1380
f 330/1491/1381 331/1485/1382 560/1484/1383 561/1490/1384
f 331/1485/1385 332/1482/1386 559/1483/1387 560/1484/1388
f 332/1482/1389 333/1486/1390 558/1487/1391 559/1483/1392
f 333/1486/1393 334/1494/1394 557/1495/1395 558/1487/1396
f 334/1561/1397 335/1556/1398 556/1555/1399 557/1560/1400
f 335/1556/1401 336/1551/1402 555/1550/1403 556/1555/1404
f 336/1551/1405 337/1546/1406 554/1545/1407 555/1550/1408
f 337/1546/1409 338/1541/1410 553/1540/1411 554/1545/1412
f 338/1541/1413 339/1536/1414 552/1535/1415 553/1540/1416
f 339/1536/1417 340/1531/1418 551/1530/1419 552/1535/1420
f 340/1531/1421 325/1526/1422 550/1525/1423 551/1530/1424
f 663/1610/1425 662/1614/1426 664/1606/1427
f 665/1605/1428 663/1610/1429 664/1606/1430
f 666/1601/1431 665/1605/1432 664/1606/1433
f 667/1602/1434 666/1601/1435 664/1606/1436
f 668/1607/1437 667/1602/1438 664/1606/1439
f 669/1611/1440 668/1607/1441 664/1606/1442
f 670/1615/1443 669/1611/1444 664/1606/1445
f 671/1619/1446 670/1615/1447 664/1606/1448
f 672/1623/1449 671/1619/1450 664/1606/1451
f 673/1627/1452 672/1623/1453 664/1606/1454
f 674/1631/1455 673/1627/1456 664/1606/1457
f 675/1630/1458 674/1631/1459 664/1606/1460
f 676/1626/1461 675/1630/1462 664/1606/1463
f 677/1622/1464 676/1626/1465 664/1606/1466
f 678/1618/1467 677/1622/1468 664/1606/1469
f 662/1614/1470 678/1618/1471 664/1606/1472
f 389/1588/1473 390/1584/1474 391/1568/1475
f 390/1584/1476 392/1580/1477 391/1568/1478
f 392/1580/1479 393/1576/1480 391/1568/1481
f 393/1576/1482 394/1571/1483 391/1568/1484
f 394/1571/1485 395/1569/1486 391/1568/1487
f 395/1569/1488 396/1567/1489 391/1568/1490
f 396/1567/1491 397/1570/1492 391/1568/1493
f 397/1570/1494 398/1574/1495 391/1568/1496
f 398/1574/1497 399/1578/1498 391/1568/1499
f 399/1578/1500 400/1582/1501 391/1568/1502
f 400/1582/1503 401/1586/1504 391/1568/1505
f 401/1586/1506 402/1590/1507 391/1568/1508
f 402/1590/1509 403/1594/1510 391/1568/1511
f 403/1594/1512 404/1596/1513 391/1568/1514
f 404/1596/1515 405/1592/1516 391/1568/1517
f 405/1592/1518 389/1588/1519 391/1568/1520
f 358/1423/1521 357/1428/1522 341/1429/1523 356/1424/1524
f 359/1417/1525 358/1423/1526 356/1424/1527 355/1418/1528
f 360/1409/1529 359/1417/1530 355/1418/1531 354/1410/1532
f 361/1401/1533 360/1409/1534 354/1410/1535 353/1402/1536
f 362/1397/1537 361/1401/1538 353/1402/1539 352/1398/1540
f 363/1400/1541 362/1397/1542 352/1398/1543 351/1399/1544
f 364/1406/1545 363/1400/1546 351/1399/1547 350/1405/1548
f 365/1468/1549 364/1473/1550 350/1474/1551 349/1469/1552
f 366/1463/1553 365/1468/1554 349/1469/1555 348/1464/1556
f 367/1458/1557 366/1463/1558 348/1464/1559 347/1459/1560
f 368/1453/1561 367/1458/1562 347/1459/1563 346/1454/1564
f 369/1448/1565 368/1453/1566 346/1454/1567 345/1449/1568
f 370/1443/1569 369/1448/1570 345/1449/1571 344/1444/1572
f 371/1438/1573 370/1443/1574 344/1444/1575 343/1439/1576
f 372/1433/1577 371/1438/1578 343/1439/1579 342/1434/1580
f 357/1428/1581 372/1433/1582 342/1434/1583 341/1429/1584
f 341/1429/1585 342/1434/1586 374/1440/1587 373/1435/1588
f 342/1434/1589 343/1439/1590 375/1445/1591 374/1440/1592
f 343/1439/1593 344/1444/1594 376/1450/1595 375/1445/1596
f 344/1444/1597 345/1449/1598 377/1455/1599 376/1450/1600
f 345/1449/1601 346/1454/1602 378/1460/1603 377/1455/1604
f 346/1454/1605 347/1459/1606 379/1465/1607 378/1460/1608
f 347/1459/1609 348/1464/1610 380/1470/1611 379/1465/1612
f 348/1464/1613 349/1469/1614 381/1475/1615 380/1470/1616
f 349/1469/1617 350/1474/1618 382/1478/1619 381/1475/1620
f 350/1405/1621 351/1399/1622 383/1404/1623 382/1413/1624
f 351/1399/1625 352/1398/1626 384/1403/1627 383/1404/1628
f 352/1398/1629 353/1402/1630 385/1411/1631 384/1403/1632
f 353/1402/1633 354/1410/1634 386/1419/1635 385/1411/1636
f 354/1410/1637 355/1418/1638 387/1425/1639 386/1419/1640
f 355/1418/1641 356/1424/1642 388/1430/1643 387/1425/1644
f 356/1424/1645 341/1429/1646 373/1435/1647 388/1430/1648
f 373/1593/1649 374/1589/1650 390/1584/1651 389/1588/1652
f 374/1589/1653 375/1585/1654 392/1580/1655 390/1584/1656
f 375/1585/1657 376/1581/1658 393/1576/1659 392/1580/1660
f 376/1581/1661 377/1577/1662 394/1571/1663 393/1576/1664
f 377/1577/1665 378/1573/1666 395/1569/1667 394/1571/1668
f 378/1573/1669 379/1572/1670 396/1567/1671 395/1569/1672
f 379/1572/1673 380/1575/1674 397/1570/1675 396/1567/1676
f 380/1575/1677 381/1579/1678 398/1574/1679 397/1570/1680
f 381/1579/1681 382/1583/1682 399/1578/1683 398/1574/1684
f 382/1583/1685 383/1587/1686 400/1582/1687 399/1578/1688
f 383/1587/1689 384/1591/1690 401/1586/1691 400/1582/1692
f 384/1591/1693 385/1595/1694 402/1590/1695 401/1586/1696
f 385/1595/1697 386/1598/1698 403/1594/1699 402/1590/1700
f 386/1598/1701 387/1599/1702 404/1596/1703 403/1594/1704
f 387/1599/1705 388/1597/1706 405/1592/1707 404/1596/1708
f 388/1597/1709 373/1593/1710 389/1588/1711 405/1592/1712
f 407/1749/1713 406/1754/1714 454/1760/1715 455/1755/1716
f 408/1744/1717 407/1749/1718 455/1755/1719 456/1750/1720
f 409/1739/1721 408/1744/1722 456/1750/1723 457/1745/1724
f 410/1733/1725 409/1739/1726 457/1745/1727 458/1740/1728
f 411/1728/1729 410/1733/1730 458/1740/1731 459/1734/1732
f 412/1724/1733 411/1728/1734 459/1734/1735 460/1729/1736
f 413/1725/1737 412/1724/1738 460/1729/1739 461/1730/1740
f 414/1794/1741 413/1797/1742 461/1800/1743 462/1798/1744
f 415/1789/1745 414/1794/1746 462/1798/1747 463/1795/1748
f 416/1784/1749 415/1789/1750 463/1795/1751 464/1790/1752
f 417/1779/1753 416/1784/1754 464/1790/1755 465/1785/1756
f 418/1774/1757 417/1779/1758 465/1785/1759 466/1780/1760
f 419/1769/1761 418/1774/1762 466/1780/1763 467/1775/1764
f 420/1764/1765 419/1769/1766 467/1775/1767 468/1770/1768
f 421/1759/1769 420/1764/1770 468/1770/1771 469/1765/1772
f 406/1754/1773 421/1759/1774 469/1765/1775 454/1760/1776
f 423/1659/1777 422/1664/1778 470/1665/1779 471/1660/1780
f 424/1654/1781 423/1659/1782 471/1660/1783 472/1655/1784
f 425/1649/1785 424/1654/1786 472/1655/1787 473/1650/1788
f 426/1643/1789 425/1649/1790 473/1650/1791 474/1644/1792
f 427/1637/1793 426/1643/1794 474/1644/1795 475/1638/1796
f 428/1633/1797 427/1637/1798 475/1638/1799 476/1634/1800
f 429/1636/1801 428/1633/1802 476/1634/1803 477/1635/1804
f 430/1704/1805 429/1709/1806 477/1710/1807 478/1705/1808
f 431/1699/1809 430/1704/1810 478/1705/1811 479/1700/1812
f 432/1694/1813 431/1699/1814 479/1700/1815 480/1695/1816
f 433/1689/1817 432/1694/1818 480/1695/1819 481/1690/1820
f 434/1684/1821 433/1689/1822 481/1690/1823 482/1685/1824
f 435/1679/1825 434/1684/1826 482/1685/1827 483/1680/1828
f 436/1674/1829 435/1679/1830 483/1680/1831 484/1675/1832
f 437/1669/1833 436/1674/1834 484/1675/1835 485/1670/1836
f 422/1664/1837 437/1669/1838 485/1670/1839 470/1665/1840
f 567/1815/1841 566/1817/1842 568/1818/1843 569/1816/1844
f 570/1811/1845 567/1815/1846 569/1816/1847 571/1812/1848
f 572/1807/1849 570/1811/1850 571/1812/1851 573/1808/1852
f 574/1803/1853 572/1807/1854 573/1808/1855 575/1804/1856
f 576/1806/1857 574/1803/1858 575/1804/1859 577/1805/1860
f 578/1810/1861 576/1806/1862 577/1805/1863 579/1809/1864
f 580/1814/1865 578/1810/1866 579/1809/1867 581/1813/1868
f 582/1833/1869 580/1835/1870 581/1836/1871 583/1834/1872
f 584/1831/1873 582/1833/1874 583/1834/1875 585/1832/1876
f 586/1829/1877 584/1831/1878 585/1832/1879 587/1830/1880
f 588/1827/1881 586/1829/1882 587/1830/1883 589/1828/1884
f 590/1825/1885 588/1827/1886 589/1828/1887 591/1826/1888
f 592/1823/1889 590/1825/1890 591/1826/1891 593/1824/1892
f 594/1821/1893 592/1823/1894 593/1824/1895 595/1822/1896
f 596/1819/1897 594/1821/1898 595/1822/1899 597/1820/1900
f 566/1817/1901 596/1819/1902 597/1820/1903 568/1818/1904
f 615/1849/1905 614/1851/1906 616/1852/1907 617/1850/1908
f 618/1847/1909 615/1849/1910 617/1850/1911 619/1848/1912
f 620/1845/1913 618/1847/1914 619/1848/1915 621/1846/1916
f 622/1841/1917 620/1845/1918 621/1846/1919 623/1842/1920
f 624/1837/1921 622/1841/1922 623/1842/1923 625/1838/1924
f 626/1840/1925 624/1837/1926 625/1838/1927 627/1839/1928
f 628/1844/1929 626/1840/1930 627/1839/1931 629/1843/1932
f 630/1867/1933 628/1869/1934 629/1870/1935 631/1868/1936
f 632/1865/1937 630/1867/1938 631/1868/1939 633/1866/1940
f 634/1863/1941 632/1865/1942 633/1866/1943 635/1864/1944
f 636/1861/1945 634/1863/1946 635/1864/1947 637/1862/1948
f 638/1859/1949 636/1861/1950 637/1862/1951 639/1860/1952
f 640/1857/1953 638/1859/1954 639/1860/1955 641/1858/1956
f 642/1855/1957 640/1857/1958 641/1858/1959 643/1856/1960
f 644/1853/1961 642/1855/1962 643/1856/1963 645/1854/1964
f 614/1851/1965 644/1853/1966 645/1854/1967 616/1852/1968
f 471/1660/1969 470/1665/1970 502/1671/1971 503/1666/1972
f 472/1655/1973 471/1660/1974 503/1666/1975 504/1661/1976
f 473/1650/1977 472/1655/1978 504/1661/1979 505/1656/1980
f 474/1644/1981 473/1650/1982 505/1656/1983 506/1651/1984
f 475/1638/1985 474/1644/1986 506/1651/1987 507/1645/1988
f 476/1634/1989 475/1638/1990 507/1645/1991 508/1639/1992
f 477/1635/1993 476/1634/1994 508/1639/1995 509/1640/1996
f 478/1705/1997 477/1710/1998 509/1714/1999 510/1711/2000
f 479/1700/2001 478/1705/2002 510/1711/2003 511/1706/2004
f 480/1695/2005 479/1700/2006 511/1706/2007 512/1701/2008
f 481/1690/2009 480/1695/2010 512/1701/2011 513/1696/2012
f 482/1685/2013 481/1690/2014 513/1696/2015 514/1691/2016
f 483/1680/2017 482/1685/2018 514/1691/2019 515/1686/2020
f 484/1675/2021 483/1680/2022 515/1686/2023 516/1681/2024
f 485/1670/2025 484/1675/2026 516/1681/2027 517/1676/2028
f 470/1665/2029 485/1670/2030 517/1676/2031 502/1671/2032
f 487/1743/2033 486/1748/2034 406/1754/2035 407/1749/2036
f 488/1738/2037 487/1743/2038 407/1749/2039 408/1744/2040
f 489/1732/2041 488/1738/2042 408/1744/2043 409/1739/2044
f 490/1727/2045 489/1732/2046 409/1739/2047 410/1733/2048
f 491/1723/2049 490/1727/2050 410/1733/2051 411/1728/2052
f 492/1721/2053 491/1723/2054 411/1728/2055 412/1724/2056
f 493/1718/2057 492/1721/2058 412/1724/2059 413/1725/2060
f 494/1788/2061 493/1793/2062 413/1797/2063 414/1794/2064
f 495/1783/2065 494/1788/2066 414/1794/2067 415/1789/2068
f 496/1778/2069 495/1783/2070 415/1789/2071 416/1784/2072
f 497/1773/2073 496/1778/2074 416/1784/2075 417/1779/2076
f 498/1768/2077 497/1773/2078 417/1779/2079 418/1774/2080
f 499/1763/2081 498/1768/2082 418/1774/2083 419/1769/2084
f 500/1758/2085 499/1763/2086 419/1769/2087 420/1764/2088
f 501/1753/2089 500/1758/2090 420/1764/2091 421/1759/2092
f 486/1748/2093 501/1753/2094 421/1759/2095 406/1754/2096
f 519/1883/2097 518/1885/2098 520/1886/2099 521/1884/2100
f 522/1881/2101 519/1883/2102 521/1884/2103 523/1882/2104
f 524/1879/2105 522/1881/2106 523/1882/2107 525/1880/2108
f 526/1877/2109 524/1879/2110 525/1880/2111 527/1878/2112
f 528/1875/2113 526/1877/2114 527/1878/2115 529/1876/2116
f 530/1871/2117 528/1875/2118 529/1876/2119 531/1872/2120
f 532/1874/2121 530/1871/2122 531/1872/2123 533/1873/2124
f 534/1901/2125 532/1903/2126 533/1904/2127 535/1902/2128
f 536/1899/2129 534/1901/2130 535/1902/2131 537/1900/2132
f 538/1897/2133 536/1899/2134 537/1900/2135 539/1898/2136
f 540/1895/2137 538/1897/2138 539/1898/2139 541/1896/2140
f 542/1893/2141 540/1895/2142 541/1896/2143 543/1894/2144
f 544/1891/2145 542/1893/2146 543/1894/2147 545/1892/2148
f 546/1889/2149 544/1891/2150 545/1892/2151 547/1890/2152
f 548/1887/2153 546/1889/2154 547/1890/2155 549/1888/2156
f 518/1885/2157 548/1887/2158 549/1888/2159 520/1886/2160
f 503/1666/2161 502/1671/2162 518/1678/2163 519/1673/2164
f 486/1748/2165 487/1743/2166 521/1742/2167 520/1747/2168
f 504/1661/2169 503/1666/2170 519/1673/2171 522/1668/2172
f 487/1743/2173 488/1738/2174 523/1737/2175 521/1742/2176
f 505/1656/2177 504/1661/2178 522/1668/2179 524/1663/2180
f 488/1738/2181 489/1732/2182 525/1731/2183 523/1737/2184
f 506/1651/2185 505/1656/2186 524/1663/2187 526/1658/2188
f 489/1732/2189 490/1727/2190 527/1726/2191 525/1731/2192
f 507/1645/2193 506/1651/2194 526/1658/2195 528/1653/2196
f 490/1727/2197 491/1723/2198 529/1722/2199 527/1726/2200
f 508/1639/2201 507/1645/2202 528/1653/2203 530/1647/2204
f 491/1723/2205 492/1721/2206 531/1720/2207 529/1722/2208
f 509/1640/2209 508/1639/2210 530/1647/2211 532/1648/2212
f 492/1721/2213 493/1718/2214 533/1719/2215 531/1720/2216
f 510/1711/2217 509/1714/2218 532/1717/2219 534/1716/2220
f 493/1793/2221 494/1788/2222 535/1787/2223 533/1792/2224
f 511/1706/2225 510/1711/2226 534/1716/2227 536/1713/2228
f 494/1788/2229 495/1783/2230 537/1782/2231 535/1787/2232
f 512/1701/2233 511/1706/2234 536/1713/2235 538/1708/2236
f 495/1783/2237 496/1778/2238 539/1777/2239 537/1782/2240
f 513/1696/2241 512/1701/2242 538/1708/2243 540/1703/2244
f 496/1778/2245 497/1773/2246 541/1772/2247 539/1777/2248
f 514/1691/2249 513/1696/2250 540/1703/2251 542/1698/2252
f 497/1773/2253 498/1768/2254 543/1767/2255 541/1772/2256
f 515/1686/2257 514/1691/2258 542/1698/2259 544/1693/2260
f 498/1768/2261 499/1763/2262 545/1762/2263 543/1767/2264
f 516/1681/2265 515/1686/2266 544/1693/2267 546/1688/2268
f 499/1763/2269 500/1758/2270 547/1757/2271 545/1762/2272
f 517/1676/2273 516/1681/2274 546/1688/2275 548/1683/2276
f 500/1758/2277 501/1753/2278 549/1752/2279 547/1757/2280
f 502/1671/2281 517/1676/2282 548/1683/2283 518/1678/2284
f 501/1753/2285 486/1748/2286 520/1747/2287 549/1752/2288
f 551/1530/2289 550/1525/2290 438/1529/2291 439/1534/2292
f 552/1535/2293 551/1530/2294 439/1534/2295 440/1539/2296
f 553/1540/2297 552/1535/2298 440/1539/2299 441/1544/2300
f 554/1545/2301 553/1540/2302 441/1544/2303 442/1549/2304
f 555/1550/2305 554/1545/2306 442/1549/2307 443/1554/2308
f 556/1555/2309 555/1550/2310 443/1554/2311 444/1559/2312
f 557/1560/2313 556/1555/2314 444/1559/2315 445/1564/2316
f 558/1487/2317 557/1495/2318 445/1504/2319 446/1496/2320
f 559/1483/2321 558/1487/2322 446/1496/2323 447/1488/2324
f 560/1484/2325 559/1483/2326 447/1488/2327 448/1489/2328
f 561/1490/2329 560/1484/2330 448/1489/2331 449/1500/2332
f 562/1501/2333 561/1490/2334 449/1500/2335 450/1508/2336
f 563/1509/2337 562/1501/2338 450/1508/2339 451/1514/2340
f 564/1515/2341 563/1509/2342 451/1514/2343 452/1519/2344
f 565/1520/2345 564/1515/2346 452/1519/2347 453/1524/2348
f 550/1525/2349 565/1520/2350 453/1524/2351 438/1529/2352
f 439/1534/2353 438/1529/2354 566/1533/2355 567/1538/2356
f 422/1664/2357 423/1659/2358 569/1667/2359 568/1672/2360
f 440/1539/2361 439/1534/2362 567/1538/2363 570/1543/2364
f 423/1659/2365 424/1654/2366 571/1662/2367 569/1667/2368
f 441/1544/2369 440/1539/2370 570/1543/2371 572/1548/2372
f 424/1654/2373 425/1649/2374 573/1657/2375 571/1662/2376
f 442/1549/2377 441/1544/2378 572/1548/2379 574/1553/2380
f 425/1649/2381 426/1643/2382 575/1652/2383 573/1657/2384
f 443/1554/2385 442/1549/2386 574/1553/2387 576/1558/2388
f 426/1643/2389 427/1637/2390 577/1646/2391 575/1652/2392
f 444/1559/2393 443/1554/2394 576/1558/2395 578/1563/2396
f 427/1637/2397 428/1633/2398 579/1642/2399 577/1646/2400
f 445/1564/2401 444/1559/2402 578/1563/2403 580/1566/2404
f 428/1633/2405 429/1636/2406 581/1641/2407 579/1642/2408
f 446/1496/2409 445/1504/2410 580/1512/2411 582/1506/2412
f 429/1709/2413 430/1704/2414 583/1712/2415 581/1715/2416
f 447/1488/2417 446/1496/2418 582/1506/2419 584/1498/2420
f 430/1704/2421 431/1699/2422 585/1707/2423 583/1712/2424
f 448/1489/2425 447/1488/2426 584/1498/2427 586/1499/2428
f 431/1699/2429 432/1694/2430 587/1702/2431 585/1707/2432
f 449/1500/2433 448/1489/2434 586/1499/2435 588/1507/2436
f 432/1694/2437 433/1689/2438 589/1697/2439 587/1702/2440
f 450/1508/2441 449/1500/2442 588/1507/2443 590/1513/2444
f 433/1689/2445 434/1684/2446 591/1692/2447 589/1697/2448
f 451/1514/2449 450/1508/2450 590/1513/2451 592/1518/2452
f 434/1684/2453 435/1679/2454 593/1687/2455 591/1692/2456
f 452/1519/2457 451/1514/2458 592/1518/2459 594/1523/2460
f 435/1679/2461 436/1674/2462 595/1682/2463 593/1687/2464
f 453/1524/2465 452/1519/2466 594/1523/2467 596/1528/2468
f 436/1674/2469 437/1669/2470 597/1677/2471 595/1682/2472
f 438/1529/2473 453/1524/2474 596/1528/2475 566/1533/2476
f 437/1669/2477 422/1664/2478 568/1672/2479 597/1677/2480
f 599/1431/2481 598/1436/2482 357/1428/2483 358/1423/2484
f 600/1426/2485 599/1431/2486 358/1423/2487 359/1417/2488
f 601/1420/2489 600/1426/2490 359/1417/2491 360/1409/2492
f 602/1412/2493 601/1420/2494 360/1409/2495 361/1401/2496
f 603/1407/2497 602/1412/2498 361/1401/2499 362/1397/2500
f 604/1408/2501 603/1407/2502 362/1397/2503 363/1400/2504
f 605/1414/2505 604/1408/2506 363/1400/2507 364/1406/2508
f 606/1476/2509 605/1479/2510 364/1473/2511 365/1468/2512
f 607/1471/2513 606/1476/2514 365/1468/2515 366/1463/2516
f 608/1466/2517 607/1471/2518 366/1463/2519 367/1458/2520
f 609/1461/2521 608/1466/2522 367/1458/2523 368/1453/2524
f 610/1456/2525 609/1461/2526 368/1453/2527 369/1448/2528
f 611/1451/2529 610/1456/2530 369/1448/2531 370/1443/2532
f 612/1446/2533 611/1451/2534 370/1443/2535 371/1438/2536
f 613/1441/2537 612/1446/2538 371/1438/2539 372/1433/2540
f 598/1436/2541 613/1441/2542 372/1433/2543 357/1428/2544
f 455/1755/2545 454/1760/2546 614/1766/2547 615/1761/2548
f 598/1436/2549 599/1431/2550 617/1437/2551 616/1442/2552
f 456/1750/2553 455/1755/2554 615/1761/2555 618/1756/2556
f 599/1431/2557 600/1426/2558 619/1432/2559 617/1437/2560
f 457/1745/2561 456/1750/2562 618/1756/2563 620/1751/2564
f 600/1426/2565 601/1420/2566 621/1427/2567 619/1432/2568
f 458/1740/2569 457/1745/2570 620/1751/2571 622/1746/2572
f 601/1420/2573 602/1412/2574 623/1421/2575 621/1427/2576
f 459/1734/2577 458/1740/2578 622/1746/2579 624/1741/2580
f 602/1412/2581 603/1407/2582 625/1416/2583 623/1421/2584
f 460/1729/2585 459/1734/2586 624/1741/2587 626/1735/2588
f 603/1407/2589 604/1408/2590 627/1415/2591 625/1416/2592
f 461/1730/2593 460/1729/2594 626/1735/2595 628/1736/2596
f 604/1408/2597 605/1414/2598 629/1422/2599 627/1415/2600
f 462/1798/2601 461/1800/2602 628/1802/2603 630/1801/2604
f 605/1479/2605 606/1476/2606 631/1480/2607 629/1481/2608
f 463/1795/2609 462/1798/2610 630/1801/2611 632/1799/2612
f 606/1476/2613 607/1471/2614 633/1477/2615 631/1480/2616
f 464/1790/2617 463/1795/2618 632/1799/2619 634/1796/2620
f 607/1471/2621 608/1466/2622 635/1472/2623 633/1477/2624
f 465/1785/2625 464/1790/2626 634/1796/2627 636/1791/2628
f 608/1466/2629 609/1461/2630 637/1467/2631 635/1472/2632
f 466/1780/2633 465/1785/2634 636/1791/2635 638/1786/2636
f 609/1461/2637 610/1456/2638 639/1462/2639 637/1467/2640
f 467/1775/2641 466/1780/2642 638/1786/2643 640/1781/2644
f 610/1456/2645 611/1451/2646 641/1457/2647 639/1462/2648
f 468/1770/2649 467/1775/2650 640/1781/2651 642/1776/2652
f 611/1451/2653 612/1446/2654 643/1452/2655 641/1457/2656
f 469/1765/2657 468/1770/2658 642/1776/2659 644/1771/2660
f 612/1446/2661 613/1441/2662 645/1447/2663 643/1452/2664
f 454/1760/2665 469/1765/2666 644/1771/2667 614/1766/2668
f 613/1441/2669 598/1436/2670 616/1442/2671 645/1447/2672
f 326/1521/2673 325/1526/2674 646/1532/2675 647/1527/2676
f 327/1516/2677 326/1521/2678 647/1527/2679 648/1522/2680
f 328/1510/2681 327/1516/2682 648/1522/2683 649/1517/2684
f 329/1502/2685 328/1510/2686 649/1517/2687 650/1511/2688
f 330/1491/2689 329/1502/2690 650/1511/2691 651/1503/2692
f 331/1485/2693 330/1491/2694 651/1503/2695 652/1492/2696
f 332/1482/2697 331/1485/2698 652/1492/2699 653/1493/2700
f 333/1486/2701 332/1482/2702 653/1493/2703 654/1497/2704
f 334/1494/2705 333/1486/2706 654/1497/2707 655/1505/2708
f 335/1556/2709 334/1561/2710 655/1565/2711 656/1562/2712
f 336/1551/2713 335/1556/2714 656/1562/2715 657/1557/2716
f 337/1546/2717 336/1551/2718 657/1557/2719 658/1552/2720
f 338/1541/2721 337/1546/2722 658/1552/2723 659/1547/2724
f 339/1536/2725 338/1541/2726 659/1547/2727 660/1542/2728
f 340/1531/2729 339/1536/2730 660/1542/2731 661/1537/2732
f 325/1526/2733 340/1531/2734 661/1537/2735 646/1532/2736
f 647/1609/2737 646/1613/2738 662/1614/2739 663/1610/2740
f 648/1604/2741 647/1609/2742 663/1610/2743 665/1605/2744
f 649/1600/2745 648/1604/2746 665/1605/2747 666/1601/2748
f 650/1603/2749 649/1600/2750 666/1601/2751 667/1602/2752
f 651/1608/2753 650/1603/2754 667/1602/2755 668/1607/2756
f 652/1612/2757 651/1608/2758 668/1607/2759 669/1611/2760
f 653/1616/2761 652/1612/2762 669/1611/2763 670/1615/2764
f 654/1620/2765 653/1616/2766 670/1615/2767 671/1619/2768
f 655/1624/2769 654/1620/2770 671/1619/2771 672/1623/2772
f 656/1628/2773 655/1624/2774 672/1623/2775 673/1627/2776
f 657/1632/2777 656/1628/2778 673/1627/2779 674/1631/2780
f 658/1629/2781 657/1632/2782 674/1631/2783 675/1630/2784
f 659/1625/2785 658/1629/2786 675/1630/2787 676/1626/2788
f 660/1621/2789 659/1625/2790 676/1626/2791 677/1622/2792
f 661/1617/2793 660/1621/2794 677/1622/2795 678/1618/2796
f 646/1613/2797 661/1617/2798 678/1618/2799 662/1614/2800
f 679/1030/2801 904/1031/2802 919/1032/2803 680/1033/2804
f 680/1033/2805 919/1032/2806 918/1038/2807 681/1039/2808
f 681/1039/2809 918/1038/2810 917/1350/2811 682/1351/2812
f 682/1319/2813 917/1320/2814 916/1050/2815 683/1051/2816
f 683/1051/2817 916/1050/2818 915/1059/2819 684/1060/2820
f 684/1060/2821 915/1059/2822 914/1067/2823 685/1068/2824
f 685/1068/2825 914/1067/2826 913/1075/2827 686/1076/2828
f 686/1076/2829 913/1075/2830 912/1083/2831 687/1084/2832
f 687/1084/2833 912/1083/2834 911/1079/2835 688/1078/2836
f 688/1078/2837 911/1079/2838 910/1071/2839 689/1070/2840
f 689/1070/2841 910/1071/2842 909/1063/2843 690/1062/2844
f 690/1062/2845 909/1063/2846 908/1055/2847 691/1054/2848
f 691/1054/2849 908/1055/2850 907/1047/2851 692/1046/2852
f 692/1046/2853 907/1047/2854 906/1041/2855 693/1040/2856
f 693/1040/2857 906/1041/2858 905/1035/2859 694/1034/2860
f 694/1034/2861 905/1035/2862 904/1031/2863 679/1030/2864
f 1017/1044/2865 1018/1053/2866 1016/1045/2867
f 1019/1052/2868 1018/1053/2869 1017/1044/2870
f 1020/1061/2871 1018/1053/2872 1019/1052/2873
f 1021/1069/2874 1018/1053/2875 1020/1061/2876
f 1022/1077/2877 1018/1053/2878 1021/1069/2879
f 1023/1085/2880 1018/1053/2881 1022/1077/2882
f 1024/1089/2883 1018/1053/2884 1023/1085/2885
f 1025/1091/2886 1018/1053/2887 1024/1089/2888
f 1026/1090/2889 1018/1053/2890 1025/1091/2891
f 1027/1087/2892 1018/1053/2893 1026/1090/2894
f 1028/1081/2895 1018/1053/2896 1027/1087/2897
f 1029/1073/2898 1018/1053/2899 1028/1081/2900
f 1030/1065/2901 1018/1053/2902 1029/1073/2903
f 1031/1057/2904 1018/1053/2905 1030/1065/2906
f 1032/1049/2907 1018/1053/2908 1031/1057/2909
f 1016/1045/2910 1018/1053/2911 1032/1049/2912
f 743/944/2913 745/954/2914 744/945/2915
f 744/945/2916 745/954/2917 746/949/2918
f 746/949/2919 745/954/2920 747/958/2921
f 747/958/2922 745/954/2923 748/966/2924
f 748/966/2925 745/954/2926 749/973/2927
f 749/973/2928 745/954/2929 750/978/2930
f 750/978/2931 745/954/2932 751/981/2933
f 751/981/2934 745/954/2935 752/983/2936
f 752/983/2937 745/954/2938 753/984/2939
f 753/984/2940 745/954/2941 754/982/2942
f 754/982/2943 745/954/2944 755/980/2945
f 755/980/2946 745/954/2947 756/976/2948
f 756/976/2949 745/954/2950 757/970/2951
f 757/970/2952 745/954/2953 758/962/2954
f 758/962/2955 745/954/2956 759/953/2957
f 759/953/2958 745/954/2959 743/944/2960
f 712/931/2961 710/938/2962 695/932/2963 711/927/2964
f 713/937/2965 709/943/2966 710/938/2967 712/931/2968
f 714/942/2969 708/952/2970 709/943/2971 713/937/2972
f 715/951/2973 707/961/2974 708/952/2975 714/942/2976
f 716/960/2977 706/969/2978 707/961/2979 715/951/2980
f 717/968/2981 705/975/2982 706/969/2983 716/960/2984
f 718/974/2985 704/979/2986 705/975/2987 717/968/2988
f 719/971/2989 703/977/2990 704/979/2991 718/974/2992
f 720/964/2993 702/972/2994 703/977/2995 719/971/2996
f 721/956/2997 701/965/2998 702/972/2999 720/964/3000
f 722/947/3001 700/957/3002 701/965/3003 721/956/3004
f 723/940/3005 699/948/3006 700/957/3007 722/947/3008
f 724/1389/3009 698/1390/3010 699/948/3011 723/940/3012
f 725/929/3013 697/935/3014 698/1359/3015 724/1360/3016
f 726/928/3017 696/933/3018 697/935/3019 725/929/3020
f 711/927/3021 695/932/3022 696/933/3023 726/928/3024
f 695/932/3025 727/1361/3026 728/1357/3027 696/933/3028
f 696/933/3029 728/1357/3030 729/1358/3031 697/935/3032
f 697/935/3033 729/1358/3034 730/1362/3035 698/1359/3036
f 698/1390/3037 730/1393/3038 731/1391/3039 699/948/3040
f 699/948/3041 731/1391/3042 732/1387/3043 700/957/3044
f 700/957/3045 732/1387/3046 733/1385/3047 701/965/3048
f 701/965/3049 733/1385/3050 734/1383/3051 702/972/3052
f 702/972/3053 734/1383/3054 735/1381/3055 703/977/3056
f 703/977/3057 735/1381/3058 736/1379/3059 704/979/3060
f 704/979/3061 736/1379/3062 737/1377/3063 705/975/3064
f 705/975/3065 737/1377/3066 738/1375/3067 706/969/3068
f 706/969/3069 738/1375/3070 739/1373/3071 707/961/3072
f 707/961/3073 739/1373/3074 740/1371/3075 708/952/3076
f 708/952/3077 740/1371/3078 741/1369/3079 709/943/3080
f 709/943/3081 741/1369/3082 742/1366/3083 710/938/3084
f 710/938/3085 742/1366/3086 727/1361/3087 695/932/3088
f 727/1313/3089 743/944/3090 744/945/3091 728/1311/3092
f 728/1311/3093 744/945/3094 746/949/3095 729/1309/3096
f 729/1309/3097 746/949/3098 747/958/3099 730/1307/3100
f 730/1307/3101 747/958/3102 748/966/3103 731/1305/3104
f 731/1305/3105 748/966/3106 749/973/3107 732/1303/3108
f 732/1303/3109 749/973/3110 750/978/3111 733/1302/3112
f 733/1302/3113 750/978/3114 751/981/3115 734/1301/3116
f 734/1301/3117 751/981/3118 752/983/3119 735/1304/3120
f 735/1304/3121 752/983/3122 753/984/3123 736/1306/3124
f 736/1306/3125 753/984/3126 754/982/3127 737/1308/3128
f 737/1308/3129 754/982/3130 755/980/3131 738/1310/3132
f 738/1310/3133 755/980/3134 756/976/3135 739/1312/3136
f 739/1312/3137 756/976/3138 757/970/3139 740/1314/3140
f 740/1314/3141 757/970/3142 758/962/3143 741/1316/3144
f 741/1316/3145 758/962/3146 759/953/3147 742/1315/3148
f 742/1315/3149 759/953/3150 743/944/3151 727/1313/3152
f 761/1001/3153 809/993/3154 808/988/3155 760/994/3156
f 762/1007/3157 810/1000/3158 809/993/3159 761/1001/3160
f 763/1013/3161 811/1006/3162 810/1000/3163 762/1007/3164
f 764/1019/3165 812/1012/3166 811/1006/3167 763/1013/3168
f 765/1024/3169 813/1018/3170 812/1012/3171 764/1019/3172
f 766/1026/3173 814/1021/3174 813/1018/3175 765/1024/3176
f 767/1022/3177 815/1015/3178 814/1021/3179 766/1026/3180
f 768/1016/3181 816/1009/3182 815/1015/3183 767/1022/3184
f 769/1010/3185 817/1003/3186 816/1009/3187 768/1016/3188
f 770/1004/3189 818/997/3190 817/1003/3191 769/1010/3192
f 771/998/3193 819/991/3194 818/997/3195 770/1004/3196
f 772/992/3197 820/987/3198 819/991/3199 771/998/3200
f 773/1242/3201 821/1238/3202 820/987/3203 772/992/3204
f 774/990/3205 822/986/3206 821/1237/3207 773/1241/3208
f 775/989/3209 823/985/3210 822/986/3211 774/990/3212
f 760/994/3213 808/988/3214 823/985/3215 775/989/3216
f 777/1095/3217 825/1100/3218 824/1096/3219 776/1093/3220
f 778/1099/3221 826/1106/3222 825/1100/3223 777/1095/3224
f 779/1105/3225 827/1111/3226 826/1106/3227 778/1099/3228
f 780/1110/3229 828/1117/3230 827/1111/3231 779/1105/3232
f 781/1116/3233 829/1123/3234 828/1117/3235 780/1110/3236
f 782/1122/3237 830/1129/3238 829/1123/3239 781/1116/3240
f 783/1128/3241 831/1133/3242 830/1129/3243 782/1122/3244
f 784/1125/3245 832/1131/3246 831/1133/3247 783/1128/3248
f 785/1119/3249 833/1126/3250 832/1131/3251 784/1125/3252
f 786/1113/3253 834/1120/3254 833/1126/3255 785/1119/3256
f 787/1108/3257 835/1114/3258 834/1120/3259 786/1113/3260
f 788/1103/3261 836/1109/3262 835/1114/3263 787/1108/3264
f 789/1277/3265 837/1278/3266 836/1109/3267 788/1103/3268
f 790/1094/3269 838/1098/3270 837/1245/3271 789/1246/3272
f 791/1092/3273 839/1097/3274 838/1098/3275 790/1094/3276
f 776/1093/3277 824/1096/3278 839/1097/3279 791/1092/3280
f 921/1176/3281 923/1175/3282 922/1171/3283 920/1174/3284
f 924/1180/3285 925/1179/3286 923/1175/3287 921/1176/3288
f 926/1184/3289 927/1183/3290 925/1179/3291 924/1180/3292
f 928/1186/3293 929/1185/3294 927/1183/3295 926/1184/3296
f 930/1188/3297 931/1187/3298 929/1185/3299 928/1186/3300
f 932/1190/3301 933/1189/3302 931/1187/3303 930/1188/3304
f 934/1192/3305 935/1191/3306 933/1189/3307 932/1190/3308
f 936/1194/3309 937/1193/3310 935/1191/3311 934/1192/3312
f 938/1196/3313 939/1195/3314 937/1193/3315 936/1194/3316
f 940/1198/3317 941/1197/3318 939/1195/3319 938/1196/3320
f 942/1200/3321 943/1199/3322 941/1197/3323 940/1198/3324
f 944/1202/3325 945/1201/3326 943/1199/3327 942/1200/3328
f 946/1203/3329 947/1204/3330 945/1201/3331 944/1202/3332
f 948/1178/3333 949/1177/3334 947/1181/3335 946/1182/3336
f 950/1173/3337 951/1172/3338 949/1177/3339 948/1178/3340
f 920/1174/3341 922/1171/3342 951/1172/3343 950/1173/3344
f 969/1146/3345 971/1145/3346 970/1141/3347 968/1142/3348
f 972/1148/3349 973/1147/3350 971/1145/3351 969/1146/3352
f 974/1150/3353 975/1149/3354 973/1147/3355 972/1148/3356
f 976/1152/3357 977/1151/3358 975/1149/3359 974/1150/3360
f 978/1154/3361 979/1153/3362 977/1151/3363 976/1152/3364
f 980/1156/3365 981/1155/3366 979/1153/3367 978/1154/3368
f 982/1158/3369 983/1157/3370 981/1155/3371 980/1156/3372
f 984/1160/3373 985/1159/3374 983/1157/3375 982/1158/3376
f 986/1162/3377 987/1161/3378 985/1159/3379 984/1160/3380
f 988/1164/3381 989/1163/3382 987/1161/3383 986/1162/3384
f 990/1166/3385 991/1165/3386 989/1163/3387 988/1164/3388
f 992/1168/3389 993/1167/3390 991/1165/3391 990/1166/3392
f 994/1169/3393 995/1170/3394 993/1167/3395 992/1168/3396
f 996/1139/3397 997/1138/3398 995/1143/3399 994/1144/3400
f 998/1140/3401 999/1137/3402 997/1138/3403 996/1139/3404
f 968/1142/3405 970/1141/3406 999/1137/3407 998/1140/3408
f 825/1100/3409 857/1107/3410 856/1101/3411 824/1096/3412
f 826/1106/3413 858/1112/3414 857/1107/3415 825/1100/3416
f 827/1111/3417 859/1118/3418 858/1112/3419 826/1106/3420
f 828/1117/3421 860/1124/3422 859/1118/3423 827/1111/3424
f 829/1123/3425 861/1130/3426 860/1124/3427 828/1117/3428
f 830/1129/3429 862/1134/3430 861/1130/3431 829/1123/3432
f 831/1133/3433 863/1136/3434 862/1134/3435 830/1129/3436
f 832/1131/3437 864/1135/3438 863/1136/3439 831/1133/3440
f 833/1126/3441 865/1132/3442 864/1135/3443 832/1131/3444
f 834/1120/3445 866/1127/3446 865/1132/3447 833/1126/3448
f 835/1114/3449 867/1121/3450 866/1127/3451 834/1120/3452
f 836/1109/3453 868/1115/3454 867/1121/3455 835/1114/3456
f 837/1278/3457 869/1281/3458 868/1115/3459 836/1109/3460
f 838/1098/3461 870/1104/3462 869/1247/3463 837/1245/3464
f 839/1097/3465 871/1102/3466 870/1104/3467 838/1098/3468
f 824/1096/3469 856/1101/3470 871/1102/3471 839/1097/3472
f 841/1008/3473 761/1001/3474 760/994/3475 840/1002/3476
f 842/1014/3477 762/1007/3478 761/1001/3479 841/1008/3480
f 843/1020/3481 763/1013/3482 762/1007/3483 842/1014/3484
f 844/1025/3485 764/1019/3486 763/1013/3487 843/1020/3488
f 845/1028/3489 765/1024/3490 764/1019/3491 844/1025/3492
f 846/1029/3493 766/1026/3494 765/1024/3495 845/1028/3496
f 847/1027/3497 767/1022/3498 766/1026/3499 846/1029/3500
f 848/1023/3501 768/1016/3502 767/1022/3503 847/1027/3504
f 849/1017/3505 769/1010/3506 768/1016/3507 848/1023/3508
f 850/1011/3509 770/1004/3510 769/1010/3511 849/1017/3512
f 851/1005/3513 771/998/3514 770/1004/3515 850/1011/3516
f 852/999/3517 772/992/3518 771/998/3519 851/1005/3520
f 853/1244/3521 773/1242/3522 772/992/3523 852/999/3524
f 854/996/3525 774/990/3526 773/1241/3527 853/1243/3528
f 855/995/3529 775/989/3530 774/990/3531 854/996/3532
f 840/1002/3533 760/994/3534 775/989/3535 855/995/3536
f 873/898/3537 875/897/3538 874/895/3539 872/896/3540
f 876/900/3541 877/899/3542 875/897/3543 873/898/3544
f 878/902/3545 879/901/3546 877/899/3547 876/900/3548
f 880/904/3549 881/903/3550 879/901/3551 878/902/3552
f 882/906/3553 883/905/3554 881/903/3555 880/904/3556
f 884/908/3557 885/907/3558 883/905/3559 882/906/3560
f 886/910/3561 887/909/3562 885/907/3563 884/908/3564
f 888/912/3565 889/911/3566 887/909/3567 886/910/3568
f 890/914/3569 891/913/3570 889/911/3571 888/912/3572
f 892/916/3573 893/915/3574 891/913/3575 890/914/3576
f 894/918/3577 895/917/3578 893/915/3579 892/916/3580
f 896/920/3581 897/919/3582 895/917/3583 894/918/3584
f 898/921/3585 899/922/3586 897/919/3587 896/920/3588
f 900/892/3589 901/889/3590 899/890/3591 898/891/3592
f 902/894/3593 903/893/3594 901/889/3595 900/892/3596
f 872/896/3597 874/895/3598 903/893/3599 902/894/3600
f 857/1107/3601 873/1258/3602 872/1256/3603 856/1101/3604
f 840/1002/3605 874/1207/3606 875/1208/3607 841/1008/3608
f 858/1112/3609 876/1260/3610 873/1258/3611 857/1107/3612
f 841/1008/3613 875/1208/3614 877/1210/3615 842/1014/3616
f 859/1118/3617 878/1262/3618 876/1260/3619 858/1112/3620
f 842/1014/3621 877/1210/3622 879/1212/3623 843/1020/3624
f 860/1124/3625 880/1264/3626 878/1262/3627 859/1118/3628
f 843/1020/3629 879/1212/3630 881/1214/3631 844/1025/3632
f 861/1130/3633 882/1266/3634 880/1264/3635 860/1124/3636
f 844/1025/3637 881/1214/3638 883/1216/3639 845/1028/3640
f 862/1134/3641 884/1268/3642 882/1266/3643 861/1130/3644
f 845/1028/3645 883/1216/3646 885/1218/3647 846/1029/3648
f 863/1136/3649 886/1270/3650 884/1268/3651 862/1134/3652
f 846/1029/3653 885/1218/3654 887/1220/3655 847/1027/3656
f 864/1135/3657 888/1272/3658 886/1270/3659 863/1136/3660
f 847/1027/3661 887/1220/3662 889/1222/3663 848/1023/3664
f 865/1132/3665 890/1274/3666 888/1272/3667 864/1135/3668
f 848/1023/3669 889/1222/3670 891/1224/3671 849/1017/3672
f 866/1127/3673 892/1276/3674 890/1274/3675 865/1132/3676
f 849/1017/3677 891/1224/3678 893/1226/3679 850/1011/3680
f 867/1121/3681 894/1280/3682 892/1276/3683 866/1127/3684
f 850/1011/3685 893/1226/3686 895/1228/3687 851/1005/3688
f 868/1115/3689 896/1283/3690 894/1280/3691 867/1121/3692
f 851/1005/3693 895/1228/3694 897/1230/3695 852/999/3696
f 869/1281/3697 898/1284/3698 896/1283/3699 868/1115/3700
f 852/999/3701 897/1230/3702 899/1240/3703 853/1244/3704
f 870/1104/3705 900/1251/3706 898/1252/3707 869/1247/3708
f 853/1243/3709 899/1239/3710 901/1205/3711 854/996/3712
f 871/1102/3713 902/1254/3714 900/1251/3715 870/1104/3716
f 854/996/3717 901/1205/3718 903/1206/3719 855/995/3720
f 856/1101/3721 872/1256/3722 902/1254/3723 871/1102/3724
f 855/995/3725 903/1206/3726 874/1207/3727 840/1002/3728
f 905/1035/3729 793/1042/3730 792/1036/3731 904/1031/3732
f 906/1041/3733 794/1048/3734 793/1042/3735 905/1035/3736
f 907/1047/3737 795/1056/3738 794/1048/3739 906/1041/3740
f 908/1055/3741 796/1064/3742 795/1056/3743 907/1047/3744
f 909/1063/3745 797/1072/3746 796/1064/3747 908/1055/3748
f 910/1071/3749 798/1080/3750 797/1072/3751 909/1063/3752
f 911/1079/3753 799/1086/3754 798/1080/3755 910/1071/3756
f 912/1083/3757 800/1088/3758 799/1086/3759 911/1079/3760
f 913/1075/3761 801/1082/3762 800/1088/3763 912/1083/3764
f 914/1067/3765 802/1074/3766 801/1082/3767 913/1075/3768
f 915/1059/3769 803/1066/3770 802/1074/3771 914/1067/3772
f 916/1050/3773 804/1058/3774 803/1066/3775 915/1059/3776
f 917/1320/3777 805/1325/3778 804/1058/3779 916/1050/3780
f 918/1038/3781 806/1043/3782 805/1354/3783 917/1350/3784
f 919/1032/3785 807/1037/3786 806/1043/3787 918/1038/3788
f 904/1031/3789 792/1036/3790 807/1037/3791 919/1032/3792
f 793/1042/3793 921/1345/3794 920/1347/3795 792/1036/3796
f 776/1093/3797 922/1253/3798 923/1255/3799 777/1095/3800
f 794/1048/3801 924/1343/3802 921/1345/3803 793/1042/3804
f 777/1095/3805 923/1255/3806 925/1257/3807 778/1099/3808
f 795/1056/3809 926/1341/3810 924/1343/3811 794/1048/3812
f 778/1099/3813 925/1257/3814 927/1259/3815 779/1105/3816
f 796/1064/3817 928/1339/3818 926/1341/3819 795/1056/3820
f 779/1105/3821 927/1259/3822 929/1261/3823 780/1110/3824
f 797/1072/3825 930/1337/3826 928/1339/3827 796/1064/3828
f 780/1110/3829 929/1261/3830 931/1263/3831 781/1116/3832
f 798/1080/3833 932/1335/3834 930/1337/3835 797/1072/3836
f 781/1116/3837 931/1263/3838 933/1265/3839 782/1122/3840
f 799/1086/3841 934/1333/3842 932/1335/3843 798/1080/3844
f 782/1122/3845 933/1265/3846 935/1267/3847 783/1128/3848
f 800/1088/3849 936/1331/3850 934/1333/3851 799/1086/3852
f 783/1128/3853 935/1267/3854 937/1269/3855 784/1125/3856
f 801/1082/3857 938/1328/3858 936/1331/3859 800/1088/3860
f 784/1125/3861 937/1269/3862 939/1271/3863 785/1119/3864
f 802/1074/3865 940/1323/3866 938/1328/3867 801/1082/3868
f 785/1119/3869 939/1271/3870 941/1273/3871 786/1113/3872
f 803/1066/3873 942/1322/3874 940/1323/3875 802/1074/3876
f 786/1113/3877 941/1273/3878 943/1275/3879 787/1108/3880
f 804/1058/3881 944/1327/3882 942/1322/3883 803/1066/3884
f 787/1108/3885 943/1275/3886 945/1279/3887 788/1103/3888
f 805/1325/3889 946/1330/3890 944/1327/3891 804/1058/3892
f 788/1103/3893 945/1279/3894 947/1282/3895 789/1277/3896
f 806/1043/3897 948/1353/3898 946/1356/3899 805/1354/3900
f 789/1246/3901 947/1248/3902 949/1249/3903 790/1094/3904
f 807/1037/3905 950/1349/3906 948/1353/3907 806/1043/3908
f 790/1094/3909 949/1249/3910 951/1250/3911 791/1092/3912
f 792/1036/3913 920/1347/3914 950/1349/3915 807/1037/3916
f 791/1092/3917 951/1250/3918 922/1253/3919 776/1093/3920
f 953/926/3921 712/931/3922 711/927/3923 952/924/3924
f 954/930/3925 713/937/3926 712/931/3927 953/926/3928
f 955/936/3929 714/942/3930 713/937/3931 954/930/3932
f 956/941/3933 715/951/3934 714/942/3935 955/936/3936
f 957/950/3937 716/960/3938 715/951/3939 956/941/3940
f 958/959/3941 717/968/3942 716/960/3943 957/950/3944
f 959/967/3945 718/974/3946 717/968/3947 958/959/3948
f 960/963/3949 719/971/3950 718/974/3951 959/967/3952
f 961/955/3953 720/964/3954 719/971/3955 960/963/3956
f 962/946/3957 721/956/3958 720/964/3959 961/955/3960
f 963/939/3961 722/947/3962 721/956/3963 962/946/3964
f 964/934/3965 723/940/3966 722/947/3967 963/939/3968
f 965/1394/3969 724/1389/3970 723/940/3971 964/934/3972
f 966/925/3973 725/929/3974 724/1360/3975 965/1363/3976
f 967/923/3977 726/928/3978 725/929/3979 966/925/3980
f 952/924/3981 711/927/3982 726/928/3983 967/923/3984
f 809/993/3985 969/1215/3986 968/1213/3987 808/988/3988
f 952/924/3989 970/1367/3990 971/1370/3991 953/926/3992
f 810/1000/3993 972/1217/3994 969/1215/3995 809/993/3996
f 953/926/3997 971/1370/3998 973/1372/3999 954/930/4000
f 811/1006/4001 974/1219/4002 972/1217/4003 810/1000/4004
f 954/930/4005 973/1372/4006 975/1374/4007 955/936/4008
f 812/1012/4009 976/1221/4010 974/1219/4011 811/1006/4012
f 955/936/4013 975/1374/4014 977/1376/4015 956/941/4016
f 813/1018/4017 978/1223/4018 976/1221/4019 812/1012/4020
f 956/941/4021 977/1376/4022 979/1378/4023 957/950/4024
f 814/1021/4025 980/1225/4026 978/1223/4027 813/1018/4028
f 957/950/4029 979/1378/4030 981/1380/4031 958/959/4032
f 815/1015/4033 982/1227/4034 980/1225/4035 814/1021/4036
f 958/959/4037 981/1380/4038 983/1382/4039 959/967/4040
f 816/1009/4041 984/1229/4042 982/1227/4043 815/1015/4044
f 959/967/4045 983/1382/4046 985/1384/4047 960/963/4048
f 817/1003/4049 986/1231/4050 984/1229/4051 816/1009/4052
f 960/963/4053 985/1384/4054 987/1386/4055 961/955/4056
f 818/997/4057 988/1232/4058 986/1231/4059 817/1003/4060
f 961/955/4061 987/1386/4062 989/1388/4063 962/946/4064
f 819/991/4065 990/1233/4066 988/1232/4067 818/997/4068
f 962/946/4069 989/1388/4070 991/1392/4071 963/939/4072
f 820/987/4073 992/1234/4074 990/1233/4075 819/991/4076
f 963/939/4077 991/1392/4078 993/1395/4079 964/934/4080
f 821/1238/4081 994/1236/4082 992/1234/4083 820/987/4084
f 964/934/4085 993/1395/4086 995/1396/4087 965/1394/4088
f 822/986/4089 996/1209/4090 994/1235/4091 821/1237/4092
f 965/1363/4093 995/1368/4094 997/1364/4095 966/925/4096
f 823/985/4097 998/1211/4098 996/1209/4099 822/986/4100
f 966/925/4101 997/1364/4102 999/1365/4103 967/923/4104
f 808/988/4105 968/1213/4106 998/1211/4107 823/985/4108
f 967/923/4109 999/1365/4110 970/1367/4111 952/924/4112
f 680/1033/4113 1001/1348/4114 1000/1346/4115 679/1030/4116
f 681/1039/4117 1002/1352/4118 1001/1348/4119 680/1033/4120
f 682/1351/4121 1003/1355/4122 1002/1352/4123 681/1039/4124
f 683/1051/4125 1004/1321/4126 1003/1326/4127 682/1319/4128
f 684/1060/4129 1005/1318/4130 1004/1321/4131 683/1051/4132
f 685/1068/4133 1006/1317/4134 1005/1318/4135 684/1060/4136
f 686/1076/4137 1007/1324/4138 1006/1317/4139 685/1068/4140
f 687/1084/4141 1008/1329/4142 1007/1324/4143 686/1076/4144
f 688/1078/4145 1009/1332/4146 1008/1329/4147 687/1084/4148
f 689/1070/4149 1010/1334/4150 1009/1332/4151 688/1078/4152
f 690/1062/4153 1011/1336/4154 1010/1334/4155 689/1070/4156
f 691/1054/4157 1012/1338/4158 1011/1336/4159 690/1062/4160
f 692/1046/4161 1013/1340/4162 1012/1338/4163 691/1054/4164
f 693/1040/4165 1014/1342/4166 1013/1340/4167 692/1046/4168
f 694/1034/4169 1015/1344/4170 1014/1342/4171 693/1040/4172
f 679/1030/4173 1000/1346/4174 1015/1344/4175 694/1034/4176
f 1001/1300/4177 1017/1044/4178 1016/1045/4179 1000/1299/4180
f 1002/1298/4181 1019/1052/4182 1017/1044/4183 1001/1300/4184
f 1003/1296/4185 1020/1061/4186 1019/1052/4187 1002/1298/4188
f 1004/1294/4189 1021/1069/4190 1020/1061/4191 1003/1296/4192
f 1005/1292/4193 1022/1077/4194 1021/1069/4195 1004/1294/4196
f 1006/1290/4197 1023/1085/4198 1022/1077/4199 1005/1292/4200
f 1007/1288/4201 1024/1089/4202 1023/1085/4203 1006/1290/4204
f 1008/1285/4205 1025/1091/4206 1024/1089/4207 1007/1288/4208
f 1009/1286/4209 1026/1090/4210 1025/1091/4211 1008/1285/4212
f 1010/1287/4213 1027/1087/4214 1026/1090/4215 1009/1286/4216
f 1011/1289/4217 1028/1081/4218 1027/1087/4219 1010/1287/4220
f 1012/1291/4221 1029/1073/4222 1028/1081/4223 1011/1289/4224
f 1013/1293/4225 1030/1065/4226 1029/1073/4227 1012/1291/4228
f 1014/1295/4229 1031/1057/4230 1030/1065/4231 1013/1293/4232
f 1015/1297/4233 1032/1049/4234 1031/1057/4235 1014/1295/4236
f 1000/1299/4237 1016/1045/4238 1032/1049/4239 1015/1297/4240
g pCube6 Prototip
f 1033/876/4241 1034/873/4242 1044/874/4243 1041/875/4244
f 1053/91/4245 1054/92/4246 1055/93/4247 1056/94/4248
f 1042/879/4249 1043/880/4250 1040/877/4251 1039/878/4252
f 1039/878/4253 1040/877/4254 1034/873/4255 1033/876/4256
f 1047/85/4257 1040/855/4258 1043/856/4259
f 1046/84/4260 1033/837/4261 1041/838/4262
f 1035/833/4263 1046/84/4264 1041/838/4265
f 1037/868/4266 1038/865/4267 1043/866/4268 1042/867/4269
f 1038/851/4270 1047/85/4271 1043/856/4272
f 1041/871/4273 1044/872/4274 1036/870/4275 1035/869/4276
f 1044/853/4277 1045/83/4278 1036/852/4279
f 1034/854/4280 1045/83/4281 1044/853/4282
f 1037/834/4283 1048/86/4284 1046/84/4285 1035/833/4286
f 1039/836/4287 1033/837/4288 1046/84/4289 1048/86/4290
f 1036/852/4291 1045/83/4292 1047/85/4293 1038/851/4294
f 1034/854/4295 1040/855/4296 1047/85/4297 1045/83/4298
f 1042/835/4299 1048/86/4300 1037/834/4301
f 1039/836/4302 1048/86/4303 1042/835/4304
f 1035/869/4305 1036/870/4306 1050/88/4307 1049/87/4308
f 1036/870/4309 1038/865/4310 1051/89/4311 1050/88/4312
f 1038/865/4313 1037/868/4314 1052/90/4315 1051/89/4316
f 1037/868/4317 1035/869/4318 1049/87/4319 1052/90/4320
f 1049/87/4321 1050/88/4322 1054/92/4323 1053/91/4324
f 1050/88/4325 1051/89/4326 1055/93/4327 1054/92/4328
f 1051/89/4329 1052/90/4330 1056/94/4331 1055/93/4332
f 1052/90/4333 1049/87/4334 1053/91/4335 1056/94/4336
f 1057/885/4337 1065/887/4338 1068/888/4339 1058/886/4340
f 1077/103/4341 1080/106/4342 1079/105/4343 1078/104/4344
f 1066/881/4345 1063/882/4346 1064/883/4347 1067/884/4348
f 1063/882/4349 1057/885/4350 1058/886/4351 1064/883/4352
f 1071/97/4353 1067/850/4354 1064/845/4355
f 1070/96/4356 1065/844/4357 1057/839/4358
f 1059/843/4359 1065/844/4360 1070/96/4361
f 1061/857/4362 1066/858/4363 1067/859/4364 1062/860/4365
f 1062/849/4366 1067/850/4367 1071/97/4368
f 1065/863/4369 1059/862/4370 1060/861/4371 1068/864/4372
f 1068/847/4373 1060/848/4374 1069/95/4375
f 1058/846/4376 1068/847/4377 1069/95/4378
f 1061/842/4379 1059/843/4380 1070/96/4381 1072/98/4382
f 1063/840/4383 1072/98/4384 1070/96/4385 1057/839/4386
f 1060/848/4387 1062/849/4388 1071/97/4389 1069/95/4390
f 1058/846/4391 1069/95/4392 1071/97/4393 1064/845/4394
f 1066/841/4395 1061/842/4396 1072/98/4397
f 1063/840/4398 1066/841/4399 1072/98/4400
f 1059/862/4401 1073/99/4402 1074/100/4403 1060/861/4404
f 1060/861/4405 1074/100/4406 1075/101/4407 1062/860/4408
f 1062/860/4409 1075/101/4410 1076/102/4411 1061/857/4412
f 1061/857/4413 1076/102/4414 1073/99/4415 1059/862/4416
f 1073/99/4417 1077/103/4418 1078/104/4419 1074/100/4420
f 1074/100/4421 1078/104/4422 1079/105/4423 1075/101/4424
f 1075/101/4425 1079/105/4426 1080/106/4427 1076/102/4428
f 1076/102/4429 1080/106/4430 1077/103/4431 1073/99/4432
g pCube5 Prototip
f 1117/219/4433 1118/220/4434 1081/221/4435
f 1083/232/4436 1082/226/4437 1107/222/4438 1106/227/4439
f 1084/240/4440 1083/232/4441 1106/227/4442 1105/234/4443
f 1085/400/4444 1084/240/4445 1105/234/4446 1104/242/4447
f 1086/397/4448 1085/400/4449 1104/242/4450 1103/252/4451
f 1087/275/4452 1086/397/4453 1103/252/4454 1102/264/4455
f 1088/284/4456 1087/275/4457 1102/264/4458 1101/277/4459
f 1089/290/4460 1088/284/4461 1101/277/4462 1100/286/4463
f 1099/409/4464 1090/410/4465 1089/290/4466 1100/286/4467
f 1308/207/4468 1307/208/4469 1309/209/4470
f 1110/281/4471 1092/280/4472 1091/421/4473 1109/414/4474
f 1111/268/4475 1093/267/4476 1092/280/4477 1110/281/4478
f 1112/256/4479 1094/255/4480 1093/267/4481 1111/268/4482
f 1113/246/4483 1095/245/4484 1094/255/4485 1112/256/4486
f 1114/238/4487 1096/237/4488 1095/245/4489 1113/246/4490
f 1115/231/4491 1097/230/4492 1096/237/4493 1114/238/4494
f 1116/225/4495 1098/224/4496 1097/230/4497 1115/231/4498
f 1117/219/4499 1081/221/4500 1098/224/4501 1116/225/4502
f 1118/220/4503 1172/425/4504 1161/426/4505 1081/221/4506
f 1125/274/4507 1126/260/4508 1127/259/4509 1128/262/4510
f 1133/111/4511 1134/112/4512 1135/113/4513 1136/114/4514
f 1311/210/4515 1310/354/4516 1312/356/4517 1313/214/4518
f 1314/211/4519 1311/210/4520 1313/214/4521
f 1082/226/4522 1108/223/4523 1107/222/4524
f 1307/208/4525 1315/353/4526 1310/354/4527 1311/210/4528
f 1309/209/4529 1307/208/4530 1311/210/4531 1314/211/4532
f 1099/409/4533 1100/286/4534 1110/281/4535 1109/414/4536
f 1100/286/4537 1101/277/4538 1111/268/4539 1110/281/4540
f 1101/277/4541 1102/264/4542 1112/256/4543 1111/268/4544
f 1102/264/4545 1103/252/4546 1113/246/4547 1112/256/4548
f 1103/252/4549 1104/242/4550 1114/238/4551 1113/246/4552
f 1104/242/4553 1105/234/4554 1115/231/4555 1114/238/4556
f 1105/234/4557 1106/227/4558 1116/225/4559 1115/231/4560
f 1117/219/4561 1116/225/4562 1106/227/4563 1107/222/4564
f 1107/222/4565 1108/223/4566 1118/220/4567 1117/219/4568
f 1108/223/4569 1171/422/4570 1172/425/4571 1118/220/4572
f 1141/119/4573 1142/120/4574 1143/121/4575 1144/122/4576
f 1151/129/4577 1185/141/4578 1186/142/4579 1152/130/4580
f 1083/232/4581 1084/240/4582 1124/250/4583 1123/248/4584
f 1084/240/4585 1154/405/4586 1175/411/4587 1121/261/4588 1124/250/4589
f 1121/261/4590 1122/249/4591 1126/260/4592 1125/274/4593
f 1122/249/4594 1123/248/4595 1127/259/4596 1126/260/4597
f 1123/248/4598 1124/250/4599 1128/262/4600 1127/259/4601
f 1124/250/4602 1121/261/4603 1125/274/4604 1128/262/4605
f 1119/173/4606 1120/178/4607 1132/110/4608 1131/109/4609
f 1120/178/4610 1174/132/4611 1177/133/4612 1129/107/4613 1132/110/4614
f 1129/107/4615 1130/108/4616 1134/112/4617 1133/111/4618
f 1130/108/4619 1131/109/4620 1135/113/4621 1134/112/4622
f 1131/109/4623 1132/110/4624 1136/114/4625 1135/113/4626
f 1132/110/4627 1129/107/4628 1133/111/4629 1136/114/4630
f 1085/176/4631 1086/177/4632 1138/116/4633 1137/115/4634
f 1086/177/4635 1120/178/4636 1139/117/4637 1138/116/4638
f 1120/178/4639 1119/173/4640 1140/118/4641 1139/117/4642
f 1119/173/4643 1085/176/4644 1137/115/4645 1140/118/4646
f 1137/115/4647 1138/116/4648 1142/120/4649 1141/119/4650
f 1138/116/4651 1139/117/4652 1143/121/4653 1142/120/4654
f 1139/117/4655 1140/118/4656 1144/122/4657 1143/121/4658
f 1140/118/4659 1137/115/4660 1141/119/4661 1144/122/4662
f 1085/172/4663 1119/173/4664 1146/124/4665 1145/123/4666
f 1119/173/4667 1173/131/4668 1180/136/4669 1146/124/4670
f 1145/123/4671 1146/124/4672 1148/126/4673 1147/125/4674
f 1146/124/4675 1180/136/4676 1182/138/4677 1148/126/4678
f 1086/182/4679 1156/184/4680 1183/139/4681 1149/127/4682
f 1120/178/4683 1086/182/4684 1149/127/4685 1150/128/4686
f 1149/127/4687 1183/139/4688 1185/141/4689 1151/129/4690
f 1150/128/4691 1149/127/4692 1151/129/4693 1152/130/4694
f 1153/417/4695 1160/418/4696 1082/226/4697 1083/232/4698
f 1155/404/4699 1154/405/4700 1084/240/4701 1085/400/4702
s 1
f 1157/395/4703 1156/396/4704 1086/397/4705 1087/275/4706
f 1159/408/4707 1158/402/4708 1088/284/4709 1089/290/4710
s off
f 1170/415/4711 1159/408/4712 1089/290/4713 1090/410/4714
f 1316/355/4715 1315/353/4716 1307/208/4717 1308/207/4718
f 1168/420/4719 1169/424/4720 1091/421/4721 1092/280/4722
f 1167/413/4723 1168/420/4724 1092/280/4725 1093/267/4726
f 1166/407/4727 1167/413/4728 1093/267/4729 1094/255/4730
f 1165/406/4731 1166/407/4732 1094/255/4733 1095/245/4734
f 1164/412/4735 1165/406/4736 1095/245/4737 1096/237/4738
f 1163/419/4739 1164/412/4740 1096/237/4741 1097/230/4742
f 1162/423/4743 1163/419/4744 1097/230/4745 1098/224/4746
f 1161/426/4747 1162/423/4748 1098/224/4749 1081/221/4750
f 1160/418/4751 1171/422/4752 1108/223/4753 1082/226/4754
f 1182/138/4755 1181/137/4756 1147/125/4757 1148/126/4758
f 1175/411/4759 1176/416/4760 1122/249/4761 1121/261/4762
f 1176/416/4763 1153/417/4764 1083/232/4765 1123/248/4766 1122/249/4767
f 1177/133/4768 1178/134/4769 1130/108/4770 1129/107/4771
f 1178/134/4772 1173/131/4773 1119/173/4774 1131/109/4775 1130/108/4776
f 1179/135/4777 1155/171/4778 1085/172/4779 1145/123/4780
f 1181/137/4781 1179/135/4782 1145/123/4783 1147/125/4784
f 1184/140/4785 1174/132/4786 1120/178/4787 1150/128/4788
f 1186/142/4789 1184/140/4790 1150/128/4791 1152/130/4792
f 1223/235/4793 1187/229/4794 1224/228/4795
f 1189/247/4796 1212/251/4797 1213/241/4798 1188/239/4799
f 1190/273/4800 1211/263/4801 1212/251/4802 1189/247/4803
f 1191/369/4804 1210/276/4805 1211/263/4806 1190/273/4807
f 1192/363/4808 1209/285/4809 1210/276/4810 1191/369/4811
f 1193/289/4812 1208/291/4813 1209/285/4814 1192/363/4815
f 1194/296/4816 1207/294/4817 1208/291/4818 1193/289/4819
f 1195/297/4820 1206/298/4821 1207/294/4822 1194/296/4823
f 1205/374/4824 1206/298/4825 1195/297/4826 1196/373/4827
f 1318/212/4828 1317/215/4829 1319/213/4830
f 1216/295/4831 1215/380/4832 1197/384/4833 1198/293/4834
f 1217/292/4835 1216/295/4836 1198/293/4837 1199/288/4838
f 1218/287/4839 1217/292/4840 1199/288/4841 1200/279/4842
f 1219/278/4843 1218/287/4844 1200/279/4845 1201/266/4846
f 1220/265/4847 1219/278/4848 1201/266/4849 1202/254/4850
f 1221/253/4851 1220/265/4852 1202/254/4853 1203/244/4854
f 1222/243/4855 1221/253/4856 1203/244/4857 1204/236/4858
f 1223/235/4859 1222/243/4860 1204/236/4861 1187/229/4862
f 1224/228/4863 1187/229/4864 1161/393/4865 1172/394/4866
f 1231/282/4867 1234/283/4868 1233/271/4869 1232/270/4870
f 1239/147/4871 1242/150/4872 1241/149/4873 1240/148/4874
f 1321/216/4875 1320/218/4876 1312/348/4877 1310/349/4878
f 1322/217/4879 1320/218/4880 1321/216/4881
f 1188/239/4882 1213/241/4883 1214/233/4884
f 1319/213/4885 1321/216/4886 1310/349/4887 1315/350/4888
f 1317/215/4889 1322/217/4890 1321/216/4891 1319/213/4892
f 1205/374/4893 1215/380/4894 1216/295/4895 1206/298/4896
f 1206/298/4897 1216/295/4898 1217/292/4899 1207/294/4900
f 1207/294/4901 1217/292/4902 1218/287/4903 1208/291/4904
f 1208/291/4905 1218/287/4906 1219/278/4907 1209/285/4908
f 1209/285/4909 1219/278/4910 1220/265/4911 1210/276/4912
f 1210/276/4913 1220/265/4914 1221/253/4915 1211/263/4916
f 1211/263/4917 1221/253/4918 1222/243/4919 1212/251/4920
f 1223/235/4921 1213/241/4922 1212/251/4923 1222/243/4924
f 1213/241/4925 1223/235/4926 1224/228/4927 1214/233/4928
f 1214/233/4929 1224/228/4930 1172/394/4931 1171/392/4932
f 1247/155/4933 1250/158/4934 1249/157/4935 1248/156/4936
f 1257/165/4937 1258/166/4938 1186/142/4939 1185/141/4940
f 1189/247/4941 1229/258/4942 1230/272/4943 1190/273/4944
f 1190/273/4945 1230/272/4946 1227/269/4947 1175/383/4948 1154/378/4949
f 1227/269/4950 1231/282/4951 1232/270/4952 1228/257/4953
f 1228/257/4954 1232/270/4955 1233/271/4956 1229/258/4957
f 1229/258/4958 1233/271/4959 1234/283/4960 1230/272/4961
f 1230/272/4962 1234/283/4963 1231/282/4964 1227/269/4965
f 1225/174/4966 1237/145/4967 1238/146/4968 1226/179/4969
f 1226/179/4970 1238/146/4971 1235/143/4972 1177/133/4973 1174/132/4974
f 1235/143/4975 1239/147/4976 1240/148/4977 1236/144/4978
f 1236/144/4979 1240/148/4980 1241/149/4981 1237/145/4982
f 1237/145/4983 1241/149/4984 1242/150/4985 1238/146/4986
f 1238/146/4987 1242/150/4988 1239/147/4989 1235/143/4990
f 1191/181/4991 1243/151/4992 1244/152/4993 1192/180/4994
f 1192/180/4995 1244/152/4996 1245/153/4997 1226/179/4998
f 1226/179/4999 1245/153/5000 1246/154/5001 1225/174/5002
f 1225/174/5003 1246/154/5004 1243/151/5005 1191/181/5006
f 1243/151/5007 1247/155/5008 1248/156/5009 1244/152/5010
f 1244/152/5011 1248/156/5012 1249/157/5013 1245/153/5014
f 1245/153/5015 1249/157/5016 1250/158/5017 1246/154/5018
f 1246/154/5019 1250/158/5020 1247/155/5021 1243/151/5022
f 1191/175/5023 1251/159/5024 1252/160/5025 1225/174/5026
f 1225/174/5027 1252/160/5028 1180/136/5029 1173/131/5030
f 1251/159/5031 1253/161/5032 1254/162/5033 1252/160/5034
f 1252/160/5035 1254/162/5036 1182/138/5037 1180/136/5038
f 1192/183/5039 1255/163/5040 1183/139/5041 1156/184/5042
f 1226/179/5043 1256/164/5044 1255/163/5045 1192/183/5046
f 1255/163/5047 1257/165/5048 1185/141/5049 1183/139/5050
f 1256/164/5051 1258/166/5052 1257/165/5053 1255/163/5054
f 1153/388/5055 1189/247/5056 1188/239/5057 1160/387/5058
f 1155/377/5059 1191/369/5060 1190/273/5061 1154/378/5062
s 1
f 1157/365/4703 1193/289/5063 1192/363/5064 1156/364/5065
s off
f 1292/169/5066 1291/186/5067 1293/188/5068 1294/170/5069 1295/192/5070 1296/194/5071
s 1
f 1159/372/5072 1195/297/5073 1194/296/5074 1158/371/4708
s off
f 1170/379/5075 1196/373/5076 1195/297/5077 1159/372/5078
f 1316/352/5079 1318/212/5080 1319/213/5081 1315/350/5082
f 1168/385/5083 1198/293/5084 1197/384/5085 1169/390/5086
f 1167/381/5087 1199/288/5088 1198/293/5089 1168/385/5090
f 1166/375/5091 1200/279/5092 1199/288/5093 1167/381/5094
f 1165/376/5095 1201/266/5096 1200/279/5097 1166/375/5098
f 1164/382/5099 1202/254/5100 1201/266/5101 1165/376/5102
f 1163/386/5103 1203/244/5104 1202/254/5105 1164/382/5106
f 1162/391/5107 1204/236/5108 1203/244/5109 1163/386/5110
f 1161/393/5111 1187/229/5112 1204/236/5113 1162/391/5114
f 1160/387/5115 1188/239/5116 1214/233/5117 1171/392/5118
f 1182/138/5119 1254/162/5120 1253/161/5121 1181/137/5122
f 1175/383/5123 1227/269/5124 1228/257/5125 1176/389/5126
f 1176/389/5127 1228/257/5128 1229/258/5129 1189/247/5130 1153/388/5131
f 1177/133/5132 1235/143/5133 1236/144/5134 1178/134/5135
f 1178/134/5136 1236/144/5137 1237/145/5138 1225/174/5139 1173/131/5140
f 1179/135/5141 1251/159/5142 1191/175/5143 1155/171/5144
f 1181/137/5145 1253/161/5146 1251/159/5147 1179/135/5148
f 1184/140/5149 1256/164/5150 1226/179/5151 1174/132/5152
f 1186/142/5153 1258/166/5154 1256/164/5155 1184/140/5156
f 1109/332/5157 1091/330/5158 1259/316/5159 1260/315/5160
f 1170/338/5161 1090/336/5162 1262/307/5163 1261/339/5164
f 1090/336/5165 1099/334/5166 1263/311/5167 1262/307/5168
f 1099/334/5169 1109/332/5170 1260/315/5171 1263/311/5172
f 1091/330/5173 1169/328/5174 1264/312/5175 1259/316/5176
f 1197/326/5177 1215/324/5178 1265/304/5179 1266/308/5180
f 1196/317/5181 1170/318/5182 1261/319/5183 1267/302/5184
f 1205/321/5185 1196/317/5186 1267/302/5187 1268/301/5188
f 1215/324/5189 1205/321/5190 1268/301/5191 1265/304/5192
f 1169/328/5193 1197/326/5194 1266/308/5195 1264/312/5196
f 1260/315/5197 1259/316/5198 1269/314/5199 1270/313/5200
f 1261/339/5201 1262/307/5202 1272/305/5203 1271/341/5204
f 1262/307/5205 1263/311/5206 1273/309/5207 1272/305/5208
f 1263/311/5209 1260/315/5210 1270/313/5211 1273/309/5212
f 1259/316/5213 1264/312/5214 1274/310/5215 1269/314/5216
f 1266/308/5217 1265/304/5218 1275/303/5219 1276/306/5220
f 1267/302/5221 1261/319/5222 1271/320/5223 1277/300/5224
f 1268/301/5225 1267/302/5226 1277/300/5227 1278/299/5228
f 1265/304/5229 1268/301/5230 1278/299/5231 1275/303/5232
f 1264/312/5233 1266/308/5234 1276/306/5235 1274/310/5236
s 1
f 1158/371/4708 1194/296/5074 1279/368/5237 1280/370/5238
f 1194/296/5074 1193/289/5063 1281/367/5239 1279/368/5237
f 1193/289/5063 1157/365/4703 1282/366/5240 1281/367/5239
f 1157/395/4703 1087/275/4706 1283/398/5241 1282/399/5240
f 1087/275/4706 1088/284/4709 1284/401/5242 1283/398/5241
f 1088/284/4709 1158/402/4708 1280/403/5238 1284/401/5242
s off
f 1280/197/5243 1279/198/5244 1285/185/5245 1286/167/5246
f 1279/199/5247 1281/200/5248 1287/187/5249 1285/189/5250
f 1281/201/5251 1282/202/5252 1288/168/5253 1287/190/5254
f 1282/202/5255 1283/203/5256 1289/191/5257 1288/168/5258
f 1283/204/5259 1284/205/5260 1290/193/5261 1289/195/5262
f 1284/206/5263 1280/197/5264 1286/167/5265 1290/196/5266
f 1286/167/5267 1285/185/5268 1291/186/5269 1292/169/5270
f 1285/189/5271 1287/187/5272 1293/188/5273 1291/186/5274
f 1287/190/5275 1288/168/5276 1294/170/5277 1293/188/5278
f 1288/168/5279 1289/191/5280 1295/192/5281 1294/170/5282
f 1289/195/5283 1290/193/5284 1296/194/5285 1295/192/5286
f 1290/196/5287 1286/167/5288 1292/169/5289 1296/194/5290
f 1270/313/5291 1269/314/5292 1297/333/5293 1298/335/5294
f 1271/341/5295 1272/305/5296 1300/340/5297 1299/342/5298
f 1272/305/5299 1273/309/5300 1301/337/5301 1300/340/5302
f 1273/309/5303 1270/313/5304 1298/335/5305 1301/337/5306
f 1269/314/5307 1274/310/5308 1302/331/5309 1297/333/5310
f 1276/306/5311 1275/303/5312 1303/327/5313 1304/329/5314
f 1277/300/5315 1271/320/5316 1299/322/5317 1305/323/5318
f 1278/299/5319 1277/300/5320 1305/323/5321 1306/325/5322
f 1275/303/5323 1278/299/5324 1306/325/5325 1303/327/5326
f 1274/310/5327 1276/306/5328 1304/329/5329 1302/331/5330
f 1298/362/5331 1297/357/5332 1308/207/5333 1309/209/5334
f 1299/359/5335 1300/360/5336 1313/214/5337 1312/356/5338
f 1300/360/5339 1301/361/5340 1314/211/5341 1313/214/5342
f 1301/361/5343 1298/362/5344 1309/209/5345 1314/211/5346
f 1297/357/5347 1302/358/5348 1316/355/5349 1308/207/5350
f 1304/346/5351 1303/343/5352 1317/215/5353 1318/212/5354
f 1305/345/5355 1299/347/5356 1312/348/5357 1320/218/5358
f 1306/344/5359 1305/345/5360 1320/218/5361 1322/217/5362
f 1303/343/5363 1306/344/5364 1322/217/5365 1317/215/5366
f 1302/351/5367 1304/346/5368 1318/212/5369 1316/352/5370
# totals: 1322 1904 5370 1387
