# author: headus 3D tools
#  using: ply2obj v1.8
#   from: uvlayout v2.09.04
mtllib 0_0_0_0_0_0_SpaceShip3.mtl
# 1394 vertices
v 4.289000 -0.578000 -3.303000
v 8.667443 -0.957126 -5.759689
v 4.423109 0.430800 -3.303000
v 8.694423 -0.754153 -5.759689
v 4.423109 0.430800 -10.714419
v 8.694423 -0.754153 -7.884421
v 4.289000 -0.578000 -10.714419
v 8.667443 -0.957126 -7.884421
v 4.356057 -0.073601 -2.005013
v 4.356057 -0.073601 -12.057881
v 8.680932 -0.855641 -8.528285
v 8.680932 -0.855641 -4.991105
v 4.182981 -0.073601 -3.303000
v 8.680932 -0.855641 -5.759689
v 8.680932 -0.855641 -7.884421
v 4.712193 0.350600 -3.812261
v 8.405338 -0.673951 -5.936415
v 8.405338 -0.673951 -7.720026
v 4.712193 0.350600 -10.166956
v 4.685461 0.254240 -3.812261
v 8.378614 -0.770316 -5.936415
v 8.378614 -0.770316 -7.720026
v 4.685461 0.254240 -10.166956
v 4.488254 -0.595251 -10.347749
v 8.468188 -0.939871 -7.775328
v 8.468188 -0.939871 -5.877017
v 4.488254 -0.595251 -3.643925
v 4.496879 -0.495627 -10.347749
v 8.476815 -0.840245 -7.775328
v 8.476815 -0.840245 -5.877017
v 4.496879 -0.495627 -3.643925
v -4.288052 -0.578000 -3.303000
v -8.666496 -0.957126 -5.759689
v -4.422166 0.430800 -3.303000
v -8.693479 -0.754153 -5.759689
v -4.422166 0.430800 -10.714419
v -8.693479 -0.754153 -7.884421
v -4.288052 -0.578000 -10.714419
v -8.666496 -0.957126 -7.884421
v -4.355104 -0.073601 -2.005013
v -4.355104 -0.073601 -12.057881
v -8.679989 -0.855641 -8.528285
v -8.679989 -0.855641 -4.991105
v -4.184539 -0.073601 -3.303000
v -8.679989 -0.855641 -5.759689
v -8.679989 -0.855641 -7.884421
v -4.711249 0.350600 -3.812261
v -8.404395 -0.673951 -5.936415
v -8.404395 -0.673951 -7.720026
v -4.711249 0.350600 -10.166956
v -4.684518 0.254240 -3.812261
v -8.377665 -0.770316 -5.936415
v -8.377665 -0.770316 -7.720026
v -4.684518 0.254240 -10.166956
v -4.487308 -0.595251 -10.347749
v -8.467237 -0.939871 -7.775328
v -8.467237 -0.939871 -5.877017
v -4.487308 -0.595251 -3.643925
v -4.495933 -0.495627 -10.347749
v -8.475860 -0.840245 -7.775328
v -8.475860 -0.840245 -5.877017
v -4.495933 -0.495627 -3.643925
v -4.184539 -0.073601 -10.714418
v 4.182981 -0.073601 -10.714418
v 9.042770 -0.799397 -9.367652
v 9.019281 -0.753292 -9.367652
v 8.982693 -0.716713 -9.367652
v 8.936594 -0.693225 -9.367652
v 8.885496 -0.685131 -9.367652
v 8.834395 -0.693225 -9.367652
v 8.788292 -0.716713 -9.367652
v 8.751711 -0.753292 -9.367652
v 8.728219 -0.799397 -9.367652
v 8.720128 -0.850498 -9.367652
v 8.728219 -0.901599 -9.367652
v 8.751711 -0.947699 -9.367652
v 8.788292 -0.984284 -9.367652
v 8.834395 -1.007771 -9.367652
v 8.885496 -1.015866 -9.367652
v 8.936594 -1.007771 -9.367652
v 8.982693 -0.984284 -9.367652
v 9.019281 -0.947699 -9.367652
v 9.042770 -0.901599 -9.367652
v 9.050862 -0.850498 -9.367652
v 9.041482 -0.799816 -4.279337
v 9.018181 -0.754094 -4.279337
v 8.981900 -0.717808 -4.279337
v 8.936177 -0.694512 -4.279337
v 8.885496 -0.686486 -4.279337
v 8.834813 -0.694512 -4.279337
v 8.789092 -0.717808 -4.279337
v 8.752803 -0.754094 -4.279337
v 8.729510 -0.799816 -4.279337
v 8.721484 -0.850498 -4.279337
v 8.729510 -0.901180 -4.279337
v 8.752803 -0.946903 -4.279337
v 8.789092 -0.983186 -4.279337
v 8.834813 -1.006484 -4.279337
v 8.885496 -1.014511 -4.279337
v 8.936177 -1.006484 -4.279337
v 8.981900 -0.983186 -4.279337
v 9.018181 -0.946903 -4.279337
v 9.041482 -0.901180 -4.279337
v 9.049508 -0.850498 -4.279337
v 8.885496 -0.850498 -9.367652
v 8.885496 -0.850498 -4.279337
v 9.211979 -0.744417 -4.788169
v 9.228781 -0.850498 -4.788169
v 9.211979 -0.956578 -4.788169
v 9.163221 -1.052278 -4.788169
v 9.087274 -1.128224 -4.788169
v 8.991576 -1.176985 -4.788169
v 8.885496 -1.193786 -4.788169
v 8.779411 -1.176985 -4.788169
v 8.683717 -1.128224 -4.788169
v 8.607770 -1.052278 -4.788169
v 8.559005 -0.956578 -4.788169
v 8.542203 -0.850498 -4.788169
v 8.559005 -0.744417 -4.788169
v 8.607770 -0.648715 -4.788169
v 8.683717 -0.572774 -4.788169
v 8.779411 -0.524017 -4.788169
v 8.885496 -0.507216 -4.788169
v 8.991576 -0.524017 -4.788169
v 9.087274 -0.572774 -4.788169
v 9.163221 -0.648715 -4.788169
v 9.211979 -0.744417 -8.909705
v 9.228781 -0.850498 -8.909705
v 9.211979 -0.956578 -8.909705
v 9.163221 -1.052278 -8.909705
v 9.087274 -1.128224 -8.909705
v 8.991576 -1.176985 -8.909705
v 8.885496 -1.193786 -8.909705
v 8.779411 -1.176985 -8.909705
v 8.683717 -1.128224 -8.909705
v 8.607770 -1.052278 -8.909705
v 8.559005 -0.956578 -8.909705
v 8.542203 -0.850498 -8.909705
v 8.559005 -0.744417 -8.909705
v 8.607770 -0.648715 -8.909705
v 8.683717 -0.572774 -8.909705
v 8.779411 -0.524017 -8.909705
v 8.885496 -0.507216 -8.909705
v 8.991576 -0.524017 -8.909705
v 9.087274 -0.572774 -8.909705
v 9.163221 -0.648715 -8.909705
v 9.211979 -0.744417 -4.964809
v 9.228781 -0.850498 -4.964809
v 9.211979 -0.956578 -4.964809
v 9.163221 -1.052278 -4.964809
v 9.087274 -1.128224 -4.964809
v 8.991576 -1.176985 -4.964809
v 8.885496 -1.193786 -4.964809
v 8.779411 -1.176985 -4.964809
v 8.683717 -1.128224 -4.964809
v 8.607770 -1.052278 -4.964809
v 8.559005 -0.956578 -4.964809
v 8.542203 -0.850498 -4.964809
v 8.559005 -0.744417 -4.964809
v 8.607770 -0.648715 -4.964809
v 8.683717 -0.572774 -4.964809
v 8.779411 -0.524017 -4.964809
v 8.885496 -0.507216 -4.964809
v 8.991576 -0.524017 -4.964809
v 9.087274 -0.572774 -4.964809
v 9.163221 -0.648715 -4.964809
v 9.211979 -0.744417 -8.741989
v 9.228781 -0.850498 -8.741989
v 9.211979 -0.956578 -8.741989
v 9.163221 -1.052278 -8.741989
v 9.087274 -1.128224 -8.741989
v 8.991576 -1.176985 -8.741989
v 8.885496 -1.193786 -8.741989
v 8.779411 -1.176985 -8.741989
v 8.683717 -1.128224 -8.741989
v 8.607770 -1.052278 -8.741989
v 8.559005 -0.956578 -8.741989
v 8.542203 -0.850498 -8.741989
v 8.559005 -0.744417 -8.741989
v 8.607770 -0.648715 -8.741989
v 8.683717 -0.572774 -8.741989
v 8.779411 -0.524017 -8.741989
v 8.885496 -0.507216 -8.741989
v 8.991576 -0.524017 -8.741989
v 9.087274 -0.572774 -8.741989
v 9.163221 -0.648715 -8.741989
v 8.601405 -0.942804 -8.741989
v 8.586786 -0.850498 -8.741989
v 8.601405 -0.942804 -4.964809
v 8.586786 -0.850498 -4.964809
v 8.601405 -0.758192 -8.741989
v 8.601405 -0.758192 -4.964809
v 8.643835 -0.674920 -8.741989
v 8.643835 -0.674920 -4.964809
v 8.709920 -0.608829 -8.741989
v 8.709920 -0.608829 -4.964809
v 8.793191 -0.566413 -8.741989
v 8.793191 -0.566413 -4.964809
v 8.885496 -0.551790 -8.741989
v 8.885496 -0.551790 -4.964809
v 8.977804 -0.566413 -8.741989
v 8.977804 -0.566413 -4.964809
v 9.061075 -0.608829 -8.741989
v 9.061075 -0.608838 -4.964809
v 9.127156 -0.674920 -8.741989
v 9.127156 -0.674920 -4.964809
v 9.169586 -0.758192 -8.741989
v 9.169586 -0.758192 -4.964809
v 9.184206 -0.850498 -8.741989
v 9.184206 -0.850498 -4.964809
v 9.169586 -0.942804 -8.741989
v 9.169586 -0.942804 -4.964809
v 9.127156 -1.026072 -8.741989
v 9.127156 -1.026072 -4.964809
v 9.061075 -1.092159 -8.741989
v 9.061075 -1.092159 -4.964809
v 8.977804 -1.134587 -8.741989
v 8.977804 -1.134587 -4.964809
v 8.885496 -1.149207 -8.741989
v 8.885496 -1.149207 -4.964809
v 8.793191 -1.134587 -8.741989
v 8.793191 -1.134587 -4.964809
v 8.709920 -1.092159 -8.741989
v 8.709920 -1.092159 -4.964809
v 8.643835 -1.026072 -8.741989
v 8.643835 -1.026072 -4.964809
v -9.041824 -0.799397 -9.367652
v -9.018335 -0.753292 -9.367652
v -8.981748 -0.716713 -9.367652
v -8.935652 -0.693225 -9.367652
v -8.884550 -0.685131 -9.367652
v -8.833448 -0.693225 -9.367652
v -8.787348 -0.716713 -9.367652
v -8.750763 -0.753292 -9.367652
v -8.727271 -0.799397 -9.367652
v -8.719181 -0.850498 -9.367652
v -8.727271 -0.901599 -9.367652
v -8.750763 -0.947699 -9.367652
v -8.787348 -0.984284 -9.367652
v -8.833448 -1.007771 -9.367652
v -8.884550 -1.015866 -9.367652
v -8.935652 -1.007771 -9.367652
v -8.981748 -0.984284 -9.367652
v -9.018335 -0.947699 -9.367652
v -9.041824 -0.901599 -9.367652
v -9.049915 -0.850498 -9.367652
v -9.040534 -0.799816 -4.279337
v -9.017236 -0.754094 -4.279337
v -8.980949 -0.717808 -4.279337
v -8.935229 -0.694512 -4.279337
v -8.884550 -0.686486 -4.279337
v -8.833865 -0.694512 -4.279337
v -8.788145 -0.717808 -4.279337
v -8.751853 -0.754094 -4.279337
v -8.728562 -0.799816 -4.279337
v -8.720525 -0.850498 -4.279337
v -8.728562 -0.901180 -4.279337
v -8.751853 -0.946903 -4.279337
v -8.788145 -0.983186 -4.279337
v -8.833865 -1.006484 -4.279337
v -8.884550 -1.014511 -4.279337
v -8.935229 -1.006484 -4.279337
v -8.980949 -0.983186 -4.279337
v -9.017236 -0.946903 -4.279337
v -9.040534 -0.901180 -4.279337
v -9.048560 -0.850498 -4.279337
v -8.884550 -0.850498 -9.367652
v -8.884550 -0.850498 -4.279337
v -9.211034 -0.744417 -4.788169
v -9.227834 -0.850498 -4.788169
v -9.211034 -0.956578 -4.788169
v -9.162271 -1.052278 -4.788169
v -9.086330 -1.128224 -4.788169
v -8.990631 -1.176985 -4.788169
v -8.884550 -1.193786 -4.788169
v -8.778464 -1.176985 -4.788169
v -8.682770 -1.128224 -4.788169
v -8.606817 -1.052278 -4.788169
v -8.558065 -0.956578 -4.788169
v -8.541262 -0.850498 -4.788169
v -8.558065 -0.744417 -4.788169
v -8.606817 -0.648715 -4.788169
v -8.682770 -0.572774 -4.788169
v -8.778464 -0.524017 -4.788169
v -8.884550 -0.507216 -4.788169
v -8.990631 -0.524017 -4.788169
v -9.086330 -0.572774 -4.788169
v -9.162271 -0.648715 -4.788169
v -9.211034 -0.744417 -8.909705
v -9.227834 -0.850498 -8.909705
v -9.211034 -0.956578 -8.909705
v -9.162271 -1.052278 -8.909705
v -9.086330 -1.128224 -8.909705
v -8.990631 -1.176985 -8.909705
v -8.884550 -1.193786 -8.909705
v -8.778464 -1.176985 -8.909705
v -8.682770 -1.128224 -8.909705
v -8.606817 -1.052278 -8.909705
v -8.558065 -0.956578 -8.909705
v -8.541262 -0.850498 -8.909705
v -8.558065 -0.744417 -8.909705
v -8.606817 -0.648715 -8.909705
v -8.682770 -0.572774 -8.909705
v -8.778464 -0.524017 -8.909705
v -8.884550 -0.507216 -8.909705
v -8.990631 -0.524017 -8.909705
v -9.086330 -0.572774 -8.909705
v -9.162271 -0.648715 -8.909705
v -9.211034 -0.744417 -4.964809
v -9.227834 -0.850498 -4.964809
v -9.211034 -0.956578 -4.964809
v -9.162271 -1.052278 -4.964809
v -9.086330 -1.128224 -4.964809
v -8.990631 -1.176985 -4.964809
v -8.884550 -1.193786 -4.964809
v -8.778464 -1.176985 -4.964809
v -8.682770 -1.128224 -4.964809
v -8.606817 -1.052278 -4.964809
v -8.558065 -0.956578 -4.964809
v -8.541262 -0.850498 -4.964809
v -8.558065 -0.744417 -4.964809
v -8.606817 -0.648715 -4.964809
v -8.682770 -0.572774 -4.964809
v -8.778464 -0.524017 -4.964809
v -8.884550 -0.507216 -4.964809
v -8.990631 -0.524017 -4.964809
v -9.086330 -0.572774 -4.964809
v -9.162271 -0.648715 -4.964809
v -9.211034 -0.744417 -8.741989
v -9.227834 -0.850498 -8.741989
v -9.211034 -0.956578 -8.741989
v -9.162271 -1.052278 -8.741989
v -9.086330 -1.128224 -8.741989
v -8.990631 -1.176985 -8.741989
v -8.884550 -1.193786 -8.741989
v -8.778464 -1.176985 -8.741989
v -8.682770 -1.128224 -8.741989
v -8.606817 -1.052278 -8.741989
v -8.558065 -0.956578 -8.741989
v -8.541262 -0.850498 -8.741989
v -8.558065 -0.744417 -8.741989
v -8.606817 -0.648715 -8.741989
v -8.682770 -0.572774 -8.741989
v -8.778464 -0.524017 -8.741989
v -8.884550 -0.507216 -8.741989
v -8.990631 -0.524017 -8.741989
v -9.086330 -0.572774 -8.741989
v -9.162271 -0.648715 -8.741989
v -8.600457 -0.942804 -8.741989
v -8.585840 -0.850498 -8.741989
v -8.600457 -0.942804 -4.964809
v -8.585840 -0.850498 -4.964809
v -8.600457 -0.758192 -8.741989
v -8.600457 -0.758192 -4.964809
v -8.642888 -0.674920 -8.741989
v -8.642888 -0.674920 -4.964809
v -8.708972 -0.608829 -8.741989
v -8.708972 -0.608829 -4.964809
v -8.792235 -0.566413 -8.741989
v -8.792235 -0.566413 -4.964809
v -8.884550 -0.551790 -8.741989
v -8.884550 -0.551790 -4.964809
v -8.976854 -0.566413 -8.741989
v -8.976854 -0.566413 -4.964809
v -9.060129 -0.608829 -8.741989
v -9.060129 -0.608838 -4.964809
v -9.126209 -0.674920 -8.741989
v -9.126209 -0.674920 -4.964809
v -9.168638 -0.758192 -8.741989
v -9.168638 -0.758192 -4.964809
v -9.183254 -0.850498 -8.741989
v -9.183254 -0.850498 -4.964809
v -9.168638 -0.942804 -8.741989
v -9.168638 -0.942804 -4.964809
v -9.126209 -1.026072 -8.741989
v -9.126209 -1.026072 -4.964809
v -9.060129 -1.092159 -8.741989
v -9.060129 -1.092159 -4.964809
v -8.976854 -1.134587 -8.741989
v -8.976854 -1.134587 -4.964809
v -8.884550 -1.149207 -8.741989
v -8.884550 -1.149207 -4.964809
v -8.792235 -1.134587 -8.741989
v -8.792235 -1.134587 -4.964809
v -8.708972 -1.092159 -8.741989
v -8.708972 -1.092159 -4.964809
v -8.642888 -1.026072 -8.741989
v -8.642888 -1.026072 -4.964809
v 0.000474 -0.321466 10.586173
v 0.000474 -0.178874 10.586173
v 0.000474 -0.116226 10.273510
v 0.000474 0.981257 -9.007591
v 0.000474 0.336496 -10.985299
v 0.000474 -0.404565 -10.985299
v 0.000474 -0.965399 -9.007598
v 0.000474 -0.400455 10.273510
v 0.449638 -0.116226 10.273510
v 0.130453 -0.178874 10.586173
v 0.130453 -0.321466 10.586173
v 0.449638 -0.400455 10.273510
v 1.353380 -0.709357 -9.007598
v 0.340235 -0.330064 -10.985299
v 0.333736 0.272415 -10.985299
v 1.449301 0.760820 -9.007591
v 0.000474 0.202089 -10.985299
v 0.278215 0.202089 -10.985299
v 0.436203 0.202089 -10.985299
v 1.625058 0.202089 -9.007594
v 0.560074 -0.221376 10.273510
v 0.203828 -0.221376 10.586173
v 0.130453 -0.221376 10.586173
v 0.000474 -0.221376 10.586173
v 0.000474 -0.277670 -10.985299
v 0.278215 -0.277670 -10.985299
v 0.436203 -0.277670 -10.985299
v 1.625058 -0.277670 -9.007594
v 0.560074 -0.277670 10.273510
v 0.203828 -0.277670 10.586173
v 0.130453 -0.277670 10.586173
v 0.000474 -0.277670 10.586173
v 0.065906 -0.321466 10.586173
v 0.065906 -0.277670 10.586173
v 0.065906 -0.221376 10.586173
v 0.065906 -0.178874 10.586173
v 0.295296 -0.116226 10.273510
v 0.922949 0.981257 -9.007591
v 0.209803 0.336496 -10.985299
v 0.122585 0.202089 -10.985299
v 0.122585 -0.277670 -10.985299
v 0.209803 -0.404565 -10.985299
v 0.922949 -0.965399 -9.007598
v 0.295296 -0.400455 10.273510
v 0.000474 0.981257 -2.073961
v 0.922949 0.981257 -2.073961
v 1.449301 0.760820 -2.073961
v 1.625058 0.202089 -2.073963
v 1.625058 -0.277670 -2.073967
v 1.353380 -0.709357 -2.073967
v 0.922949 -0.965399 -2.073967
v 0.000474 -0.965399 -2.073967
v 0.000474 1.270146 1.032842
v 0.922949 1.270146 1.032842
v 2.139266 0.628832 1.032841
v 2.682891 0.202089 1.032836
v 2.682891 -0.277670 1.032836
v 2.139266 -0.916944 1.032836
v 0.922949 -1.269174 1.032833
v 0.000474 -1.269174 1.032833
v 0.000474 0.581531 5.005701
v 0.922949 0.581531 5.005701
v 1.288989 0.499455 5.005701
v 1.711589 0.202089 5.005692
v 1.711589 -0.277670 5.005692
v 1.100537 -0.964642 5.005692
v 0.922949 -0.964642 5.005692
v 0.000474 -0.964642 5.005692
v 0.000474 0.616403 4.660242
v 0.922949 0.616403 4.660242
v 1.389062 0.534325 4.660242
v 1.788054 0.202089 4.660242
v 1.788054 -0.277670 4.660241
v 1.100537 -0.964642 4.660240
v 0.922949 -0.964642 4.660239
v 0.000474 -0.964642 4.660240
v 0.000474 -0.965399 -4.635439
v 0.922949 -0.965399 -4.635439
v 1.353380 -0.709357 -4.635439
v 1.625058 -0.277670 -4.635439
v 1.625058 0.202089 -4.635439
v 1.449301 0.760820 -4.635434
v 0.922949 0.981257 -4.635434
v 0.000474 0.981257 -4.635434
v 0.000474 -0.965399 -8.539899
v 0.922949 -0.965399 -8.539899
v 1.353380 -0.709357 -8.539899
v 1.625058 -0.277670 -8.539898
v 1.625058 0.202089 -8.539896
v 1.449301 0.760820 -8.539892
v 0.922949 0.981257 -8.539892
v 0.000474 0.981257 -8.539892
v 4.427659 -0.277670 -8.539898
v 4.427659 0.202089 -8.539896
v 4.427659 0.202089 -4.635439
v 4.427659 -0.277670 -4.635439
v 1.825058 0.202089 -8.339893
v 1.825058 0.202089 -4.835440
v 4.166503 0.202089 -4.835440
v 4.166503 0.202089 -8.339893
v 1.825058 0.354669 -8.339893
v 1.825058 0.354669 -4.835440
v 4.166503 0.354669 -4.835440
v 4.166503 0.354669 -8.339893
v -0.448688 -0.116226 10.273510
v -0.118318 -0.178874 10.586173
v -0.118318 -0.321466 10.586173
v -0.448688 -0.400455 10.273510
v -1.352427 -0.709357 -9.007598
v -0.339283 -0.330064 -10.985299
v -0.332788 0.272415 -10.985299
v -1.448350 0.760820 -9.007591
v -0.277263 0.202089 -10.985299
v -0.435254 0.202089 -10.985299
v -1.624109 0.202089 -9.007594
v -0.559126 -0.221376 10.273510
v -0.187102 -0.221376 10.586173
v -0.118318 -0.221376 10.586173
v -0.277263 -0.277670 -10.985299
v -0.435254 -0.277670 -10.985299
v -1.624109 -0.277670 -9.007594
v -0.559126 -0.277670 10.273510
v -0.187102 -0.277670 10.586173
v -0.118318 -0.277670 10.586173
v -0.059590 -0.321466 10.586173
v -0.059590 -0.277670 10.586173
v -0.059590 -0.221376 10.586173
v -0.059590 -0.178874 10.586173
v -0.294344 -0.116226 10.273510
v -0.922001 0.981257 -9.007591
v -0.208849 0.336496 -10.985299
v -0.121637 0.202089 -10.985299
v -0.121637 -0.277670 -10.985299
v -0.208849 -0.404565 -10.985299
v -0.922001 -0.965399 -9.007598
v -0.294344 -0.400455 10.273510
v -0.922001 0.981257 -2.073961
v -1.448350 0.760820 -2.073961
v -1.624109 0.202089 -2.073963
v -1.624109 -0.277670 -2.073967
v -1.352427 -0.709357 -2.073967
v -0.922001 -0.965399 -2.073967
v -0.922001 1.270146 1.032842
v -2.138318 0.628832 1.032841
v -2.681942 0.202089 1.032836
v -2.681942 -0.277670 1.032836
v -2.138318 -0.916944 1.032836
v -0.922001 -1.269174 1.032833
v -0.922001 0.581531 5.005701
v -1.288041 0.499455 5.005701
v -1.710634 0.202089 5.005692
v -1.710634 -0.277670 5.005692
v -1.099589 -0.964642 5.005692
v -0.922001 -0.964642 5.005692
v -0.922001 0.616403 4.660242
v -1.388114 0.534325 4.660242
v -1.787106 0.202089 4.660242
v -1.787106 -0.277670 4.660241
v -1.099589 -0.964642 4.660240
v -0.922001 -0.964642 4.660239
v -0.922001 -0.965399 -4.635439
v -1.352427 -0.709357 -4.635439
v -1.624109 -0.277670 -4.635439
v -1.624109 0.202089 -4.635439
v -1.448350 0.760820 -4.635434
v -0.922001 0.981257 -4.635434
v -0.922001 -0.965399 -8.539899
v -1.352427 -0.709357 -8.539899
v -1.624109 -0.277670 -8.539898
v -1.624109 0.202089 -8.539896
v -1.448350 0.760820 -8.539892
v -0.922001 0.981257 -8.539892
v -4.426712 -0.277670 -8.539898
v -4.426712 0.202089 -8.539896
v -4.426712 0.202089 -4.635439
v -4.426712 -0.277670 -4.635439
v -1.824110 0.202089 -8.339893
v -1.824110 0.202089 -4.835440
v -4.165549 0.202089 -4.835440
v -4.165549 0.202089 -8.339893
v -1.824110 0.354669 -8.339893
v -1.824110 0.354669 -4.835440
v -4.165549 0.354669 -4.835440
v -4.165549 0.354669 -8.339893
v 0.000474 1.277943 1.127348
v -0.820377 1.277943 1.127348
v -0.820377 0.652412 4.575355
v 0.000474 0.652412 4.575355
v 0.821328 0.652412 4.575355
v 0.821328 1.277943 1.127348
v 0.000474 1.333268 1.232645
v -0.820377 1.333268 1.232645
v -0.820377 0.704485 4.460442
v 0.000474 0.704485 4.460442
v 0.821328 0.704485 4.460442
v 0.821328 1.333268 1.232645
v 0.000474 1.392086 1.587298
v -0.720378 1.392086 1.587298
v -0.720378 0.820610 4.156763
v 0.000474 0.820610 4.156763
v 0.721326 0.820610 4.156763
v 0.721326 1.392086 1.587298
v -0.800099 0.952051 -2.486934
v 0.801053 0.952051 -2.486934
v -0.800099 1.108600 -2.486934
v 0.801053 1.108600 -2.486934
v -0.800099 1.108600 -5.698855
v 0.801053 1.108600 -5.698855
v -0.800099 0.952051 -5.698855
v 0.801053 0.952051 -5.698855
v -0.600104 1.108600 -2.686935
v 0.601058 1.108600 -2.686935
v 0.601058 1.108600 -5.498855
v -0.600104 1.108600 -5.498855
v -0.600104 1.008600 -2.686935
v 0.601058 1.008600 -2.686935
v 0.601058 1.008600 -5.498855
v -0.600104 1.008600 -5.498855
v 3.971030 -0.468557 -1.482612
v 3.671067 -0.844698 -1.482612
v 3.237607 -1.053442 -1.482612
v 2.756501 -1.053442 -1.482612
v 2.323040 -0.844698 -1.482612
v 2.023078 -0.468557 -1.482612
v 1.916020 0.000487 -1.482612
v 2.023078 0.469527 -1.482612
v 2.323040 0.845672 -1.482612
v 2.756501 1.054415 -1.482612
v 3.237607 1.054415 -1.482612
v 3.671067 0.845672 -1.482612
v 3.971030 0.469527 -1.482612
v 4.078085 0.000487 -1.482612
v 3.971030 -0.468557 -12.430630
v 3.671067 -0.844698 -12.430630
v 3.237607 -1.053442 -12.430630
v 2.756501 -1.053442 -12.430630
v 2.323040 -0.844698 -12.430630
v 2.023078 -0.468557 -12.430630
v 1.916020 0.000487 -12.430630
v 2.023078 0.469527 -12.430630
v 2.323040 0.845672 -12.430630
v 2.756501 1.054415 -12.430630
v 3.237607 1.054415 -12.430630
v 3.671067 0.845672 -12.430630
v 3.971030 0.469527 -12.430630
v 4.078085 0.000487 -12.430630
v 3.480150 -0.232163 -0.167005
v 3.331369 -0.418731 -0.167005
v 3.116369 -0.522269 -0.167005
v 2.877737 -0.522269 -0.167005
v 2.662737 -0.418731 -0.167005
v 2.513954 -0.232163 -0.167005
v 2.460855 0.000487 -0.167005
v 2.513954 0.233135 -0.167005
v 2.662737 0.419702 -0.167005
v 2.877737 0.523242 -0.167005
v 3.116369 0.523242 -0.167005
v 3.331369 0.419704 -0.167005
v 3.480151 0.233135 -0.167005
v 3.533251 0.000487 -0.167005
v 3.396278 -0.191772 -0.167005
v 3.273325 -0.345949 -0.167005
v 3.095654 -0.431511 -0.167005
v 2.898452 -0.431511 -0.167005
v 2.720780 -0.345949 -0.167005
v 2.597827 -0.191772 -0.167005
v 2.553945 0.000487 -0.167005
v 2.597827 0.192743 -0.167005
v 2.720780 0.346922 -0.167005
v 2.898452 0.432483 -0.167005
v 3.095654 0.432483 -0.167005
v 3.273325 0.346922 -0.167005
v 3.396278 0.192743 -0.167005
v 3.440161 0.000487 -0.167005
v 3.396278 -0.191772 0.044104
v 3.273325 -0.345949 0.044104
v 3.095654 -0.431511 0.044104
v 2.898452 -0.431511 0.044104
v 2.720780 -0.345949 0.044104
v 2.597827 -0.191772 0.044104
v 2.553945 0.000487 0.044104
v 2.597827 0.192743 0.044104
v 2.720780 0.346922 0.044104
v 2.898452 0.432483 0.044104
v 3.095654 0.432483 0.044104
v 3.273325 0.346922 0.044104
v 3.396278 0.192743 0.044104
v 3.440161 0.000487 0.044104
v 3.262017 -0.127114 0.044104
v 3.180418 -0.229444 0.044104
v 3.062494 -0.286230 0.044104
v 2.931612 -0.286230 0.044104
v 2.813691 -0.229444 0.044104
v 2.732090 -0.127114 0.044104
v 2.702965 0.000487 0.044104
v 2.732090 0.128087 0.044104
v 2.813691 0.230416 0.044104
v 2.931612 0.287204 0.044104
v 3.062494 0.287204 0.044104
v 3.180418 0.230416 0.044104
v 3.262021 0.128087 0.044104
v 3.291142 0.000487 0.044104
v 3.262017 -0.127114 -1.529576
v 3.180418 -0.229444 -1.529576
v 2.997052 0.000487 -1.529576
v 3.062494 -0.286230 -1.529576
v 2.931612 -0.286230 -1.529576
v 2.813691 -0.229444 -1.529576
v 2.732090 -0.127114 -1.529576
v 2.702965 0.000487 -1.529576
v 2.732090 0.128087 -1.529576
v 2.813691 0.230416 -1.529576
v 2.931612 0.287204 -1.529576
v 3.062494 0.287204 -1.529576
v 3.180418 0.230416 -1.529576
v 3.262021 0.128087 -1.529576
v 3.291142 0.000487 -1.529576
v 3.971030 -0.468557 -1.921103
v 4.078085 0.000487 -1.921103
v 3.971030 0.469527 -1.921103
v 3.671067 0.845672 -1.921103
v 3.237607 1.054415 -1.921103
v 2.756501 1.054415 -1.921103
v 2.323040 0.845672 -1.921103
v 2.023078 0.469527 -1.921103
v 1.916020 0.000487 -1.921103
v 2.023078 -0.468557 -1.921103
v 2.323040 -0.844698 -1.921103
v 2.756501 -1.053442 -1.921103
v 3.237607 -1.053442 -1.921103
v 3.671067 -0.844698 -1.921103
v 3.971030 -0.468557 -12.034495
v 4.078085 0.000487 -12.034495
v 3.971030 0.469527 -12.034495
v 3.671067 0.845672 -12.034495
v 3.237607 1.054415 -12.034495
v 2.756501 1.054415 -12.034495
v 2.323040 0.845672 -12.034495
v 2.023078 0.469527 -12.034495
v 1.916020 0.000487 -12.034495
v 2.023078 -0.468557 -12.034495
v 2.323040 -0.844698 -12.034495
v 2.756501 -1.053442 -12.034495
v 3.237607 -1.053442 -12.034495
v 3.671067 -0.844698 -12.034495
v 3.971030 -0.468557 -2.297860
v 4.078085 0.000487 -2.297860
v 3.971030 0.469527 -2.297860
v 3.671067 0.845672 -2.297860
v 3.237607 1.054415 -2.297860
v 2.756501 1.054415 -2.297860
v 2.323040 0.845672 -2.297860
v 2.023078 0.469527 -2.297860
v 1.916020 0.000487 -2.297860
v 2.023078 -0.468557 -2.297860
v 2.323040 -0.844698 -2.297860
v 2.756501 -1.053442 -2.297860
v 3.237607 -1.053442 -2.297860
v 3.671067 -0.844698 -2.297860
v 3.971030 -0.468557 -11.699284
v 4.078085 0.000487 -11.699284
v 3.971030 0.469527 -11.699284
v 3.671067 0.845672 -11.699284
v 3.237607 1.054415 -11.699284
v 2.756501 1.054415 -11.699284
v 2.323040 0.845672 -11.699284
v 2.023078 0.469527 -11.699284
v 1.916020 0.000487 -11.699284
v 2.023078 -0.468557 -11.699284
v 2.323040 -0.844698 -11.699284
v 2.756501 -1.053442 -11.699284
v 3.237607 -1.053442 -11.699284
v 3.671067 -0.844698 -11.699284
v 4.081892 -0.521945 -1.921103
v 4.201133 0.000487 -1.921103
v 4.081892 -0.521945 -2.297860
v 4.201133 0.000487 -2.297860
v 4.081892 0.522919 -1.921103
v 4.081892 0.522919 -2.297860
v 3.747788 0.941876 -1.921103
v 3.747788 0.941876 -2.297860
v 3.264985 1.174379 -1.921103
v 3.264985 1.174379 -2.297860
v 2.729120 1.174379 -1.921103
v 2.729120 1.174379 -2.297860
v 2.246320 0.941876 -1.921103
v 2.246320 0.941876 -2.297860
v 1.912214 0.522918 -1.921103
v 1.912214 0.522918 -2.297860
v 1.792974 0.000487 -1.921103
v 1.792974 0.000487 -2.297860
v 1.912214 -0.521948 -1.921103
v 1.912214 -0.521948 -2.297860
v 2.246322 -0.940900 -1.921103
v 2.246322 -0.940900 -2.297860
v 2.729120 -1.173405 -1.921103
v 2.729120 -1.173405 -2.297860
v 3.264989 -1.173405 -1.921103
v 3.264989 -1.173405 -2.297860
v 3.747788 -0.940900 -1.921103
v 3.747788 -0.940900 -2.297860
v 4.081892 -0.521945 -11.699284
v 4.201133 0.000487 -11.699284
v 4.081892 -0.521945 -12.034495
v 4.201133 0.000487 -12.034495
v 4.081892 0.522918 -11.699284
v 4.081892 0.522918 -12.034495
v 3.747788 0.941876 -11.699284
v 3.747788 0.941876 -12.034495
v 3.264985 1.174379 -11.699284
v 3.264985 1.174379 -12.034495
v 2.729120 1.174379 -11.699284
v 2.729120 1.174379 -12.034495
v 2.246320 0.941876 -11.699284
v 2.246320 0.941876 -12.034495
v 1.912214 0.522918 -11.699284
v 1.912214 0.522918 -12.034495
v 1.792974 0.000487 -11.699284
v 1.792974 0.000487 -12.034495
v 1.912214 -0.521948 -11.699284
v 1.912214 -0.521948 -12.034495
v 2.246322 -0.940900 -11.699284
v 2.246322 -0.940900 -12.034495
v 2.729120 -1.173405 -11.699284
v 2.729120 -1.173405 -12.034495
v 3.264989 -1.173405 -11.699284
v 3.264989 -1.173405 -12.034495
v 3.747788 -0.940900 -11.699284
v 3.747788 -0.940900 -12.034495
v 3.504601 -0.243936 -13.675525
v 3.348286 -0.439947 -13.675525
v 3.122408 -0.548725 -13.675525
v 2.871701 -0.548725 -13.675525
v 2.645822 -0.439947 -13.675525
v 2.489508 -0.243936 -13.675525
v 2.433718 0.000487 -13.675525
v 2.489508 0.244909 -13.675525
v 2.645822 0.440918 -13.675525
v 2.871701 0.549696 -13.675525
v 3.122408 0.549696 -13.675525
v 3.348286 0.440918 -13.675525
v 3.504601 0.244909 -13.675525
v 3.560390 0.000487 -13.675525
v 3.383779 -0.185752 -13.675525
v 3.264678 -0.335104 -13.675525
v 3.092566 -0.417986 -13.675525
v 2.901540 -0.417986 -13.675525
v 2.729431 -0.335104 -13.675525
v 2.610326 -0.185752 -13.675525
v 2.567821 0.000487 -13.675525
v 2.610326 0.186724 -13.675525
v 2.729430 0.336074 -13.675525
v 2.901540 0.418958 -13.675525
v 3.092566 0.418958 -13.675525
v 3.264678 0.336074 -13.675525
v 3.383779 0.186725 -13.675525
v 3.426288 0.000487 -13.675525
v 3.383779 -0.185752 -13.916520
v 3.264678 -0.335104 -13.916520
v 3.092566 -0.417986 -13.916520
v 2.901540 -0.417986 -13.916520
v 2.729431 -0.335104 -13.916520
v 2.610326 -0.185752 -13.916520
v 2.567821 0.000487 -13.916520
v 2.610326 0.186724 -13.916520
v 2.729430 0.336074 -13.916520
v 2.901540 0.418958 -13.916520
v 3.092566 0.418958 -13.916520
v 3.264678 0.336074 -13.916520
v 3.383779 0.186725 -13.916520
v 3.426288 0.000487 -13.916520
v 3.274369 -0.133060 -13.916520
v 3.188959 -0.240157 -13.916520
v 3.065544 -0.299591 -13.916520
v 2.928562 -0.299591 -13.916520
v 2.805150 -0.240157 -13.916520
v 2.719743 -0.133060 -13.916520
v 2.689260 0.000487 -13.916520
v 2.719743 0.134032 -13.916520
v 2.805147 0.241126 -13.916520
v 2.928562 0.300563 -13.916520
v 3.065544 0.300563 -13.916520
v 3.188959 0.241126 -13.916520
v 3.274369 0.134034 -13.916520
v 3.304847 0.000487 -13.916520
v 3.274369 -0.133060 -11.310114
v 3.188959 -0.240157 -11.310114
v 2.997053 0.000487 -11.310114
v 3.065544 -0.299591 -11.310114
v 2.928562 -0.299591 -11.310114
v 2.805150 -0.240157 -11.310114
v 2.719743 -0.133060 -11.310114
v 2.689260 0.000487 -11.310114
v 2.719743 0.134032 -11.310114
v 2.805147 0.241126 -11.310114
v 2.928562 0.300563 -11.310114
v 3.065544 0.300563 -11.310114
v 3.188959 0.241126 -11.310114
v 3.274369 0.134034 -11.310114
v 3.304847 0.000487 -11.310114
v 3.971030 -0.468557 -4.235467
v 4.078085 0.000487 -4.235467
v 3.971030 0.469527 -4.235467
v 3.671067 0.845672 -4.235467
v 3.237607 1.054415 -4.235467
v 2.756501 1.054415 -4.235467
v 2.323040 0.845672 -4.235467
v 2.023078 0.469527 -4.235467
v 1.916020 0.000487 -4.235467
v 2.023078 -0.468557 -4.235467
v 2.323040 -0.844698 -4.235467
v 2.756501 -1.053442 -4.235467
v 3.237607 -1.053442 -4.235467
v 3.671067 -0.844698 -4.235467
v 3.971030 -0.468557 -4.671856
v 4.078085 0.000487 -4.671856
v 3.971030 0.469527 -4.671856
v 3.671067 0.845672 -4.671856
v 3.237607 1.054415 -4.671856
v 2.756501 1.054415 -4.671856
v 2.323040 0.845672 -4.671856
v 2.023078 0.469527 -4.671856
v 1.916020 0.000487 -4.671856
v 2.023078 -0.468557 -4.671856
v 2.323040 -0.844698 -4.671856
v 2.756501 -1.053442 -4.671856
v 3.237607 -1.053442 -4.671856
v 3.671067 -0.844698 -4.671856
v 3.971030 -0.468557 -8.514283
v 4.078085 0.000487 -8.514283
v 3.971030 0.469527 -8.514283
v 3.671067 0.845672 -8.514283
v 3.237607 1.054415 -8.514283
v 2.756501 1.054415 -8.514283
v 2.323040 0.845672 -8.514283
v 2.023078 0.469527 -8.514283
v 1.916020 0.000487 -8.514283
v 2.023078 -0.468557 -8.514283
v 2.323040 -0.844698 -8.514283
v 2.756501 -1.053442 -8.514283
v 3.237607 -1.053442 -8.514283
v 3.671067 -0.844698 -8.514283
v 3.971030 -0.468557 -8.930220
v 4.078085 0.000487 -8.930220
v 3.971030 0.469527 -8.930220
v 3.671067 0.845672 -8.930220
v 3.237607 1.054415 -8.930220
v 2.756501 1.054415 -8.930220
v 2.323040 0.845672 -8.930220
v 2.023078 0.469527 -8.930220
v 1.916020 0.000487 -8.930220
v 2.023078 -0.468557 -8.930220
v 2.323040 -0.844698 -8.930220
v 2.756501 -1.053442 -8.930220
v 3.237607 -1.053442 -8.930220
v 3.671067 -0.844698 -8.930220
v 4.081892 -0.521945 -4.235467
v 4.201133 0.000487 -4.235467
v 4.081892 -0.521945 -4.671856
v 4.201133 0.000487 -4.671856
v 4.081892 0.522918 -4.235467
v 4.081892 0.522918 -4.671856
v 3.747788 0.941874 -4.235467
v 3.747788 0.941874 -4.671856
v 3.264985 1.174379 -4.235467
v 3.264985 1.174379 -4.671856
v 2.729120 1.174379 -4.235467
v 2.729120 1.174379 -4.671856
v 2.246320 0.941874 -4.235467
v 2.246320 0.941874 -4.671856
v 1.912214 0.522918 -4.235467
v 1.912214 0.522918 -4.671856
v 1.792974 0.000487 -4.235467
v 1.792974 0.000487 -4.671856
v 1.912214 -0.521945 -4.235467
v 1.912214 -0.521945 -4.671856
v 2.246322 -0.940900 -4.235467
v 2.246322 -0.940900 -4.671856
v 2.729120 -1.173405 -4.235467
v 2.729120 -1.173405 -4.671856
v 3.264989 -1.173405 -4.235467
v 3.264989 -1.173405 -4.671856
v 3.747788 -0.940900 -4.235467
v 3.747788 -0.940900 -4.671856
v 4.081892 -0.521945 -8.514283
v 4.201133 0.000487 -8.514283
v 4.081892 -0.521945 -8.930220
v 4.201133 0.000487 -8.930220
v 4.081892 0.522918 -8.514283
v 4.081892 0.522918 -8.930220
v 3.747788 0.941874 -8.514283
v 3.747788 0.941874 -8.930220
v 3.264985 1.174379 -8.514283
v 3.264985 1.174379 -8.930220
v 2.729120 1.174379 -8.514283
v 2.729120 1.174379 -8.930220
v 2.246320 0.941874 -8.514283
v 2.246320 0.941874 -8.930220
v 1.912214 0.522918 -8.514283
v 1.912214 0.522918 -8.930220
v 1.792974 0.000487 -8.514283
v 1.792974 0.000487 -8.930220
v 1.912214 -0.521945 -8.514283
v 1.912214 -0.521945 -8.930220
v 2.246322 -0.940900 -8.514283
v 2.246322 -0.940900 -8.930220
v 2.729120 -1.173405 -8.514283
v 2.729120 -1.173405 -8.930220
v 3.264989 -1.173405 -8.514283
v 3.264989 -1.173405 -8.930220
v 3.747788 -0.940900 -8.514283
v 3.747788 -0.940900 -8.930220
v -3.970076 -0.468557 -1.482612
v -3.670117 -0.844698 -1.482612
v -3.236654 -1.053442 -1.482612
v -2.755552 -1.053442 -1.482612
v -2.322092 -0.844698 -1.482612
v -2.022128 -0.468557 -1.482612
v -1.915072 0.000487 -1.482612
v -2.022128 0.469527 -1.482612
v -2.322092 0.845672 -1.482612
v -2.755552 1.054415 -1.482612
v -3.236654 1.054415 -1.482612
v -3.670117 0.845672 -1.482612
v -3.970076 0.469527 -1.482612
v -4.077134 0.000487 -1.482612
v -3.970076 -0.468557 -12.430630
v -3.670117 -0.844698 -12.430630
v -3.236654 -1.053442 -12.430630
v -2.755552 -1.053442 -12.430630
v -2.322092 -0.844698 -12.430630
v -2.022128 -0.468557 -12.430630
v -1.915072 0.000487 -12.430630
v -2.022128 0.469527 -12.430630
v -2.322092 0.845672 -12.430630
v -2.755552 1.054415 -12.430630
v -3.236654 1.054415 -12.430630
v -3.670117 0.845672 -12.430630
v -3.970076 0.469527 -12.430630
v -4.077134 0.000487 -12.430630
v -3.479198 -0.232163 -0.167005
v -3.330418 -0.418731 -0.167005
v -3.115418 -0.522269 -0.167005
v -2.876784 -0.522269 -0.167005
v -2.661784 -0.418731 -0.167005
v -2.513006 -0.232163 -0.167005
v -2.459905 0.000487 -0.167005
v -2.513006 0.233135 -0.167005
v -2.661784 0.419702 -0.167005
v -2.876784 0.523242 -0.167005
v -3.115418 0.523242 -0.167005
v -3.330418 0.419704 -0.167005
v -3.479198 0.233135 -0.167005
v -3.532300 0.000487 -0.167005
v -3.395323 -0.191772 -0.167005
v -3.272377 -0.345949 -0.167005
v -3.094700 -0.431511 -0.167005
v -2.897502 -0.431511 -0.167005
v -2.719832 -0.345949 -0.167005
v -2.596879 -0.191772 -0.167005
v -2.552993 0.000487 -0.167005
v -2.596879 0.192743 -0.167005
v -2.719832 0.346922 -0.167005
v -2.897502 0.432483 -0.167005
v -3.094700 0.432483 -0.167005
v -3.272377 0.346922 -0.167005
v -3.395323 0.192743 -0.167005
v -3.439210 0.000487 -0.167005
v -3.395323 -0.191772 0.044104
v -3.272377 -0.345949 0.044104
v -3.094700 -0.431511 0.044104
v -2.897502 -0.431511 0.044104
v -2.719832 -0.345949 0.044104
v -2.596879 -0.191772 0.044104
v -2.552993 0.000487 0.044104
v -2.596879 0.192743 0.044104
v -2.719832 0.346922 0.044104
v -2.897502 0.432483 0.044104
v -3.094700 0.432483 0.044104
v -3.272377 0.346922 0.044104
v -3.395323 0.192743 0.044104
v -3.439210 0.000487 0.044104
v -3.261069 -0.127114 0.044104
v -3.179467 -0.229444 0.044104
v -3.061547 -0.286230 0.044104
v -2.930663 -0.286230 0.044104
v -2.812743 -0.229444 0.044104
v -2.731135 -0.127114 0.044104
v -2.702013 0.000487 0.044104
v -2.731135 0.128087 0.044104
v -2.812743 0.230416 0.044104
v -2.930663 0.287204 0.044104
v -3.061547 0.287204 0.044104
v -3.179467 0.230416 0.044104
v -3.261070 0.128087 0.044104
v -3.290194 0.000487 0.044104
v -3.261069 -0.127114 -1.529576
v -3.179467 -0.229444 -1.529576
v -2.996101 0.000487 -1.529576
v -3.061547 -0.286230 -1.529576
v -2.930663 -0.286230 -1.529576
v -2.812743 -0.229444 -1.529576
v -2.731135 -0.127114 -1.529576
v -2.702013 0.000487 -1.529576
v -2.731135 0.128087 -1.529576
v -2.812743 0.230416 -1.529576
v -2.930663 0.287204 -1.529576
v -3.061547 0.287204 -1.529576
v -3.179467 0.230416 -1.529576
v -3.261070 0.128087 -1.529576
v -3.290194 0.000487 -1.529576
v -3.970076 -0.468557 -1.921103
v -4.077134 0.000487 -1.921103
v -3.970076 0.469527 -1.921103
v -3.670117 0.845672 -1.921103
v -3.236654 1.054415 -1.921103
v -2.755552 1.054415 -1.921103
v -2.322092 0.845672 -1.921103
v -2.022128 0.469527 -1.921103
v -1.915072 0.000487 -1.921103
v -2.022128 -0.468557 -1.921103
v -2.322092 -0.844698 -1.921103
v -2.755552 -1.053442 -1.921103
v -3.236654 -1.053442 -1.921103
v -3.670117 -0.844698 -1.921103
v -3.970076 -0.468557 -12.034495
v -4.077134 0.000487 -12.034495
v -3.970076 0.469527 -12.034495
v -3.670117 0.845672 -12.034495
v -3.236654 1.054415 -12.034495
v -2.755552 1.054415 -12.034495
v -2.322092 0.845672 -12.034495
v -2.022128 0.469527 -12.034495
v -1.915072 0.000487 -12.034495
v -2.022128 -0.468557 -12.034495
v -2.322092 -0.844698 -12.034495
v -2.755552 -1.053442 -12.034495
v -3.236654 -1.053442 -12.034495
v -3.670117 -0.844698 -12.034495
v -3.970076 -0.468557 -2.297860
v -4.077134 0.000487 -2.297860
v -3.970076 0.469527 -2.297860
v -3.670117 0.845672 -2.297860
v -3.236654 1.054415 -2.297860
v -2.755552 1.054415 -2.297860
v -2.322092 0.845672 -2.297860
v -2.022128 0.469527 -2.297860
v -1.915072 0.000487 -2.297860
v -2.022128 -0.468557 -2.297860
v -2.322092 -0.844698 -2.297860
v -2.755552 -1.053442 -2.297860
v -3.236654 -1.053442 -2.297860
v -3.670117 -0.844698 -2.297860
v -3.970076 -0.468557 -11.699284
v -4.077134 0.000487 -11.699284
v -3.970076 0.469527 -11.699284
v -3.670117 0.845672 -11.699284
v -3.236654 1.054415 -11.699284
v -2.755552 1.054415 -11.699284
v -2.322092 0.845672 -11.699284
v -2.022128 0.469527 -11.699284
v -1.915072 0.000487 -11.699284
v -2.022128 -0.468557 -11.699284
v -2.322092 -0.844698 -11.699284
v -2.755552 -1.053442 -11.699284
v -3.236654 -1.053442 -11.699284
v -3.670117 -0.844698 -11.699284
v -4.080944 -0.521945 -1.921103
v -4.200185 0.000487 -1.921103
v -4.080944 -0.521945 -2.297860
v -4.200185 0.000487 -2.297860
v -4.080944 0.522919 -1.921103
v -4.080944 0.522919 -2.297860
v -3.746837 0.941876 -1.921103
v -3.746837 0.941876 -2.297860
v -3.264031 1.174379 -1.921103
v -3.264031 1.174379 -2.297860
v -2.728172 1.174379 -1.921103
v -2.728172 1.174379 -2.297860
v -2.245372 0.941876 -1.921103
v -2.245372 0.941876 -2.297860
v -1.911260 0.522918 -1.921103
v -1.911260 0.522918 -2.297860
v -1.792024 0.000487 -1.921103
v -1.792024 0.000487 -2.297860
v -1.911260 -0.521948 -1.921103
v -1.911260 -0.521948 -2.297860
v -2.245373 -0.940900 -1.921103
v -2.245373 -0.940900 -2.297860
v -2.728172 -1.173405 -1.921103
v -2.728172 -1.173405 -2.297860
v -3.264031 -1.173405 -1.921103
v -3.264031 -1.173405 -2.297860
v -3.746837 -0.940900 -1.921103
v -3.746837 -0.940900 -2.297860
v -4.080944 -0.521945 -11.699284
v -4.200185 0.000487 -11.699284
v -4.080944 -0.521945 -12.034495
v -4.200185 0.000487 -12.034495
v -4.080944 0.522918 -11.699284
v -4.080944 0.522918 -12.034495
v -3.746837 0.941876 -11.699284
v -3.746837 0.941876 -12.034495
v -3.264031 1.174379 -11.699284
v -3.264031 1.174379 -12.034495
v -2.728172 1.174379 -11.699284
v -2.728172 1.174379 -12.034495
v -2.245372 0.941876 -11.699284
v -2.245372 0.941876 -12.034495
v -1.911260 0.522918 -11.699284
v -1.911260 0.522918 -12.034495
v -1.792024 0.000487 -11.699284
v -1.792024 0.000487 -12.034495
v -1.911260 -0.521948 -11.699284
v -1.911260 -0.521948 -12.034495
v -2.245373 -0.940900 -11.699284
v -2.245373 -0.940900 -12.034495
v -2.728172 -1.173405 -11.699284
v -2.728172 -1.173405 -12.034495
v -3.264031 -1.173405 -11.699284
v -3.264031 -1.173405 -12.034495
v -3.746837 -0.940900 -11.699284
v -3.746837 -0.940900 -12.034495
v -3.503651 -0.243936 -13.675525
v -3.347338 -0.439947 -13.675525
v -3.121459 -0.548725 -13.675525
v -2.870752 -0.548725 -13.675525
v -2.644868 -0.439947 -13.675525
v -2.488558 -0.243936 -13.675525
v -2.432770 0.000487 -13.675525
v -2.488558 0.244909 -13.675525
v -2.644868 0.440918 -13.675525
v -2.870752 0.549696 -13.675525
v -3.121459 0.549696 -13.675525
v -3.347338 0.440918 -13.675525
v -3.503651 0.244909 -13.675525
v -3.559439 0.000487 -13.675525
v -3.382828 -0.185752 -13.675525
v -3.263723 -0.335104 -13.675525
v -3.091614 -0.417986 -13.675525
v -2.900592 -0.417986 -13.675525
v -2.728483 -0.335104 -13.675525
v -2.609379 -0.185752 -13.675525
v -2.566865 0.000487 -13.675525
v -2.609379 0.186724 -13.675525
v -2.728480 0.336074 -13.675525
v -2.900592 0.418958 -13.675525
v -3.091614 0.418958 -13.675525
v -3.263723 0.336074 -13.675525
v -3.382828 0.186725 -13.675525
v -3.425338 0.000487 -13.675525
v -3.382828 -0.185752 -13.916520
v -3.263723 -0.335104 -13.916520
v -3.091614 -0.417986 -13.916520
v -2.900592 -0.417986 -13.916520
v -2.728483 -0.335104 -13.916520
v -2.609379 -0.185752 -13.916520
v -2.566865 0.000487 -13.916520
v -2.609379 0.186724 -13.916520
v -2.728480 0.336074 -13.916520
v -2.900592 0.418958 -13.916520
v -3.091614 0.418958 -13.916520
v -3.263723 0.336074 -13.916520
v -3.382828 0.186725 -13.916520
v -3.425338 0.000487 -13.916520
v -3.273413 -0.133060 -13.916520
v -3.188010 -0.240157 -13.916520
v -3.064594 -0.299591 -13.916520
v -2.927614 -0.299591 -13.916520
v -2.804198 -0.240157 -13.916520
v -2.718794 -0.133060 -13.916520
v -2.688312 0.000487 -13.916520
v -2.718794 0.134032 -13.916520
v -2.804198 0.241126 -13.916520
v -2.927614 0.300563 -13.916520
v -3.064594 0.300563 -13.916520
v -3.188010 0.241126 -13.916520
v -3.273413 0.134034 -13.916520
v -3.303898 0.000487 -13.916520
v -3.273413 -0.133060 -11.310114
v -3.188010 -0.240157 -11.310114
v -2.996101 0.000487 -11.310114
v -3.064594 -0.299591 -11.310114
v -2.927614 -0.299591 -11.310114
v -2.804198 -0.240157 -11.310114
v -2.718794 -0.133060 -11.310114
v -2.688312 0.000487 -11.310114
v -2.718794 0.134032 -11.310114
v -2.804198 0.241126 -11.310114
v -2.927614 0.300563 -11.310114
v -3.064594 0.300563 -11.310114
v -3.188010 0.241126 -11.310114
v -3.273413 0.134034 -11.310114
v -3.303898 0.000487 -11.310114
v -3.970076 -0.468557 -4.235467
v -4.077134 0.000487 -4.235467
v -3.970076 0.469527 -4.235467
v -3.670117 0.845672 -4.235467
v -3.236654 1.054415 -4.235467
v -2.755552 1.054415 -4.235467
v -2.322092 0.845672 -4.235467
v -2.022128 0.469527 -4.235467
v -1.915072 0.000487 -4.235467
v -2.022128 -0.468557 -4.235467
v -2.322092 -0.844698 -4.235467
v -2.755552 -1.053442 -4.235467
v -3.236654 -1.053442 -4.235467
v -3.670117 -0.844698 -4.235467
v -3.970076 -0.468557 -4.671856
v -4.077134 0.000487 -4.671856
v -3.970076 0.469527 -4.671856
v -3.670117 0.845672 -4.671856
v -3.236654 1.054415 -4.671856
v -2.755552 1.054415 -4.671856
v -2.322092 0.845672 -4.671856
v -2.022128 0.469527 -4.671856
v -1.915072 0.000487 -4.671856
v -2.022128 -0.468557 -4.671856
v -2.322092 -0.844698 -4.671856
v -2.755552 -1.053442 -4.671856
v -3.236654 -1.053442 -4.671856
v -3.670117 -0.844698 -4.671856
v -3.970076 -0.468557 -8.514283
v -4.077134 0.000487 -8.514283
v -3.970076 0.469527 -8.514283
v -3.670117 0.845672 -8.514283
v -3.236654 1.054415 -8.514283
v -2.755552 1.054415 -8.514283
v -2.322092 0.845672 -8.514283
v -2.022128 0.469527 -8.514283
v -1.915072 0.000487 -8.514283
v -2.022128 -0.468557 -8.514283
v -2.322092 -0.844698 -8.514283
v -2.755552 -1.053442 -8.514283
v -3.236654 -1.053442 -8.514283
v -3.670117 -0.844698 -8.514283
v -3.970076 -0.468557 -8.930220
v -4.077134 0.000487 -8.930220
v -3.970076 0.469527 -8.930220
v -3.670117 0.845672 -8.930220
v -3.236654 1.054415 -8.930220
v -2.755552 1.054415 -8.930220
v -2.322092 0.845672 -8.930220
v -2.022128 0.469527 -8.930220
v -1.915072 0.000487 -8.930220
v -2.022128 -0.468557 -8.930220
v -2.322092 -0.844698 -8.930220
v -2.755552 -1.053442 -8.930220
v -3.236654 -1.053442 -8.930220
v -3.670117 -0.844698 -8.930220
v -4.080944 -0.521945 -4.235467
v -4.200185 0.000487 -4.235467
v -4.080944 -0.521945 -4.671856
v -4.200185 0.000487 -4.671856
v -4.080944 0.522918 -4.235467
v -4.080944 0.522918 -4.671856
v -3.746837 0.941874 -4.235467
v -3.746837 0.941874 -4.671856
v -3.264031 1.174379 -4.235467
v -3.264031 1.174379 -4.671856
v -2.728172 1.174379 -4.235467
v -2.728172 1.174379 -4.671856
v -2.245372 0.941874 -4.235467
v -2.245372 0.941874 -4.671856
v -1.911260 0.522918 -4.235467
v -1.911260 0.522918 -4.671856
v -1.792024 0.000487 -4.235467
v -1.792024 0.000487 -4.671856
v -1.911260 -0.521945 -4.235467
v -1.911260 -0.521945 -4.671856
v -2.245373 -0.940900 -4.235467
v -2.245373 -0.940900 -4.671856
v -2.728172 -1.173405 -4.235467
v -2.728172 -1.173405 -4.671856
v -3.264031 -1.173405 -4.235467
v -3.264031 -1.173405 -4.671856
v -3.746837 -0.940900 -4.235467
v -3.746837 -0.940900 -4.671856
v -4.080944 -0.521945 -8.514283
v -4.200185 0.000487 -8.514283
v -4.080944 -0.521945 -8.930220
v -4.200185 0.000487 -8.930220
v -4.080944 0.522918 -8.514283
v -4.080944 0.522918 -8.930220
v -3.746837 0.941874 -8.514283
v -3.746837 0.941874 -8.930220
v -3.264031 1.174379 -8.514283
v -3.264031 1.174379 -8.930220
v -2.728172 1.174379 -8.514283
v -2.728172 1.174379 -8.930220
v -2.245372 0.941874 -8.514283
v -2.245372 0.941874 -8.930220
v -1.911260 0.522918 -8.514283
v -1.911260 0.522918 -8.930220
v -1.792024 0.000487 -8.514283
v -1.792024 0.000487 -8.930220
v -1.911260 -0.521945 -8.514283
v -1.911260 -0.521945 -8.930220
v -2.245373 -0.940900 -8.514283
v -2.245373 -0.940900 -8.930220
v -2.728172 -1.173405 -8.514283
v -2.728172 -1.173405 -8.930220
v -3.264031 -1.173405 -8.514283
v -3.264031 -1.173405 -8.930220
v -3.746837 -0.940900 -8.514283
v -3.746837 -0.940900 -8.930220
# 3280 normals
vn 0.046695 -0.958982 0.279253
vn 0.046695 -0.958982 0.279253
vn 0.046695 -0.958982 0.279253
vn 0.046695 -0.958982 0.279253
vn 0.267320 0.963133 0.000000
vn 0.267320 0.963133 0.000000
vn 0.267320 0.963133 0.000000
vn 0.267320 0.963133 0.000000
vn 0.082708 -0.954160 -0.287096
vn 0.082708 -0.954160 -0.287096
vn 0.082708 -0.954160 -0.287096
vn 0.082708 -0.954160 -0.287096
vn -0.086126 -0.996094 0.000000
vn -0.086126 -0.996094 0.000000
vn -0.086126 -0.996094 0.000000
vn -0.086126 -0.996094 0.000000
vn 0.990875 -0.131783 0.000000
vn 0.990875 -0.131783 0.000000
vn 0.990875 -0.131783 0.000000
vn -0.970366 -0.203931 0.129372
vn -0.970366 -0.203931 0.129372
vn -0.970366 -0.203931 0.129372
vn -0.896356 0.426723 0.119362
vn -0.896356 0.426723 0.119362
vn -0.896356 0.426723 0.119362
vn 0.407038 0.868950 -0.281237
vn 0.407038 0.868950 -0.281237
vn 0.407038 0.868950 -0.281237
vn 0.407038 0.868950 -0.281237
vn 0.990875 -0.131722 0.000000
vn 0.990875 -0.131722 0.000000
vn 0.990875 -0.131722 0.000000
vn 0.375969 0.884759 0.274126
vn 0.375969 0.884759 0.274126
vn 0.375969 0.884759 0.274126
vn 0.375969 0.884759 0.274126
vn -0.902399 0.429653 0.000000
vn -0.902399 0.429653 0.000000
vn -0.902399 0.429653 0.000000
vn -0.902399 0.429653 0.000000
vn -0.978545 -0.205518 0.000000
vn -0.978545 -0.205518 0.000000
vn -0.978545 -0.205518 0.000000
vn -0.978545 -0.205518 0.000000
vn 0.990875 -0.131722 0.000000
vn 0.990875 -0.131722 0.000000
vn 0.990875 -0.131722 0.000000
vn 0.990875 -0.131783 0.000000
vn 0.990875 -0.131783 0.000000
vn 0.990875 -0.131783 0.000000
vn 0.990875 -0.131722 0.000000
vn 0.990875 -0.131722 0.000000
vn 0.990875 -0.131722 0.000000
vn 0.990875 -0.131722 0.000000
vn 0.990875 -0.131783 0.000000
vn 0.990875 -0.131783 0.000000
vn 0.990875 -0.131783 0.000000
vn 0.990875 -0.131783 0.000000
vn 0.267320 0.963133 0.000000
vn 0.267320 0.963133 0.000000
vn 0.267320 0.963133 0.000000
vn 0.267320 0.963133 0.000000
vn 0.267320 0.963133 0.000000
vn 0.267320 0.963133 0.000000
vn 0.267320 0.963133 0.000000
vn 0.267320 0.963133 0.000000
vn 0.267320 0.963133 0.000000
vn 0.267320 0.963133 0.000000
vn 0.267320 0.963133 0.000000
vn 0.267320 0.963133 0.000000
vn 0.267320 0.963133 0.000000
vn 0.267320 0.963133 0.000000
vn 0.267320 0.963133 0.000000
vn 0.267320 0.963133 0.000000
vn -0.466795 0.129372 -0.874596
vn -0.466795 0.129372 -0.874596
vn -0.466795 0.129372 -0.874596
vn -0.466795 0.129372 -0.874596
vn -0.963133 0.267259 0.000000
vn -0.963133 0.267259 0.000000
vn -0.963133 0.267259 0.000000
vn -0.963133 0.267259 0.000000
vn -0.518068 0.143808 0.842825
vn -0.518068 0.143808 0.842825
vn -0.518068 0.143808 0.842825
vn -0.518068 0.143808 0.842825
vn 0.963133 -0.267259 0.000000
vn 0.963133 -0.267259 0.000000
vn 0.963133 -0.267259 0.000000
vn 0.963133 -0.267259 0.000000
vn -0.086126 -0.996094 0.000000
vn -0.086126 -0.996094 0.000000
vn -0.086126 -0.996094 0.000000
vn -0.086126 -0.996094 0.000000
vn -0.086126 -0.996094 0.000000
vn -0.086126 -0.996094 0.000000
vn -0.086126 -0.996094 0.000000
vn -0.086126 -0.996094 0.000000
vn -0.086126 -0.996094 0.000000
vn -0.086126 -0.996094 0.000000
vn -0.086126 -0.996094 0.000000
vn -0.086126 -0.996094 0.000000
vn -0.086126 -0.996094 0.000000
vn -0.086126 -0.996094 0.000000
vn -0.086126 -0.996094 0.000000
vn -0.086126 -0.996094 0.000000
vn -0.539065 0.046695 0.840292
vn -0.539065 0.046695 0.840292
vn -0.539065 0.046695 0.840292
vn -0.539065 0.046695 0.840292
vn -0.996094 0.086126 0.000000
vn -0.996094 0.086126 0.000000
vn -0.996094 0.086126 0.000000
vn -0.996094 0.086126 0.000000
vn -0.486114 0.042056 -0.872795
vn -0.486114 0.042056 -0.872795
vn -0.486114 0.042056 -0.872795
vn -0.486114 0.042056 -0.872795
vn 0.996094 -0.086126 0.000000
vn 0.996094 -0.086126 0.000000
vn 0.996094 -0.086126 0.000000
vn 0.996094 -0.086126 0.000000
vn -0.046695 -0.958982 0.279253
vn -0.046695 -0.958982 0.279253
vn -0.046695 -0.958982 0.279253
vn -0.046695 -0.958982 0.279253
vn -0.267320 0.963133 0.000000
vn -0.267320 0.963133 0.000000
vn -0.267320 0.963133 0.000000
vn -0.267320 0.963133 0.000000
vn -0.082708 -0.954160 -0.287096
vn -0.082708 -0.954160 -0.287096
vn -0.082708 -0.954160 -0.287096
vn -0.082708 -0.954160 -0.287096
vn 0.086126 -0.996094 0.000000
vn 0.086126 -0.996094 0.000000
vn 0.086126 -0.996094 0.000000
vn 0.086126 -0.996094 0.000000
vn -0.990875 -0.131722 0.000000
vn -0.990875 -0.131722 0.000000
vn -0.990875 -0.131722 0.000000
vn 0.971129 -0.199170 0.127419
vn 0.971129 -0.199170 0.127419
vn 0.971129 -0.199170 0.127419
vn 0.898279 0.422847 0.117897
vn 0.898279 0.422847 0.117897
vn 0.898279 0.422847 0.117897
vn -0.407038 0.868950 -0.281237
vn -0.407038 0.868950 -0.281237
vn -0.407038 0.868950 -0.281237
vn -0.407038 0.868950 -0.281237
vn -0.990875 -0.131783 0.000000
vn -0.990875 -0.131783 0.000000
vn -0.990875 -0.131783 0.000000
vn -0.375969 0.884759 0.274126
vn -0.375969 0.884759 0.274126
vn -0.375969 0.884759 0.274126
vn -0.375969 0.884759 0.274126
vn 0.898462 0.423366 -0.113960
vn 0.898462 0.423366 -0.113960
vn 0.898462 0.423366 -0.113960
vn 0.972075 -0.199170 -0.123238
vn 0.972075 -0.199170 -0.123238
vn 0.972075 -0.199170 -0.123238
vn -0.990875 -0.131783 0.000000
vn -0.990875 -0.131783 0.000000
vn -0.990875 -0.131783 0.000000
vn -0.990875 -0.131722 0.000000
vn -0.990875 -0.131722 0.000000
vn -0.990875 -0.131722 0.000000
vn -0.990875 -0.131783 0.000000
vn -0.990875 -0.131783 0.000000
vn -0.990875 -0.131783 0.000000
vn -0.990875 -0.131783 0.000000
vn -0.990875 -0.131722 0.000000
vn -0.990875 -0.131722 0.000000
vn -0.990875 -0.131722 0.000000
vn -0.990875 -0.131722 0.000000
vn -0.267320 0.963133 0.000000
vn -0.267320 0.963133 0.000000
vn -0.267320 0.963133 0.000000
vn -0.267320 0.963133 0.000000
vn -0.267320 0.963133 0.000000
vn -0.267320 0.963133 0.000000
vn -0.267320 0.963133 0.000000
vn -0.267320 0.963133 0.000000
vn -0.267320 0.963133 0.000000
vn -0.267320 0.963133 0.000000
vn -0.267320 0.963133 0.000000
vn -0.267320 0.963133 0.000000
vn -0.267320 0.963133 0.000000
vn -0.267320 0.963133 0.000000
vn -0.267320 0.963133 0.000000
vn -0.267320 0.963133 0.000000
vn 0.466795 0.129372 -0.874596
vn 0.466795 0.129372 -0.874596
vn 0.466795 0.129372 -0.874596
vn 0.466795 0.129372 -0.874596
vn 0.963133 0.267259 0.000000
vn 0.963133 0.267259 0.000000
vn 0.963133 0.267259 0.000000
vn 0.963133 0.267259 0.000000
vn 0.518068 0.143808 0.842825
vn 0.518068 0.143808 0.842825
vn 0.518068 0.143808 0.842825
vn 0.518068 0.143808 0.842825
vn -0.963133 -0.267259 0.000000
vn -0.963133 -0.267259 0.000000
vn -0.963133 -0.267259 0.000000
vn -0.963133 -0.267259 0.000000
vn 0.086126 -0.996094 0.000000
vn 0.086126 -0.996094 0.000000
vn 0.086126 -0.996094 0.000000
vn 0.086126 -0.996094 0.000000
vn 0.086126 -0.996094 0.000000
vn 0.086126 -0.996094 0.000000
vn 0.086126 -0.996094 0.000000
vn 0.086126 -0.996094 0.000000
vn 0.086126 -0.996094 0.000000
vn 0.086126 -0.996094 0.000000
vn 0.086126 -0.996094 0.000000
vn 0.086126 -0.996094 0.000000
vn 0.086126 -0.996094 0.000000
vn 0.086126 -0.996094 0.000000
vn 0.086126 -0.996094 0.000000
vn 0.086126 -0.996094 0.000000
vn 0.539065 0.046695 0.840292
vn 0.539065 0.046695 0.840292
vn 0.539065 0.046695 0.840292
vn 0.539065 0.046695 0.840292
vn 0.996094 0.086126 0.000000
vn 0.996094 0.086126 0.000000
vn 0.996094 0.086126 0.000000
vn 0.996094 0.086126 0.000000
vn 0.486114 0.042056 -0.872795
vn 0.486114 0.042056 -0.872795
vn 0.486114 0.042056 -0.872795
vn 0.486114 0.042056 -0.872795
vn -0.996094 -0.086126 0.000000
vn -0.996094 -0.086126 0.000000
vn -0.996094 -0.086126 0.000000
vn -0.996094 -0.086126 0.000000
vn 0.904322 0.425777 0.000000
vn 0.904322 0.425777 0.000000
vn 0.904322 0.425777 0.000000
vn 0.904322 0.425777 0.000000
vn 0.979552 -0.200971 0.000000
vn 0.979552 -0.200971 0.000000
vn 0.979552 -0.200971 0.000000
vn 0.979552 -0.200971 0.000000
vn -0.896509 0.426723 -0.115425
vn -0.896509 0.426723 -0.115425
vn -0.896509 0.426723 -0.115425
vn -0.970732 -0.204053 -0.124947
vn -0.970732 -0.204053 -0.124947
vn -0.970732 -0.204053 -0.124947
vn 0.886468 0.288012 -0.362144
vn 0.753922 0.547458 -0.362144
vn 0.784594 0.570012 -0.243637
vn 0.921901 0.299640 -0.243637
vn 0.547458 0.753922 -0.362144
vn 0.570012 0.784594 -0.243637
vn 0.288012 0.886468 -0.362144
vn 0.299640 0.921901 -0.243637
vn 0.000000 0.931667 -0.362144
vn 0.000000 0.969786 -0.243637
vn -0.288012 0.886468 -0.362144
vn -0.299640 0.921901 -0.243637
vn -0.547458 0.753922 -0.362144
vn -0.570012 0.784594 -0.243637
vn -0.753922 0.547458 -0.362144
vn -0.784594 0.570012 -0.243637
vn -0.886468 0.288012 -0.362083
vn -0.921901 0.299640 -0.243637
vn -0.931667 0.000000 -0.362083
vn -0.969786 0.000000 -0.243637
vn -0.886468 -0.288012 -0.362083
vn -0.921901 -0.299640 -0.243637
vn -0.753922 -0.547458 -0.362144
vn -0.784594 -0.570012 -0.243637
vn -0.547458 -0.753922 -0.362144
vn -0.570012 -0.784594 -0.243637
vn -0.288012 -0.886468 -0.362144
vn -0.299640 -0.921901 -0.243637
vn 0.000000 -0.931667 -0.362144
vn 0.000000 -0.969786 -0.243637
vn 0.288012 -0.886468 -0.362144
vn 0.299640 -0.921901 -0.243637
vn 0.547458 -0.753922 -0.362144
vn 0.570012 -0.784594 -0.243637
vn 0.753922 -0.547458 -0.362144
vn 0.784594 -0.570012 -0.243637
vn 0.886468 -0.288012 -0.362144
vn 0.921901 -0.299640 -0.243637
vn 0.931667 0.000000 -0.362144
vn 0.969786 0.000000 -0.243637
vn 0.000000 0.000000 -1.000000
vn 0.000000 0.000000 -1.000000
vn 0.000000 0.000000 -1.000000
vn 0.000000 0.000000 -1.000000
vn 0.000000 0.000000 -1.000000
vn 0.000000 0.000000 -1.000000
vn 0.000000 0.000000 -1.000000
vn 0.000000 0.000000 -1.000000
vn 0.000000 0.000000 -1.000000
vn 0.000000 0.000000 -1.000000
vn 0.000000 0.000000 -1.000000
vn 0.000000 0.000000 -1.000000
vn 0.000000 0.000000 -1.000000
vn 0.000000 0.000000 -1.000000
vn 0.000000 0.000000 -1.000000
vn 0.000000 0.000000 -1.000000
vn 0.000000 0.000000 -1.000000
vn 0.000000 0.000000 -1.000000
vn 0.000000 0.000000 -1.000000
vn 0.000000 0.000000 -1.000000
vn 0.000000 0.000000 -1.000000
vn 0.000000 0.000000 1.000000
vn 0.000000 0.000000 1.000000
vn 0.000000 0.000000 1.000000
vn 0.000000 0.000000 1.000000
vn 0.000000 0.000000 1.000000
vn 0.000000 0.000000 1.000000
vn 0.000000 0.000000 1.000000
vn 0.000000 0.000000 1.000000
vn 0.000000 0.000000 1.000000
vn 0.000000 0.000000 1.000000
vn 0.000000 0.000000 1.000000
vn 0.000000 0.000000 1.000000
vn 0.000000 0.000000 1.000000
vn 0.000000 0.000000 1.000000
vn 0.000000 0.000000 1.000000
vn 0.000000 0.000000 1.000000
vn 0.000000 0.000000 1.000000
vn 0.000000 0.000000 1.000000
vn 0.000000 0.000000 1.000000
vn 0.000000 0.000000 1.000000
vn 0.000000 0.000000 1.000000
vn 0.974089 0.000000 0.226027
vn 0.925960 0.300739 0.226027
vn 0.896570 0.291003 0.332021
vn 0.943173 0.000000 0.332021
vn 0.925960 -0.300739 0.226027
vn 0.896570 -0.291003 0.332021
vn 0.787646 -0.572240 0.226027
vn 0.763017 -0.554325 0.332021
vn 0.572240 -0.787585 0.226027
vn 0.554325 -0.763017 0.332021
vn 0.300739 -0.925960 0.226027
vn 0.291003 -0.896570 0.332021
vn 0.000000 -0.974089 0.226027
vn 0.000000 -0.943112 0.332021
vn -0.300739 -0.925960 0.226027
vn -0.291003 -0.896570 0.332021
vn -0.572240 -0.787585 0.226027
vn -0.554325 -0.763017 0.332021
vn -0.787646 -0.572240 0.226027
vn -0.763017 -0.554325 0.332021
vn -0.925960 -0.300739 0.226027
vn -0.896570 -0.291003 0.332021
vn -0.974089 0.000000 0.226027
vn -0.943173 0.000000 0.332021
vn -0.925960 0.300739 0.226027
vn -0.896570 0.291003 0.332021
vn -0.787646 0.572240 0.226027
vn -0.763017 0.554325 0.332021
vn -0.572240 0.787585 0.226027
vn -0.554325 0.763017 0.332021
vn -0.300739 0.925960 0.226027
vn -0.291003 0.896570 0.332021
vn 0.000000 0.974089 0.226027
vn 0.000000 0.943112 0.332021
vn 0.300739 0.925960 0.226027
vn 0.291003 0.896570 0.332021
vn 0.572240 0.787646 0.226027
vn 0.554325 0.763017 0.332021
vn 0.787646 0.572240 0.226027
vn 0.763017 0.554325 0.332021
vn 0.951047 0.308582 0.000000
vn 1.000000 0.000000 0.000000
vn 0.951047 -0.308582 0.000000
vn 0.808613 -0.587774 0.000000
vn 0.587774 -0.808613 0.000000
vn 0.308582 -0.951047 0.000000
vn 0.000000 -1.000000 0.000000
vn -0.308582 -0.951047 0.000000
vn -0.587774 -0.808613 0.000000
vn -0.808613 -0.587774 0.000000
vn -0.951047 -0.308582 0.000000
vn -1.000000 0.000000 0.000000
vn -0.951047 0.308582 0.000000
vn -0.808613 0.587774 0.000000
vn -0.587774 0.808613 0.000000
vn -0.308582 0.951047 0.000000
vn 0.000000 1.000000 0.000000
vn 0.308582 0.951047 0.000000
vn 0.587774 0.808613 0.000000
vn 0.808613 0.587774 0.000000
vn 1.000000 0.000000 0.000000
vn 0.951047 0.308582 0.000000
vn 0.951047 -0.308582 0.000000
vn 0.808613 -0.587774 0.000000
vn 0.587774 -0.808613 0.000000
vn 0.308582 -0.951047 0.000000
vn 0.000000 -1.000000 0.000000
vn -0.308582 -0.951047 0.000000
vn -0.587774 -0.808613 0.000000
vn -0.808613 -0.587774 0.000000
vn -0.951047 -0.308582 0.000000
vn -1.000000 0.000000 0.000000
vn -0.951047 0.308582 0.000000
vn -0.808613 0.587774 0.000000
vn -0.587774 0.808613 0.000000
vn -0.308582 0.951047 0.000000
vn 0.000000 1.000000 0.000000
vn 0.308582 0.951047 0.000000
vn 0.587774 0.808613 0.000000
vn 0.808613 0.587774 0.000000
vn -1.000000 0.000000 0.000000
vn -0.951047 -0.308582 0.000000
vn -0.951047 -0.308582 0.000000
vn -1.000000 0.000000 0.000000
vn -0.951047 0.308582 0.000000
vn -0.951047 0.308582 0.000000
vn -0.808613 0.587774 0.000000
vn -0.808613 0.587774 0.000000
vn -0.587774 0.808613 0.000000
vn -0.587774 0.808613 0.000000
vn -0.308582 0.951047 0.000000
vn -0.308582 0.951047 0.000000
vn 0.000000 1.000000 0.000000
vn 0.000000 1.000000 0.000000
vn 0.308582 0.951047 0.000000
vn 0.308582 0.951047 0.000000
vn 0.587774 0.808613 0.000000
vn 0.587774 0.808613 0.000000
vn 0.808613 0.587774 0.000000
vn 0.808613 0.587774 0.000000
vn 0.951047 0.308582 0.000000
vn 0.951047 0.308582 0.000000
vn 1.000000 0.000000 0.000000
vn 1.000000 0.000000 0.000000
vn 0.951047 -0.308582 0.000000
vn 0.951047 -0.308582 0.000000
vn 0.808613 -0.587774 0.000000
vn 0.808613 -0.587774 0.000000
vn 0.587774 -0.808613 0.000000
vn 0.587774 -0.808613 0.000000
vn 0.308582 -0.951047 0.000000
vn 0.308582 -0.951047 0.000000
vn 0.000000 -1.000000 0.000000
vn 0.000000 -1.000000 0.000000
vn -0.308582 -0.951047 0.000000
vn -0.308582 -0.951047 0.000000
vn -0.587774 -0.808613 0.000000
vn -0.587774 -0.808613 0.000000
vn -0.808613 -0.587774 0.000000
vn -0.808613 -0.587774 0.000000
vn 0.000000 0.000000 1.000000
vn 0.000000 0.000000 1.000000
vn 0.000000 0.000000 1.000000
vn 0.000000 0.000000 1.000000
vn 0.000000 0.000000 -1.000000
vn 0.000000 0.000000 -1.000000
vn 0.000000 0.000000 -1.000000
vn 0.000000 0.000000 -1.000000
vn 0.000000 0.000000 1.000000
vn 0.000000 0.000000 1.000000
vn 0.000000 0.000000 -1.000000
vn 0.000000 0.000000 -1.000000
vn 0.000000 0.000000 1.000000
vn 0.000000 0.000000 1.000000
vn 0.000000 0.000000 -1.000000
vn 0.000000 0.000000 -1.000000
vn 0.000000 0.000000 1.000000
vn 0.000000 0.000000 1.000000
vn 0.000000 0.000000 -1.000000
vn 0.000000 0.000000 -1.000000
vn 0.000000 0.000000 1.000000
vn 0.000000 0.000000 1.000000
vn 0.000000 0.000000 -1.000000
vn 0.000000 0.000000 -1.000000
vn 0.000000 0.000000 1.000000
vn 0.000000 0.000000 1.000000
vn 0.000000 0.000000 -1.000000
vn 0.000000 0.000000 -1.000000
vn 0.000000 0.000000 1.000000
vn 0.000000 0.000000 1.000000
vn 0.000000 0.000000 -1.000000
vn 0.000000 0.000000 -1.000000
vn 0.000000 0.000000 1.000000
vn 0.000000 0.000000 1.000000
vn 0.000000 0.000000 -1.000000
vn 0.000000 0.000000 -1.000000
vn 0.000000 0.000000 1.000000
vn 0.000000 0.000000 1.000000
vn 0.000000 0.000000 -1.000000
vn 0.000000 0.000000 -1.000000
vn 0.000000 0.000000 1.000000
vn 0.000000 0.000000 1.000000
vn 0.000000 0.000000 -1.000000
vn 0.000000 0.000000 -1.000000
vn 0.000000 0.000000 1.000000
vn 0.000000 0.000000 1.000000
vn 0.000000 0.000000 -1.000000
vn 0.000000 0.000000 -1.000000
vn 0.000000 0.000000 1.000000
vn 0.000000 0.000000 1.000000
vn 0.000000 0.000000 -1.000000
vn 0.000000 0.000000 -1.000000
vn 0.000000 0.000000 1.000000
vn 0.000000 0.000000 1.000000
vn 0.000000 0.000000 -1.000000
vn 0.000000 0.000000 -1.000000
vn 0.000000 0.000000 1.000000
vn 0.000000 0.000000 1.000000
vn 0.000000 0.000000 -1.000000
vn 0.000000 0.000000 -1.000000
vn 0.000000 0.000000 1.000000
vn 0.000000 0.000000 1.000000
vn 0.000000 0.000000 -1.000000
vn 0.000000 0.000000 -1.000000
vn 0.000000 0.000000 1.000000
vn 0.000000 0.000000 1.000000
vn 0.000000 0.000000 -1.000000
vn 0.000000 0.000000 -1.000000
vn 0.000000 0.000000 1.000000
vn 0.000000 0.000000 1.000000
vn 0.000000 0.000000 -1.000000
vn 0.000000 0.000000 -1.000000
vn 0.000000 0.000000 1.000000
vn 0.000000 0.000000 1.000000
vn 0.000000 0.000000 -1.000000
vn 0.000000 0.000000 -1.000000
vn 0.000000 0.000000 1.000000
vn 0.000000 0.000000 1.000000
vn 0.000000 0.000000 -1.000000
vn 0.000000 0.000000 -1.000000
vn -0.886468 0.288012 -0.362144
vn -0.921901 0.299640 -0.243637
vn -0.784594 0.570012 -0.243637
vn -0.753922 0.547458 -0.362144
vn -0.570012 0.784594 -0.243637
vn -0.547458 0.753922 -0.362144
vn -0.299640 0.921901 -0.243637
vn -0.288012 0.886468 -0.362144
vn 0.000000 0.969786 -0.243637
vn 0.000000 0.931667 -0.362144
vn 0.299640 0.921901 -0.243637
vn 0.288012 0.886468 -0.362144
vn 0.570012 0.784594 -0.243637
vn 0.547458 0.753922 -0.362083
vn 0.784594 0.570012 -0.243637
vn 0.753922 0.547458 -0.362144
vn 0.921901 0.299640 -0.243637
vn 0.886468 0.288012 -0.362144
vn 0.969786 0.000000 -0.243637
vn 0.931667 0.000000 -0.362144
vn 0.921901 -0.299640 -0.243637
vn 0.886468 -0.288012 -0.362144
vn 0.784594 -0.570012 -0.243637
vn 0.753922 -0.547458 -0.362083
vn 0.570012 -0.784594 -0.243637
vn 0.547458 -0.753922 -0.362083
vn 0.299640 -0.921901 -0.243637
vn 0.288012 -0.886468 -0.362144
vn 0.000000 -0.969786 -0.243637
vn 0.000000 -0.931667 -0.362144
vn -0.299640 -0.921901 -0.243637
vn -0.288012 -0.886468 -0.362144
vn -0.570012 -0.784594 -0.243637
vn -0.547458 -0.753922 -0.362144
vn -0.784594 -0.570012 -0.243637
vn -0.753922 -0.547458 -0.362144
vn -0.921901 -0.299640 -0.243637
vn -0.886468 -0.288012 -0.362144
vn -0.969786 0.000000 -0.243637
vn -0.931667 0.000000 -0.362144
vn 0.000000 0.000000 -1.000000
vn 0.000000 0.000000 -1.000000
vn 0.000000 0.000000 -1.000000
vn 0.000000 0.000000 -1.000000
vn 0.000000 0.000000 -1.000000
vn 0.000000 0.000000 -1.000000
vn 0.000000 0.000000 -1.000000
vn 0.000000 0.000000 -1.000000
vn 0.000000 0.000000 -1.000000
vn 0.000000 0.000000 -1.000000
vn 0.000000 0.000000 -1.000000
vn 0.000000 0.000000 -1.000000
vn 0.000000 0.000000 -1.000000
vn 0.000000 0.000000 -1.000000
vn 0.000000 0.000000 -1.000000
vn 0.000000 0.000000 -1.000000
vn 0.000000 0.000000 -1.000000
vn 0.000000 0.000000 -1.000000
vn 0.000000 0.000000 -1.000000
vn 0.000000 0.000000 -1.000000
vn 0.000000 0.000000 -1.000000
vn 0.000000 0.000000 1.000000
vn 0.000000 0.000000 1.000000
vn 0.000000 0.000000 1.000000
vn 0.000000 0.000000 1.000000
vn 0.000000 0.000000 1.000000
vn 0.000000 0.000000 1.000000
vn 0.000000 0.000000 1.000000
vn 0.000000 0.000000 1.000000
vn 0.000000 0.000000 1.000000
vn 0.000000 0.000000 1.000000
vn 0.000000 0.000000 1.000000
vn 0.000000 0.000000 1.000000
vn 0.000000 0.000000 1.000000
vn 0.000000 0.000000 1.000000
vn 0.000000 0.000000 1.000000
vn 0.000000 0.000000 1.000000
vn 0.000000 0.000000 1.000000
vn 0.000000 0.000000 1.000000
vn 0.000000 0.000000 1.000000
vn 0.000000 0.000000 1.000000
vn 0.000000 0.000000 1.000000
vn -0.974089 0.000000 0.226027
vn -0.943112 0.000000 0.332021
vn -0.896570 0.291003 0.332021
vn -0.925960 0.300739 0.226027
vn -0.925960 -0.300739 0.226027
vn -0.896570 -0.291003 0.332021
vn -0.787646 -0.572240 0.226027
vn -0.763017 -0.554325 0.332021
vn -0.572240 -0.787646 0.226027
vn -0.554325 -0.763017 0.332021
vn -0.300739 -0.925960 0.226027
vn -0.291003 -0.896570 0.332021
vn 0.000000 -0.974089 0.226027
vn 0.000000 -0.943112 0.332021
vn 0.300739 -0.925960 0.226027
vn 0.291003 -0.896570 0.332021
vn 0.572240 -0.787646 0.226027
vn 0.554325 -0.763017 0.332021
vn 0.787646 -0.572240 0.226027
vn 0.763017 -0.554325 0.332021
vn 0.925960 -0.300739 0.226027
vn 0.896570 -0.291003 0.332021
vn 0.974089 0.000000 0.226027
vn 0.943112 0.000000 0.332021
vn 0.925960 0.300739 0.226027
vn 0.896570 0.291003 0.332021
vn 0.787646 0.572240 0.226027
vn 0.763017 0.554325 0.332021
vn 0.572240 0.787585 0.226027
vn 0.554325 0.763017 0.332021
vn 0.300739 0.925960 0.226027
vn 0.291003 0.896570 0.332021
vn 0.000000 0.974089 0.226027
vn 0.000000 0.943112 0.332021
vn -0.300739 0.925960 0.226027
vn -0.291003 0.896570 0.332021
vn -0.572240 0.787646 0.226027
vn -0.554325 0.763017 0.332021
vn -0.787646 0.572240 0.226027
vn -0.763017 0.554325 0.332021
vn -1.000000 0.000000 0.000000
vn -0.951047 0.308582 0.000000
vn -0.951047 -0.308582 0.000000
vn -0.808613 -0.587774 0.000000
vn -0.587774 -0.808613 0.000000
vn -0.308582 -0.951047 0.000000
vn 0.000000 -1.000000 0.000000
vn 0.308582 -0.951047 0.000000
vn 0.587774 -0.808613 0.000000
vn 0.808613 -0.587774 0.000000
vn 0.951047 -0.308582 0.000000
vn 1.000000 0.000000 0.000000
vn 0.951047 0.308582 0.000000
vn 0.808613 0.587774 0.000000
vn 0.587774 0.808613 0.000000
vn 0.308582 0.951047 0.000000
vn 0.000000 1.000000 0.000000
vn -0.308582 0.951047 0.000000
vn -0.587774 0.808613 0.000000
vn -0.808613 0.587774 0.000000
vn -1.000000 0.000000 0.000000
vn -0.951047 0.308582 0.000000
vn -0.951047 -0.308582 0.000000
vn -0.808613 -0.587774 0.000000
vn -0.587774 -0.808613 0.000000
vn -0.308582 -0.951047 0.000000
vn 0.000000 -1.000000 0.000000
vn 0.308582 -0.951047 0.000000
vn 0.587774 -0.808613 0.000000
vn 0.808613 -0.587774 0.000000
vn 0.951047 -0.308582 0.000000
vn 1.000000 0.000000 0.000000
vn 0.951047 0.308582 0.000000
vn 0.808613 0.587774 0.000000
vn 0.587774 0.808613 0.000000
vn 0.308582 0.951047 0.000000
vn 0.000000 1.000000 0.000000
vn -0.308582 0.951047 0.000000
vn -0.587774 0.808613 0.000000
vn -0.808613 0.587774 0.000000
vn 1.000000 0.000000 0.000000
vn 1.000000 0.000000 0.000000
vn 0.951047 -0.308582 0.000000
vn 0.951047 -0.308582 0.000000
vn 0.951047 0.308582 0.000000
vn 0.951047 0.308582 0.000000
vn 0.808613 0.587774 0.000000
vn 0.808613 0.587774 0.000000
vn 0.587774 0.808613 0.000000
vn 0.587774 0.808613 0.000000
vn 0.308582 0.951047 0.000000
vn 0.308582 0.951047 0.000000
vn 0.000000 1.000000 0.000000
vn 0.000000 1.000000 0.000000
vn -0.308582 0.951047 0.000000
vn -0.308582 0.951047 0.000000
vn -0.587774 0.808613 0.000000
vn -0.587774 0.808613 0.000000
vn -0.808613 0.587774 0.000000
vn -0.808613 0.587774 0.000000
vn -0.951047 0.308582 0.000000
vn -0.951047 0.308582 0.000000
vn -1.000000 0.000000 0.000000
vn -1.000000 0.000000 0.000000
vn -0.951047 -0.308582 0.000000
vn -0.951047 -0.308582 0.000000
vn -0.808613 -0.587774 0.000000
vn -0.808613 -0.587774 0.000000
vn -0.587774 -0.808613 0.000000
vn -0.587774 -0.808613 0.000000
vn -0.308582 -0.951047 0.000000
vn -0.308582 -0.951047 0.000000
vn 0.000000 -1.000000 0.000000
vn 0.000000 -1.000000 0.000000
vn 0.308582 -0.951047 0.000000
vn 0.308582 -0.951047 0.000000
vn 0.587774 -0.808613 0.000000
vn 0.587774 -0.808613 0.000000
vn 0.808613 -0.587774 0.000000
vn 0.808613 -0.587774 0.000000
vn 0.000000 0.000000 1.000000
vn 0.000000 0.000000 1.000000
vn 0.000000 0.000000 1.000000
vn 0.000000 0.000000 1.000000
vn 0.000000 0.000000 -1.000000
vn 0.000000 0.000000 -1.000000
vn 0.000000 0.000000 -1.000000
vn 0.000000 0.000000 -1.000000
vn 0.000000 0.000000 1.000000
vn 0.000000 0.000000 1.000000
vn 0.000000 0.000000 -1.000000
vn 0.000000 0.000000 -1.000000
vn 0.000000 0.000000 1.000000
vn 0.000000 0.000000 1.000000
vn 0.000000 0.000000 -1.000000
vn 0.000000 0.000000 -1.000000
vn 0.000000 0.000000 1.000000
vn 0.000000 0.000000 1.000000
vn 0.000000 0.000000 -1.000000
vn 0.000000 0.000000 -1.000000
vn 0.000000 0.000000 1.000000
vn 0.000000 0.000000 1.000000
vn 0.000000 0.000000 -1.000000
vn 0.000000 0.000000 -1.000000
vn 0.000000 0.000000 1.000000
vn 0.000000 0.000000 1.000000
vn 0.000000 0.000000 -1.000000
vn 0.000000 0.000000 -1.000000
vn 0.000000 0.000000 1.000000
vn 0.000000 0.000000 1.000000
vn 0.000000 0.000000 -1.000000
vn 0.000000 0.000000 -1.000000
vn 0.000000 0.000000 1.000000
vn 0.000000 0.000000 1.000000
vn 0.000000 0.000000 -1.000000
vn 0.000000 0.000000 -1.000000
vn 0.000000 0.000000 1.000000
vn 0.000000 0.000000 1.000000
vn 0.000000 0.000000 -1.000000
vn 0.000000 0.000000 -1.000000
vn 0.000000 0.000000 1.000000
vn 0.000000 0.000000 1.000000
vn 0.000000 0.000000 -1.000000
vn 0.000000 0.000000 -1.000000
vn 0.000000 0.000000 1.000000
vn 0.000000 0.000000 1.000000
vn 0.000000 0.000000 -1.000000
vn 0.000000 0.000000 -1.000000
vn 0.000000 0.000000 1.000000
vn 0.000000 0.000000 1.000000
vn 0.000000 0.000000 -1.000000
vn 0.000000 0.000000 -1.000000
vn 0.000000 0.000000 1.000000
vn 0.000000 0.000000 1.000000
vn 0.000000 0.000000 -1.000000
vn 0.000000 0.000000 -1.000000
vn 0.000000 0.000000 1.000000
vn 0.000000 0.000000 1.000000
vn 0.000000 0.000000 -1.000000
vn 0.000000 0.000000 -1.000000
vn 0.000000 0.000000 1.000000
vn 0.000000 0.000000 1.000000
vn 0.000000 0.000000 -1.000000
vn 0.000000 0.000000 -1.000000
vn 0.000000 0.000000 1.000000
vn 0.000000 0.000000 1.000000
vn 0.000000 0.000000 -1.000000
vn 0.000000 0.000000 -1.000000
vn 0.000000 0.000000 1.000000
vn 0.000000 0.000000 1.000000
vn 0.000000 0.000000 -1.000000
vn 0.000000 0.000000 -1.000000
vn 0.000000 0.000000 1.000000
vn 0.000000 0.000000 1.000000
vn 0.000000 0.000000 -1.000000
vn 0.000000 0.000000 -1.000000
vn 0.000000 0.000000 1.000000
vn 0.000000 0.000000 1.000000
vn 0.000000 0.000000 -1.000000
vn 0.000000 0.000000 -1.000000
vn 0.000000 0.000000 1.000000
vn 0.000000 0.000000 1.000000
vn 0.000000 0.000000 1.000000
vn 0.378899 0.908198 0.177593
vn 0.154734 0.929592 0.333944
vn 0.566777 0.476561 0.671367
vn 0.855796 0.461912 0.230422
vn 0.973082 0.228469 0.000000
vn 0.742416 0.669383 0.000000
vn 0.601813 0.794818 -0.074193
vn 0.947568 0.277239 -0.156168
vn 0.835592 0.184460 -0.517366
vn 0.557743 0.684063 -0.469328
vn 0.691418 0.632821 -0.346640
vn 0.898157 0.144510 -0.415034
vn 0.000000 0.000000 -1.000000
vn 0.000000 0.000000 -1.000000
vn 0.000000 0.000000 -1.000000
vn 0.654276 -0.687481 -0.314442
vn 0.556644 -0.718245 -0.416835
vn 0.818562 -0.276354 -0.502228
vn 0.890649 -0.201093 -0.407221
vn 0.916194 -0.355216 -0.183056
vn 0.578008 -0.806903 -0.118385
vn 0.699322 -0.714369 0.000000
vn 0.915980 -0.400385 0.000000
vn 0.574376 -0.444058 0.687237
vn 0.182537 -0.898462 0.398401
vn 0.576177 -0.800342 0.164378
vn 0.844107 -0.500000 0.190869
vn 0.000000 0.990753 0.132302
vn 0.000000 0.980468 0.196271
vn 0.000000 0.980468 0.196271
vn 0.028292 0.990234 0.134652
vn 0.000000 0.000000 1.000000
vn 0.000000 0.000000 1.000000
vn 0.000000 0.000000 1.000000
vn 0.000000 0.000000 1.000000
vn 0.000000 -0.969023 0.244919
vn 0.000000 -0.993988 0.108863
vn 0.000000 -0.994049 0.108619
vn 0.000000 -0.969023 0.244919
vn 0.188946 -0.978942 -0.071263
vn 0.000000 -0.998108 -0.053440
vn 0.000000 -1.000000 0.000000
vn 0.185894 -0.982421 0.000000
vn 0.000000 -0.979644 -0.200513
vn 0.000000 -0.962034 -0.272417
vn 0.129647 -0.940762 -0.313252
vn 0.244003 -0.939480 -0.239242
vn 0.000000 0.000000 -1.000000
vn 0.000000 0.000000 -1.000000
vn 0.000000 0.000000 -1.000000
vn 0.000000 0.000000 -1.000000
vn 0.000000 0.950742 -0.309559
vn 0.000000 0.972899 -0.228957
vn 0.195752 0.945279 -0.260728
vn 0.109809 0.931759 -0.344687
vn 0.150339 0.988281 0.000000
vn 0.000000 1.000000 0.000000
vn 0.000000 0.998230 -0.050876
vn 0.214796 0.974821 -0.052219
vn 0.000000 0.000000 -1.000000
vn 0.000000 0.000000 -1.000000
vn 0.000000 0.000000 -1.000000
vn 0.000000 0.000000 -1.000000
vn 0.000000 0.000000 -1.000000
vn 0.000000 0.000000 -1.000000
vn 0.000000 0.000000 -1.000000
vn 0.000000 0.000000 1.000000
vn 0.000000 0.000000 1.000000
vn 0.000000 0.000000 1.000000
vn 0.000000 0.000000 1.000000
vn 0.000000 0.000000 1.000000
vn 0.000000 0.000000 1.000000
vn 0.000000 0.000000 1.000000
vn 0.000000 0.995697 -0.092474
vn 0.264543 0.964201 -0.016572
vn 0.621071 0.783190 0.000000
vn 0.948941 0.314442 -0.020723
vn 0.929714 -0.368095 -0.000031
vn 0.659434 -0.751572 0.013917
vn 0.127419 -0.991699 -0.011201
vn 0.000000 -1.000000 0.000000
vn 0.357383 0.924068 0.132302
vn 0.449216 0.882195 0.140573
vn 0.826192 0.525362 0.202466
vn 0.839712 -0.500214 0.209913
vn 0.420894 -0.900385 0.107856
vn 0.101264 -0.992126 0.073186
vn 0.000000 -0.996582 0.076360
vn 0.065556 0.988403 0.133767
vn 0.000000 0.991699 0.128365
vn 0.440182 0.880547 0.175243
vn 0.841635 0.492157 0.221663
vn 0.886712 -0.422847 0.185009
vn 0.634774 -0.757737 0.149393
vn 0.000000 -0.995392 0.095404
vn 0.000000 -0.995239 0.096869
vn 0.000000 0.994507 0.100287
vn 0.000000 -1.000000 0.000000
vn 0.185894 -0.982421 0.000000
vn 0.699322 -0.714369 0.000000
vn 0.871116 -0.490234 0.000000
vn 1.000000 0.000000 0.000000
vn 1.000000 0.000000 0.000000
vn 1.000000 0.000000 0.000000
vn 1.000000 0.000000 0.000000
vn 0.960905 0.276415 0.000000
vn 0.742416 0.669383 0.000000
vn 0.150339 0.988281 0.000000
vn 0.000000 1.000000 0.000000
vn 0.000000 0.000000 -1.000000
vn 0.000000 0.000000 -1.000000
vn 0.000000 0.000000 -1.000000
vn 0.000000 0.000000 -1.000000
vn 0.000000 1.000000 0.000000
vn 0.000000 1.000000 0.000000
vn 0.000000 1.000000 0.000000
vn 0.000000 1.000000 0.000000
vn 0.000000 0.000000 1.000000
vn 0.000000 0.000000 1.000000
vn 0.000000 0.000000 1.000000
vn 0.000000 0.000000 1.000000
vn 0.000000 -1.000000 0.000000
vn 0.000000 -1.000000 0.000000
vn 0.000000 -1.000000 0.000000
vn 0.000000 -1.000000 0.000000
vn 0.000000 1.000000 0.000000
vn 0.000000 1.000000 0.000000
vn 0.000000 1.000000 0.000000
vn 0.000000 1.000000 0.000000
vn 0.000000 1.000000 0.000000
vn 0.000000 1.000000 0.000000
vn 0.000000 1.000000 0.000000
vn 0.000000 1.000000 0.000000
vn -1.000000 0.000000 0.000000
vn -1.000000 0.000000 0.000000
vn -1.000000 0.000000 0.000000
vn -1.000000 0.000000 0.000000
vn 0.000000 0.000000 1.000000
vn 0.000000 0.000000 1.000000
vn 0.000000 0.000000 1.000000
vn 0.000000 0.000000 1.000000
vn 1.000000 0.000000 0.000000
vn 1.000000 0.000000 0.000000
vn 1.000000 0.000000 0.000000
vn 1.000000 0.000000 0.000000
vn 0.000000 0.000000 -1.000000
vn 0.000000 0.000000 -1.000000
vn 0.000000 0.000000 -1.000000
vn 0.000000 0.000000 -1.000000
vn 0.000000 0.000000 1.000000
vn 0.000000 0.000000 1.000000
vn 0.000000 0.000000 1.000000
vn -0.378899 0.908045 0.177715
vn -0.855735 0.461912 0.230819
vn -0.560978 0.458097 0.688824
vn -0.160624 0.923854 0.346335
vn -0.973082 0.228469 0.000000
vn -0.947568 0.277239 -0.156168
vn -0.601813 0.794818 -0.074193
vn -0.742416 0.669383 0.000000
vn -0.835592 0.184460 -0.517366
vn -0.898157 0.144510 -0.415034
vn -0.691418 0.632821 -0.346640
vn -0.557743 0.684063 -0.469328
vn 0.000000 0.000000 -1.000000
vn 0.000000 0.000000 -1.000000
vn 0.000000 0.000000 -1.000000
vn -0.654276 -0.687481 -0.314442
vn -0.890649 -0.201093 -0.407221
vn -0.818562 -0.276354 -0.502228
vn -0.556644 -0.718245 -0.416835
vn -0.916194 -0.355216 -0.183056
vn -0.915980 -0.400385 0.000000
vn -0.699322 -0.714369 0.000000
vn -0.578008 -0.806903 -0.118385
vn -0.568272 -0.426479 0.703168
vn -0.844107 -0.500000 0.191357
vn -0.576177 -0.800220 0.164500
vn -0.188458 -0.891687 0.411097
vn -0.028292 0.990234 0.134652
vn 0.000000 0.980468 0.196271
vn 0.000000 0.000000 1.000000
vn 0.000000 0.000000 1.000000
vn 0.000000 -0.969023 0.244919
vn 0.000000 -0.994049 0.108558
vn -0.188946 -0.978942 -0.071263
vn -0.185894 -0.982421 0.000000
vn -0.244003 -0.939480 -0.239242
vn -0.129647 -0.940762 -0.313252
vn 0.000000 0.000000 -1.000000
vn 0.000000 0.000000 -1.000000
vn -0.109809 0.931759 -0.344687
vn -0.195752 0.945279 -0.260728
vn -0.150339 0.988281 0.000000
vn -0.214796 0.974821 -0.052219
vn 0.000000 0.000000 -1.000000
vn 0.000000 0.000000 -1.000000
vn 0.000000 0.000000 -1.000000
vn 0.000000 0.000000 -1.000000
vn 0.000000 0.000000 -1.000000
vn 0.000000 0.000000 1.000000
vn 0.000000 0.000000 1.000000
vn 0.000000 0.000000 1.000000
vn 0.000000 0.000000 1.000000
vn 0.000000 0.000000 1.000000
vn -0.264543 0.964201 -0.016572
vn -0.621071 0.783190 0.000000
vn -0.948941 0.314442 -0.020723
vn -0.929714 -0.368095 -0.000031
vn -0.659434 -0.751572 0.013917
vn -0.127419 -0.991699 -0.011201
vn 0.000000 0.980895 0.191876
vn -0.048282 0.982238 0.181072
vn -0.093939 0.969267 0.225081
vn 0.000000 0.974120 0.225905
vn 0.093939 0.969267 0.225081
vn 0.048282 0.982238 0.181072
vn -0.449216 0.882195 0.140573
vn -0.357383 0.924068 0.132302
vn -0.826192 0.525362 0.202466
vn -0.839712 -0.500214 0.209913
vn -0.420894 -0.900385 0.107856
vn -0.101264 -0.992126 0.073186
vn -0.065556 0.988403 0.133767
vn -0.440182 0.880547 0.175243
vn -0.841635 0.492157 0.221663
vn -0.886712 -0.422847 0.185009
vn -0.634774 -0.757737 0.149393
vn 0.000000 -0.995392 0.095404
vn -0.185894 -0.982421 0.000000
vn -0.699322 -0.714369 0.000000
vn -0.871116 -0.490234 0.000000
vn -1.000000 0.000000 0.000000
vn -1.000000 0.000000 0.000000
vn -1.000000 0.000000 0.000000
vn -1.000000 0.000000 0.000000
vn -0.960905 0.276415 0.000000
vn -0.742416 0.669383 0.000000
vn -0.150339 0.988281 0.000000
vn 0.000000 0.000000 -1.000000
vn 0.000000 0.000000 -1.000000
vn 0.000000 0.000000 -1.000000
vn 0.000000 0.000000 -1.000000
vn 0.000000 1.000000 0.000000
vn 0.000000 1.000000 0.000000
vn 0.000000 1.000000 0.000000
vn 0.000000 1.000000 0.000000
vn 0.000000 0.000000 1.000000
vn 0.000000 0.000000 1.000000
vn 0.000000 0.000000 1.000000
vn 0.000000 0.000000 1.000000
vn 0.000000 -1.000000 0.000000
vn 0.000000 -1.000000 0.000000
vn 0.000000 -1.000000 0.000000
vn 0.000000 -1.000000 0.000000
vn 0.000000 1.000000 0.000000
vn 0.000000 1.000000 0.000000
vn 0.000000 1.000000 0.000000
vn 0.000000 1.000000 0.000000
vn 0.000000 1.000000 0.000000
vn 0.000000 1.000000 0.000000
vn 0.000000 1.000000 0.000000
vn 0.000000 1.000000 0.000000
vn 1.000000 0.000000 0.000000
vn 1.000000 0.000000 0.000000
vn 1.000000 0.000000 0.000000
vn 1.000000 0.000000 0.000000
vn 0.000000 0.000000 1.000000
vn 0.000000 0.000000 1.000000
vn 0.000000 0.000000 1.000000
vn 0.000000 0.000000 1.000000
vn -1.000000 0.000000 0.000000
vn -1.000000 0.000000 0.000000
vn -1.000000 0.000000 0.000000
vn -1.000000 0.000000 0.000000
vn 0.000000 0.000000 -1.000000
vn 0.000000 0.000000 -1.000000
vn 0.000000 0.000000 -1.000000
vn 0.000000 0.000000 -1.000000
vn 0.000000 0.996155 -0.082189
vn 0.000000 0.996155 -0.082189
vn 0.000000 0.996155 -0.082189
vn 0.000000 0.996155 -0.082189
vn -0.215315 0.960905 0.173717
vn -0.215315 0.960905 0.173717
vn -0.215315 0.960905 0.173717
vn -0.215315 0.960905 0.173717
vn 0.000000 0.920131 0.390527
vn 0.000000 0.920131 0.390527
vn 0.000000 0.920131 0.390527
vn 0.000000 0.920131 0.390527
vn 0.000000 0.920131 0.390527
vn 0.000000 0.920131 0.390527
vn 0.000000 0.920131 0.390527
vn 0.000000 0.920131 0.390527
vn 0.215315 0.960905 0.173717
vn 0.215315 0.960905 0.173717
vn 0.215315 0.960905 0.173717
vn 0.215315 0.960905 0.173717
vn 0.000000 0.996155 -0.082189
vn 0.000000 0.996155 -0.082189
vn 0.000000 0.996155 -0.082189
vn 0.000000 0.996155 -0.082189
vn 0.000000 0.884789 -0.464842
vn 0.000000 0.884789 -0.464842
vn 0.000000 0.884789 -0.464842
vn 0.000000 0.884789 -0.464842
vn -1.000000 0.000000 0.000000
vn -1.000000 0.000000 0.000000
vn -1.000000 0.000000 0.000000
vn -1.000000 0.000000 0.000000
vn 0.000000 0.910395 0.412684
vn 0.000000 0.910395 0.412684
vn 0.000000 0.910395 0.412684
vn 0.000000 0.910395 0.412684
vn 0.000000 0.910395 0.412684
vn 0.000000 0.910395 0.412684
vn 0.000000 0.910395 0.412684
vn 0.000000 0.910395 0.412684
vn 1.000000 0.000000 0.000000
vn 1.000000 0.000000 0.000000
vn 1.000000 0.000000 0.000000
vn 1.000000 0.000000 0.000000
vn 0.000000 0.884789 -0.464842
vn 0.000000 0.884789 -0.464842
vn 0.000000 0.884789 -0.464842
vn 0.000000 0.884789 -0.464842
vn 0.000000 0.986358 -0.163554
vn -0.556339 0.826192 0.086584
vn -0.358390 0.892511 0.273424
vn 0.000000 0.933620 0.357108
vn 0.358390 0.892511 0.273424
vn 0.556339 0.826192 0.086584
vn 0.000000 0.000000 1.000000
vn 0.000000 0.000000 1.000000
vn 0.000000 0.000000 1.000000
vn 0.000000 0.000000 1.000000
vn 0.000000 1.000000 0.000000
vn 0.000000 1.000000 0.000000
vn 0.000000 1.000000 0.000000
vn 0.000000 1.000000 0.000000
vn 0.000000 0.000000 -1.000000
vn 0.000000 0.000000 -1.000000
vn 0.000000 0.000000 -1.000000
vn 0.000000 0.000000 -1.000000
vn 0.000000 -1.000000 0.000000
vn 0.000000 -1.000000 0.000000
vn 0.000000 -1.000000 0.000000
vn 0.000000 -1.000000 0.000000
vn 1.000000 0.000000 0.000000
vn 1.000000 0.000000 0.000000
vn 1.000000 0.000000 0.000000
vn 1.000000 0.000000 0.000000
vn -1.000000 0.000000 0.000000
vn -1.000000 0.000000 0.000000
vn -1.000000 0.000000 0.000000
vn -1.000000 0.000000 0.000000
vn 0.000000 1.000000 0.000000
vn 0.000000 1.000000 0.000000
vn 0.000000 1.000000 0.000000
vn 0.000000 1.000000 0.000000
vn 0.000000 1.000000 0.000000
vn 0.000000 1.000000 0.000000
vn 0.000000 1.000000 0.000000
vn 0.000000 1.000000 0.000000
vn 0.000000 0.000000 -1.000000
vn 0.000000 0.000000 -1.000000
vn 0.000000 0.000000 -1.000000
vn 0.000000 0.000000 -1.000000
vn -1.000000 0.000000 0.000000
vn -1.000000 0.000000 0.000000
vn -1.000000 0.000000 0.000000
vn -1.000000 0.000000 0.000000
vn 0.000000 0.000000 1.000000
vn 0.000000 0.000000 1.000000
vn 0.000000 0.000000 1.000000
vn 0.000000 0.000000 1.000000
vn 1.000000 0.000000 0.000000
vn 1.000000 0.000000 0.000000
vn 1.000000 0.000000 0.000000
vn 1.000000 0.000000 0.000000
vn 0.900507 -0.433590 0.000000
vn 0.623054 -0.781359 0.000000
vn 0.623054 -0.781359 0.000000
vn 0.900507 -0.433590 0.000000
vn 0.222487 -0.974608 0.000000
vn 0.222487 -0.974608 0.000000
vn -0.222487 -0.974608 0.000000
vn -0.222487 -0.974608 0.000000
vn -0.623054 -0.781359 0.000000
vn -0.623054 -0.781359 0.000000
vn -0.900507 -0.433590 0.000000
vn -0.900507 -0.433590 0.000000
vn -1.000000 0.000000 0.000000
vn -1.000000 0.000000 0.000000
vn -0.900507 0.433590 0.000000
vn -0.900507 0.433590 0.000000
vn -0.623054 0.781359 0.000000
vn -0.623054 0.781359 0.000000
vn -0.222487 0.974608 0.000000
vn -0.222487 0.974608 0.000000
vn 0.222487 0.974608 0.000000
vn 0.222487 0.974608 0.000000
vn 0.623054 0.781359 0.000000
vn 0.623054 0.781359 0.000000
vn 0.900507 0.433590 0.000000
vn 0.900507 0.433590 0.000000
vn 1.000000 0.000000 0.000000
vn 1.000000 0.000000 0.000000
vn 0.000000 0.000000 1.000000
vn 0.000000 0.000000 1.000000
vn 0.000000 0.000000 1.000000
vn 0.000000 0.000000 1.000000
vn 0.000000 0.000000 1.000000
vn 0.000000 0.000000 1.000000
vn 0.000000 0.000000 1.000000
vn 0.000000 0.000000 1.000000
vn 0.000000 0.000000 1.000000
vn 0.000000 0.000000 1.000000
vn 0.000000 0.000000 1.000000
vn 0.000000 0.000000 1.000000
vn 0.000000 0.000000 1.000000
vn 0.000000 0.000000 1.000000
vn 0.000000 0.000000 1.000000
vn 0.000000 0.000000 -1.000000
vn 0.000000 0.000000 -1.000000
vn 0.000000 0.000000 -1.000000
vn 0.000000 0.000000 -1.000000
vn 0.000000 0.000000 -1.000000
vn 0.000000 0.000000 -1.000000
vn 0.000000 0.000000 -1.000000
vn 0.000000 0.000000 -1.000000
vn 0.000000 0.000000 -1.000000
vn 0.000000 0.000000 -1.000000
vn 0.000000 0.000000 -1.000000
vn 0.000000 0.000000 -1.000000
vn 0.000000 0.000000 -1.000000
vn 0.000000 0.000000 -1.000000
vn 0.000000 0.000000 -1.000000
vn 0.576024 -0.722304 0.382592
vn 0.832052 -0.400385 0.382592
vn 0.832052 -0.400385 0.382592
vn 0.576024 -0.722304 0.382592
vn 0.205518 -0.900385 0.382592
vn 0.205518 -0.900385 0.382592
vn -0.205518 -0.900385 0.382592
vn -0.205518 -0.900385 0.382592
vn -0.576024 -0.722304 0.382592
vn -0.576024 -0.722304 0.382592
vn -0.832052 -0.400385 0.382592
vn -0.832052 -0.400385 0.382592
vn -0.923854 0.000000 0.382592
vn -0.923854 0.000000 0.382592
vn -0.832052 0.400385 0.382592
vn -0.832052 0.400385 0.382592
vn -0.576024 0.722304 0.382592
vn -0.576024 0.722304 0.382592
vn -0.205518 0.900385 0.382592
vn -0.205518 0.900385 0.382592
vn 0.205518 0.900385 0.382592
vn 0.205518 0.900385 0.382592
vn 0.576024 0.722304 0.382592
vn 0.576024 0.722304 0.382592
vn 0.832052 0.400385 0.382592
vn 0.832052 0.400385 0.382592
vn 0.923854 0.000000 0.382592
vn 0.923854 0.000000 0.382592
vn 0.000000 0.000000 1.000000
vn 0.000000 0.000000 1.000000
vn 0.000000 0.000000 1.000000
vn 0.000000 0.000000 1.000000
vn 0.000000 0.000000 1.000000
vn 0.000000 0.000000 1.000000
vn 0.000000 0.000000 1.000000
vn 0.000000 0.000000 1.000000
vn 0.000000 0.000000 1.000000
vn 0.000000 0.000000 1.000000
vn 0.000000 0.000000 1.000000
vn 0.000000 0.000000 1.000000
vn 0.000000 0.000000 1.000000
vn 0.000000 0.000000 1.000000
vn 0.000000 0.000000 1.000000
vn 0.000000 0.000000 1.000000
vn 0.000000 0.000000 1.000000
vn 0.000000 0.000000 1.000000
vn 0.000000 0.000000 1.000000
vn 0.000000 0.000000 1.000000
vn 0.000000 0.000000 1.000000
vn 0.000000 0.000000 1.000000
vn 0.000000 0.000000 1.000000
vn 0.000000 0.000000 1.000000
vn 0.000000 0.000000 1.000000
vn 0.000000 0.000000 1.000000
vn 0.000000 0.000000 1.000000
vn 0.000000 0.000000 1.000000
vn 0.000000 0.000000 1.000000
vn 0.000000 0.000000 1.000000
vn 0.000000 0.000000 1.000000
vn 0.000000 0.000000 1.000000
vn 0.000000 0.000000 1.000000
vn 0.000000 0.000000 1.000000
vn 0.000000 0.000000 1.000000
vn 0.000000 0.000000 1.000000
vn 0.000000 0.000000 1.000000
vn 0.000000 0.000000 1.000000
vn 0.000000 0.000000 1.000000
vn 0.000000 0.000000 1.000000
vn 0.000000 0.000000 1.000000
vn 0.000000 0.000000 1.000000
vn 0.000000 0.000000 1.000000
vn 0.000000 0.000000 1.000000
vn 0.000000 0.000000 1.000000
vn 0.000000 0.000000 1.000000
vn 0.000000 0.000000 1.000000
vn 0.000000 0.000000 1.000000
vn 0.000000 0.000000 1.000000
vn 0.000000 0.000000 1.000000
vn 0.000000 0.000000 1.000000
vn 0.000000 0.000000 1.000000
vn 0.000000 0.000000 1.000000
vn 0.000000 0.000000 1.000000
vn 0.000000 0.000000 1.000000
vn 0.000000 0.000000 1.000000
vn 0.781359 -0.623054 0.000000
vn 0.781359 -0.623054 0.000000
vn 0.781359 -0.623054 0.000000
vn 0.781359 -0.623054 0.000000
vn 0.433590 -0.900507 0.000000
vn 0.433590 -0.900507 0.000000
vn 0.433590 -0.900507 0.000000
vn 0.433590 -0.900507 0.000000
vn 0.000000 -1.000000 0.000000
vn 0.000000 -1.000000 0.000000
vn 0.000000 -1.000000 0.000000
vn 0.000000 -1.000000 0.000000
vn -0.433590 -0.900507 0.000000
vn -0.433590 -0.900507 0.000000
vn -0.433590 -0.900507 0.000000
vn -0.433590 -0.900507 0.000000
vn -0.781359 -0.623054 0.000000
vn -0.781359 -0.623054 0.000000
vn -0.781359 -0.623054 0.000000
vn -0.781359 -0.623054 0.000000
vn -0.974608 -0.222487 0.000000
vn -0.974608 -0.222487 0.000000
vn -0.974608 -0.222487 0.000000
vn -0.974608 -0.222487 0.000000
vn -0.974608 0.222487 0.000000
vn -0.974608 0.222487 0.000000
vn -0.974608 0.222487 0.000000
vn -0.974608 0.222487 0.000000
vn -0.781359 0.623054 0.000000
vn -0.781359 0.623054 0.000000
vn -0.781359 0.623054 0.000000
vn -0.781359 0.623054 0.000000
vn -0.433590 0.900507 0.000000
vn -0.433590 0.900507 0.000000
vn -0.433590 0.900507 0.000000
vn -0.433590 0.900507 0.000000
vn 0.000000 1.000000 0.000000
vn 0.000000 1.000000 0.000000
vn 0.000000 1.000000 0.000000
vn 0.000000 1.000000 0.000000
vn 0.433590 0.900507 0.000000
vn 0.433590 0.900507 0.000000
vn 0.433590 0.900507 0.000000
vn 0.433590 0.900507 0.000000
vn 0.781359 0.623054 0.000000
vn 0.781359 0.623054 0.000000
vn 0.781359 0.623054 0.000000
vn 0.781359 0.623054 0.000000
vn 0.974608 0.222487 0.000000
vn 0.974608 0.222487 0.000000
vn 0.974608 0.222487 0.000000
vn 0.974608 0.222487 0.000000
vn 0.974608 -0.222487 0.000000
vn 0.974608 -0.222487 0.000000
vn 0.974608 -0.222487 0.000000
vn 0.974608 -0.222487 0.000000
vn 0.000000 0.000000 1.000000
vn 0.000000 0.000000 1.000000
vn 0.000000 0.000000 1.000000
vn 0.000000 0.000000 1.000000
vn 0.000000 0.000000 1.000000
vn 0.000000 0.000000 1.000000
vn 0.000000 0.000000 1.000000
vn 0.000000 0.000000 1.000000
vn 0.000000 0.000000 1.000000
vn 0.000000 0.000000 1.000000
vn 0.000000 0.000000 1.000000
vn 0.000000 0.000000 1.000000
vn 0.000000 0.000000 1.000000
vn 0.000000 0.000000 1.000000
vn 0.000000 0.000000 1.000000
vn 0.000000 0.000000 1.000000
vn 0.000000 0.000000 1.000000
vn 0.000000 0.000000 1.000000
vn 0.000000 0.000000 1.000000
vn 0.000000 0.000000 1.000000
vn 0.000000 0.000000 1.000000
vn 0.000000 0.000000 1.000000
vn 0.000000 0.000000 1.000000
vn 0.000000 0.000000 1.000000
vn 0.000000 0.000000 1.000000
vn 0.000000 0.000000 1.000000
vn 0.000000 0.000000 1.000000
vn 0.000000 0.000000 1.000000
vn 0.000000 0.000000 1.000000
vn 0.000000 0.000000 1.000000
vn 0.000000 0.000000 1.000000
vn 0.000000 0.000000 1.000000
vn 0.000000 0.000000 1.000000
vn 0.000000 0.000000 1.000000
vn 0.000000 0.000000 1.000000
vn 0.000000 0.000000 1.000000
vn 0.000000 0.000000 1.000000
vn 0.000000 0.000000 1.000000
vn 0.000000 0.000000 1.000000
vn 0.000000 0.000000 1.000000
vn 0.000000 0.000000 1.000000
vn 0.000000 0.000000 1.000000
vn 0.000000 0.000000 1.000000
vn 0.000000 0.000000 1.000000
vn 0.000000 0.000000 1.000000
vn 0.000000 0.000000 1.000000
vn 0.000000 0.000000 1.000000
vn 0.000000 0.000000 1.000000
vn 0.000000 0.000000 1.000000
vn 0.000000 0.000000 1.000000
vn 0.000000 0.000000 1.000000
vn 0.000000 0.000000 1.000000
vn 0.000000 0.000000 1.000000
vn 0.000000 0.000000 1.000000
vn 0.000000 0.000000 1.000000
vn 0.000000 0.000000 1.000000
vn -0.781359 0.623024 0.000000
vn -0.781359 0.623024 0.000000
vn -0.781359 0.623024 0.000000
vn -0.781359 0.623024 0.000000
vn -0.433590 0.900507 0.000000
vn -0.433590 0.900507 0.000000
vn -0.433590 0.900507 0.000000
vn -0.433590 0.900507 0.000000
vn 0.000000 1.000000 0.000000
vn 0.000000 1.000000 0.000000
vn 0.000000 1.000000 0.000000
vn 0.000000 1.000000 0.000000
vn 0.433590 0.900507 0.000000
vn 0.433590 0.900507 0.000000
vn 0.433590 0.900507 0.000000
vn 0.433590 0.900507 0.000000
vn 0.781359 0.623054 0.000000
vn 0.781359 0.623054 0.000000
vn 0.781359 0.623054 0.000000
vn 0.781359 0.623054 0.000000
vn 0.974608 0.222487 0.000000
vn 0.974608 0.222487 0.000000
vn 0.974608 0.222487 0.000000
vn 0.974608 0.222487 0.000000
vn 0.974608 -0.222487 0.000000
vn 0.974608 -0.222487 0.000000
vn 0.974608 -0.222487 0.000000
vn 0.974608 -0.222487 0.000000
vn 0.781359 -0.623054 0.000000
vn 0.781359 -0.623054 0.000000
vn 0.781359 -0.623054 0.000000
vn 0.781359 -0.623054 0.000000
vn 0.433590 -0.900507 0.000000
vn 0.433590 -0.900507 0.000000
vn 0.433590 -0.900507 0.000000
vn 0.433590 -0.900507 0.000000
vn 0.000000 -1.000000 0.000000
vn 0.000000 -1.000000 0.000000
vn 0.000000 -1.000000 0.000000
vn 0.000000 -1.000000 0.000000
vn -0.433590 -0.900507 0.000000
vn -0.433590 -0.900507 0.000000
vn -0.433590 -0.900507 0.000000
vn -0.433590 -0.900507 0.000000
vn -0.781359 -0.623054 0.000000
vn -0.781359 -0.623054 0.000000
vn -0.781359 -0.623054 0.000000
vn -0.781359 -0.623054 0.000000
vn -0.974608 -0.222487 0.000000
vn -0.974608 -0.222487 0.000000
vn -0.974608 -0.222487 0.000000
vn -0.974608 -0.222487 0.000000
vn -0.974608 0.222487 0.000000
vn -0.974608 0.222487 0.000000
vn -0.974608 0.222487 0.000000
vn -0.974608 0.222487 0.000000
vn 1.000000 0.000000 0.000000
vn 0.900507 -0.433590 0.000000
vn 0.900507 -0.433590 0.000000
vn 1.000000 0.000000 0.000000
vn 0.900507 0.433590 0.000000
vn 0.900507 0.433590 0.000000
vn 0.623054 0.781359 0.000000
vn 0.623054 0.781359 0.000000
vn 0.222487 0.974608 0.000000
vn 0.222487 0.974608 0.000000
vn -0.222487 0.974608 0.000000
vn -0.222487 0.974608 0.000000
vn -0.623054 0.781359 0.000000
vn -0.623054 0.781359 0.000000
vn -0.900507 0.433590 0.000000
vn -0.900507 0.433590 0.000000
vn -1.000000 0.000000 0.000000
vn -1.000000 0.000000 0.000000
vn -0.900507 -0.433590 0.000000
vn -0.900507 -0.433590 0.000000
vn -0.623054 -0.781359 0.000000
vn -0.623054 -0.781359 0.000000
vn -0.222487 -0.974608 0.000000
vn -0.222487 -0.974608 0.000000
vn 0.222487 -0.974608 0.000000
vn 0.222487 -0.974608 0.000000
vn 0.623054 -0.781359 0.000000
vn 0.623054 -0.781359 0.000000
vn 1.000000 0.000000 0.000000
vn 0.900507 -0.433590 0.000000
vn 0.900507 -0.433590 0.000000
vn 1.000000 0.000000 0.000000
vn 0.900507 0.433590 0.000000
vn 0.900507 0.433590 0.000000
vn 0.623054 0.781359 0.000000
vn 0.623054 0.781359 0.000000
vn 0.222487 0.974608 0.000000
vn 0.222487 0.974608 0.000000
vn -0.222487 0.974608 0.000000
vn -0.222487 0.974608 0.000000
vn -0.623054 0.781359 0.000000
vn -0.623054 0.781359 0.000000
vn -0.900507 0.433590 0.000000
vn -0.900507 0.433590 0.000000
vn -1.000000 0.000000 0.000000
vn -1.000000 0.000000 0.000000
vn -0.900507 -0.433590 0.000000
vn -0.900507 -0.433590 0.000000
vn -0.623054 -0.781359 0.000000
vn -0.623054 -0.781359 0.000000
vn -0.222487 -0.974608 0.000000
vn -0.222487 -0.974608 0.000000
vn 0.222487 -0.974608 0.000000
vn 0.222487 -0.974608 0.000000
vn 0.623054 -0.781359 0.000000
vn 0.623054 -0.781359 0.000000
vn 1.000000 0.000000 0.000000
vn 0.900507 -0.433590 0.000000
vn 0.900507 -0.433590 0.000000
vn 1.000000 0.000000 0.000000
vn 0.900507 0.433590 0.000000
vn 0.900507 0.433590 0.000000
vn 0.623054 0.781359 0.000000
vn 0.623054 0.781359 0.000000
vn 0.222487 0.974608 0.000000
vn 0.222487 0.974608 0.000000
vn -0.222487 0.974608 0.000000
vn -0.222487 0.974608 0.000000
vn -0.623054 0.781359 0.000000
vn -0.623054 0.781359 0.000000
vn -0.900507 0.433590 0.000000
vn -0.900507 0.433590 0.000000
vn -1.000000 0.000000 0.000000
vn -1.000000 0.000000 0.000000
vn -0.900507 -0.433590 0.000000
vn -0.900507 -0.433590 0.000000
vn -0.623054 -0.781359 0.000000
vn -0.623054 -0.781359 0.000000
vn -0.222487 -0.974608 0.000000
vn -0.222487 -0.974608 0.000000
vn 0.222487 -0.974608 0.000000
vn 0.222487 -0.974608 0.000000
vn 0.623054 -0.781359 0.000000
vn 0.623054 -0.781359 0.000000
vn 1.000000 0.000000 0.000000
vn 0.900507 -0.433590 0.000000
vn 0.900507 -0.433590 0.000000
vn 1.000000 0.000000 0.000000
vn 0.900507 0.433590 0.000000
vn 0.900507 0.433590 0.000000
vn 0.623054 0.781359 0.000000
vn 0.623054 0.781359 0.000000
vn 0.222487 0.974608 0.000000
vn 0.222487 0.974608 0.000000
vn -0.222487 0.974608 0.000000
vn -0.222487 0.974608 0.000000
vn -0.623054 0.781359 0.000000
vn -0.623054 0.781359 0.000000
vn -0.900507 0.433590 0.000000
vn -0.900507 0.433590 0.000000
vn -1.000000 0.000000 0.000000
vn -1.000000 0.000000 0.000000
vn -0.900507 -0.433590 0.000000
vn -0.900507 -0.433590 0.000000
vn -0.623054 -0.781359 0.000000
vn -0.623054 -0.781359 0.000000
vn -0.222487 -0.974608 0.000000
vn -0.222487 -0.974608 0.000000
vn 0.222487 -0.974608 0.000000
vn 0.222487 -0.974608 0.000000
vn 0.623054 -0.781359 0.000000
vn 0.623054 -0.781359 0.000000
vn 0.000000 0.000000 1.000000
vn 0.000000 0.000000 1.000000
vn 0.000000 0.000000 1.000000
vn 0.000000 0.000000 1.000000
vn 0.000000 0.000000 -1.000000
vn 0.000000 0.000000 -1.000000
vn 0.000000 0.000000 -1.000000
vn 0.000000 0.000000 -1.000000
vn 0.000000 0.000000 1.000000
vn 0.000000 0.000000 1.000000
vn 0.000000 0.000000 -1.000000
vn 0.000000 0.000000 -1.000000
vn 0.000000 0.000000 1.000000
vn 0.000000 0.000000 1.000000
vn 0.000000 0.000000 -1.000000
vn 0.000000 0.000000 -1.000000
vn 0.000000 0.000000 1.000000
vn 0.000000 0.000000 1.000000
vn 0.000000 0.000000 -1.000000
vn 0.000000 0.000000 -1.000000
vn 0.000000 0.000000 1.000000
vn 0.000000 0.000000 1.000000
vn 0.000000 0.000000 -1.000000
vn 0.000000 0.000000 -1.000000
vn 0.000000 0.000000 1.000000
vn 0.000000 0.000000 1.000000
vn 0.000000 0.000000 -1.000000
vn 0.000000 0.000000 -1.000000
vn 0.000000 0.000000 1.000000
vn 0.000000 0.000000 1.000000
vn 0.000000 0.000000 -1.000000
vn 0.000000 0.000000 -1.000000
vn 0.000000 0.000000 1.000000
vn 0.000000 0.000000 1.000000
vn 0.000000 0.000000 -1.000000
vn 0.000000 0.000000 -1.000000
vn 0.000000 0.000000 1.000000
vn 0.000000 0.000000 1.000000
vn 0.000000 0.000000 -1.000000
vn 0.000000 0.000000 -1.000000
vn 0.000000 0.000000 1.000000
vn 0.000000 0.000000 1.000000
vn 0.000000 0.000000 -1.000000
vn 0.000000 0.000000 -1.000000
vn 0.000000 0.000000 1.000000
vn 0.000000 0.000000 1.000000
vn 0.000000 0.000000 -1.000000
vn 0.000000 0.000000 -1.000000
vn 0.000000 0.000000 1.000000
vn 0.000000 0.000000 1.000000
vn 0.000000 0.000000 -1.000000
vn 0.000000 0.000000 -1.000000
vn 0.000000 0.000000 1.000000
vn 0.000000 0.000000 1.000000
vn 0.000000 0.000000 -1.000000
vn 0.000000 0.000000 -1.000000
vn 0.000000 0.000000 1.000000
vn 0.000000 0.000000 1.000000
vn 0.000000 0.000000 1.000000
vn 0.000000 0.000000 1.000000
vn 0.000000 0.000000 -1.000000
vn 0.000000 0.000000 -1.000000
vn 0.000000 0.000000 -1.000000
vn 0.000000 0.000000 -1.000000
vn 0.000000 0.000000 1.000000
vn 0.000000 0.000000 1.000000
vn 0.000000 0.000000 -1.000000
vn 0.000000 0.000000 -1.000000
vn 0.000000 0.000000 1.000000
vn 0.000000 0.000000 1.000000
vn 0.000000 0.000000 -1.000000
vn 0.000000 0.000000 -1.000000
vn 0.000000 0.000000 1.000000
vn 0.000000 0.000000 1.000000
vn 0.000000 0.000000 -1.000000
vn 0.000000 0.000000 -1.000000
vn 0.000000 0.000000 1.000000
vn 0.000000 0.000000 1.000000
vn 0.000000 0.000000 -1.000000
vn 0.000000 0.000000 -1.000000
vn 0.000000 0.000000 1.000000
vn 0.000000 0.000000 1.000000
vn 0.000000 0.000000 -1.000000
vn 0.000000 0.000000 -1.000000
vn 0.000000 0.000000 1.000000
vn 0.000000 0.000000 1.000000
vn 0.000000 0.000000 -1.000000
vn 0.000000 0.000000 -1.000000
vn 0.000000 0.000000 1.000000
vn 0.000000 0.000000 1.000000
vn 0.000000 0.000000 -1.000000
vn 0.000000 0.000000 -1.000000
vn 0.000000 0.000000 1.000000
vn 0.000000 0.000000 1.000000
vn 0.000000 0.000000 -1.000000
vn 0.000000 0.000000 -1.000000
vn 0.000000 0.000000 1.000000
vn 0.000000 0.000000 1.000000
vn 0.000000 0.000000 -1.000000
vn 0.000000 0.000000 -1.000000
vn 0.000000 0.000000 1.000000
vn 0.000000 0.000000 1.000000
vn 0.000000 0.000000 -1.000000
vn 0.000000 0.000000 -1.000000
vn 0.000000 0.000000 1.000000
vn 0.000000 0.000000 1.000000
vn 0.000000 0.000000 -1.000000
vn 0.000000 0.000000 -1.000000
vn 0.000000 0.000000 1.000000
vn 0.000000 0.000000 1.000000
vn 0.000000 0.000000 -1.000000
vn 0.000000 0.000000 -1.000000
vn 0.724532 -0.577764 -0.375725
vn 0.724532 -0.577764 -0.375725
vn 0.724532 -0.577764 -0.375725
vn 0.724532 -0.577764 -0.375725
vn 0.402094 -0.834524 -0.375725
vn 0.402094 -0.834524 -0.375725
vn 0.402094 -0.834524 -0.375725
vn 0.402094 -0.834524 -0.375725
vn 0.000000 -0.926296 -0.375725
vn 0.000000 -0.926296 -0.375725
vn 0.000000 -0.926296 -0.375725
vn 0.000000 -0.926296 -0.375725
vn -0.402033 -0.834524 -0.375725
vn -0.402033 -0.834524 -0.375725
vn -0.402033 -0.834524 -0.375725
vn -0.402033 -0.834524 -0.375725
vn -0.724532 -0.577764 -0.375725
vn -0.724532 -0.577764 -0.375725
vn -0.724532 -0.577764 -0.375725
vn -0.724532 -0.577764 -0.375725
vn -0.903406 -0.206037 -0.375725
vn -0.903406 -0.206037 -0.375725
vn -0.903406 -0.206037 -0.375725
vn -0.903406 -0.206037 -0.375725
vn -0.903406 0.206037 -0.375725
vn -0.903406 0.206037 -0.375725
vn -0.903406 0.206037 -0.375725
vn -0.903406 0.206037 -0.375725
vn -0.724532 0.577764 -0.375725
vn -0.724532 0.577764 -0.375725
vn -0.724532 0.577764 -0.375725
vn -0.724532 0.577764 -0.375725
vn -0.402033 0.834524 -0.375725
vn -0.402033 0.834524 -0.375725
vn -0.402033 0.834524 -0.375725
vn -0.402033 0.834524 -0.375725
vn 0.000000 0.926296 -0.375725
vn 0.000000 0.926296 -0.375725
vn 0.000000 0.926296 -0.375725
vn 0.000000 0.926296 -0.375725
vn 0.402094 0.834524 -0.375725
vn 0.402094 0.834524 -0.375725
vn 0.402094 0.834524 -0.375725
vn 0.402094 0.834524 -0.375725
vn 0.724532 0.577764 -0.375725
vn 0.724532 0.577764 -0.375725
vn 0.724532 0.577764 -0.375725
vn 0.724532 0.577764 -0.375725
vn 0.903406 0.206037 -0.375725
vn 0.903406 0.206037 -0.375725
vn 0.903406 0.206037 -0.375725
vn 0.903406 0.206037 -0.375725
vn 0.903406 -0.206037 -0.375725
vn 0.903406 -0.206037 -0.375725
vn 0.903406 -0.206037 -0.375725
vn 0.903406 -0.206037 -0.375725
vn 0.000000 0.000000 -1.000000
vn 0.000000 0.000000 -1.000000
vn 0.000000 0.000000 -1.000000
vn 0.000000 0.000000 -1.000000
vn 0.000000 0.000000 -1.000000
vn 0.000000 0.000000 -1.000000
vn 0.000000 0.000000 -1.000000
vn 0.000000 0.000000 -1.000000
vn 0.000000 0.000000 -1.000000
vn 0.000000 0.000000 -1.000000
vn 0.000000 0.000000 -1.000000
vn 0.000000 0.000000 -1.000000
vn 0.000000 0.000000 -1.000000
vn 0.000000 0.000000 -1.000000
vn 0.000000 0.000000 -1.000000
vn 0.000000 0.000000 -1.000000
vn 0.000000 0.000000 -1.000000
vn 0.000000 0.000000 -1.000000
vn 0.000000 0.000000 -1.000000
vn 0.000000 0.000000 -1.000000
vn 0.000000 0.000000 -1.000000
vn 0.000000 0.000000 -1.000000
vn 0.000000 0.000000 -1.000000
vn 0.000000 0.000000 -1.000000
vn 0.000000 0.000000 -1.000000
vn 0.000000 0.000000 -1.000000
vn 0.000000 0.000000 -1.000000
vn 0.000000 0.000000 -1.000000
vn 0.000000 0.000000 -1.000000
vn 0.000000 0.000000 -1.000000
vn 0.000000 0.000000 -1.000000
vn 0.000000 0.000000 -1.000000
vn 0.000000 0.000000 -1.000000
vn 0.000000 0.000000 -1.000000
vn 0.000000 0.000000 -1.000000
vn 0.000000 0.000000 -1.000000
vn 0.000000 0.000000 -1.000000
vn 0.000000 0.000000 -1.000000
vn 0.000000 0.000000 -1.000000
vn 0.000000 0.000000 -1.000000
vn 0.000000 0.000000 -1.000000
vn 0.000000 0.000000 -1.000000
vn 0.000000 0.000000 -1.000000
vn 0.000000 0.000000 -1.000000
vn 0.000000 0.000000 -1.000000
vn 0.000000 0.000000 -1.000000
vn 0.000000 0.000000 -1.000000
vn 0.000000 0.000000 -1.000000
vn 0.000000 0.000000 -1.000000
vn 0.000000 0.000000 -1.000000
vn 0.000000 0.000000 -1.000000
vn 0.000000 0.000000 -1.000000
vn 0.000000 0.000000 -1.000000
vn 0.000000 0.000000 -1.000000
vn 0.000000 0.000000 -1.000000
vn 0.000000 0.000000 -1.000000
vn 0.781359 -0.623054 0.000000
vn 0.781359 -0.623054 0.000000
vn 0.781359 -0.623054 0.000000
vn 0.781359 -0.623054 0.000000
vn 0.433590 -0.900507 0.000000
vn 0.433590 -0.900507 0.000000
vn 0.433590 -0.900507 0.000000
vn 0.433590 -0.900507 0.000000
vn 0.000000 -1.000000 0.000000
vn 0.000000 -1.000000 0.000000
vn 0.000000 -1.000000 0.000000
vn 0.000000 -1.000000 0.000000
vn -0.433590 -0.900507 0.000000
vn -0.433590 -0.900507 0.000000
vn -0.433590 -0.900507 0.000000
vn -0.433590 -0.900507 0.000000
vn -0.781359 -0.623054 0.000000
vn -0.781359 -0.623054 0.000000
vn -0.781359 -0.623054 0.000000
vn -0.781359 -0.623054 0.000000
vn -0.974608 -0.222487 0.000000
vn -0.974608 -0.222487 0.000000
vn -0.974608 -0.222487 0.000000
vn -0.974608 -0.222487 0.000000
vn -0.974608 0.222487 0.000000
vn -0.974608 0.222487 0.000000
vn -0.974608 0.222487 0.000000
vn -0.974608 0.222487 0.000000
vn -0.781359 0.623054 0.000000
vn -0.781359 0.623054 0.000000
vn -0.781359 0.623054 0.000000
vn -0.781359 0.623054 0.000000
vn -0.433590 0.900507 0.000000
vn -0.433590 0.900507 0.000000
vn -0.433590 0.900507 0.000000
vn -0.433590 0.900507 0.000000
vn 0.000000 1.000000 0.000000
vn 0.000000 1.000000 0.000000
vn 0.000000 1.000000 0.000000
vn 0.000000 1.000000 0.000000
vn 0.433590 0.900507 0.000000
vn 0.433590 0.900507 0.000000
vn 0.433590 0.900507 0.000000
vn 0.433590 0.900507 0.000000
vn 0.781359 0.623054 0.000000
vn 0.781359 0.623054 0.000000
vn 0.781359 0.623054 0.000000
vn 0.781359 0.623054 0.000000
vn 0.974608 0.222487 0.000000
vn 0.974608 0.222487 0.000000
vn 0.974608 0.222487 0.000000
vn 0.974608 0.222487 0.000000
vn 0.974608 -0.222487 0.000000
vn 0.974608 -0.222487 0.000000
vn 0.974608 -0.222487 0.000000
vn 0.974608 -0.222487 0.000000
vn 0.000000 0.000000 -1.000000
vn 0.000000 0.000000 -1.000000
vn 0.000000 0.000000 -1.000000
vn 0.000000 0.000000 -1.000000
vn 0.000000 0.000000 -1.000000
vn 0.000000 0.000000 -1.000000
vn 0.000000 0.000000 -1.000000
vn 0.000000 0.000000 -1.000000
vn 0.000000 0.000000 -1.000000
vn 0.000000 0.000000 -1.000000
vn 0.000000 0.000000 -1.000000
vn 0.000000 0.000000 -1.000000
vn 0.000000 0.000000 -1.000000
vn 0.000000 0.000000 -1.000000
vn 0.000000 0.000000 -1.000000
vn 0.000000 0.000000 -1.000000
vn 0.000000 0.000000 -1.000000
vn 0.000000 0.000000 -1.000000
vn 0.000000 0.000000 -1.000000
vn 0.000000 0.000000 -1.000000
vn 0.000000 0.000000 -1.000000
vn 0.000000 0.000000 -1.000000
vn 0.000000 0.000000 -1.000000
vn 0.000000 0.000000 -1.000000
vn 0.000000 0.000000 -1.000000
vn 0.000000 0.000000 -1.000000
vn 0.000000 0.000000 -1.000000
vn 0.000000 0.000000 -1.000000
vn 0.000000 0.000000 -1.000000
vn 0.000000 0.000000 -1.000000
vn 0.000000 0.000000 -1.000000
vn 0.000000 0.000000 -1.000000
vn 0.000000 0.000000 -1.000000
vn 0.000000 0.000000 -1.000000
vn 0.000000 0.000000 -1.000000
vn 0.000000 0.000000 -1.000000
vn 0.000000 0.000000 -1.000000
vn 0.000000 0.000000 -1.000000
vn 0.000000 0.000000 -1.000000
vn 0.000000 0.000000 -1.000000
vn 0.000000 0.000000 -1.000000
vn 0.000000 0.000000 -1.000000
vn 0.000000 0.000000 -1.000000
vn 0.000000 0.000000 -1.000000
vn 0.000000 0.000000 -1.000000
vn 0.000000 0.000000 -1.000000
vn 0.000000 0.000000 -1.000000
vn 0.000000 0.000000 -1.000000
vn 0.000000 0.000000 -1.000000
vn 0.000000 0.000000 -1.000000
vn 0.000000 0.000000 -1.000000
vn 0.000000 0.000000 -1.000000
vn 0.000000 0.000000 -1.000000
vn 0.000000 0.000000 -1.000000
vn 0.000000 0.000000 -1.000000
vn 0.000000 0.000000 -1.000000
vn -0.781359 0.623054 0.000000
vn -0.781359 0.623054 0.000000
vn -0.781359 0.623054 0.000000
vn -0.781359 0.623054 0.000000
vn -0.433590 0.900507 0.000000
vn -0.433590 0.900507 0.000000
vn -0.433590 0.900507 0.000000
vn -0.433590 0.900507 0.000000
vn 0.000000 1.000000 0.000000
vn 0.000000 1.000000 0.000000
vn 0.000000 1.000000 0.000000
vn 0.000000 1.000000 0.000000
vn 0.433590 0.900507 0.000000
vn 0.433590 0.900507 0.000000
vn 0.433590 0.900507 0.000000
vn 0.433590 0.900507 0.000000
vn 0.781359 0.623054 0.000000
vn 0.781359 0.623054 0.000000
vn 0.781359 0.623054 0.000000
vn 0.781359 0.623054 0.000000
vn 0.974608 0.222487 0.000000
vn 0.974608 0.222487 0.000000
vn 0.974608 0.222487 0.000000
vn 0.974608 0.222487 0.000000
vn 0.974608 -0.222487 0.000000
vn 0.974608 -0.222487 0.000000
vn 0.974608 -0.222487 0.000000
vn 0.974608 -0.222487 0.000000
vn 0.781359 -0.623054 0.000000
vn 0.781359 -0.623054 0.000000
vn 0.781359 -0.623054 0.000000
vn 0.781359 -0.623054 0.000000
vn 0.433590 -0.900507 0.000000
vn 0.433590 -0.900507 0.000000
vn 0.433590 -0.900507 0.000000
vn 0.433590 -0.900507 0.000000
vn 0.000000 -1.000000 0.000000
vn 0.000000 -1.000000 0.000000
vn 0.000000 -1.000000 0.000000
vn 0.000000 -1.000000 0.000000
vn -0.433590 -0.900507 0.000000
vn -0.433590 -0.900507 0.000000
vn -0.433590 -0.900507 0.000000
vn -0.433590 -0.900507 0.000000
vn -0.781359 -0.623054 0.000000
vn -0.781359 -0.623054 0.000000
vn -0.781359 -0.623054 0.000000
vn -0.781359 -0.623054 0.000000
vn -0.974608 -0.222487 0.000000
vn -0.974608 -0.222487 0.000000
vn -0.974608 -0.222487 0.000000
vn -0.974608 -0.222487 0.000000
vn -0.974608 0.222487 0.000000
vn -0.974608 0.222487 0.000000
vn -0.974608 0.222487 0.000000
vn -0.974608 0.222487 0.000000
vn 1.000000 0.000000 0.000000
vn 0.900507 -0.433590 0.000000
vn 0.900507 -0.433590 0.000000
vn 1.000000 0.000000 0.000000
vn 0.900507 0.433590 0.000000
vn 0.900507 0.433590 0.000000
vn 0.623054 0.781359 0.000000
vn 0.623054 0.781359 0.000000
vn 0.222487 0.974608 0.000000
vn 0.222487 0.974608 0.000000
vn -0.222487 0.974608 0.000000
vn -0.222487 0.974608 0.000000
vn -0.623054 0.781359 0.000000
vn -0.623054 0.781359 0.000000
vn -0.900507 0.433590 0.000000
vn -0.900507 0.433590 0.000000
vn -1.000000 0.000000 0.000000
vn -1.000000 0.000000 0.000000
vn -0.900507 -0.433590 0.000000
vn -0.900507 -0.433590 0.000000
vn -0.623054 -0.781359 0.000000
vn -0.623054 -0.781359 0.000000
vn -0.222487 -0.974608 0.000000
vn -0.222487 -0.974608 0.000000
vn 0.222487 -0.974608 0.000000
vn 0.222487 -0.974608 0.000000
vn 0.623054 -0.781359 0.000000
vn 0.623054 -0.781359 0.000000
vn 1.000000 0.000000 0.000000
vn 0.900507 -0.433590 0.000000
vn 0.900507 -0.433590 0.000000
vn 1.000000 0.000000 0.000000
vn 0.900507 0.433590 0.000000
vn 0.900507 0.433590 0.000000
vn 0.623054 0.781359 0.000000
vn 0.623054 0.781359 0.000000
vn 0.222487 0.974608 0.000000
vn 0.222487 0.974608 0.000000
vn -0.222487 0.974608 0.000000
vn -0.222487 0.974608 0.000000
vn -0.623054 0.781359 0.000000
vn -0.623054 0.781359 0.000000
vn -0.900507 0.433590 0.000000
vn -0.900507 0.433590 0.000000
vn -1.000000 0.000000 0.000000
vn -1.000000 0.000000 0.000000
vn -0.900507 -0.433590 0.000000
vn -0.900507 -0.433590 0.000000
vn -0.623054 -0.781359 0.000000
vn -0.623054 -0.781359 0.000000
vn -0.222487 -0.974608 0.000000
vn -0.222487 -0.974608 0.000000
vn 0.222487 -0.974608 0.000000
vn 0.222487 -0.974608 0.000000
vn 0.623054 -0.781359 0.000000
vn 0.623054 -0.781359 0.000000
vn 1.000000 0.000000 0.000000
vn 0.900507 -0.433590 0.000000
vn 0.900507 -0.433590 0.000000
vn 1.000000 0.000000 0.000000
vn 0.900507 0.433590 0.000000
vn 0.900507 0.433590 0.000000
vn 0.623054 0.781359 0.000000
vn 0.623054 0.781359 0.000000
vn 0.222487 0.974608 0.000000
vn 0.222487 0.974608 0.000000
vn -0.222487 0.974608 0.000000
vn -0.222487 0.974608 0.000000
vn -0.623054 0.781359 0.000000
vn -0.623054 0.781359 0.000000
vn -0.900507 0.433590 0.000000
vn -0.900507 0.433590 0.000000
vn -1.000000 0.000000 0.000000
vn -1.000000 0.000000 0.000000
vn -0.900507 -0.433590 0.000000
vn -0.900507 -0.433590 0.000000
vn -0.623054 -0.781359 0.000000
vn -0.623054 -0.781359 0.000000
vn -0.222487 -0.974608 0.000000
vn -0.222487 -0.974608 0.000000
vn 0.222487 -0.974608 0.000000
vn 0.222487 -0.974608 0.000000
vn 0.623054 -0.781359 0.000000
vn 0.623054 -0.781359 0.000000
vn 1.000000 0.000000 0.000000
vn 0.900507 -0.433590 0.000000
vn 0.900507 -0.433590 0.000000
vn 1.000000 0.000000 0.000000
vn 0.900507 0.433590 0.000000
vn 0.900507 0.433590 0.000000
vn 0.623054 0.781359 0.000000
vn 0.623054 0.781359 0.000000
vn 0.222487 0.974608 0.000000
vn 0.222487 0.974608 0.000000
vn -0.222487 0.974608 0.000000
vn -0.222487 0.974608 0.000000
vn -0.623054 0.781359 0.000000
vn -0.623054 0.781359 0.000000
vn -0.900507 0.433590 0.000000
vn -0.900507 0.433590 0.000000
vn -1.000000 0.000000 0.000000
vn -1.000000 0.000000 0.000000
vn -0.900507 -0.433590 0.000000
vn -0.900507 -0.433590 0.000000
vn -0.623054 -0.781359 0.000000
vn -0.623054 -0.781359 0.000000
vn -0.222487 -0.974608 0.000000
vn -0.222487 -0.974608 0.000000
vn 0.222487 -0.974608 0.000000
vn 0.222487 -0.974608 0.000000
vn 0.623054 -0.781359 0.000000
vn 0.623054 -0.781359 0.000000
vn 0.000000 0.000000 1.000000
vn 0.000000 0.000000 1.000000
vn 0.000000 0.000000 1.000000
vn 0.000000 0.000000 1.000000
vn 0.000000 0.000000 -1.000000
vn 0.000000 0.000000 -1.000000
vn 0.000000 0.000000 -1.000000
vn 0.000000 0.000000 -1.000000
vn 0.000000 0.000000 1.000000
vn 0.000000 0.000000 1.000000
vn 0.000000 0.000000 -1.000000
vn 0.000000 0.000000 -1.000000
vn 0.000000 0.000000 1.000000
vn 0.000000 0.000000 1.000000
vn 0.000000 0.000000 -1.000000
vn 0.000000 0.000000 -1.000000
vn 0.000000 0.000000 1.000000
vn 0.000000 0.000000 1.000000
vn 0.000000 0.000000 -1.000000
vn 0.000000 0.000000 -1.000000
vn 0.000000 0.000000 1.000000
vn 0.000000 0.000000 1.000000
vn 0.000000 0.000000 -1.000000
vn 0.000000 0.000000 -1.000000
vn 0.000000 0.000000 1.000000
vn 0.000000 0.000000 1.000000
vn 0.000000 0.000000 -1.000000
vn 0.000000 0.000000 -1.000000
vn 0.000000 0.000000 1.000000
vn 0.000000 0.000000 1.000000
vn 0.000000 0.000000 -1.000000
vn 0.000000 0.000000 -1.000000
vn 0.000000 0.000000 1.000000
vn 0.000000 0.000000 1.000000
vn 0.000000 0.000000 -1.000000
vn 0.000000 0.000000 -1.000000
vn 0.000000 0.000000 1.000000
vn 0.000000 0.000000 1.000000
vn 0.000000 0.000000 -1.000000
vn 0.000000 0.000000 -1.000000
vn 0.000000 0.000000 1.000000
vn 0.000000 0.000000 1.000000
vn 0.000000 0.000000 -1.000000
vn 0.000000 0.000000 -1.000000
vn 0.000000 0.000000 1.000000
vn 0.000000 0.000000 1.000000
vn 0.000000 0.000000 -1.000000
vn 0.000000 0.000000 -1.000000
vn 0.000000 0.000000 1.000000
vn 0.000000 0.000000 1.000000
vn 0.000000 0.000000 -1.000000
vn 0.000000 0.000000 -1.000000
vn 0.000000 0.000000 1.000000
vn 0.000000 0.000000 1.000000
vn 0.000000 0.000000 -1.000000
vn 0.000000 0.000000 -1.000000
vn 0.000000 0.000000 1.000000
vn 0.000000 0.000000 1.000000
vn 0.000000 0.000000 1.000000
vn 0.000000 0.000000 1.000000
vn 0.000000 0.000000 -1.000000
vn 0.000000 0.000000 -1.000000
vn 0.000000 0.000000 -1.000000
vn 0.000000 0.000000 -1.000000
vn 0.000000 0.000000 1.000000
vn 0.000000 0.000000 1.000000
vn 0.000000 0.000000 -1.000000
vn 0.000000 0.000000 -1.000000
vn 0.000000 0.000000 1.000000
vn 0.000000 0.000000 1.000000
vn 0.000000 0.000000 -1.000000
vn 0.000000 0.000000 -1.000000
vn 0.000000 0.000000 1.000000
vn 0.000000 0.000000 1.000000
vn 0.000000 0.000000 -1.000000
vn 0.000000 0.000000 -1.000000
vn 0.000000 0.000000 1.000000
vn 0.000000 0.000000 1.000000
vn 0.000000 0.000000 -1.000000
vn 0.000000 0.000000 -1.000000
vn 0.000000 0.000000 1.000000
vn 0.000000 0.000000 1.000000
vn 0.000000 0.000000 -1.000000
vn 0.000000 0.000000 -1.000000
vn 0.000000 0.000000 1.000000
vn 0.000000 0.000000 1.000000
vn 0.000000 0.000000 -1.000000
vn 0.000000 0.000000 -1.000000
vn 0.000000 0.000000 1.000000
vn 0.000000 0.000000 1.000000
vn 0.000000 0.000000 -1.000000
vn 0.000000 0.000000 -1.000000
vn 0.000000 0.000000 1.000000
vn 0.000000 0.000000 1.000000
vn 0.000000 0.000000 -1.000000
vn 0.000000 0.000000 -1.000000
vn 0.000000 0.000000 1.000000
vn 0.000000 0.000000 1.000000
vn 0.000000 0.000000 -1.000000
vn 0.000000 0.000000 -1.000000
vn 0.000000 0.000000 1.000000
vn 0.000000 0.000000 1.000000
vn 0.000000 0.000000 -1.000000
vn 0.000000 0.000000 -1.000000
vn 0.000000 0.000000 1.000000
vn 0.000000 0.000000 1.000000
vn 0.000000 0.000000 -1.000000
vn 0.000000 0.000000 -1.000000
vn 0.000000 0.000000 1.000000
vn 0.000000 0.000000 1.000000
vn 0.000000 0.000000 -1.000000
vn 0.000000 0.000000 -1.000000
vn -0.900507 -0.433590 0.000000
vn -0.900507 -0.433590 0.000000
vn -0.623054 -0.781359 0.000000
vn -0.623054 -0.781359 0.000000
vn -0.222487 -0.974608 0.000000
vn -0.222487 -0.974608 0.000000
vn 0.222487 -0.974608 0.000000
vn 0.222487 -0.974608 0.000000
vn 0.623054 -0.781359 0.000000
vn 0.623054 -0.781359 0.000000
vn 0.900507 -0.433590 0.000000
vn 0.900507 -0.433590 0.000000
vn 1.000000 0.000000 0.000000
vn 1.000000 0.000000 0.000000
vn 0.900507 0.433590 0.000000
vn 0.900507 0.433590 0.000000
vn 0.623054 0.781359 0.000000
vn 0.623054 0.781359 0.000000
vn 0.222487 0.974608 0.000000
vn 0.222487 0.974608 0.000000
vn -0.222487 0.974608 0.000000
vn -0.222487 0.974608 0.000000
vn -0.623054 0.781359 0.000000
vn -0.623054 0.781359 0.000000
vn -0.900507 0.433590 0.000000
vn -0.900507 0.433590 0.000000
vn -1.000000 0.000000 0.000000
vn -1.000000 0.000000 0.000000
vn 0.000000 0.000000 1.000000
vn 0.000000 0.000000 1.000000
vn 0.000000 0.000000 1.000000
vn 0.000000 0.000000 1.000000
vn 0.000000 0.000000 1.000000
vn 0.000000 0.000000 1.000000
vn 0.000000 0.000000 1.000000
vn 0.000000 0.000000 1.000000
vn 0.000000 0.000000 1.000000
vn 0.000000 0.000000 1.000000
vn 0.000000 0.000000 1.000000
vn 0.000000 0.000000 1.000000
vn 0.000000 0.000000 1.000000
vn 0.000000 0.000000 1.000000
vn 0.000000 0.000000 1.000000
vn 0.000000 0.000000 -1.000000
vn 0.000000 0.000000 -1.000000
vn 0.000000 0.000000 -1.000000
vn 0.000000 0.000000 -1.000000
vn 0.000000 0.000000 -1.000000
vn 0.000000 0.000000 -1.000000
vn 0.000000 0.000000 -1.000000
vn 0.000000 0.000000 -1.000000
vn 0.000000 0.000000 -1.000000
vn 0.000000 0.000000 -1.000000
vn 0.000000 0.000000 -1.000000
vn 0.000000 0.000000 -1.000000
vn 0.000000 0.000000 -1.000000
vn 0.000000 0.000000 -1.000000
vn 0.000000 0.000000 -1.000000
vn -0.576024 -0.722304 0.382592
vn -0.576024 -0.722304 0.382592
vn -0.832052 -0.400385 0.382592
vn -0.832052 -0.400385 0.382592
vn -0.205518 -0.900385 0.382592
vn -0.205518 -0.900385 0.382592
vn 0.205518 -0.900385 0.382592
vn 0.205518 -0.900385 0.382592
vn 0.576024 -0.722304 0.382592
vn 0.576024 -0.722304 0.382592
vn 0.832052 -0.400385 0.382592
vn 0.832052 -0.400385 0.382592
vn 0.923854 0.000000 0.382592
vn 0.923854 0.000000 0.382592
vn 0.832052 0.400385 0.382592
vn 0.832052 0.400385 0.382592
vn 0.576024 0.722304 0.382592
vn 0.576024 0.722304 0.382592
vn 0.205518 0.900385 0.382592
vn 0.205518 0.900385 0.382592
vn -0.205518 0.900385 0.382592
vn -0.205518 0.900385 0.382592
vn -0.576024 0.722304 0.382592
vn -0.576024 0.722304 0.382592
vn -0.832052 0.400385 0.382592
vn -0.832052 0.400385 0.382592
vn -0.923854 0.000000 0.382592
vn -0.923854 0.000000 0.382592
vn 0.000000 0.000000 1.000000
vn 0.000000 0.000000 1.000000
vn 0.000000 0.000000 1.000000
vn 0.000000 0.000000 1.000000
vn 0.000000 0.000000 1.000000
vn 0.000000 0.000000 1.000000
vn 0.000000 0.000000 1.000000
vn 0.000000 0.000000 1.000000
vn 0.000000 0.000000 1.000000
vn 0.000000 0.000000 1.000000
vn 0.000000 0.000000 1.000000
vn 0.000000 0.000000 1.000000
vn 0.000000 0.000000 1.000000
vn 0.000000 0.000000 1.000000
vn 0.000000 0.000000 1.000000
vn 0.000000 0.000000 1.000000
vn 0.000000 0.000000 1.000000
vn 0.000000 0.000000 1.000000
vn 0.000000 0.000000 1.000000
vn 0.000000 0.000000 1.000000
vn 0.000000 0.000000 1.000000
vn 0.000000 0.000000 1.000000
vn 0.000000 0.000000 1.000000
vn 0.000000 0.000000 1.000000
vn 0.000000 0.000000 1.000000
vn 0.000000 0.000000 1.000000
vn 0.000000 0.000000 1.000000
vn 0.000000 0.000000 1.000000
vn 0.000000 0.000000 1.000000
vn 0.000000 0.000000 1.000000
vn 0.000000 0.000000 1.000000
vn 0.000000 0.000000 1.000000
vn 0.000000 0.000000 1.000000
vn 0.000000 0.000000 1.000000
vn 0.000000 0.000000 1.000000
vn 0.000000 0.000000 1.000000
vn 0.000000 0.000000 1.000000
vn 0.000000 0.000000 1.000000
vn 0.000000 0.000000 1.000000
vn 0.000000 0.000000 1.000000
vn 0.000000 0.000000 1.000000
vn 0.000000 0.000000 1.000000
vn 0.000000 0.000000 1.000000
vn 0.000000 0.000000 1.000000
vn 0.000000 0.000000 1.000000
vn 0.000000 0.000000 1.000000
vn 0.000000 0.000000 1.000000
vn 0.000000 0.000000 1.000000
vn 0.000000 0.000000 1.000000
vn 0.000000 0.000000 1.000000
vn 0.000000 0.000000 1.000000
vn 0.000000 0.000000 1.000000
vn 0.000000 0.000000 1.000000
vn 0.000000 0.000000 1.000000
vn 0.000000 0.000000 1.000000
vn 0.000000 0.000000 1.000000
vn -0.781359 -0.623054 0.000000
vn -0.781359 -0.623054 0.000000
vn -0.781359 -0.623054 0.000000
vn -0.781359 -0.623054 0.000000
vn -0.433590 -0.900507 0.000000
vn -0.433590 -0.900507 0.000000
vn -0.433590 -0.900507 0.000000
vn -0.433590 -0.900507 0.000000
vn 0.000000 -1.000000 0.000000
vn 0.000000 -1.000000 0.000000
vn 0.000000 -1.000000 0.000000
vn 0.000000 -1.000000 0.000000
vn 0.433590 -0.900507 0.000000
vn 0.433590 -0.900507 0.000000
vn 0.433590 -0.900507 0.000000
vn 0.433590 -0.900507 0.000000
vn 0.781359 -0.623054 0.000000
vn 0.781359 -0.623054 0.000000
vn 0.781359 -0.623054 0.000000
vn 0.781359 -0.623054 0.000000
vn 0.974608 -0.222487 0.000000
vn 0.974608 -0.222487 0.000000
vn 0.974608 -0.222487 0.000000
vn 0.974608 -0.222487 0.000000
vn 0.974608 0.222487 0.000000
vn 0.974608 0.222487 0.000000
vn 0.974608 0.222487 0.000000
vn 0.974608 0.222487 0.000000
vn 0.781359 0.623054 0.000000
vn 0.781359 0.623054 0.000000
vn 0.781359 0.623054 0.000000
vn 0.781359 0.623054 0.000000
vn 0.433590 0.900507 0.000000
vn 0.433590 0.900507 0.000000
vn 0.433590 0.900507 0.000000
vn 0.433590 0.900507 0.000000
vn 0.000000 1.000000 0.000000
vn 0.000000 1.000000 0.000000
vn 0.000000 1.000000 0.000000
vn 0.000000 1.000000 0.000000
vn -0.433590 0.900507 0.000000
vn -0.433590 0.900507 0.000000
vn -0.433590 0.900507 0.000000
vn -0.433590 0.900507 0.000000
vn -0.781359 0.623054 0.000000
vn -0.781359 0.623054 0.000000
vn -0.781359 0.623054 0.000000
vn -0.781359 0.623054 0.000000
vn -0.974608 0.222487 0.000000
vn -0.974608 0.222487 0.000000
vn -0.974608 0.222487 0.000000
vn -0.974608 0.222487 0.000000
vn -0.974608 -0.222487 0.000000
vn -0.974608 -0.222487 0.000000
vn -0.974608 -0.222487 0.000000
vn -0.974608 -0.222487 0.000000
vn 0.000000 0.000000 1.000000
vn 0.000000 0.000000 1.000000
vn 0.000000 0.000000 1.000000
vn 0.000000 0.000000 1.000000
vn 0.000000 0.000000 1.000000
vn 0.000000 0.000000 1.000000
vn 0.000000 0.000000 1.000000
vn 0.000000 0.000000 1.000000
vn 0.000000 0.000000 1.000000
vn 0.000000 0.000000 1.000000
vn 0.000000 0.000000 1.000000
vn 0.000000 0.000000 1.000000
vn 0.000000 0.000000 1.000000
vn 0.000000 0.000000 1.000000
vn 0.000000 0.000000 1.000000
vn 0.000000 0.000000 1.000000
vn 0.000000 0.000000 1.000000
vn 0.000000 0.000000 1.000000
vn 0.000000 0.000000 1.000000
vn 0.000000 0.000000 1.000000
vn 0.000000 0.000000 1.000000
vn 0.000000 0.000000 1.000000
vn 0.000000 0.000000 1.000000
vn 0.000000 0.000000 1.000000
vn 0.000000 0.000000 1.000000
vn 0.000000 0.000000 1.000000
vn 0.000000 0.000000 1.000000
vn 0.000000 0.000000 1.000000
vn 0.000000 0.000000 1.000000
vn 0.000000 0.000000 1.000000
vn 0.000000 0.000000 1.000000
vn 0.000000 0.000000 1.000000
vn 0.000000 0.000000 1.000000
vn 0.000000 0.000000 1.000000
vn 0.000000 0.000000 1.000000
vn 0.000000 0.000000 1.000000
vn 0.000000 0.000000 1.000000
vn 0.000000 0.000000 1.000000
vn 0.000000 0.000000 1.000000
vn 0.000000 0.000000 1.000000
vn 0.000000 0.000000 1.000000
vn 0.000000 0.000000 1.000000
vn 0.000000 0.000000 1.000000
vn 0.000000 0.000000 1.000000
vn 0.000000 0.000000 1.000000
vn 0.000000 0.000000 1.000000
vn 0.000000 0.000000 1.000000
vn 0.000000 0.000000 1.000000
vn 0.000000 0.000000 1.000000
vn 0.000000 0.000000 1.000000
vn 0.000000 0.000000 1.000000
vn 0.000000 0.000000 1.000000
vn 0.000000 0.000000 1.000000
vn 0.000000 0.000000 1.000000
vn 0.000000 0.000000 1.000000
vn 0.000000 0.000000 1.000000
vn 0.781359 0.623024 0.000000
vn 0.781359 0.623024 0.000000
vn 0.781359 0.623024 0.000000
vn 0.781359 0.623024 0.000000
vn 0.433590 0.900507 0.000000
vn 0.433590 0.900507 0.000000
vn 0.433590 0.900507 0.000000
vn 0.433590 0.900507 0.000000
vn 0.000000 1.000000 0.000000
vn 0.000000 1.000000 0.000000
vn 0.000000 1.000000 0.000000
vn 0.000000 1.000000 0.000000
vn -0.433590 0.900507 0.000000
vn -0.433590 0.900507 0.000000
vn -0.433590 0.900507 0.000000
vn -0.433590 0.900507 0.000000
vn -0.781359 0.623054 0.000000
vn -0.781359 0.623054 0.000000
vn -0.781359 0.623054 0.000000
vn -0.781359 0.623054 0.000000
vn -0.974608 0.222487 0.000000
vn -0.974608 0.222487 0.000000
vn -0.974608 0.222487 0.000000
vn -0.974608 0.222487 0.000000
vn -0.974608 -0.222487 0.000000
vn -0.974608 -0.222487 0.000000
vn -0.974608 -0.222487 0.000000
vn -0.974608 -0.222487 0.000000
vn -0.781359 -0.623054 0.000000
vn -0.781359 -0.623054 0.000000
vn -0.781359 -0.623054 0.000000
vn -0.781359 -0.623054 0.000000
vn -0.433590 -0.900507 0.000000
vn -0.433590 -0.900507 0.000000
vn -0.433590 -0.900507 0.000000
vn -0.433590 -0.900507 0.000000
vn 0.000000 -1.000000 0.000000
vn 0.000000 -1.000000 0.000000
vn 0.000000 -1.000000 0.000000
vn 0.000000 -1.000000 0.000000
vn 0.433590 -0.900507 0.000000
vn 0.433590 -0.900507 0.000000
vn 0.433590 -0.900507 0.000000
vn 0.433590 -0.900507 0.000000
vn 0.781359 -0.623054 0.000000
vn 0.781359 -0.623054 0.000000
vn 0.781359 -0.623054 0.000000
vn 0.781359 -0.623054 0.000000
vn 0.974608 -0.222487 0.000000
vn 0.974608 -0.222487 0.000000
vn 0.974608 -0.222487 0.000000
vn 0.974608 -0.222487 0.000000
vn 0.974608 0.222487 0.000000
vn 0.974608 0.222487 0.000000
vn 0.974608 0.222487 0.000000
vn 0.974608 0.222487 0.000000
vn -1.000000 0.000000 0.000000
vn -1.000000 0.000000 0.000000
vn -0.900507 -0.433590 0.000000
vn -0.900507 -0.433590 0.000000
vn -0.900507 0.433590 0.000000
vn -0.900507 0.433590 0.000000
vn -0.623054 0.781359 0.000000
vn -0.623054 0.781359 0.000000
vn -0.222487 0.974608 0.000000
vn -0.222487 0.974608 0.000000
vn 0.222487 0.974608 0.000000
vn 0.222487 0.974608 0.000000
vn 0.623054 0.781359 0.000000
vn 0.623054 0.781359 0.000000
vn 0.900507 0.433590 0.000000
vn 0.900507 0.433590 0.000000
vn 1.000000 0.000000 0.000000
vn 1.000000 0.000000 0.000000
vn 0.900507 -0.433590 0.000000
vn 0.900507 -0.433590 0.000000
vn 0.623054 -0.781359 0.000000
vn 0.623054 -0.781359 0.000000
vn 0.222487 -0.974608 0.000000
vn 0.222487 -0.974608 0.000000
vn -0.222487 -0.974608 0.000000
vn -0.222487 -0.974608 0.000000
vn -0.623054 -0.781359 0.000000
vn -0.623054 -0.781359 0.000000
vn -1.000000 0.000000 0.000000
vn -1.000000 0.000000 0.000000
vn -0.900507 -0.433590 0.000000
vn -0.900507 -0.433590 0.000000
vn -0.900507 0.433590 0.000000
vn -0.900507 0.433590 0.000000
vn -0.623054 0.781359 0.000000
vn -0.623054 0.781359 0.000000
vn -0.222487 0.974608 0.000000
vn -0.222487 0.974608 0.000000
vn 0.222487 0.974608 0.000000
vn 0.222487 0.974608 0.000000
vn 0.623054 0.781359 0.000000
vn 0.623054 0.781359 0.000000
vn 0.900507 0.433590 0.000000
vn 0.900507 0.433590 0.000000
vn 1.000000 0.000000 0.000000
vn 1.000000 0.000000 0.000000
vn 0.900507 -0.433590 0.000000
vn 0.900507 -0.433590 0.000000
vn 0.623054 -0.781359 0.000000
vn 0.623054 -0.781359 0.000000
vn 0.222487 -0.974608 0.000000
vn 0.222487 -0.974608 0.000000
vn -0.222487 -0.974608 0.000000
vn -0.222487 -0.974608 0.000000
vn -0.623054 -0.781359 0.000000
vn -0.623054 -0.781359 0.000000
vn -1.000000 0.000000 0.000000
vn -1.000000 0.000000 0.000000
vn -0.900507 -0.433590 0.000000
vn -0.900507 -0.433590 0.000000
vn -0.900507 0.433590 0.000000
vn -0.900507 0.433590 0.000000
vn -0.623054 0.781359 0.000000
vn -0.623054 0.781359 0.000000
vn -0.222487 0.974608 0.000000
vn -0.222487 0.974608 0.000000
vn 0.222487 0.974608 0.000000
vn 0.222487 0.974608 0.000000
vn 0.623054 0.781359 0.000000
vn 0.623054 0.781359 0.000000
vn 0.900507 0.433590 0.000000
vn 0.900507 0.433590 0.000000
vn 1.000000 0.000000 0.000000
vn 1.000000 0.000000 0.000000
vn 0.900507 -0.433590 0.000000
vn 0.900507 -0.433590 0.000000
vn 0.623054 -0.781359 0.000000
vn 0.623054 -0.781359 0.000000
vn 0.222487 -0.974608 0.000000
vn 0.222487 -0.974608 0.000000
vn -0.222487 -0.974608 0.000000
vn -0.222487 -0.974608 0.000000
vn -0.623054 -0.781359 0.000000
vn -0.623054 -0.781359 0.000000
vn -1.000000 0.000000 0.000000
vn -1.000000 0.000000 0.000000
vn -0.900507 -0.433590 0.000000
vn -0.900507 -0.433590 0.000000
vn -0.900507 0.433590 0.000000
vn -0.900507 0.433590 0.000000
vn -0.623054 0.781359 0.000000
vn -0.623054 0.781359 0.000000
vn -0.222487 0.974608 0.000000
vn -0.222487 0.974608 0.000000
vn 0.222487 0.974608 0.000000
vn 0.222487 0.974608 0.000000
vn 0.623054 0.781359 0.000000
vn 0.623054 0.781359 0.000000
vn 0.900507 0.433590 0.000000
vn 0.900507 0.433590 0.000000
vn 1.000000 0.000000 0.000000
vn 1.000000 0.000000 0.000000
vn 0.900507 -0.433590 0.000000
vn 0.900507 -0.433590 0.000000
vn 0.623054 -0.781359 0.000000
vn 0.623054 -0.781359 0.000000
vn 0.222487 -0.974608 0.000000
vn 0.222487 -0.974608 0.000000
vn -0.222487 -0.974608 0.000000
vn -0.222487 -0.974608 0.000000
vn -0.623054 -0.781359 0.000000
vn -0.623054 -0.781359 0.000000
vn 0.000000 0.000000 1.000000
vn 0.000000 0.000000 1.000000
vn 0.000000 0.000000 1.000000
vn 0.000000 0.000000 1.000000
vn 0.000000 0.000000 -1.000000
vn 0.000000 0.000000 -1.000000
vn 0.000000 0.000000 -1.000000
vn 0.000000 0.000000 -1.000000
vn 0.000000 0.000000 1.000000
vn 0.000000 0.000000 1.000000
vn 0.000000 0.000000 -1.000000
vn 0.000000 0.000000 -1.000000
vn 0.000000 0.000000 1.000000
vn 0.000000 0.000000 1.000000
vn 0.000000 0.000000 -1.000000
vn 0.000000 0.000000 -1.000000
vn 0.000000 0.000000 1.000000
vn 0.000000 0.000000 1.000000
vn 0.000000 0.000000 -1.000000
vn 0.000000 0.000000 -1.000000
vn 0.000000 0.000000 1.000000
vn 0.000000 0.000000 1.000000
vn 0.000000 0.000000 -1.000000
vn 0.000000 0.000000 -1.000000
vn 0.000000 0.000000 1.000000
vn 0.000000 0.000000 1.000000
vn 0.000000 0.000000 -1.000000
vn 0.000000 0.000000 -1.000000
vn 0.000000 0.000000 1.000000
vn 0.000000 0.000000 1.000000
vn 0.000000 0.000000 -1.000000
vn 0.000000 0.000000 -1.000000
vn 0.000000 0.000000 1.000000
vn 0.000000 0.000000 1.000000
vn 0.000000 0.000000 -1.000000
vn 0.000000 0.000000 -1.000000
vn 0.000000 0.000000 1.000000
vn 0.000000 0.000000 1.000000
vn 0.000000 0.000000 -1.000000
vn 0.000000 0.000000 -1.000000
vn 0.000000 0.000000 1.000000
vn 0.000000 0.000000 1.000000
vn 0.000000 0.000000 -1.000000
vn 0.000000 0.000000 -1.000000
vn 0.000000 0.000000 1.000000
vn 0.000000 0.000000 1.000000
vn 0.000000 0.000000 -1.000000
vn 0.000000 0.000000 -1.000000
vn 0.000000 0.000000 1.000000
vn 0.000000 0.000000 1.000000
vn 0.000000 0.000000 -1.000000
vn 0.000000 0.000000 -1.000000
vn 0.000000 0.000000 1.000000
vn 0.000000 0.000000 1.000000
vn 0.000000 0.000000 -1.000000
vn 0.000000 0.000000 -1.000000
vn 0.000000 0.000000 1.000000
vn 0.000000 0.000000 1.000000
vn 0.000000 0.000000 1.000000
vn 0.000000 0.000000 1.000000
vn 0.000000 0.000000 -1.000000
vn 0.000000 0.000000 -1.000000
vn 0.000000 0.000000 -1.000000
vn 0.000000 0.000000 -1.000000
vn 0.000000 0.000000 1.000000
vn 0.000000 0.000000 1.000000
vn 0.000000 0.000000 -1.000000
vn 0.000000 0.000000 -1.000000
vn 0.000000 0.000000 1.000000
vn 0.000000 0.000000 1.000000
vn 0.000000 0.000000 -1.000000
vn 0.000000 0.000000 -1.000000
vn 0.000000 0.000000 1.000000
vn 0.000000 0.000000 1.000000
vn 0.000000 0.000000 -1.000000
vn 0.000000 0.000000 -1.000000
vn 0.000000 0.000000 1.000000
vn 0.000000 0.000000 1.000000
vn 0.000000 0.000000 -1.000000
vn 0.000000 0.000000 -1.000000
vn 0.000000 0.000000 1.000000
vn 0.000000 0.000000 1.000000
vn 0.000000 0.000000 -1.000000
vn 0.000000 0.000000 -1.000000
vn 0.000000 0.000000 1.000000
vn 0.000000 0.000000 1.000000
vn 0.000000 0.000000 -1.000000
vn 0.000000 0.000000 -1.000000
vn 0.000000 0.000000 1.000000
vn 0.000000 0.000000 1.000000
vn 0.000000 0.000000 -1.000000
vn 0.000000 0.000000 -1.000000
vn 0.000000 0.000000 1.000000
vn 0.000000 0.000000 1.000000
vn 0.000000 0.000000 -1.000000
vn 0.000000 0.000000 -1.000000
vn 0.000000 0.000000 1.000000
vn 0.000000 0.000000 1.000000
vn 0.000000 0.000000 -1.000000
vn 0.000000 0.000000 -1.000000
vn 0.000000 0.000000 1.000000
vn 0.000000 0.000000 1.000000
vn 0.000000 0.000000 -1.000000
vn 0.000000 0.000000 -1.000000
vn 0.000000 0.000000 1.000000
vn 0.000000 0.000000 1.000000
vn 0.000000 0.000000 -1.000000
vn 0.000000 0.000000 -1.000000
vn 0.000000 0.000000 1.000000
vn 0.000000 0.000000 1.000000
vn 0.000000 0.000000 -1.000000
vn 0.000000 0.000000 -1.000000
vn -0.724532 -0.577764 -0.375725
vn -0.724532 -0.577764 -0.375725
vn -0.724532 -0.577764 -0.375725
vn -0.724532 -0.577764 -0.375725
vn -0.402033 -0.834524 -0.375725
vn -0.402033 -0.834524 -0.375725
vn -0.402033 -0.834524 -0.375725
vn -0.402033 -0.834524 -0.375725
vn 0.000000 -0.926296 -0.375725
vn 0.000000 -0.926296 -0.375725
vn 0.000000 -0.926296 -0.375725
vn 0.000000 -0.926296 -0.375725
vn 0.402033 -0.834524 -0.375725
vn 0.402033 -0.834524 -0.375725
vn 0.402033 -0.834524 -0.375725
vn 0.402033 -0.834524 -0.375725
vn 0.724532 -0.577764 -0.375725
vn 0.724532 -0.577764 -0.375725
vn 0.724532 -0.577764 -0.375725
vn 0.724532 -0.577764 -0.375725
vn 0.903406 -0.206037 -0.375725
vn 0.903406 -0.206037 -0.375725
vn 0.903406 -0.206037 -0.375725
vn 0.903406 -0.206037 -0.375725
vn 0.903406 0.206037 -0.375725
vn 0.903406 0.206037 -0.375725
vn 0.903406 0.206037 -0.375725
vn 0.903406 0.206037 -0.375725
vn 0.724532 0.577764 -0.375725
vn 0.724532 0.577764 -0.375725
vn 0.724532 0.577764 -0.375725
vn 0.724532 0.577764 -0.375725
vn 0.402033 0.834524 -0.375725
vn 0.402033 0.834524 -0.375725
vn 0.402033 0.834524 -0.375725
vn 0.402033 0.834524 -0.375725
vn 0.000000 0.926296 -0.375725
vn 0.000000 0.926296 -0.375725
vn 0.000000 0.926296 -0.375725
vn 0.000000 0.926296 -0.375725
vn -0.402033 0.834524 -0.375725
vn -0.402033 0.834524 -0.375725
vn -0.402033 0.834524 -0.375725
vn -0.402033 0.834524 -0.375725
vn -0.724532 0.577764 -0.375725
vn -0.724532 0.577764 -0.375725
vn -0.724532 0.577764 -0.375725
vn -0.724532 0.577764 -0.375725
vn -0.903406 0.206037 -0.375725
vn -0.903406 0.206037 -0.375725
vn -0.903406 0.206037 -0.375725
vn -0.903406 0.206037 -0.375725
vn -0.903406 -0.206037 -0.375725
vn -0.903406 -0.206037 -0.375725
vn -0.903406 -0.206037 -0.375725
vn -0.903406 -0.206037 -0.375725
vn 0.000000 0.000000 -1.000000
vn 0.000000 0.000000 -1.000000
vn 0.000000 0.000000 -1.000000
vn 0.000000 0.000000 -1.000000
vn 0.000000 0.000000 -1.000000
vn 0.000000 0.000000 -1.000000
vn 0.000000 0.000000 -1.000000
vn 0.000000 0.000000 -1.000000
vn 0.000000 0.000000 -1.000000
vn 0.000000 0.000000 -1.000000
vn 0.000000 0.000000 -1.000000
vn 0.000000 0.000000 -1.000000
vn 0.000000 0.000000 -1.000000
vn 0.000000 0.000000 -1.000000
vn 0.000000 0.000000 -1.000000
vn 0.000000 0.000000 -1.000000
vn 0.000000 0.000000 -1.000000
vn 0.000000 0.000000 -1.000000
vn 0.000000 0.000000 -1.000000
vn 0.000000 0.000000 -1.000000
vn 0.000000 0.000000 -1.000000
vn 0.000000 0.000000 -1.000000
vn 0.000000 0.000000 -1.000000
vn 0.000000 0.000000 -1.000000
vn 0.000000 0.000000 -1.000000
vn 0.000000 0.000000 -1.000000
vn 0.000000 0.000000 -1.000000
vn 0.000000 0.000000 -1.000000
vn 0.000000 0.000000 -1.000000
vn 0.000000 0.000000 -1.000000
vn 0.000000 0.000000 -1.000000
vn 0.000000 0.000000 -1.000000
vn 0.000000 0.000000 -1.000000
vn 0.000000 0.000000 -1.000000
vn 0.000000 0.000000 -1.000000
vn 0.000000 0.000000 -1.000000
vn 0.000000 0.000000 -1.000000
vn 0.000000 0.000000 -1.000000
vn 0.000000 0.000000 -1.000000
vn 0.000000 0.000000 -1.000000
vn 0.000000 0.000000 -1.000000
vn 0.000000 0.000000 -1.000000
vn 0.000000 0.000000 -1.000000
vn 0.000000 0.000000 -1.000000
vn 0.000000 0.000000 -1.000000
vn 0.000000 0.000000 -1.000000
vn 0.000000 0.000000 -1.000000
vn 0.000000 0.000000 -1.000000
vn 0.000000 0.000000 -1.000000
vn 0.000000 0.000000 -1.000000
vn 0.000000 0.000000 -1.000000
vn 0.000000 0.000000 -1.000000
vn 0.000000 0.000000 -1.000000
vn 0.000000 0.000000 -1.000000
vn 0.000000 0.000000 -1.000000
vn 0.000000 0.000000 -1.000000
vn -0.781359 -0.623054 0.000000
vn -0.781359 -0.623054 0.000000
vn -0.781359 -0.623054 0.000000
vn -0.781359 -0.623054 0.000000
vn -0.433590 -0.900507 0.000000
vn -0.433590 -0.900507 0.000000
vn -0.433590 -0.900507 0.000000
vn -0.433590 -0.900507 0.000000
vn 0.000000 -1.000000 0.000000
vn 0.000000 -1.000000 0.000000
vn 0.000000 -1.000000 0.000000
vn 0.000000 -1.000000 0.000000
vn 0.433590 -0.900507 0.000000
vn 0.433590 -0.900507 0.000000
vn 0.433590 -0.900507 0.000000
vn 0.433590 -0.900507 0.000000
vn 0.781359 -0.623054 0.000000
vn 0.781359 -0.623054 0.000000
vn 0.781359 -0.623054 0.000000
vn 0.781359 -0.623054 0.000000
vn 0.974608 -0.222487 0.000000
vn 0.974608 -0.222487 0.000000
vn 0.974608 -0.222487 0.000000
vn 0.974608 -0.222487 0.000000
vn 0.974608 0.222487 0.000000
vn 0.974608 0.222487 0.000000
vn 0.974608 0.222487 0.000000
vn 0.974608 0.222487 0.000000
vn 0.781359 0.623054 0.000000
vn 0.781359 0.623054 0.000000
vn 0.781359 0.623054 0.000000
vn 0.781359 0.623054 0.000000
vn 0.433590 0.900507 0.000000
vn 0.433590 0.900507 0.000000
vn 0.433590 0.900507 0.000000
vn 0.433590 0.900507 0.000000
vn 0.000000 1.000000 0.000000
vn 0.000000 1.000000 0.000000
vn 0.000000 1.000000 0.000000
vn 0.000000 1.000000 0.000000
vn -0.433590 0.900507 0.000000
vn -0.433590 0.900507 0.000000
vn -0.433590 0.900507 0.000000
vn -0.433590 0.900507 0.000000
vn -0.781359 0.623054 0.000000
vn -0.781359 0.623054 0.000000
vn -0.781359 0.623054 0.000000
vn -0.781359 0.623054 0.000000
vn -0.974608 0.222487 0.000000
vn -0.974608 0.222487 0.000000
vn -0.974608 0.222487 0.000000
vn -0.974608 0.222487 0.000000
vn -0.974608 -0.222487 0.000000
vn -0.974608 -0.222487 0.000000
vn -0.974608 -0.222487 0.000000
vn -0.974608 -0.222487 0.000000
vn 0.000000 0.000000 -1.000000
vn 0.000000 0.000000 -1.000000
vn 0.000000 0.000000 -1.000000
vn 0.000000 0.000000 -1.000000
vn 0.000000 0.000000 -1.000000
vn 0.000000 0.000000 -1.000000
vn 0.000000 0.000000 -1.000000
vn 0.000000 0.000000 -1.000000
vn 0.000000 0.000000 -1.000000
vn 0.000000 0.000000 -1.000000
vn 0.000000 0.000000 -1.000000
vn 0.000000 0.000000 -1.000000
vn 0.000000 0.000000 -1.000000
vn 0.000000 0.000000 -1.000000
vn 0.000000 0.000000 -1.000000
vn 0.000000 0.000000 -1.000000
vn 0.000000 0.000000 -1.000000
vn 0.000000 0.000000 -1.000000
vn 0.000000 0.000000 -1.000000
vn 0.000000 0.000000 -1.000000
vn 0.000000 0.000000 -1.000000
vn 0.000000 0.000000 -1.000000
vn 0.000000 0.000000 -1.000000
vn 0.000000 0.000000 -1.000000
vn 0.000000 0.000000 -1.000000
vn 0.000000 0.000000 -1.000000
vn 0.000000 0.000000 -1.000000
vn 0.000000 0.000000 -1.000000
vn 0.000000 0.000000 -1.000000
vn 0.000000 0.000000 -1.000000
vn 0.000000 0.000000 -1.000000
vn 0.000000 0.000000 -1.000000
vn 0.000000 0.000000 -1.000000
vn 0.000000 0.000000 -1.000000
vn 0.000000 0.000000 -1.000000
vn 0.000000 0.000000 -1.000000
vn 0.000000 0.000000 -1.000000
vn 0.000000 0.000000 -1.000000
vn 0.000000 0.000000 -1.000000
vn 0.000000 0.000000 -1.000000
vn 0.000000 0.000000 -1.000000
vn 0.000000 0.000000 -1.000000
vn 0.000000 0.000000 -1.000000
vn 0.000000 0.000000 -1.000000
vn 0.000000 0.000000 -1.000000
vn 0.000000 0.000000 -1.000000
vn 0.000000 0.000000 -1.000000
vn 0.000000 0.000000 -1.000000
vn 0.000000 0.000000 -1.000000
vn 0.000000 0.000000 -1.000000
vn 0.000000 0.000000 -1.000000
vn 0.000000 0.000000 -1.000000
vn 0.000000 0.000000 -1.000000
vn 0.000000 0.000000 -1.000000
vn 0.000000 0.000000 -1.000000
vn 0.000000 0.000000 -1.000000
vn 0.781359 0.623054 0.000000
vn 0.781359 0.623054 0.000000
vn 0.781359 0.623054 0.000000
vn 0.781359 0.623054 0.000000
vn 0.433590 0.900507 0.000000
vn 0.433590 0.900507 0.000000
vn 0.433590 0.900507 0.000000
vn 0.433590 0.900507 0.000000
vn 0.000000 1.000000 0.000000
vn 0.000000 1.000000 0.000000
vn 0.000000 1.000000 0.000000
vn 0.000000 1.000000 0.000000
vn -0.433590 0.900507 0.000000
vn -0.433590 0.900507 0.000000
vn -0.433590 0.900507 0.000000
vn -0.433590 0.900507 0.000000
vn -0.781359 0.623054 0.000000
vn -0.781359 0.623054 0.000000
vn -0.781359 0.623054 0.000000
vn -0.781359 0.623054 0.000000
vn -0.974608 0.222487 0.000000
vn -0.974608 0.222487 0.000000
vn -0.974608 0.222487 0.000000
vn -0.974608 0.222487 0.000000
vn -0.974608 -0.222487 0.000000
vn -0.974608 -0.222487 0.000000
vn -0.974608 -0.222487 0.000000
vn -0.974608 -0.222487 0.000000
vn -0.781359 -0.623054 0.000000
vn -0.781359 -0.623054 0.000000
vn -0.781359 -0.623054 0.000000
vn -0.781359 -0.623054 0.000000
vn -0.433590 -0.900507 0.000000
vn -0.433590 -0.900507 0.000000
vn -0.433590 -0.900507 0.000000
vn -0.433590 -0.900507 0.000000
vn 0.000000 -1.000000 0.000000
vn 0.000000 -1.000000 0.000000
vn 0.000000 -1.000000 0.000000
vn 0.000000 -1.000000 0.000000
vn 0.433590 -0.900507 0.000000
vn 0.433590 -0.900507 0.000000
vn 0.433590 -0.900507 0.000000
vn 0.433590 -0.900507 0.000000
vn 0.781359 -0.623054 0.000000
vn 0.781359 -0.623054 0.000000
vn 0.781359 -0.623054 0.000000
vn 0.781359 -0.623054 0.000000
vn 0.974608 -0.222487 0.000000
vn 0.974608 -0.222487 0.000000
vn 0.974608 -0.222487 0.000000
vn 0.974608 -0.222487 0.000000
vn 0.974608 0.222487 0.000000
vn 0.974608 0.222487 0.000000
vn 0.974608 0.222487 0.000000
vn 0.974608 0.222487 0.000000
vn -1.000000 0.000000 0.000000
vn -1.000000 0.000000 0.000000
vn -0.900507 -0.433590 0.000000
vn -0.900507 -0.433590 0.000000
vn -0.900507 0.433590 0.000000
vn -0.900507 0.433590 0.000000
vn -0.623054 0.781359 0.000000
vn -0.623054 0.781359 0.000000
vn -0.222487 0.974608 0.000000
vn -0.222487 0.974608 0.000000
vn 0.222487 0.974608 0.000000
vn 0.222487 0.974608 0.000000
vn 0.623054 0.781359 0.000000
vn 0.623054 0.781359 0.000000
vn 0.900507 0.433590 0.000000
vn 0.900507 0.433590 0.000000
vn 1.000000 0.000000 0.000000
vn 1.000000 0.000000 0.000000
vn 0.900507 -0.433590 0.000000
vn 0.900507 -0.433590 0.000000
vn 0.623054 -0.781359 0.000000
vn 0.623054 -0.781359 0.000000
vn 0.222487 -0.974608 0.000000
vn 0.222487 -0.974608 0.000000
vn -0.222487 -0.974608 0.000000
vn -0.222487 -0.974608 0.000000
vn -0.623054 -0.781359 0.000000
vn -0.623054 -0.781359 0.000000
vn -1.000000 0.000000 0.000000
vn -1.000000 0.000000 0.000000
vn -0.900507 -0.433590 0.000000
vn -0.900507 -0.433590 0.000000
vn -0.900507 0.433590 0.000000
vn -0.900507 0.433590 0.000000
vn -0.623054 0.781359 0.000000
vn -0.623054 0.781359 0.000000
vn -0.222487 0.974608 0.000000
vn -0.222487 0.974608 0.000000
vn 0.222487 0.974608 0.000000
vn 0.222487 0.974608 0.000000
vn 0.623054 0.781359 0.000000
vn 0.623054 0.781359 0.000000
vn 0.900507 0.433590 0.000000
vn 0.900507 0.433590 0.000000
vn 1.000000 0.000000 0.000000
vn 1.000000 0.000000 0.000000
vn 0.900507 -0.433590 0.000000
vn 0.900507 -0.433590 0.000000
vn 0.623054 -0.781359 0.000000
vn 0.623054 -0.781359 0.000000
vn 0.222487 -0.974608 0.000000
vn 0.222487 -0.974608 0.000000
vn -0.222487 -0.974608 0.000000
vn -0.222487 -0.974608 0.000000
vn -0.623054 -0.781359 0.000000
vn -0.623054 -0.781359 0.000000
vn -1.000000 0.000000 0.000000
vn -1.000000 0.000000 0.000000
vn -0.900507 -0.433590 0.000000
vn -0.900507 -0.433590 0.000000
vn -0.900507 0.433590 0.000000
vn -0.900507 0.433590 0.000000
vn -0.623054 0.781359 0.000000
vn -0.623054 0.781359 0.000000
vn -0.222487 0.974608 0.000000
vn -0.222487 0.974608 0.000000
vn 0.222487 0.974608 0.000000
vn 0.222487 0.974608 0.000000
vn 0.623054 0.781359 0.000000
vn 0.623054 0.781359 0.000000
vn 0.900507 0.433590 0.000000
vn 0.900507 0.433590 0.000000
vn 1.000000 0.000000 0.000000
vn 1.000000 0.000000 0.000000
vn 0.900507 -0.433590 0.000000
vn 0.900507 -0.433590 0.000000
vn 0.623054 -0.781359 0.000000
vn 0.623054 -0.781359 0.000000
vn 0.222487 -0.974608 0.000000
vn 0.222487 -0.974608 0.000000
vn -0.222487 -0.974608 0.000000
vn -0.222487 -0.974608 0.000000
vn -0.623054 -0.781359 0.000000
vn -0.623054 -0.781359 0.000000
vn -1.000000 0.000000 0.000000
vn -1.000000 0.000000 0.000000
vn -0.900507 -0.433590 0.000000
vn -0.900507 -0.433590 0.000000
vn -0.900507 0.433590 0.000000
vn -0.900507 0.433590 0.000000
vn -0.623054 0.781359 0.000000
vn -0.623054 0.781359 0.000000
vn -0.222487 0.974608 0.000000
vn -0.222487 0.974608 0.000000
vn 0.222487 0.974608 0.000000
vn 0.222487 0.974608 0.000000
vn 0.623054 0.781359 0.000000
vn 0.623054 0.781359 0.000000
vn 0.900507 0.433590 0.000000
vn 0.900507 0.433590 0.000000
vn 1.000000 0.000000 0.000000
vn 1.000000 0.000000 0.000000
vn 0.900507 -0.433590 0.000000
vn 0.900507 -0.433590 0.000000
vn 0.623054 -0.781359 0.000000
vn 0.623054 -0.781359 0.000000
vn 0.222487 -0.974608 0.000000
vn 0.222487 -0.974608 0.000000
vn -0.222487 -0.974608 0.000000
vn -0.222487 -0.974608 0.000000
vn -0.623054 -0.781359 0.000000
vn -0.623054 -0.781359 0.000000
vn 0.000000 0.000000 1.000000
vn 0.000000 0.000000 1.000000
vn 0.000000 0.000000 1.000000
vn 0.000000 0.000000 1.000000
vn 0.000000 0.000000 -1.000000
vn 0.000000 0.000000 -1.000000
vn 0.000000 0.000000 -1.000000
vn 0.000000 0.000000 -1.000000
vn 0.000000 0.000000 1.000000
vn 0.000000 0.000000 1.000000
vn 0.000000 0.000000 -1.000000
vn 0.000000 0.000000 -1.000000
vn 0.000000 0.000000 1.000000
vn 0.000000 0.000000 1.000000
vn 0.000000 0.000000 -1.000000
vn 0.000000 0.000000 -1.000000
vn 0.000000 0.000000 1.000000
vn 0.000000 0.000000 1.000000
vn 0.000000 0.000000 -1.000000
vn 0.000000 0.000000 -1.000000
vn 0.000000 0.000000 1.000000
vn 0.000000 0.000000 1.000000
vn 0.000000 0.000000 -1.000000
vn 0.000000 0.000000 -1.000000
vn 0.000000 0.000000 1.000000
vn 0.000000 0.000000 1.000000
vn 0.000000 0.000000 -1.000000
vn 0.000000 0.000000 -1.000000
vn 0.000000 0.000000 1.000000
vn 0.000000 0.000000 1.000000
vn 0.000000 0.000000 -1.000000
vn 0.000000 0.000000 -1.000000
vn 0.000000 0.000000 1.000000
vn 0.000000 0.000000 1.000000
vn 0.000000 0.000000 -1.000000
vn 0.000000 0.000000 -1.000000
vn 0.000000 0.000000 1.000000
vn 0.000000 0.000000 1.000000
vn 0.000000 0.000000 -1.000000
vn 0.000000 0.000000 -1.000000
vn 0.000000 0.000000 1.000000
vn 0.000000 0.000000 1.000000
vn 0.000000 0.000000 -1.000000
vn 0.000000 0.000000 -1.000000
vn 0.000000 0.000000 1.000000
vn 0.000000 0.000000 1.000000
vn 0.000000 0.000000 -1.000000
vn 0.000000 0.000000 -1.000000
vn 0.000000 0.000000 1.000000
vn 0.000000 0.000000 1.000000
vn 0.000000 0.000000 -1.000000
vn 0.000000 0.000000 -1.000000
vn 0.000000 0.000000 1.000000
vn 0.000000 0.000000 1.000000
vn 0.000000 0.000000 -1.000000
vn 0.000000 0.000000 -1.000000
vn 0.000000 0.000000 1.000000
vn 0.000000 0.000000 1.000000
vn 0.000000 0.000000 1.000000
vn 0.000000 0.000000 1.000000
vn 0.000000 0.000000 -1.000000
vn 0.000000 0.000000 -1.000000
vn 0.000000 0.000000 -1.000000
vn 0.000000 0.000000 -1.000000
vn 0.000000 0.000000 1.000000
vn 0.000000 0.000000 1.000000
vn 0.000000 0.000000 -1.000000
vn 0.000000 0.000000 -1.000000
vn 0.000000 0.000000 1.000000
vn 0.000000 0.000000 1.000000
vn 0.000000 0.000000 -1.000000
vn 0.000000 0.000000 -1.000000
vn 0.000000 0.000000 1.000000
vn 0.000000 0.000000 1.000000
vn 0.000000 0.000000 -1.000000
vn 0.000000 0.000000 -1.000000
vn 0.000000 0.000000 1.000000
vn 0.000000 0.000000 1.000000
vn 0.000000 0.000000 -1.000000
vn 0.000000 0.000000 -1.000000
vn 0.000000 0.000000 1.000000
vn 0.000000 0.000000 1.000000
vn 0.000000 0.000000 -1.000000
vn 0.000000 0.000000 -1.000000
vn 0.000000 0.000000 1.000000
vn 0.000000 0.000000 1.000000
vn 0.000000 0.000000 -1.000000
vn 0.000000 0.000000 -1.000000
vn 0.000000 0.000000 1.000000
vn 0.000000 0.000000 1.000000
vn 0.000000 0.000000 -1.000000
vn 0.000000 0.000000 -1.000000
vn 0.000000 0.000000 1.000000
vn 0.000000 0.000000 1.000000
vn 0.000000 0.000000 -1.000000
vn 0.000000 0.000000 -1.000000
vn 0.000000 0.000000 1.000000
vn 0.000000 0.000000 1.000000
vn 0.000000 0.000000 -1.000000
vn 0.000000 0.000000 -1.000000
vn 0.000000 0.000000 1.000000
vn 0.000000 0.000000 1.000000
vn 0.000000 0.000000 -1.000000
vn 0.000000 0.000000 -1.000000
vn 0.000000 0.000000 1.000000
vn 0.000000 0.000000 1.000000
vn 0.000000 0.000000 -1.000000
vn 0.000000 0.000000 -1.000000
vn 0.000000 0.000000 1.000000
vn 0.000000 0.000000 1.000000
vn 0.000000 0.000000 -1.000000
vn 0.000000 0.000000 -1.000000
# 2062 uv coords
vt 0.688309 0.174602
vt 0.772180 0.328027
vt 0.942655 0.174036
vt 0.846624 0.328148
vt 0.686757 0.158530
vt 0.772360 0.332619
vt 0.846503 0.332713
vt 0.931702 0.180512
vt 0.843675 0.321063
vt 0.775389 0.321016
vt 0.698409 0.180978
vt 0.930661 0.181595
vt 0.841472 0.319052
vt 0.777661 0.319162
vt 0.699504 0.182137
vt 0.944149 0.157905
vt 0.910566 0.824123
vt 0.897521 0.824069
vt 0.764487 0.844075
vt 0.766816 0.841431
vt 0.769375 0.839016
vt 0.772197 0.836889
vt 0.775264 0.835134
vt 0.778554 0.833805
vt 0.782010 0.832974
vt 0.785556 0.832665
vt 0.789115 0.832871
vt 0.792603 0.833603
vt 0.795942 0.834828
vt 0.799072 0.836498
vt 0.801953 0.838549
vt 0.804584 0.840901
vt 0.806981 0.843496
vt 0.809179 0.846270
vt 0.760258 0.849767
vt 0.762341 0.846876
vt 0.833480 0.843321
vt 0.836842 0.844807
vt 0.840381 0.845848
vt 0.844039 0.846427
vt 0.847747 0.846548
vt 0.851432 0.846256
vt 0.855010 0.845668
vt 0.858397 0.845229
vt 0.861800 0.845502
vt 0.865401 0.845920
vt 0.869099 0.846032
vt 0.872801 0.845736
vt 0.876424 0.844982
vt 0.879912 0.843770
vt 0.883202 0.842127
vt 0.886259 0.840107
vt 0.827324 0.839362
vt 0.830326 0.841454
vt 0.769429 0.848990
vt 0.771206 0.846791
vt 0.773157 0.844780
vt 0.775300 0.843007
vt 0.777651 0.841525
vt 0.780183 0.840408
vt 0.782859 0.839703
vt 0.788424 0.839613
vt 0.791145 0.840233
vt 0.793733 0.841274
vt 0.796136 0.842688
vt 0.798336 0.844407
vt 0.800342 0.846369
vt 0.802178 0.848510
vt 0.803893 0.850790
vt 0.766484 0.853923
vt 0.767817 0.851351
vt 0.835995 0.837517
vt 0.838729 0.838796
vt 0.841700 0.839681
vt 0.844846 0.840152
vt 0.848097 0.840197
vt 0.851400 0.839788
vt 0.854713 0.838859
vt 0.861772 0.838689
vt 0.865125 0.839456
vt 0.868447 0.839707
vt 0.871693 0.839505
vt 0.874813 0.838882
vt 0.877739 0.837858
vt 0.880410 0.836449
vt 0.882731 0.834667
vt 0.831632 0.833720
vt 0.833589 0.835852
vt 0.723923 0.057585
vt 0.722733 0.057190
vt 0.720080 0.057142
vt 0.718877 0.057493
vt 0.717674 0.057615
vt 0.716498 0.057450
vt 0.715421 0.057015
vt 0.714442 0.056386
vt 0.728398 0.056646
vt 0.727393 0.057236
vt 0.726301 0.057629
vt 0.725121 0.057750
vt 0.720920 0.051486
vt 0.719668 0.051674
vt 0.718433 0.052090
vt 0.715682 0.052090
vt 0.714447 0.051674
vt 0.713198 0.051488
vt 0.711955 0.051594
vt 0.710802 0.051977
vt 0.709743 0.052554
vt 0.724375 0.052549
vt 0.723316 0.051973
vt 0.722163 0.051591
vt 0.069403 0.207875
vt 0.071957 0.207875
vt 0.066811 0.207875
vt 0.069403 0.205649
vt 0.071957 0.205649
vt 0.098972 0.207314
vt 0.105131 0.207314
vt 0.066811 0.205649
vt 0.109972 0.207314
vt 0.098972 0.188317
vt 0.105131 0.188317
vt 0.109972 0.188317
vt 0.064432 0.207875
vt 0.062107 0.207875
vt 0.064432 0.205649
vt 0.114804 0.207314
vt 0.062107 0.205649
vt 0.120972 0.207314
vt 0.114804 0.188317
vt 0.120972 0.188317
vt 0.658336 0.037312
vt 0.570888 0.196219
vt 0.660000 0.020661
vt 0.570686 0.200977
vt 0.567580 0.188942
vt 0.647837 0.043901
vt 0.394497 0.035987
vt 0.392989 0.019268
vt 0.493777 0.200876
vt 0.493665 0.196137
vt 0.496744 0.188797
vt 0.565227 0.187013
vt 0.646703 0.045097
vt 0.405838 0.042741
vt 0.499031 0.186715
vt 0.406915 0.043868
vt 0.717674 0.057615
vt 0.718877 0.057493
vt 0.716498 0.057450
vt 0.720080 0.057142
vt 0.715421 0.057015
vt 0.714442 0.056386
vt 0.722733 0.057190
vt 0.723923 0.057585
vt 0.725121 0.057750
vt 0.726301 0.057629
vt 0.727393 0.057236
vt 0.728398 0.056646
vt 0.720920 0.051486
vt 0.719668 0.051674
vt 0.722163 0.051591
vt 0.718433 0.052090
vt 0.723316 0.051973
vt 0.724375 0.052549
vt 0.715682 0.052090
vt 0.714447 0.051674
vt 0.713198 0.051488
vt 0.711955 0.051594
vt 0.710802 0.051977
vt 0.709743 0.052554
vt 0.804995 0.853470
vt 0.811272 0.849152
vt 0.884590 0.832445
vt 0.889154 0.837876
vt 0.910566 0.824123
vt 0.897521 0.824069
vt 0.833480 0.843321
vt 0.836842 0.844807
vt 0.830326 0.841454
vt 0.835995 0.837517
vt 0.838729 0.838796
vt 0.840381 0.845848
vt 0.827324 0.839362
vt 0.833589 0.835852
vt 0.841700 0.839681
vt 0.844039 0.846427
vt 0.831632 0.833720
vt 0.844846 0.840152
vt 0.847747 0.846548
vt 0.848097 0.840197
vt 0.851432 0.846256
vt 0.851400 0.839788
vt 0.855010 0.845668
vt 0.854713 0.838859
vt 0.858397 0.845229
vt 0.861800 0.845502
vt 0.861772 0.838689
vt 0.865401 0.845920
vt 0.865125 0.839456
vt 0.869099 0.846032
vt 0.868447 0.839707
vt 0.872801 0.845736
vt 0.871693 0.839505
vt 0.876424 0.844982
vt 0.874813 0.838882
vt 0.879912 0.843770
vt 0.877739 0.837858
vt 0.883202 0.842127
vt 0.880410 0.836449
vt 0.886259 0.840107
vt 0.882731 0.834667
vt 0.889154 0.837876
vt 0.884590 0.832445
vt 0.780183 0.840408
vt 0.782859 0.839703
vt 0.778554 0.833805
vt 0.782010 0.832974
vt 0.777651 0.841525
vt 0.775264 0.835134
vt 0.785556 0.832665
vt 0.775300 0.843007
vt 0.772197 0.836889
vt 0.788424 0.839613
vt 0.789115 0.832871
vt 0.773157 0.844780
vt 0.769375 0.839016
vt 0.791145 0.840233
vt 0.792603 0.833603
vt 0.771206 0.846791
vt 0.766816 0.841431
vt 0.793733 0.841274
vt 0.795942 0.834828
vt 0.769429 0.848990
vt 0.764487 0.844075
vt 0.796136 0.842688
vt 0.799072 0.836498
vt 0.767817 0.851351
vt 0.762341 0.846876
vt 0.798336 0.844407
vt 0.801953 0.838549
vt 0.766484 0.853923
vt 0.760258 0.849767
vt 0.800342 0.846369
vt 0.804584 0.840901
vt 0.802178 0.848510
vt 0.806981 0.843496
vt 0.803893 0.850790
vt 0.809179 0.846270
vt 0.804995 0.853470
vt 0.811272 0.849152
vt 0.721737 0.801546
vt 0.718899 0.805586
vt 0.725432 0.798085
vt 0.560496 0.724079
vt 0.570684 0.710316
vt 0.731944 0.790916
vt 0.578911 0.700720
vt 0.017356 0.259180
vt 0.549547 0.718783
vt 0.560005 0.705049
vt 0.599020 0.677468
vt 0.570325 0.693377
vt 0.022468 0.256922
vt 0.062812 0.448688
vt 0.439276 0.664905
vt 0.451914 0.647936
vt 0.590497 0.670193
vt 0.479146 0.614051
vt 0.032455 0.253013
vt 0.068752 0.446413
vt 0.066542 0.460745
vt 0.374087 0.578931
vt 0.387291 0.564490
vt 0.570450 0.689212
vt 0.588347 0.668358
vt 0.400088 0.549238
vt 0.482600 0.614607
vt 0.100312 0.434493
vt 0.072917 0.458290
vt 0.078120 0.597842
vt 0.323798 0.507916
vt 0.336573 0.493813
vt 0.420455 0.525058
vt 0.498250 0.591458
vt 0.500411 0.593303
vt 0.104713 0.446260
vt 0.120619 0.582320
vt 0.141349 0.696615
vt 0.226686 0.423956
vt 0.944566 0.603136
vt 0.922863 0.610686
vt 0.239623 0.410171
vt 0.356611 0.470564
vt 0.972222 0.682321
vt 0.151333 0.570927
vt 0.158963 0.689814
vt 0.175420 0.784370
vt 0.202287 0.422291
vt 0.217188 0.413154
vt 0.228799 0.400166
vt 0.259079 0.387300
vt 0.950869 0.690177
vt 0.191303 0.677820
vt 0.192442 0.777460
vt 0.225628 0.918164
vt 0.247398 0.377330
vt 0.224069 0.765439
vt 0.242517 0.910844
vt 0.232938 0.933438
vt 0.274004 0.898971
vt 0.248794 0.926016
vt 0.279929 0.914816
vt 0.740831 0.779166
vt 0.744385 0.775740
vt 0.639001 0.632107
vt 0.627004 0.644324
vt 0.737999 0.783360
vt 0.618821 0.653954
vt 0.632050 0.622124
vt 0.620130 0.634606
vt 0.047894 0.247768
vt 0.137926 0.420598
vt 0.610221 0.646629
vt 0.561523 0.521682
vt 0.546751 0.536825
vt 0.042553 0.249412
vt 0.143021 0.432148
vt 0.131953 0.422780
vt 0.517565 0.569041
vt 0.466376 0.470807
vt 0.454189 0.486115
vt 0.224242 0.543201
vt 0.136600 0.434478
vt 0.606128 0.647409
vt 0.518655 0.572368
vt 0.441134 0.501147
vt 0.388346 0.432294
vt 0.241331 0.659226
vt 0.181988 0.559374
vt 0.376426 0.447124
vt 0.290192 0.349555
vt 0.273196 0.747804
vt 0.223576 0.665651
vt 0.901220 0.618408
vt 0.929305 0.697443
vt 0.278611 0.364499
vt 0.284718 0.325720
vt 0.278035 0.341870
vt 0.323105 0.881712
vt 0.255825 0.753759
vt 0.267030 0.355378
vt 0.327609 0.898038
vt 0.305555 0.887274
vt 0.310772 0.902840
vt 0.560931 0.862370
vt 0.551172 0.873655
vt 0.593495 0.894780
vt 0.588496 0.900418
vt 0.770191 0.083414
vt 0.786997 0.083250
vt 0.572211 0.852809
vt 0.599290 0.889985
vt 0.595632 0.896884
vt 0.591050 0.902125
vt 0.704132 0.873459
vt 0.770047 0.071344
vt 0.786857 0.071096
vt 0.803798 0.083061
vt 0.584833 0.845158
vt 0.605764 0.886146
vt 0.601060 0.892423
vt 0.600431 0.901693
vt 0.596539 0.906148
vt 0.666880 0.900319
vt 0.694347 0.862201
vt 0.972132 0.082396
vt 0.803664 0.070891
vt 0.820617 0.082881
vt 0.598501 0.839574
vt 0.612766 0.883347
vt 0.607140 0.888859
vt 0.605032 0.897970
vt 0.664327 0.902032
vt 0.661866 0.894695
vt 0.683040 0.852670
vt 0.955326 0.082401
vt 0.972154 0.070326
vt 0.820501 0.070707
vt 0.837457 0.082725
vt 0.612873 0.836172
vt 0.620126 0.881642
vt 0.613707 0.886261
vt 0.610194 0.894988
vt 0.658851 0.906071
vt 0.659734 0.896804
vt 0.656055 0.889916
vt 0.670399 0.845052
vt 0.938525 0.082382
vt 0.955344 0.070248
vt 0.972994 0.092946
vt 0.956179 0.092903
vt 0.837355 0.070555
vt 0.854305 0.082594
vt 0.627604 0.835018
vt 0.627663 0.881065
vt 0.620603 0.884676
vt 0.615778 0.892802
vt 0.654946 0.901627
vt 0.654291 0.892358
vt 0.649572 0.886093
vt 0.656718 0.839504
vt 0.921702 0.082368
vt 0.938534 0.070211
vt 0.972994 0.106941
vt 0.956179 0.106986
vt 0.939365 0.092895
vt 0.854224 0.070423
vt 0.871160 0.082493
vt 0.642336 0.836136
vt 0.635200 0.881624
vt 0.627667 0.884141
vt 0.621653 0.891466
vt 0.650336 0.897915
vt 0.648204 0.888810
vt 0.642561 0.883311
vt 0.904865 0.082382
vt 0.921700 0.070197
vt 0.770816 0.092949
vt 0.939365 0.106991
vt 0.922523 0.092895
vt 0.871097 0.070321
vt 0.888015 0.082423
vt 0.634729 0.884661
vt 0.627676 0.891013
vt 0.645169 0.894945
vt 0.641631 0.886228
vt 0.904842 0.070211
vt 0.787635 0.092904
vt 0.770816 0.106945
vt 0.922523 0.106994
vt 0.905662 0.092895
vt 0.887974 0.070251
vt 0.633696 0.891452
vt 0.639576 0.892773
vt 0.804449 0.092895
vt 0.787635 0.106986
vt 0.905662 0.106994
vt 0.888786 0.092895
vt 0.821291 0.092894
vt 0.804449 0.106991
vt 0.888786 0.106994
vt 0.871905 0.092895
vt 0.838150 0.092894
vt 0.821291 0.106991
vt 0.871905 0.106994
vt 0.855023 0.092895
vt 0.838150 0.106991
vt 0.855023 0.106994
vt 0.704132 0.873459
vt 0.694347 0.862201
vt 0.666880 0.900319
vt 0.661866 0.894695
vt 0.683040 0.852670
vt 0.551172 0.873655
vt 0.664327 0.902032
vt 0.659734 0.896804
vt 0.656055 0.889916
vt 0.670399 0.845052
vt 0.560931 0.862370
vt 0.588496 0.900418
vt 0.658851 0.906071
vt 0.654946 0.901627
vt 0.654291 0.892358
vt 0.649572 0.886093
vt 0.656718 0.839504
vt 0.572211 0.852809
vt 0.593495 0.894780
vt 0.591050 0.902125
vt 0.650336 0.897915
vt 0.648204 0.888810
vt 0.642561 0.883311
vt 0.642336 0.836136
vt 0.584833 0.845158
vt 0.599290 0.889985
vt 0.595632 0.896884
vt 0.596539 0.906148
vt 0.645169 0.894945
vt 0.641631 0.886228
vt 0.635200 0.881624
vt 0.627604 0.835018
vt 0.598501 0.839574
vt 0.605764 0.886146
vt 0.601060 0.892423
vt 0.600431 0.901693
vt 0.639576 0.892773
vt 0.634729 0.884661
vt 0.627663 0.881065
vt 0.612873 0.836172
vt 0.612766 0.883347
vt 0.607140 0.888859
vt 0.605032 0.897970
vt 0.633696 0.891452
vt 0.627667 0.884141
vt 0.620126 0.881642
vt 0.613707 0.886261
vt 0.610194 0.894988
vt 0.627676 0.891013
vt 0.620603 0.884676
vt 0.615778 0.892802
vt 0.621653 0.891466
vt 0.786997 0.083250
vt 0.770191 0.083414
vt 0.770047 0.071344
vt 0.786857 0.071096
vt 0.803798 0.083061
vt 0.803664 0.070891
vt 0.820617 0.082881
vt 0.820501 0.070707
vt 0.837457 0.082725
vt 0.837355 0.070555
vt 0.854305 0.082594
vt 0.854224 0.070423
vt 0.871160 0.082493
vt 0.871097 0.070321
vt 0.888015 0.082423
vt 0.887974 0.070251
vt 0.904865 0.082382
vt 0.904842 0.070211
vt 0.921702 0.082368
vt 0.921700 0.070197
vt 0.938525 0.082382
vt 0.938534 0.070211
vt 0.955326 0.082401
vt 0.955344 0.070248
vt 0.972132 0.082396
vt 0.972154 0.070326
vt 0.770816 0.092949
vt 0.770816 0.106945
vt 0.787635 0.092904
vt 0.787635 0.106986
vt 0.804449 0.092895
vt 0.804449 0.106991
vt 0.821291 0.092894
vt 0.821291 0.106991
vt 0.838150 0.092894
vt 0.838150 0.106991
vt 0.855023 0.092895
vt 0.855023 0.106994
vt 0.871905 0.092895
vt 0.871905 0.106994
vt 0.888786 0.092895
vt 0.888786 0.106994
vt 0.905662 0.092895
vt 0.905662 0.106994
vt 0.922523 0.092895
vt 0.922523 0.106994
vt 0.939365 0.092895
vt 0.939365 0.106991
vt 0.956179 0.092903
vt 0.956179 0.106986
vt 0.972994 0.092946
vt 0.972994 0.106941
vt 0.786997 0.083250
vt 0.770191 0.083414
vt 0.770047 0.071344
vt 0.786857 0.071096
vt 0.803798 0.083061
vt 0.803664 0.070891
vt 0.972132 0.082396
vt 0.972154 0.070326
vt 0.820617 0.082881
vt 0.820501 0.070707
vt 0.955326 0.082401
vt 0.955344 0.070248
vt 0.837457 0.082725
vt 0.837355 0.070555
vt 0.938525 0.082382
vt 0.938534 0.070211
vt 0.854305 0.082594
vt 0.854224 0.070423
vt 0.921702 0.082368
vt 0.921700 0.070197
vt 0.871160 0.082493
vt 0.871097 0.070321
vt 0.904865 0.082382
vt 0.904842 0.070211
vt 0.888015 0.082423
vt 0.887974 0.070251
vt 0.786997 0.083250
vt 0.770191 0.083414
vt 0.770047 0.071344
vt 0.786857 0.071096
vt 0.803798 0.083061
vt 0.803664 0.070891
vt 0.972132 0.082396
vt 0.972154 0.070326
vt 0.820617 0.082881
vt 0.820501 0.070707
vt 0.955326 0.082401
vt 0.955344 0.070248
vt 0.837457 0.082725
vt 0.837355 0.070555
vt 0.938525 0.082382
vt 0.938534 0.070211
vt 0.854305 0.082594
vt 0.854224 0.070423
vt 0.921702 0.082368
vt 0.921700 0.070197
vt 0.871160 0.082493
vt 0.871097 0.070321
vt 0.904865 0.082382
vt 0.904842 0.070211
vt 0.888015 0.082423
vt 0.887974 0.070251
vt 0.770816 0.092949
vt 0.770816 0.106945
vt 0.787635 0.092904
vt 0.787635 0.106986
vt 0.804449 0.092895
vt 0.804449 0.106991
vt 0.821291 0.092894
vt 0.821291 0.106991
vt 0.838150 0.092894
vt 0.838150 0.106991
vt 0.855023 0.092895
vt 0.855023 0.106994
vt 0.871905 0.092895
vt 0.871905 0.106994
vt 0.888786 0.092895
vt 0.888786 0.106994
vt 0.905662 0.092895
vt 0.905662 0.106994
vt 0.922523 0.092895
vt 0.922523 0.106994
vt 0.939365 0.092895
vt 0.939365 0.106991
vt 0.956179 0.092903
vt 0.956179 0.106986
vt 0.972994 0.092946
vt 0.972994 0.106941
vt 0.770816 0.092949
vt 0.770816 0.106945
vt 0.787635 0.092904
vt 0.787635 0.106986
vt 0.804449 0.092895
vt 0.804449 0.106991
vt 0.821291 0.092894
vt 0.821291 0.106991
vt 0.838150 0.092894
vt 0.838150 0.106991
vt 0.855023 0.092895
vt 0.855023 0.106994
vt 0.871905 0.092895
vt 0.871905 0.106994
vt 0.888786 0.092895
vt 0.888786 0.106994
vt 0.905662 0.092895
vt 0.905662 0.106994
vt 0.922523 0.092895
vt 0.922523 0.106994
vt 0.939365 0.092895
vt 0.939365 0.106991
vt 0.956179 0.092903
vt 0.956179 0.106986
vt 0.972994 0.092946
vt 0.972994 0.106941
vt 0.704132 0.873459
vt 0.666880 0.900319
vt 0.694347 0.862201
vt 0.664327 0.902032
vt 0.661866 0.894695
vt 0.683040 0.852670
vt 0.658851 0.906071
vt 0.659734 0.896804
vt 0.656055 0.889916
vt 0.670399 0.845052
vt 0.654946 0.901627
vt 0.654291 0.892358
vt 0.649572 0.886093
vt 0.656718 0.839504
vt 0.650336 0.897915
vt 0.648204 0.888810
vt 0.642561 0.883311
vt 0.642336 0.836136
vt 0.645169 0.894945
vt 0.641631 0.886228
vt 0.635200 0.881624
vt 0.627604 0.835018
vt 0.639576 0.892773
vt 0.634729 0.884661
vt 0.627663 0.881065
vt 0.612873 0.836172
vt 0.633696 0.891452
vt 0.627667 0.884141
vt 0.620126 0.881642
vt 0.598501 0.839574
vt 0.627676 0.891013
vt 0.620603 0.884676
vt 0.612766 0.883347
vt 0.584833 0.845158
vt 0.621653 0.891466
vt 0.613707 0.886261
vt 0.605764 0.886146
vt 0.572211 0.852809
vt 0.615778 0.892802
vt 0.607140 0.888859
vt 0.599290 0.889985
vt 0.560931 0.862370
vt 0.610194 0.894988
vt 0.601060 0.892423
vt 0.593495 0.894780
vt 0.551172 0.873655
vt 0.605032 0.897970
vt 0.595632 0.896884
vt 0.588496 0.900418
vt 0.600431 0.901693
vt 0.591050 0.902125
vt 0.596539 0.906148
vt 0.551172 0.873655
vt 0.588496 0.900418
vt 0.560931 0.862370
vt 0.593495 0.894780
vt 0.591050 0.902125
vt 0.572211 0.852809
vt 0.599290 0.889985
vt 0.595632 0.896884
vt 0.596539 0.906148
vt 0.584833 0.845158
vt 0.605764 0.886146
vt 0.601060 0.892423
vt 0.600431 0.901693
vt 0.598501 0.839574
vt 0.612766 0.883347
vt 0.607140 0.888859
vt 0.605032 0.897970
vt 0.612873 0.836172
vt 0.620126 0.881642
vt 0.613707 0.886261
vt 0.610194 0.894988
vt 0.627604 0.835018
vt 0.627663 0.881065
vt 0.620603 0.884676
vt 0.615778 0.892802
vt 0.642336 0.836136
vt 0.635200 0.881624
vt 0.627667 0.884141
vt 0.621653 0.891466
vt 0.656718 0.839504
vt 0.642561 0.883311
vt 0.634729 0.884661
vt 0.627676 0.891013
vt 0.670399 0.845052
vt 0.649572 0.886093
vt 0.641631 0.886228
vt 0.633696 0.891452
vt 0.683040 0.852670
vt 0.656055 0.889916
vt 0.648204 0.888810
vt 0.639576 0.892773
vt 0.694347 0.862201
vt 0.661866 0.894695
vt 0.654291 0.892358
vt 0.645169 0.894945
vt 0.704132 0.873459
vt 0.666880 0.900319
vt 0.659734 0.896804
vt 0.650336 0.897915
vt 0.664327 0.902032
vt 0.654946 0.901627
vt 0.658851 0.906071
vt 0.745670 0.327446
vt 0.642454 0.172224
vt 0.772194 0.337242
vt 0.684409 0.140246
vt 0.946411 0.139589
vt 0.990023 0.171755
vt 0.868870 0.327789
vt 0.846723 0.337361
vt 0.840690 0.348295
vt 0.778594 0.348147
vt 0.924920 0.481779
vt 0.704657 0.481074
vt 0.869400 0.337341
vt 0.993327 0.488424
vt 0.943808 0.492289
vt 0.687017 0.491463
vt 0.639051 0.487529
vt 0.745343 0.337121
vt 0.715444 0.472382
vt 0.780363 0.356153
vt 0.783016 0.357627
vt 0.718101 0.473865
vt 0.783020 0.354593
vt 0.837212 0.354748
vt 0.837203 0.357789
vt 0.839770 0.356157
vt 0.913734 0.472844
vt 0.911171 0.474469
vt 0.911162 0.477497
vt 0.718092 0.476915
vt 0.705911 0.034988
vt 0.598390 0.195696
vt 0.662476 0.001730
vt 0.570847 0.205773
vt 0.390713 0.000289
vt 0.345367 0.033496
vt 0.470589 0.195704
vt 0.564181 0.217062
vt 0.499767 0.217059
vt 0.493532 0.205698
vt 0.640558 0.355132
vt 0.412070 0.355327
vt 0.658834 0.365951
vt 0.392455 0.366180
vt 0.708603 0.361984
vt 0.598695 0.205707
vt 0.341096 0.362051
vt 0.470012 0.205625
vt 0.428546 0.351689
vt 0.428517 0.348527
vt 0.629222 0.346556
vt 0.629249 0.349709
vt 0.501949 0.225051
vt 0.504621 0.226723
vt 0.425830 0.346846
vt 0.560923 0.223003
vt 0.560956 0.226163
vt 0.504590 0.223565
vt 0.631964 0.345005
vt 0.563712 0.224601
vt 0.830039 0.862281
vt 0.826928 0.860512
vt 0.824357 0.858784
vt 0.833673 0.863789
vt 0.822184 0.857891
vt 0.823991 0.837490
vt 0.854851 0.822063
vt 0.853169 0.818997
vt 0.837714 0.864907
vt 0.829927 0.830744
vt 0.855992 0.825595
vt 0.850892 0.816681
vt 0.842005 0.865576
vt 0.858017 0.829267
vt 0.848185 0.815294
vt 0.846386 0.865787
vt 0.845269 0.814921
vt 0.850705 0.865603
vt 0.842390 0.815617
vt 0.854864 0.865212
vt 0.839788 0.817363
vt 0.858870 0.864956
vt 0.837678 0.820047
vt 0.862882 0.865019
vt 0.835771 0.823180
vt 0.858208 0.837261
vt 0.867052 0.865208
vt 0.879943 0.822125
vt 0.877892 0.819087
vt 0.871371 0.865185
vt 0.875653 0.816506
vt 0.875742 0.864763
vt 0.872968 0.814881
vt 0.879997 0.863892
vt 0.870059 0.814324
vt 0.883975 0.862582
vt 0.867165 0.814831
vt 0.887530 0.860903
vt 0.864528 0.816353
vt 0.890550 0.858986
vt 0.862365 0.818777
vt 0.893037 0.857137
vt 0.860835 0.821919
vt 0.895169 0.856140
vt 0.892396 0.835847
vt 0.859865 0.825501
vt 0.886147 0.829388
vt 0.905267 0.827970
vt 0.904339 0.826147
vt 0.904016 0.824123
vt 0.906718 0.829419
vt 0.904339 0.822098
vt 0.908545 0.830353
vt 0.905273 0.820272
vt 0.910565 0.830672
vt 0.906719 0.818826
vt 0.912590 0.830353
vt 0.908545 0.817893
vt 0.914417 0.829424
vt 0.910565 0.817574
vt 0.915866 0.827974
vt 0.912594 0.817893
vt 0.916800 0.826147
vt 0.914417 0.818822
vt 0.917118 0.824123
vt 0.915866 0.820272
vt 0.916796 0.822098
vt 0.903702 0.822063
vt 0.904017 0.824069
vt 0.903702 0.826080
vt 0.902778 0.820249
vt 0.902778 0.827889
vt 0.901344 0.818813
vt 0.901344 0.829325
vt 0.899532 0.817893
vt 0.899532 0.830250
vt 0.897521 0.817574
vt 0.897521 0.830564
vt 0.895519 0.817893
vt 0.895515 0.830250
vt 0.893706 0.818813
vt 0.893701 0.829325
vt 0.892269 0.820249
vt 0.892269 0.827884
vt 0.891348 0.822063
vt 0.891345 0.826075
vt 0.891029 0.824069
vt 0.754646 0.825200
vt 0.757507 0.822323
vt 0.752345 0.828006
vt 0.760963 0.819526
vt 0.796638 0.849407
vt 0.794884 0.846261
vt 0.750503 0.830506
vt 0.764989 0.816954
vt 0.797343 0.852936
vt 0.792280 0.843738
vt 0.757754 0.852603
vt 0.748745 0.832054
vt 0.769536 0.814746
vt 0.796916 0.856504
vt 0.789092 0.841889
vt 0.766129 0.857034
vt 0.774523 0.813040
vt 0.795395 0.859772
vt 0.785606 0.840215
vt 0.779824 0.811941
vt 0.792927 0.862407
vt 0.785292 0.811519
vt 0.789753 0.864153
vt 0.790775 0.811788
vt 0.785622 0.839465
vt 0.786171 0.864857
vt 0.796109 0.812740
vt 0.782637 0.864337
vt 0.786251 0.864866
vt 0.801150 0.814306
vt 0.779375 0.862752
vt 0.805769 0.816393
vt 0.776777 0.860239
vt 0.809880 0.818862
vt 0.775098 0.857052
vt 0.813426 0.821578
vt 0.774496 0.853501
vt 0.816371 0.824401
vt 0.775031 0.849946
vt 0.818736 0.827184
vt 0.776637 0.846723
vt 0.820622 0.829680
vt 0.779208 0.844147
vt 0.822407 0.831206
vt 0.813808 0.851944
vt 0.782109 0.841983
vt 0.805495 0.856549
vt 0.820279 0.768150
vt 0.820279 0.764451
vt 0.969874 0.764452
vt 0.969874 0.768150
vt 0.820279 0.760753
vt 0.969874 0.760752
vt 0.820279 0.771849
vt 0.969874 0.771849
vt 0.820279 0.757054
vt 0.969874 0.757059
vt 0.820279 0.775552
vt 0.969874 0.775547
vt 0.820279 0.753356
vt 0.969874 0.753364
vt 0.820279 0.779251
vt 0.969874 0.779246
vt 0.820280 0.749657
vt 0.969874 0.749670
vt 0.820279 0.782949
vt 0.969874 0.782949
vt 0.820279 0.745958
vt 0.969874 0.745972
vt 0.820279 0.786652
vt 0.969874 0.786652
vt 0.820279 0.742264
vt 0.969874 0.742272
vt 0.820279 0.790355
vt 0.969874 0.790355
vt 0.820279 0.738566
vt 0.969875 0.738570
vt 0.820279 0.734871
vt 0.969875 0.734867
vt 0.820279 0.731173
vt 0.969874 0.731164
vt 0.820279 0.727470
vt 0.969874 0.727469
vt 0.820279 0.723770
vt 0.969874 0.723766
vt 0.820279 0.720068
vt 0.969874 0.720068
vt 0.820279 0.716365
vt 0.969874 0.716365
vt 0.822184 0.857891
vt 0.823991 0.837490
vt 0.824357 0.858784
vt 0.829927 0.830744
vt 0.826928 0.860512
vt 0.858017 0.829267
vt 0.855992 0.825595
vt 0.830039 0.862281
vt 0.854851 0.822063
vt 0.833673 0.863789
vt 0.853169 0.818997
vt 0.837714 0.864907
vt 0.850892 0.816681
vt 0.842005 0.865576
vt 0.848185 0.815294
vt 0.846386 0.865787
vt 0.845269 0.814921
vt 0.850705 0.865603
vt 0.842390 0.815617
vt 0.854864 0.865212
vt 0.839788 0.817363
vt 0.858870 0.864956
vt 0.837678 0.820047
vt 0.862882 0.865019
vt 0.835771 0.823180
vt 0.858208 0.837261
vt 0.867052 0.865208
vt 0.879943 0.822125
vt 0.877892 0.819087
vt 0.871371 0.865185
vt 0.875653 0.816506
vt 0.875742 0.864763
vt 0.872968 0.814881
vt 0.879997 0.863892
vt 0.870059 0.814324
vt 0.883975 0.862582
vt 0.867165 0.814831
vt 0.887530 0.860903
vt 0.864528 0.816353
vt 0.890550 0.858986
vt 0.862365 0.818777
vt 0.893037 0.857137
vt 0.860835 0.821919
vt 0.892396 0.835847
vt 0.895169 0.856140
vt 0.859865 0.825501
vt 0.886147 0.829388
vt 0.908545 0.830353
vt 0.906718 0.829419
vt 0.905267 0.827970
vt 0.910565 0.830672
vt 0.904339 0.826147
vt 0.912590 0.830353
vt 0.904016 0.824123
vt 0.914417 0.829424
vt 0.904339 0.822098
vt 0.915866 0.827974
vt 0.905273 0.820272
vt 0.916800 0.826147
vt 0.906719 0.818826
vt 0.917118 0.824123
vt 0.908545 0.817893
vt 0.916796 0.822098
vt 0.910565 0.817574
vt 0.915866 0.820272
vt 0.912594 0.817893
vt 0.914417 0.818822
vt 0.903702 0.826080
vt 0.902778 0.827889
vt 0.901344 0.829325
vt 0.904017 0.824069
vt 0.899532 0.830250
vt 0.903702 0.822063
vt 0.897521 0.830564
vt 0.902778 0.820249
vt 0.895515 0.830250
vt 0.901344 0.818813
vt 0.893701 0.829325
vt 0.899532 0.817893
vt 0.892269 0.827884
vt 0.897521 0.817574
vt 0.891345 0.826075
vt 0.895519 0.817893
vt 0.891029 0.824069
vt 0.893706 0.818813
vt 0.891348 0.822063
vt 0.892269 0.820249
vt 0.820622 0.829680
vt 0.822407 0.831206
vt 0.813808 0.851944
vt 0.818736 0.827184
vt 0.805495 0.856549
vt 0.816371 0.824401
vt 0.785606 0.840215
vt 0.782109 0.841983
vt 0.813426 0.821578
vt 0.779208 0.844147
vt 0.809880 0.818862
vt 0.776637 0.846723
vt 0.805769 0.816393
vt 0.775031 0.849946
vt 0.801150 0.814306
vt 0.774496 0.853501
vt 0.796109 0.812740
vt 0.775098 0.857052
vt 0.790775 0.811788
vt 0.776777 0.860239
vt 0.785292 0.811519
vt 0.779375 0.862752
vt 0.779824 0.811941
vt 0.782637 0.864337
vt 0.774523 0.813040
vt 0.786251 0.864866
vt 0.785622 0.839465
vt 0.769536 0.814746
vt 0.786171 0.864857
vt 0.789753 0.864153
vt 0.764989 0.816954
vt 0.792927 0.862407
vt 0.760963 0.819526
vt 0.795395 0.859772
vt 0.757507 0.822323
vt 0.796916 0.856504
vt 0.754646 0.825200
vt 0.797343 0.852936
vt 0.752345 0.828006
vt 0.796638 0.849407
vt 0.750503 0.830506
vt 0.794884 0.846261
vt 0.757754 0.852603
vt 0.748745 0.832054
vt 0.792280 0.843738
vt 0.766129 0.857034
vt 0.789092 0.841889
vt 0.969874 0.749670
vt 0.969874 0.753364
vt 0.820279 0.753356
vt 0.820280 0.749657
vt 0.969874 0.745972
vt 0.820279 0.745958
vt 0.969874 0.757059
vt 0.820279 0.757054
vt 0.969874 0.742272
vt 0.820279 0.742264
vt 0.969874 0.760752
vt 0.820279 0.760753
vt 0.969875 0.738570
vt 0.820279 0.738566
vt 0.969874 0.764452
vt 0.820279 0.764451
vt 0.969875 0.734867
vt 0.820279 0.734871
vt 0.969874 0.768150
vt 0.820279 0.768150
vt 0.969874 0.731164
vt 0.820279 0.731173
vt 0.969874 0.771849
vt 0.820279 0.771849
vt 0.969874 0.727469
vt 0.820279 0.727470
vt 0.969874 0.775547
vt 0.820279 0.775552
vt 0.969874 0.723766
vt 0.820279 0.723770
vt 0.969874 0.779246
vt 0.820279 0.779251
vt 0.969874 0.720068
vt 0.820279 0.720068
vt 0.969874 0.782949
vt 0.820279 0.782949
vt 0.820279 0.716365
vt 0.969874 0.716365
vt 0.969874 0.786652
vt 0.820279 0.786652
vt 0.969874 0.790355
vt 0.820279 0.790355
vt 0.071957 0.203913
vt 0.074864 0.205649
vt 0.074864 0.207875
vt 0.069403 0.203913
vt 0.071957 0.209562
vt 0.066811 0.203913
vt 0.069403 0.209562
vt 0.064432 0.203913
vt 0.066811 0.209562
vt 0.062107 0.203913
vt 0.064432 0.209562
vt 0.059383 0.205649
vt 0.062107 0.209562
vt 0.059383 0.207875
vt 0.736477 0.801941
vt 0.734502 0.804493
vt 0.738242 0.799934
vt 0.734421 0.806433
vt 0.718450 0.807250
vt 0.740011 0.797801
vt 0.553960 0.738438
vt 0.741732 0.795861
vt 0.542374 0.732945
vt 0.743330 0.793960
vt 0.430045 0.676571
vt 0.745492 0.791734
vt 0.362594 0.590075
vt 0.747403 0.791382
vt 0.745950 0.775050
vt 0.567906 0.686029
vt 0.585278 0.665741
vt 0.486162 0.615359
vt 0.300401 0.533967
vt 0.310833 0.522242
vt 0.211419 0.436518
vt 0.652157 0.623399
vt 0.602586 0.645398
vt 0.503187 0.595670
vt 0.644909 0.612816
vt 0.519955 0.575766
vt 0.182288 0.348630
vt 0.185337 0.344404
vt 0.195529 0.442593
vt 0.188308 0.427709
vt 0.571595 0.510734
vt 0.189700 0.339648
vt 0.167061 0.353697
vt 0.475575 0.457708
vt 0.195339 0.332893
vt 0.410398 0.405099
vt 0.400456 0.417241
vt 0.300204 0.332509
vt 0.201125 0.326263
vt 0.205137 0.321206
vt 0.287876 0.311066
vt 0.303710 0.315861
vt 0.208832 0.317532
vt 0.211446 0.301697
vt 0.092712 0.188317
vt 0.096514 0.186241
vt 0.101681 0.183290
vt 0.092712 0.207314
vt 0.109972 0.183290
vt 0.096772 0.210099
vt 0.118262 0.183290
vt 0.101681 0.212641
vt 0.123424 0.186241
vt 0.109972 0.212641
vt 0.127229 0.188317
vt 0.118262 0.212641
vt 0.127229 0.207314
vt 0.123167 0.210099
vt 0.292046 0.990589
vt 0.288116 0.992043
vt 0.217750 0.943297
vt 0.297996 0.988047
vt 0.208695 0.926056
vt 0.306232 0.985168
vt 0.158104 0.791323
vt 0.314345 0.981932
vt 0.124087 0.704319
vt 0.320499 0.979950
vt 0.049989 0.608443
vt 0.345539 0.895515
vt 0.324418 0.978469
vt 0.032278 0.470973
vt 0.341057 0.876559
vt 0.030419 0.457208
vt 0.290827 0.741690
vt 0.011490 0.260039
vt 0.259411 0.653716
vt 0.019981 0.244490
vt 0.023179 0.243794
vt 0.252429 0.532746
vt 0.025708 0.242809
vt 0.175589 0.417387
vt 0.028293 0.241882
vt 0.167960 0.405777
vt 0.030664 0.240952
vt 0.052875 0.244549
vt 0.033013 0.240098
vt 0.035734 0.238536
vt 0.908745 0.662697
vt 0.902595 0.675930
vt 0.825277 0.639957
vt 0.831432 0.626732
vt 0.816401 0.644595
vt 0.719696 0.599688
vt 0.640346 0.553594
vt 0.646562 0.540385
vt 0.723704 0.576676
vt 0.717520 0.589908
vt 0.759648 0.499333
vt 0.867378 0.549412
vt 0.789354 0.717295
vt 0.786402 0.709211
vt 0.681608 0.667261
vt 0.689685 0.664305
vt 0.775799 0.701917
vt 0.697637 0.664571
vt 0.699269 0.661172
vt 0.777422 0.698518
vt 0.695863 0.659548
vt 0.720804 0.607325
vt 0.724206 0.608948
vt 0.725833 0.605540
vt 0.803987 0.642892
vt 0.802365 0.646293
vt 0.805759 0.647910
vt 0.780829 0.700139
vt 0.954712 0.701093
vt 0.928983 0.709203
vt 0.894644 0.609815
vt 0.919403 0.600871
vt 0.944302 0.592320
vt 0.979844 0.691282
vt 0.337534 0.846545
vt 0.395047 0.784017
vt 0.482167 0.864118
vt 0.424661 0.926665
vt 0.342319 0.715834
vt 0.404895 0.773316
vt 0.332477 0.726549
vt 0.414721 0.771601
vt 0.492938 0.843497
vt 0.544312 0.922013
vt 0.492036 0.853437
vt 0.554226 0.911374
vt 0.462749 0.719344
vt 0.462388 0.710780
vt 0.540974 0.791235
vt 0.549542 0.790872
vt 0.981153 0.971045
vt 0.976364 0.971038
vt 0.976364 0.897614
vt 0.981155 0.897614
vt 0.866464 0.975832
vt 0.866464 0.971038
vt 0.976364 0.975830
vt 0.861678 0.897614
vt 0.866464 0.897614
vt 0.861669 0.971038
vt 0.976364 0.892832
vt 0.866464 0.892822
vt 0.133910 0.157836
vt 0.197129 0.157836
vt 0.197129 0.164039
vt 0.134003 0.164039
vt 0.324169 0.157836
vt 0.324169 0.164039
vt 0.006874 0.164039
vt 0.006746 0.157836
vt 0.387522 0.164039
vt 0.387522 0.157836
vt 0.006711 0.094415
vt 0.133920 0.094415
vt 0.126270 0.171977
vt 0.014917 0.171977
vt 0.134517 0.227473
vt 0.126526 0.219536
vt 0.007306 0.227473
vt 0.015158 0.219573
vt 0.260845 0.098375
vt 0.260935 0.145945
vt 0.256976 0.145950
vt 0.256882 0.098379
vt 0.256985 0.149909
vt 0.145615 0.150152
vt 0.145606 0.146189
vt 0.141647 0.146193
vt 0.141558 0.098623
vt 0.145514 0.098614
vt 0.145505 0.094659
vt 0.256875 0.094415
vt 0.540238 0.864820
vt 0.551131 0.852281
vt 0.542801 0.886427
vt 0.531005 0.877864
vt 0.563992 0.841358
vt 0.584550 0.906935
vt 0.578480 0.832561
vt 0.587575 0.907779
vt 0.594178 0.826139
vt 0.603780 0.905072
vt 0.600498 0.908737
vt 0.593531 0.911503
vt 0.610682 0.822228
vt 0.607770 0.901880
vt 0.598405 0.912714
vt 0.627586 0.820903
vt 0.612290 0.899285
vt 0.644491 0.822185
vt 0.617200 0.897372
vt 0.661004 0.826056
vt 0.622375 0.896200
vt 0.676719 0.832437
vt 0.627681 0.895802
vt 0.691228 0.841197
vt 0.632990 0.896188
vt 0.704119 0.852086
vt 0.638167 0.897347
vt 0.715043 0.864597
vt 0.643082 0.899248
vt 0.724312 0.877617
vt 0.712535 0.886210
vt 0.670840 0.906826
vt 0.647607 0.901831
vt 0.667818 0.907679
vt 0.651605 0.905013
vt 0.661872 0.911419
vt 0.654896 0.908668
vt 0.657001 0.912642
vt 0.717601 0.054212
vt 0.721418 0.056598
vt 0.721063 0.076297
vt 0.719276 0.076435
vt 0.717437 0.076673
vt 0.722845 0.076503
vt 0.715579 0.076701
vt 0.725319 0.054354
vt 0.724672 0.076806
vt 0.713760 0.076457
vt 0.726526 0.076903
vt 0.712022 0.075956
vt 0.728356 0.076724
vt 0.710390 0.075277
vt 0.730111 0.076287
vt 0.713437 0.055562
vt 0.708823 0.074721
vt 0.731764 0.075667
vt 0.733349 0.075167
vt 0.729430 0.055856
vt 0.721194 0.055031
vt 0.717060 0.052700
vt 0.717051 0.020297
vt 0.718918 0.020106
vt 0.720817 0.019788
vt 0.715182 0.020106
vt 0.722727 0.019666
vt 0.712924 0.055031
vt 0.713283 0.019793
vt 0.724605 0.019812
vt 0.711372 0.019671
vt 0.726426 0.020208
vt 0.709492 0.019816
vt 0.728164 0.020780
vt 0.707674 0.020214
vt 0.725476 0.053316
vt 0.729843 0.021205
vt 0.705936 0.020786
vt 0.704254 0.021212
vt 0.708642 0.053321
vt 0.803839 0.086937
vt 0.787046 0.087117
vt 0.786813 0.067229
vt 0.803623 0.067014
vt 0.770345 0.087246
vt 0.820657 0.086758
vt 0.753130 0.083791
vt 0.752981 0.071382
vt 0.770111 0.067506
vt 0.820463 0.066834
vt 0.754275 0.087751
vt 0.837490 0.086599
vt 0.754032 0.067396
vt 0.837324 0.066679
vt 0.854332 0.086474
vt 0.854197 0.066550
vt 0.871182 0.086373
vt 0.871079 0.066449
vt 0.888028 0.086300
vt 0.887960 0.066376
vt 0.904873 0.086259
vt 0.904837 0.066335
vt 0.921706 0.086245
vt 0.921697 0.066321
vt 0.938521 0.086258
vt 0.938539 0.066335
vt 0.955317 0.086271
vt 0.955348 0.066380
vt 0.972018 0.086231
vt 0.972051 0.066491
vt 0.989220 0.070188
vt 0.989198 0.082598
vt 0.988093 0.086571
vt 0.988129 0.066215
vt 0.691228 0.841197
vt 0.704119 0.852086
vt 0.715043 0.864597
vt 0.676719 0.832437
vt 0.724312 0.877617
vt 0.712535 0.886210
vt 0.661004 0.826056
vt 0.670840 0.906826
vt 0.644491 0.822185
vt 0.667818 0.907679
vt 0.651605 0.905013
vt 0.647607 0.901831
vt 0.627586 0.820903
vt 0.661872 0.911419
vt 0.654896 0.908668
vt 0.643082 0.899248
vt 0.610682 0.822228
vt 0.657001 0.912642
vt 0.638167 0.897347
vt 0.594178 0.826139
vt 0.632990 0.896188
vt 0.578480 0.832561
vt 0.627681 0.895802
vt 0.563992 0.841358
vt 0.622375 0.896200
vt 0.551131 0.852281
vt 0.617200 0.897372
vt 0.540238 0.864820
vt 0.612290 0.899285
vt 0.531005 0.877864
vt 0.542801 0.886427
vt 0.607770 0.901880
vt 0.584550 0.906935
vt 0.603780 0.905072
vt 0.587575 0.907779
vt 0.600498 0.908737
vt 0.593531 0.911503
vt 0.598405 0.912714
vt 0.212696 0.001393
vt 0.228238 0.001393
vt 0.228238 0.090836
vt 0.212696 0.090836
vt 0.243779 0.001393
vt 0.243779 0.090836
vt 0.197154 0.001393
vt 0.197154 0.090836
vt 0.259319 0.001393
vt 0.259319 0.090836
vt 0.181611 0.001393
vt 0.181611 0.090836
vt 0.166067 0.001393
vt 0.166067 0.090836
vt 0.150520 0.001393
vt 0.150520 0.090836
vt 0.134975 0.001393
vt 0.134975 0.090836
vt 0.119432 0.001393
vt 0.119432 0.090836
vt 0.103886 0.001393
vt 0.103886 0.090836
vt 0.088344 0.001393
vt 0.088344 0.090836
vt 0.072801 0.001393
vt 0.072801 0.090836
vt 0.057261 0.001393
vt 0.057261 0.090836
vt 0.041721 0.001393
vt 0.041721 0.090836
vt 0.803839 0.086937
vt 0.787046 0.087117
vt 0.786813 0.067229
vt 0.803623 0.067014
vt 0.770345 0.087246
vt 0.820657 0.086758
vt 0.753130 0.083791
vt 0.752981 0.071382
vt 0.770111 0.067506
vt 0.820463 0.066834
vt 0.754275 0.087751
vt 0.837490 0.086599
vt 0.754032 0.067396
vt 0.837324 0.066679
vt 0.854332 0.086474
vt 0.854197 0.066550
vt 0.871182 0.086373
vt 0.871079 0.066449
vt 0.888028 0.086300
vt 0.887960 0.066376
vt 0.904873 0.086259
vt 0.904837 0.066335
vt 0.921706 0.086245
vt 0.921697 0.066321
vt 0.938521 0.086258
vt 0.938539 0.066335
vt 0.955317 0.086271
vt 0.955348 0.066380
vt 0.972018 0.086231
vt 0.972051 0.066491
vt 0.989220 0.070188
vt 0.989198 0.082598
vt 0.988093 0.086571
vt 0.988129 0.066215
vt 0.939365 0.089019
vt 0.956175 0.089033
vt 0.956175 0.110853
vt 0.939365 0.110867
vt 0.972886 0.089110
vt 0.922523 0.089018
vt 0.990063 0.092776
vt 0.990064 0.107110
vt 0.972886 0.110776
vt 0.922523 0.110870
vt 0.988964 0.088803
vt 0.905662 0.089018
vt 0.988964 0.111083
vt 0.905662 0.110870
vt 0.888786 0.089018
vt 0.888786 0.110870
vt 0.871905 0.089018
vt 0.871905 0.110870
vt 0.855023 0.089018
vt 0.855023 0.110870
vt 0.838150 0.089015
vt 0.838150 0.110867
vt 0.821290 0.089018
vt 0.821291 0.110867
vt 0.804449 0.089019
vt 0.804449 0.110867
vt 0.787635 0.089037
vt 0.787638 0.110853
vt 0.770928 0.089111
vt 0.770928 0.110780
vt 0.753750 0.107114
vt 0.753750 0.092780
vt 0.754849 0.088806
vt 0.754849 0.111087
vt 0.191753 0.296651
vt 0.176213 0.296651
vt 0.176213 0.172537
vt 0.191753 0.172537
vt 0.160676 0.296651
vt 0.160676 0.172537
vt 0.207288 0.296651
vt 0.207288 0.172537
vt 0.145135 0.296651
vt 0.145135 0.172537
vt 0.222826 0.296651
vt 0.222826 0.172537
vt 0.238361 0.296651
vt 0.238361 0.172537
vt 0.253895 0.296651
vt 0.253895 0.172537
vt 0.269430 0.296651
vt 0.269430 0.172537
vt 0.284965 0.296651
vt 0.284965 0.172537
vt 0.300502 0.296651
vt 0.300502 0.172537
vt 0.316038 0.296651
vt 0.316038 0.172537
vt 0.331577 0.296651
vt 0.331577 0.172537
vt 0.347115 0.296651
vt 0.347115 0.172537
vt 0.362655 0.296651
vt 0.362655 0.172537
vt 0.939365 0.089019
vt 0.956175 0.089033
vt 0.956175 0.110853
vt 0.939365 0.110867
vt 0.972886 0.089110
vt 0.922523 0.089018
vt 0.990063 0.092776
vt 0.990064 0.107110
vt 0.972886 0.110776
vt 0.922523 0.110870
vt 0.988964 0.088803
vt 0.905662 0.089018
vt 0.988964 0.111083
vt 0.905662 0.110870
vt 0.888786 0.089018
vt 0.888786 0.110870
vt 0.871905 0.089018
vt 0.871905 0.110870
vt 0.855023 0.089018
vt 0.855023 0.110870
vt 0.838150 0.089015
vt 0.838150 0.110867
vt 0.821290 0.089018
vt 0.821291 0.110867
vt 0.804449 0.089019
vt 0.804449 0.110867
vt 0.787635 0.089037
vt 0.787638 0.110853
vt 0.770928 0.089111
vt 0.770928 0.110780
vt 0.753750 0.107114
vt 0.753750 0.092780
vt 0.754849 0.088806
vt 0.754849 0.111087
vt 0.212696 0.001393
vt 0.228238 0.001393
vt 0.228238 0.090836
vt 0.212696 0.090836
vt 0.243779 0.001393
vt 0.243779 0.090836
vt 0.197154 0.001393
vt 0.197154 0.090836
vt 0.259319 0.001393
vt 0.259319 0.090836
vt 0.181611 0.001393
vt 0.181611 0.090836
vt 0.166067 0.001393
vt 0.166067 0.090836
vt 0.150520 0.001393
vt 0.150520 0.090836
vt 0.134975 0.001393
vt 0.134975 0.090836
vt 0.119432 0.001393
vt 0.119432 0.090836
vt 0.103886 0.001393
vt 0.103886 0.090836
vt 0.088344 0.001393
vt 0.088344 0.090836
vt 0.072801 0.001393
vt 0.072801 0.090836
vt 0.057261 0.001393
vt 0.057261 0.090836
vt 0.041721 0.001393
vt 0.041721 0.090836
vt 0.691228 0.841197
vt 0.704119 0.852086
vt 0.676719 0.832437
vt 0.715043 0.864597
vt 0.661004 0.826056
vt 0.724312 0.877617
vt 0.712535 0.886210
vt 0.644491 0.822185
vt 0.670840 0.906826
vt 0.627586 0.820903
vt 0.667818 0.907679
vt 0.651605 0.905013
vt 0.647607 0.901831
vt 0.610682 0.822228
vt 0.643082 0.899248
vt 0.661872 0.911419
vt 0.654896 0.908668
vt 0.594178 0.826139
vt 0.638167 0.897347
vt 0.657001 0.912642
vt 0.578480 0.832561
vt 0.632990 0.896188
vt 0.563992 0.841358
vt 0.627681 0.895802
vt 0.551131 0.852281
vt 0.622375 0.896200
vt 0.540238 0.864820
vt 0.617200 0.897372
vt 0.542801 0.886427
vt 0.531005 0.877864
vt 0.612290 0.899285
vt 0.584550 0.906935
vt 0.607770 0.901880
vt 0.587575 0.907779
vt 0.603780 0.905072
vt 0.593531 0.911503
vt 0.600498 0.908737
vt 0.598405 0.912714
vt 0.721418 0.056598
vt 0.725319 0.054354
vt 0.724672 0.076806
vt 0.722845 0.076503
vt 0.721063 0.076297
vt 0.726526 0.076903
vt 0.719276 0.076435
vt 0.728356 0.076724
vt 0.717437 0.076673
vt 0.717601 0.054212
vt 0.730111 0.076287
vt 0.715579 0.076701
vt 0.729430 0.055856
vt 0.731764 0.075667
vt 0.713760 0.076457
vt 0.733349 0.075167
vt 0.712022 0.075956
vt 0.710390 0.075277
vt 0.708823 0.074721
vt 0.713437 0.055562
vt 0.720817 0.019788
vt 0.722727 0.019666
vt 0.724605 0.019812
vt 0.721194 0.055031
vt 0.717060 0.052700
vt 0.718918 0.020106
vt 0.726426 0.020208
vt 0.717051 0.020297
vt 0.725476 0.053316
vt 0.728164 0.020780
vt 0.715182 0.020106
vt 0.729843 0.021205
vt 0.712924 0.055031
vt 0.713283 0.019793
vt 0.711372 0.019671
vt 0.709492 0.019816
vt 0.707674 0.020214
vt 0.705936 0.020786
vt 0.708642 0.053321
vt 0.704254 0.021212
vt 0.888028 0.086300
vt 0.871182 0.086373
vt 0.871079 0.066449
vt 0.887960 0.066376
vt 0.904873 0.086259
vt 0.904837 0.066335
vt 0.854332 0.086474
vt 0.854197 0.066550
vt 0.921706 0.086245
vt 0.921697 0.066321
vt 0.837490 0.086599
vt 0.837324 0.066679
vt 0.938521 0.086258
vt 0.938539 0.066335
vt 0.820657 0.086758
vt 0.820463 0.066834
vt 0.955317 0.086271
vt 0.955348 0.066380
vt 0.803839 0.086937
vt 0.803623 0.067014
vt 0.989220 0.070188
vt 0.989198 0.082598
vt 0.972018 0.086231
vt 0.972051 0.066491
vt 0.787046 0.087117
vt 0.786813 0.067229
vt 0.988093 0.086571
vt 0.988129 0.066215
vt 0.770345 0.087246
vt 0.753130 0.083791
vt 0.752981 0.071382
vt 0.770111 0.067506
vt 0.754275 0.087751
vt 0.754032 0.067396
vt 0.563992 0.841358
vt 0.578480 0.832561
vt 0.594178 0.826139
vt 0.551131 0.852281
vt 0.610682 0.822228
vt 0.540238 0.864820
vt 0.627586 0.820903
vt 0.542801 0.886427
vt 0.531005 0.877864
vt 0.644491 0.822185
vt 0.612290 0.899285
vt 0.607770 0.901880
vt 0.584550 0.906935
vt 0.661004 0.826056
vt 0.617200 0.897372
vt 0.603780 0.905072
vt 0.587575 0.907779
vt 0.676719 0.832437
vt 0.622375 0.896200
vt 0.600498 0.908737
vt 0.593531 0.911503
vt 0.691228 0.841197
vt 0.627681 0.895802
vt 0.598405 0.912714
vt 0.704119 0.852086
vt 0.632990 0.896188
vt 0.715043 0.864597
vt 0.638167 0.897347
vt 0.724312 0.877617
vt 0.712535 0.886210
vt 0.643082 0.899248
vt 0.670840 0.906826
vt 0.647607 0.901831
vt 0.667818 0.907679
vt 0.651605 0.905013
vt 0.661872 0.911419
vt 0.654896 0.908668
vt 0.657001 0.912642
vt 0.103886 0.090836
vt 0.088344 0.090836
vt 0.088344 0.001393
vt 0.103886 0.001393
vt 0.119432 0.090836
vt 0.119432 0.001393
vt 0.072801 0.090836
vt 0.072801 0.001393
vt 0.134975 0.090836
vt 0.134975 0.001393
vt 0.057261 0.090836
vt 0.057261 0.001393
vt 0.150520 0.090836
vt 0.150520 0.001393
vt 0.041721 0.090836
vt 0.041721 0.001393
vt 0.166067 0.090836
vt 0.166067 0.001393
vt 0.181611 0.090836
vt 0.181611 0.001393
vt 0.197154 0.090836
vt 0.197154 0.001393
vt 0.212696 0.090836
vt 0.212696 0.001393
vt 0.228238 0.090836
vt 0.228238 0.001393
vt 0.243779 0.090836
vt 0.243779 0.001393
vt 0.259319 0.001393
vt 0.259319 0.090836
vt 0.888028 0.086300
vt 0.871182 0.086373
vt 0.871079 0.066449
vt 0.887960 0.066376
vt 0.904873 0.086259
vt 0.904837 0.066335
vt 0.854332 0.086474
vt 0.854197 0.066550
vt 0.921706 0.086245
vt 0.921697 0.066321
vt 0.837490 0.086599
vt 0.837324 0.066679
vt 0.938521 0.086258
vt 0.938539 0.066335
vt 0.820657 0.086758
vt 0.820463 0.066834
vt 0.955317 0.086271
vt 0.955348 0.066380
vt 0.803839 0.086937
vt 0.803623 0.067014
vt 0.989220 0.070188
vt 0.989198 0.082598
vt 0.972018 0.086231
vt 0.972051 0.066491
vt 0.787046 0.087117
vt 0.786813 0.067229
vt 0.988093 0.086571
vt 0.988129 0.066215
vt 0.770345 0.087246
vt 0.753130 0.083791
vt 0.752981 0.071382
vt 0.770111 0.067506
vt 0.754275 0.087751
vt 0.754032 0.067396
vt 0.821291 0.110867
vt 0.804449 0.110867
vt 0.804449 0.089019
vt 0.821290 0.089018
vt 0.838150 0.110867
vt 0.838150 0.089015
vt 0.787638 0.110853
vt 0.787635 0.089037
vt 0.855023 0.110870
vt 0.855023 0.089018
vt 0.770928 0.110780
vt 0.753750 0.107114
vt 0.753750 0.092780
vt 0.770928 0.089111
vt 0.871905 0.110870
vt 0.871905 0.089018
vt 0.754849 0.111087
vt 0.754849 0.088806
vt 0.888786 0.110870
vt 0.888786 0.089018
vt 0.905662 0.110870
vt 0.905662 0.089018
vt 0.922523 0.110870
vt 0.922523 0.089018
vt 0.939365 0.110867
vt 0.939365 0.089019
vt 0.956175 0.110853
vt 0.956175 0.089033
vt 0.990063 0.092776
vt 0.990064 0.107110
vt 0.972886 0.110776
vt 0.972886 0.089110
vt 0.988964 0.111083
vt 0.988964 0.088803
vt 0.207288 0.172537
vt 0.222826 0.172537
vt 0.222826 0.296651
vt 0.207288 0.296651
vt 0.191753 0.172537
vt 0.191753 0.296651
vt 0.238361 0.172537
vt 0.238361 0.296651
vt 0.176213 0.172537
vt 0.176213 0.296651
vt 0.253895 0.172537
vt 0.253895 0.296651
vt 0.160675 0.172537
vt 0.160676 0.296651
vt 0.269430 0.172537
vt 0.269430 0.296651
vt 0.145135 0.296651
vt 0.145135 0.172538
vt 0.284965 0.172537
vt 0.284965 0.296651
vt 0.300502 0.172537
vt 0.300502 0.296651
vt 0.316038 0.172537
vt 0.316038 0.296651
vt 0.331577 0.172537
vt 0.331575 0.296651
vt 0.347115 0.172536
vt 0.347115 0.296651
vt 0.362655 0.172537
vt 0.362655 0.296651
vt 0.821291 0.110867
vt 0.804449 0.110867
vt 0.804449 0.089019
vt 0.821290 0.089018
vt 0.838150 0.110867
vt 0.838150 0.089015
vt 0.787638 0.110853
vt 0.787635 0.089037
vt 0.855023 0.110870
vt 0.855023 0.089018
vt 0.770928 0.110780
vt 0.753750 0.107114
vt 0.753750 0.092780
vt 0.770928 0.089111
vt 0.871905 0.110870
vt 0.871905 0.089018
vt 0.754849 0.111087
vt 0.754849 0.088806
vt 0.888786 0.110870
vt 0.888786 0.089018
vt 0.905662 0.110870
vt 0.905662 0.089018
vt 0.922523 0.110870
vt 0.922523 0.089018
vt 0.939365 0.110867
vt 0.939365 0.089019
vt 0.956175 0.110853
vt 0.956175 0.089033
vt 0.990063 0.092776
vt 0.990064 0.107110
vt 0.972886 0.110776
vt 0.972886 0.089110
vt 0.988964 0.111083
vt 0.988964 0.088803
vt 0.197154 0.001393
vt 0.212696 0.001393
vt 0.212696 0.090836
vt 0.197154 0.090836
vt 0.181611 0.001393
vt 0.181611 0.090833
vt 0.228238 0.001393
vt 0.228238 0.090836
vt 0.166068 0.001393
vt 0.166067 0.090833
vt 0.243779 0.001393
vt 0.243779 0.090836
vt 0.150520 0.001393
vt 0.150520 0.090836
vt 0.259319 0.001393
vt 0.259319 0.090833
vt 0.134975 0.001393
vt 0.134975 0.090836
vt 0.119432 0.001393
vt 0.119433 0.090836
vt 0.103886 0.001393
vt 0.103886 0.090833
vt 0.088344 0.001393
vt 0.088344 0.090836
vt 0.072801 0.001393
vt 0.072801 0.090836
vt 0.057261 0.001393
vt 0.057261 0.090836
vt 0.041721 0.090836
vt 0.041721 0.001393
# 1457 polygons
usemtl 0_0_0_0_0_0_initialShadingGroup
s 0_0_0_0_0_0_off
g 0_0_0_0_0_0_pCube10 0_0_0_0_0_0_SpaceShip3
f 1/1/1 2/2/2 12/773/3 9/774/4
f 20/794/5 21/793/6 22/797/7 23/800/8
f 10/778/9 11/779/10 8/4/11 7/3/12
f 28/12/13 29/13/14 30/14/15 31/15/16
f 15/7/17 8/4/18 11/779/19
f 13/5/20 1/1/21 9/774/22
f 3/776/23 13/5/24 9/774/25
f 5/787/26 6/780/27 11/785/28 10/786/29
f 6/780/30 15/7/31 11/779/32
f 9/789/33 12/790/34 4/775/35 3/788/36
f 5/777/37 64/16/38 13/5/39 3/776/40
f 7/3/41 1/1/42 13/5/43 64/16/44
f 12/773/45 14/6/46 4/775/47
f 2/2/48 14/6/49 12/773/50
f 4/775/51 14/6/52 15/7/53 6/780/54
f 2/2/55 8/4/56 15/7/57 14/6/58
f 3/788/59 4/775/60 17/782/61 16/784/62
f 4/775/63 6/780/64 18/781/65 17/782/66
f 6/780/67 5/787/68 19/783/69 18/781/70
f 5/787/71 3/788/72 16/784/73 19/783/74
f 16/791/75 17/792/76 21/793/77 20/794/78
f 17/795/79 18/796/80 22/797/81 21/793/82
f 18/798/83 19/799/84 23/800/85 22/797/86
f 19/801/87 16/802/88 20/794/89 23/800/90
f 7/3/91 8/4/92 25/9/93 24/8/94
f 8/4/95 2/2/96 26/10/97 25/9/98
f 2/2/99 1/1/100 27/11/101 26/10/102
f 1/1/103 7/3/104 24/8/105 27/11/106
f 24/8/107 25/9/108 29/13/109 28/12/110
f 25/9/111 26/10/112 30/14/113 29/13/114
f 26/10/115 27/11/116 31/15/117 30/14/118
f 27/11/119 24/8/120 28/12/121 31/15/122
f 32/133/123 40/803/124 43/804/125 33/134/126
f 51/823/127 54/822/128 53/826/129 52/829/130
f 41/808/131 38/139/132 39/142/133 42/809/134
f 59/148/135 62/145/136 61/144/137 60/147/138
f 46/141/139 42/809/140 39/142/141
f 44/135/142 40/803/143 32/133/144
f 34/805/145 40/803/146 44/135/147
f 36/816/148 41/819/149 42/820/150 37/812/151
f 37/812/152 42/809/153 46/141/154
f 40/817/155 34/815/156 35/806/157 43/818/158
f 41/808/159 36/807/160 63/140/161
f 38/139/162 41/808/163 63/140/164
f 43/804/165 35/806/166 45/136/167
f 33/134/168 43/804/169 45/136/170
f 35/806/171 37/812/172 46/141/173 45/136/174
f 33/134/175 45/136/176 46/141/177 39/142/178
f 34/815/179 47/813/180 48/810/181 35/806/182
f 35/806/183 48/810/184 49/811/185 37/812/186
f 37/812/187 49/811/188 50/814/189 36/816/190
f 36/816/191 50/814/192 47/813/193 34/815/194
f 47/831/195 51/823/196 52/829/197 48/832/198
f 48/828/199 52/829/200 53/826/201 49/830/202
f 49/825/203 53/826/204 54/822/205 50/827/206
f 50/821/207 54/822/208 51/823/209 47/824/210
f 38/139/211 55/146/212 56/143/213 39/142/214
f 39/142/215 56/143/216 57/137/217 33/134/218
f 33/134/219 57/137/220 58/138/221 32/133/222
f 32/133/223 58/138/224 55/146/225 38/139/226
f 55/146/227 59/148/228 60/147/229 56/143/230
f 56/143/231 60/147/232 61/144/233 57/137/234
f 57/137/235 61/144/236 62/145/237 58/138/238
f 58/138/239 62/145/240 59/148/241 55/146/242
f 63/140/243 36/807/244 34/805/245 44/135/246
f 38/139/247 63/140/248 44/135/249 32/133/250
f 10/778/251 64/16/252 5/777/253
f 7/3/254 64/16/255 10/778/256
s 0_0_0_0_0_0_1
g 0_0_0_0_0_0_pCylinder11 0_0_0_0_0_0_SpaceShip3
f 65/833/257 66/834/258 146/54/259 127/37/260
f 66/834/258 67/835/261 145/53/262 146/54/259
f 67/835/261 68/837/263 144/838/264 145/53/262
f 68/876/263 69/874/265 143/176/266 144/877/264
f 69/874/265 70/872/267 142/52/268 143/176/266
f 70/872/267 71/870/269 141/51/270 142/52/268
f 71/870/269 72/868/271 140/50/272 141/51/270
f 72/868/271 73/866/273 139/49/274 140/50/272
f 73/866/273 74/864/275 138/48/276 139/49/274
f 74/864/275 75/862/277 137/47/278 138/48/276
f 75/862/277 76/859/279 136/46/280 137/47/278
f 76/859/279 77/856/281 135/45/282 136/46/280
f 77/856/281 78/854/283 134/44/284 135/45/282
f 78/854/283 79/852/285 133/43/286 134/44/284
f 79/852/285 80/850/287 132/42/288 133/43/286
f 80/850/287 81/848/289 131/41/290 132/42/288
f 81/848/289 82/845/291 130/40/292 131/41/290
f 82/845/291 83/841/293 129/39/294 130/40/292
f 83/841/293 84/836/295 128/38/296 129/39/294
f 84/836/295 65/833/257 127/37/260 128/38/296
s 0_0_0_0_0_0_2
f 66/880/297 65/881/298 105/17/299
f 67/883/300 66/880/297 105/17/299
f 68/885/301 67/883/300 105/17/299
f 69/887/302 68/885/301 105/17/299
f 70/889/303 69/887/302 105/17/299
f 71/891/304 70/889/303 105/17/299
f 72/893/305 71/891/304 105/17/299
f 73/895/306 72/893/305 105/17/299
f 74/897/307 73/895/306 105/17/299
f 75/899/308 74/897/307 105/17/299
f 76/898/309 75/899/308 105/17/299
f 77/896/310 76/898/309 105/17/299
f 78/894/311 77/896/310 105/17/299
f 79/892/312 78/894/311 105/17/299
f 80/890/313 79/892/312 105/17/299
f 81/888/314 80/890/313 105/17/299
f 82/886/315 81/888/314 105/17/299
f 83/884/316 82/886/315 105/17/299
f 84/882/317 83/884/316 105/17/299
f 65/881/298 84/882/317 105/17/299
s 0_0_0_0_0_0_3
f 85/900/318 86/901/319 106/18/320
f 86/901/319 87/902/321 106/18/320
f 87/902/321 88/904/322 106/18/320
f 88/904/322 89/906/323 106/18/320
f 89/906/323 90/908/324 106/18/320
f 90/908/324 91/910/325 106/18/320
f 91/910/325 92/912/326 106/18/320
f 92/912/326 93/914/327 106/18/320
f 93/914/327 94/916/328 106/18/320
f 94/916/328 95/918/329 106/18/320
f 95/918/329 96/919/330 106/18/320
f 96/919/330 97/917/331 106/18/320
f 97/917/331 98/915/332 106/18/320
f 98/915/332 99/913/333 106/18/320
f 99/913/333 100/911/334 106/18/320
f 100/911/334 101/909/335 106/18/320
f 101/909/335 102/907/336 106/18/320
f 102/907/336 103/905/337 106/18/320
f 103/905/337 104/903/338 106/18/320
f 104/903/338 85/900/318 106/18/320
s 0_0_0_0_0_0_4
f 108/20/339 107/19/340 85/920/341 104/921/342
f 109/21/343 108/20/339 104/921/342 103/923/344
f 110/22/345 109/21/343 103/923/344 102/927/346
f 111/23/347 110/22/345 102/927/346 101/932/348
f 112/24/349 111/23/347 101/932/348 100/936/350
f 113/25/351 112/24/349 100/936/350 99/939/352
f 114/26/353 113/25/351 99/939/352 98/941/354
f 115/27/355 114/26/353 98/941/354 97/943/356
f 116/28/357 115/27/355 97/943/356 96/946/358
f 117/29/359 116/28/357 96/946/358 95/949/360
f 118/30/361 117/29/359 95/949/360 94/951/362
f 119/31/363 118/30/361 94/951/362 93/953/364
f 120/32/365 119/31/363 93/953/364 92/955/366
f 121/33/367 120/32/365 92/955/366 91/957/368
f 122/34/369 121/33/367 91/957/368 90/959/370
f 123/174/371 122/34/369 90/959/370 89/961/372
f 124/964/373 123/174/371 89/961/372 88/963/374
f 125/35/375 124/930/373 88/931/374 87/926/376
f 126/36/377 125/35/375 87/926/376 86/922/378
f 107/19/340 126/36/377 86/922/378 85/920/341
s 0_0_0_0_0_0_1
f 128/38/296 127/37/260 167/72/379 168/73/380
f 129/39/294 128/38/296 168/73/380 169/74/381
f 130/40/292 129/39/294 169/74/381 170/75/382
f 131/41/290 130/40/292 170/75/382 171/76/383
f 132/42/288 131/41/290 171/76/383 172/77/384
f 133/43/286 132/42/288 172/77/384 173/78/385
f 134/44/284 133/43/286 173/78/385 174/858/386
f 135/45/282 134/44/284 174/858/386 175/79/387
f 136/46/280 135/45/282 175/79/387 176/80/388
f 137/47/278 136/46/280 176/80/388 177/81/389
f 138/48/276 137/47/278 177/81/389 178/82/390
f 139/49/274 138/48/276 178/82/390 179/83/391
f 140/50/272 139/49/274 179/83/391 180/84/392
f 141/51/270 140/50/272 180/84/392 181/85/393
f 142/52/268 141/51/270 181/85/393 182/86/394
f 143/176/266 142/52/268 182/86/394 183/175/395
f 144/877/264 143/176/266 183/175/395 184/879/396
f 145/53/262 144/838/264 184/842/396 185/87/397
f 146/54/259 145/53/262 185/87/397 186/88/398
f 127/37/260 146/54/259 186/88/398 167/72/379
s 0_0_0_0_0_0_4
f 148/56/399 147/55/400 107/19/340 108/20/339
f 149/57/401 148/56/399 108/20/339 109/21/343
f 150/58/402 149/57/401 109/21/343 110/22/345
f 151/59/403 150/58/402 110/22/345 111/23/347
f 152/60/404 151/59/403 111/23/347 112/24/349
f 153/61/405 152/60/404 112/24/349 113/25/351
f 154/944/406 153/61/405 113/25/351 114/26/353
f 155/62/407 154/944/406 114/26/353 115/27/355
f 156/63/408 155/62/407 115/27/355 116/28/357
f 157/64/409 156/63/408 116/28/357 117/29/359
f 158/65/410 157/64/409 117/29/359 118/30/361
f 159/66/411 158/65/410 118/30/361 119/31/363
f 160/67/412 159/66/411 119/31/363 120/32/365
f 161/68/413 160/67/412 120/32/365 121/33/367
f 162/69/414 161/68/413 121/33/367 122/34/369
f 163/173/415 162/69/414 122/34/369 123/174/371
f 164/966/416 163/173/415 123/174/371 124/964/373
f 165/70/417 164/935/416 124/930/373 125/35/375
f 166/71/418 165/70/417 125/35/375 126/36/377
f 147/55/400 166/71/418 126/36/377 107/19/340
s 0_0_0_0_0_0_5
f 188/967/419 187/968/420 189/969/421 190/970/422
f 191/973/423 188/967/419 190/970/422 192/974/424
f 193/977/425 191/973/423 192/974/424 194/978/426
f 195/981/427 193/977/425 194/978/426 196/982/428
f 197/985/429 195/981/427 196/982/428 198/986/430
f 199/989/431 197/985/429 198/986/430 200/990/432
f 201/993/433 199/989/431 200/990/432 202/994/434
f 203/1005/435 201/1007/433 202/1008/434 204/1006/436
f 205/1003/437 203/1005/435 204/1006/436 206/1004/438
f 207/1001/439 205/1003/437 206/1004/438 208/1002/440
f 209/999/441 207/1001/439 208/1002/440 210/1000/442
f 211/997/443 209/999/441 210/1000/442 212/998/444
f 213/995/445 211/997/443 212/998/444 214/996/446
f 215/991/447 213/995/445 214/996/446 216/992/448
f 217/987/449 215/991/447 216/992/448 218/988/450
f 219/983/451 217/987/449 218/988/450 220/984/452
f 221/979/453 219/983/451 220/984/452 222/980/454
f 223/975/455 221/979/453 222/980/454 224/976/456
f 225/971/457 223/975/455 224/976/456 226/972/458
f 187/968/420 225/971/457 226/972/458 189/969/421
s 0_0_0_0_0_0_6
f 168/73/459 167/72/460 187/840/461 188/844/462
s 0_0_0_0_0_0_7
f 147/55/463 148/56/464 190/924/465 189/925/466
s 0_0_0_0_0_0_6
f 169/74/467 168/73/459 188/844/462 191/847/468
s 0_0_0_0_0_0_7
f 148/56/464 149/57/469 192/928/470 190/924/465
s 0_0_0_0_0_0_6
f 170/75/471 169/74/467 191/847/468 193/849/472
s 0_0_0_0_0_0_7
f 149/57/469 150/58/473 194/933/474 192/928/470
s 0_0_0_0_0_0_6
f 171/76/475 170/75/471 193/849/472 195/851/476
s 0_0_0_0_0_0_7
f 150/58/473 151/59/477 196/937/478 194/933/474
s 0_0_0_0_0_0_6
f 172/77/479 171/76/475 195/851/476 197/853/480
s 0_0_0_0_0_0_7
f 151/59/477 152/60/481 198/940/482 196/937/478
s 0_0_0_0_0_0_6
f 173/78/483 172/77/479 197/853/480 199/855/484
s 0_0_0_0_0_0_7
f 152/60/481 153/61/485 200/942/486 198/940/482
s 0_0_0_0_0_0_6
f 174/858/487 173/78/483 199/855/484 201/857/488
s 0_0_0_0_0_0_7
f 153/61/485 154/944/489 202/945/490 200/942/486
s 0_0_0_0_0_0_6
f 175/79/491 174/858/487 201/860/488 203/861/492
s 0_0_0_0_0_0_7
f 154/944/489 155/62/493 204/947/494 202/948/490
s 0_0_0_0_0_0_6
f 176/80/495 175/79/491 203/861/492 205/863/496
s 0_0_0_0_0_0_7
f 155/62/493 156/63/497 206/950/498 204/947/494
s 0_0_0_0_0_0_6
f 177/81/499 176/80/495 205/863/496 207/865/500
s 0_0_0_0_0_0_7
f 156/63/497 157/64/501 208/952/502 206/950/498
s 0_0_0_0_0_0_6
f 178/82/503 177/81/499 207/865/500 209/867/504
s 0_0_0_0_0_0_7
f 157/64/501 158/65/505 210/954/506 208/952/502
s 0_0_0_0_0_0_6
f 179/83/507 178/82/503 209/867/504 211/869/508
s 0_0_0_0_0_0_7
f 158/65/505 159/66/509 212/956/510 210/954/506
s 0_0_0_0_0_0_6
f 180/84/511 179/83/507 211/869/508 213/871/512
s 0_0_0_0_0_0_7
f 159/66/509 160/67/513 214/958/514 212/956/510
s 0_0_0_0_0_0_6
f 181/85/515 180/84/511 213/871/512 215/873/516
s 0_0_0_0_0_0_7
f 160/67/513 161/68/517 216/960/518 214/958/514
s 0_0_0_0_0_0_6
f 182/86/519 181/85/515 215/873/516 217/875/520
s 0_0_0_0_0_0_7
f 161/68/517 162/69/521 218/962/522 216/960/518
s 0_0_0_0_0_0_6
f 183/175/523 182/86/519 217/875/520 219/878/524
s 0_0_0_0_0_0_7
f 162/69/521 163/173/525 220/965/526 218/962/522
s 0_0_0_0_0_0_6
f 184/879/527 183/175/523 219/878/524 221/846/528
s 0_0_0_0_0_0_7
f 163/173/525 164/966/529 222/938/530 220/965/526
s 0_0_0_0_0_0_6
f 185/87/531 184/842/527 221/846/528 223/843/532
s 0_0_0_0_0_0_7
f 164/935/529 165/70/533 224/934/534 222/938/530
s 0_0_0_0_0_0_6
f 186/88/535 185/87/531 223/843/532 225/839/536
s 0_0_0_0_0_0_7
f 165/70/533 166/71/537 226/929/538 224/934/534
s 0_0_0_0_0_0_6
f 167/72/460 186/88/535 225/839/536 187/840/461
s 0_0_0_0_0_0_7
f 166/71/537 147/55/463 189/925/466 226/929/538
s 0_0_0_0_0_0_8
f 227/1009/539 289/1010/540 308/185/541 228/1011/542
f 228/1011/542 308/185/541 307/181/543 229/1013/544
f 229/1013/544 307/181/543 306/179/545 230/1016/546
f 230/1016/546 306/179/545 305/180/547 231/1018/548
f 231/1018/548 305/180/547 304/184/549 232/1020/550
f 232/1020/550 304/184/549 303/188/551 233/1022/552
f 233/1022/552 303/188/551 302/191/553 234/1024/554
f 234/1024/554 302/191/553 301/193/555 235/1026/556
f 235/1026/556 301/193/555 300/195/557 236/1028/558
f 236/1028/558 300/195/557 299/197/559 237/1030/560
f 237/1030/560 299/197/559 298/198/561 238/1032/562
f 238/1032/562 298/198/561 297/200/563 239/1035/564
f 239/1035/564 297/200/563 296/202/565 240/1038/566
f 240/1038/566 296/202/565 295/204/567 241/1040/568
f 241/1040/568 295/204/567 294/206/569 242/1042/570
f 242/1042/570 294/206/569 293/208/571 243/1044/572
f 243/1044/572 293/208/571 292/210/573 244/1046/574
f 244/1046/574 292/210/573 291/212/575 245/1048/576
f 245/1048/576 291/212/575 290/214/577 246/1050/578
f 246/1050/578 290/214/577 289/1052/540 227/1053/539
s 0_0_0_0_0_0_9
f 228/1057/579 267/177/580 227/1056/581
f 229/1058/582 267/177/580 228/1057/579
f 230/1060/583 267/177/580 229/1058/582
f 231/1062/584 267/177/580 230/1060/583
f 232/1064/585 267/177/580 231/1062/584
f 233/1066/586 267/177/580 232/1064/585
f 234/1068/587 267/177/580 233/1066/586
f 235/1070/588 267/177/580 234/1068/587
f 236/1072/589 267/177/580 235/1070/588
f 237/1074/590 267/177/580 236/1072/589
f 238/1075/591 267/177/580 237/1074/590
f 239/1073/592 267/177/580 238/1075/591
f 240/1071/593 267/177/580 239/1073/592
f 241/1069/594 267/177/580 240/1071/593
f 242/1067/595 267/177/580 241/1069/594
f 243/1065/596 267/177/580 242/1067/595
f 244/1063/597 267/177/580 243/1065/596
f 245/1061/598 267/177/580 244/1063/597
f 246/1059/599 267/177/580 245/1061/598
f 227/1056/581 267/177/580 246/1059/599
s 0_0_0_0_0_0_10
f 247/1077/600 268/178/601 248/1076/602
f 248/1076/602 268/178/601 249/1079/603
f 249/1079/603 268/178/601 250/1081/604
f 250/1081/604 268/178/601 251/1083/605
f 251/1083/605 268/178/601 252/1085/606
f 252/1085/606 268/178/601 253/1087/607
f 253/1087/607 268/178/601 254/1089/608
f 254/1089/608 268/178/601 255/1091/609
f 255/1091/609 268/178/601 256/1093/610
f 256/1093/610 268/178/601 257/1095/611
f 257/1095/611 268/178/601 258/1094/612
f 258/1094/612 268/178/601 259/1092/613
f 259/1092/613 268/178/601 260/1090/614
f 260/1090/614 268/178/601 261/1088/615
f 261/1088/615 268/178/601 262/1086/616
f 262/1086/616 268/178/601 263/1084/617
f 263/1084/617 268/178/601 264/1082/618
f 264/1082/618 268/178/601 265/1080/619
f 265/1080/619 268/178/601 266/1078/620
f 266/1078/620 268/178/601 247/1077/600
s 0_0_0_0_0_0_11
f 270/252/621 266/1096/622 247/1097/623 269/1098/624
f 271/250/625 265/1099/626 266/1096/622 270/252/621
f 272/248/627 264/1101/628 265/1099/626 271/250/625
f 273/246/629 263/1104/630 264/1101/628 272/248/627
f 274/242/631 262/1106/632 263/1104/630 273/246/629
f 275/238/633 261/1108/634 262/1106/632 274/242/631
f 276/234/635 260/1110/636 261/1108/634 275/238/633
f 277/230/637 259/1112/638 260/1110/636 276/234/635
f 278/226/639 258/1114/640 259/1112/638 277/230/637
f 279/222/641 257/1116/642 258/1114/640 278/226/639
f 280/219/643 256/1118/644 257/1116/642 279/222/641
f 281/218/645 255/1120/646 256/1118/644 280/219/643
f 282/221/647 254/1123/648 255/1120/646 281/218/645
f 283/224/649 253/1126/650 254/1123/648 282/221/647
f 284/228/651 252/1128/652 253/1126/650 283/224/649
f 285/232/653 251/1130/654 252/1128/652 284/228/651
f 286/236/655 250/1132/656 251/1130/654 285/232/653
f 287/240/657 249/1134/658 250/1132/656 286/236/655
f 288/244/659 248/1136/660 249/1134/658 287/240/657
f 269/1138/624 247/1139/623 248/1136/660 288/244/659
s 0_0_0_0_0_0_8
f 290/214/577 330/215/661 329/1055/662 289/1052/540
f 291/212/575 331/213/663 330/215/661 290/214/577
f 292/210/573 332/211/664 331/213/663 291/212/575
f 293/208/571 333/209/665 332/211/664 292/210/573
f 294/206/569 334/207/666 333/209/665 293/208/571
f 295/204/567 335/205/667 334/207/666 294/206/569
f 296/202/565 336/203/668 335/205/667 295/204/567
f 297/200/563 337/201/669 336/203/668 296/202/565
f 298/198/561 338/199/670 337/201/669 297/200/563
f 299/197/559 339/1034/671 338/199/670 298/198/561
f 300/195/557 340/196/672 339/1034/671 299/197/559
f 301/193/555 341/194/673 340/196/672 300/195/557
f 302/191/553 342/192/674 341/194/673 301/193/555
f 303/188/551 343/190/675 342/192/674 302/191/553
f 304/184/549 344/187/676 343/190/675 303/188/551
f 305/180/547 345/183/677 344/187/676 304/184/549
f 306/179/545 346/182/678 345/183/677 305/180/547
f 307/181/543 347/186/679 346/182/678 306/179/545
f 308/185/541 348/189/680 347/186/679 307/181/543
f 289/1010/540 329/1012/662 348/189/680 308/185/541
s 0_0_0_0_0_0_11
f 310/251/681 270/252/621 269/1098/624 309/1100/682
f 311/249/683 271/250/625 270/252/621 310/251/681
f 312/247/684 272/248/627 271/250/625 311/249/683
f 313/245/685 273/246/629 272/248/627 312/247/684
f 314/241/686 274/242/631 273/246/629 313/245/685
f 315/237/687 275/238/633 274/242/631 314/241/686
f 316/233/688 276/234/635 275/238/633 315/237/687
f 317/229/689 277/230/637 276/234/635 316/233/688
f 318/225/690 278/226/639 277/230/637 317/229/689
f 319/1122/691 279/222/641 278/226/639 318/225/690
f 320/217/692 280/219/643 279/222/641 319/1122/691
f 321/216/693 281/218/645 280/219/643 320/217/692
f 322/220/694 282/221/647 281/218/645 321/216/693
f 323/223/695 283/224/649 282/221/647 322/220/694
f 324/227/696 284/228/651 283/224/649 323/223/695
f 325/231/697 285/232/653 284/228/651 324/227/696
f 326/235/698 286/236/655 285/232/653 325/231/697
f 327/239/699 287/240/657 286/236/655 326/235/698
f 328/243/700 288/244/659 287/240/657 327/239/699
f 309/1141/682 269/1138/624 288/244/659 328/243/700
s 0_0_0_0_0_0_12
f 350/1146/701 352/1143/702 351/1144/703 349/1145/704
f 353/1148/705 354/1147/706 352/1143/702 350/1146/701
f 355/1152/707 356/1151/708 354/1147/706 353/1148/705
f 357/1156/709 358/1155/710 356/1151/708 355/1152/707
f 359/1160/711 360/1159/712 358/1155/710 357/1156/709
f 361/1164/713 362/1163/714 360/1159/712 359/1160/711
f 363/1168/715 364/1167/716 362/1163/714 361/1164/713
f 365/1172/717 366/1171/718 364/1167/716 363/1168/715
f 367/1176/719 368/1175/720 366/1171/718 365/1172/717
f 369/1179/721 370/1180/722 368/1175/720 367/1176/719
f 371/1182/723 372/1181/724 370/1183/722 369/1184/721
f 373/1178/725 374/1177/726 372/1181/724 371/1182/723
f 375/1174/727 376/1173/728 374/1177/726 373/1178/725
f 377/1170/729 378/1169/730 376/1173/728 375/1174/727
f 379/1166/731 380/1165/732 378/1169/730 377/1170/729
f 381/1162/733 382/1161/734 380/1165/732 379/1166/731
f 383/1158/735 384/1157/736 382/1161/734 381/1162/733
f 385/1154/737 386/1153/738 384/1157/736 383/1158/735
f 387/1150/739 388/1149/740 386/1153/738 385/1154/737
f 349/1145/704 351/1144/703 388/1149/740 387/1150/739
s 0_0_0_0_0_0_13
f 330/215/741 350/1054/742 349/1014/743 329/1055/744
s 0_0_0_0_0_0_14
f 309/1100/745 351/1102/746 352/1103/747 310/251/748
s 0_0_0_0_0_0_13
f 331/213/749 353/1051/750 350/1054/742 330/215/741
s 0_0_0_0_0_0_14
f 310/251/748 352/1103/747 354/1105/751 311/249/752
s 0_0_0_0_0_0_13
f 332/211/753 355/1049/754 353/1051/750 331/213/749
s 0_0_0_0_0_0_14
f 311/249/752 354/1105/751 356/1107/755 312/247/756
s 0_0_0_0_0_0_13
f 333/209/757 357/1047/758 355/1049/754 332/211/753
s 0_0_0_0_0_0_14
f 312/247/756 356/1107/755 358/1109/759 313/245/760
s 0_0_0_0_0_0_13
f 334/207/761 359/1045/762 357/1047/758 333/209/757
s 0_0_0_0_0_0_14
f 313/245/760 358/1109/759 360/1111/763 314/241/764
s 0_0_0_0_0_0_13
f 335/205/765 361/1043/766 359/1045/762 334/207/761
s 0_0_0_0_0_0_14
f 314/241/764 360/1111/763 362/1113/767 315/237/768
s 0_0_0_0_0_0_13
f 336/203/769 363/1041/770 361/1043/766 335/205/765
s 0_0_0_0_0_0_14
f 315/237/768 362/1113/767 364/1115/771 316/233/772
s 0_0_0_0_0_0_13
f 337/201/773 365/1039/774 363/1041/770 336/203/769
s 0_0_0_0_0_0_14
f 316/233/772 364/1115/771 366/1117/775 317/229/776
s 0_0_0_0_0_0_13
f 338/199/777 367/1037/778 365/1039/774 337/201/773
s 0_0_0_0_0_0_14
f 317/229/776 366/1117/775 368/1119/779 318/225/780
s 0_0_0_0_0_0_13
f 339/1034/781 369/1036/782 367/1037/778 338/199/777
s 0_0_0_0_0_0_14
f 318/225/780 368/1119/779 370/1121/783 319/1122/784
s 0_0_0_0_0_0_13
f 340/196/785 371/1031/786 369/1033/782 339/1034/781
s 0_0_0_0_0_0_14
f 319/1122/784 370/1124/783 372/1125/787 320/217/788
s 0_0_0_0_0_0_13
f 341/194/789 373/1029/790 371/1031/786 340/196/785
s 0_0_0_0_0_0_14
f 320/217/788 372/1125/787 374/1127/791 321/216/792
s 0_0_0_0_0_0_13
f 342/192/793 375/1027/794 373/1029/790 341/194/789
s 0_0_0_0_0_0_14
f 321/216/792 374/1127/791 376/1129/795 322/220/796
s 0_0_0_0_0_0_13
f 343/190/797 377/1025/798 375/1027/794 342/192/793
s 0_0_0_0_0_0_14
f 322/220/796 376/1129/795 378/1131/799 323/223/800
s 0_0_0_0_0_0_13
f 344/187/801 379/1023/802 377/1025/798 343/190/797
s 0_0_0_0_0_0_14
f 323/223/800 378/1131/799 380/1133/803 324/227/804
s 0_0_0_0_0_0_13
f 345/183/805 381/1021/806 379/1023/802 344/187/801
s 0_0_0_0_0_0_14
f 324/227/804 380/1133/803 382/1135/807 325/231/808
s 0_0_0_0_0_0_13
f 346/182/809 383/1019/810 381/1021/806 345/183/805
s 0_0_0_0_0_0_14
f 325/231/808 382/1135/807 384/1137/811 326/235/812
s 0_0_0_0_0_0_13
f 347/186/813 385/1017/814 383/1019/810 346/182/809
s 0_0_0_0_0_0_14
f 326/235/812 384/1137/811 386/1140/815 327/239/816
s 0_0_0_0_0_0_13
f 348/189/817 387/1015/818 385/1017/814 347/186/813
s 0_0_0_0_0_0_14
f 327/239/816 386/1140/815 388/1142/819 328/243/820
s 0_0_0_0_0_0_13
f 329/1012/744 349/1014/743 387/1015/818 348/189/817
s 0_0_0_0_0_0_14
f 328/243/820 388/1142/819 351/1102/746 309/1141/745
s 0_0_0_0_0_0_1
g 0_0_0_0_0_0_pCube9 0_0_0_0_0_0_SpaceShip3
f 418/1186/821 419/117/822 399/1185/823
s 0_0_0_0_0_0_2
f 397/253/824 398/1199/825 410/1200/826 409/254/827
f 469/1218/828 470/283/829 435/275/830 436/274/831
f 407/1225/832 403/1226/833 404/301/834 408/300/835
s 0_0_0_0_0_0_5
f 402/1244/836 414/122/837 415/1243/838
s 0_0_0_0_0_0_2
f 401/311/839 402/1257/840 415/1258/841 416/1259/842
f 437/1265/843 438/290/844 467/299/845 468/1263/846
f 418/1276/847 399/1277/848 400/260/849 417/1274/850
f 391/258/851 390/1204/852 424/1201/853 425/255/854
s 0_0_0_0_0_0_1
f 421/1188/855 422/116/856 420/120/857 389/1190/858
s 0_0_0_0_0_0_2
f 389/1281/859 396/271/860 432/265/861 421/1279/862
f 439/298/863 440/305/864 465/309/865 466/306/866
f 395/314/867 394/1262/868 430/1260/869 431/313/870
s 0_0_0_0_0_0_5
f 394/1247/871 413/124/872 429/123/873 430/1245/874
s 0_0_0_0_0_0_2
f 393/1233/875 392/308/876 426/302/877 427/1230/878
f 471/284/879 472/295/880 433/285/881 434/278/882
s 0_0_0_0_0_0_5
f 427/1250/883 428/119/884 405/121/885 393/1252/886
f 407/1246/887 406/118/888 403/1248/889
s 0_0_0_0_0_0_1
f 398/1189/890 411/114/891 410/1187/892
f 390/1193/893 412/115/894 423/113/895 424/1191/896
s 0_0_0_0_0_0_5
f 428/119/884 429/123/873 413/124/872 405/121/885
f 415/1243/838 414/122/837 406/118/888 407/1246/887
s 0_0_0_0_0_0_2
f 407/1225/832 408/300/835 416/1228/842 415/1231/841
f 468/1217/846 469/1218/828 436/274/831 437/1211/843
f 418/1202/847 417/1203/850 409/254/827 410/1200/826
s 0_0_0_0_0_0_1
f 410/1187/892 411/114/891 419/117/822 418/1186/821
f 422/116/856 423/113/895 412/115/894 420/120/857
f 419/117/822 422/116/856 421/1188/855 399/1185/823
f 411/114/891 423/113/895 422/116/856 419/117/822
f 424/1191/896 423/113/895 411/114/891 398/1189/890
s 0_0_0_0_0_0_2
f 425/255/854 424/1201/853 398/1199/825 397/253/824
f 470/283/829 471/284/879 434/278/882 435/275/830
f 427/1230/878 426/302/877 404/301/834 403/1226/833
s 0_0_0_0_0_0_5
f 406/118/888 428/119/884 427/1250/883 403/1248/889
f 414/122/837 429/123/873 428/119/884 406/118/888
f 430/1245/874 429/123/873 414/122/837 402/1244/836
s 0_0_0_0_0_0_2
f 431/313/870 430/1260/869 402/1257/840 401/311/839
f 438/290/844 439/298/863 466/306/866 467/299/845
f 421/1279/862 432/265/861 400/260/849 399/1277/848
f 434/278/882 433/285/881 441/286/897 442/270/898
f 435/275/830 434/278/882 442/270/898 443/268/899
f 436/274/831 435/275/830 443/268/899 444/267/900
f 437/1211/843 436/274/831 444/267/900 445/1209/901
f 445/1267/901 446/282/902 438/290/844 437/1265/843
f 446/282/902 447/289/903 439/298/863 438/290/844
f 447/289/903 448/297/904 440/305/864 439/298/863
f 443/268/899 442/270/898 458/264/905 459/262/906
f 444/267/900 443/268/899 459/262/906 460/261/907
f 445/1209/901 444/267/900 460/261/907 461/1207/908
f 461/1270/908 462/273/909 446/282/902 445/1267/901
f 462/273/909 463/281/910 447/289/903 446/282/902
f 463/281/910 464/288/911 448/297/904 447/289/903
f 450/259/912 449/263/913 391/258/851 425/255/854
f 451/257/914 450/259/912 425/255/854 397/253/824
f 452/256/915 451/257/914 397/253/824 409/254/827
f 453/1205/916 452/256/915 409/254/827 417/1203/850
f 417/1274/850 400/260/849 454/266/917 453/1272/916
f 432/265/861 455/272/918 454/266/917 400/260/849
f 396/271/860 456/280/919 455/272/918 432/265/861
f 458/264/905 457/269/920 449/263/913 450/259/912
f 459/262/906 458/264/905 450/259/912 451/257/914
f 460/261/907 459/262/906 451/257/914 452/256/915
f 461/1207/908 460/261/907 452/256/915 453/1205/916
f 453/1272/916 454/266/917 462/273/909 461/1270/908
f 454/266/917 455/272/918 463/281/910 462/273/909
f 455/272/918 456/280/919 464/288/911 463/281/910
f 466/306/866 465/309/865 473/312/921 474/310/922
f 467/299/845 466/306/866 474/310/922 475/307/923
f 468/1263/846 467/299/845 475/307/923 476/1261/924
s 0_0_0_0_0_0_off
f 481/1290/925 482/1289/926 483/1296/927 484/1295/928
s 0_0_0_0_0_0_2
f 477/1219/929 478/291/930 470/283/829 469/1218/828
f 478/291/930 479/294/931 471/284/879 470/283/829
f 479/294/931 480/303/932 472/295/880 471/284/879
f 474/310/922 473/312/921 395/314/867 431/313/870
f 475/307/923 474/310/922 431/313/870 401/311/839
f 476/1261/924 475/307/923 401/311/839 416/1259/842
f 408/300/835 477/1219/929 476/1227/924 416/1228/842
f 408/300/835 404/301/834 478/291/930 477/1219/929
f 426/302/877 479/294/931 478/291/930 404/301/834
f 392/308/876 480/303/932 479/294/931 426/302/877
s 0_0_0_0_0_0_off
f 476/1287/933 477/1288/934 482/1289/935 481/1290/936
f 489/1306/937 490/1305/938 491/1309/939 492/1312/940
f 469/1293/941 468/1294/942 484/1295/943 483/1296/944
f 468/1297/945 476/1298/946 481/1290/947 484/1295/948
s 0_0_0_0_0_0_19
f 477/1299/949 469/1301/950 486/1302/951 485/1300/952
f 469/1301/950 483/1296/953 487/1292/954 486/1302/951
f 483/1296/953 482/1289/955 488/1291/956 487/1292/954
f 482/1289/955 477/1299/949 485/1300/952 488/1291/956
s 0_0_0_0_0_0_off
f 485/1303/957 486/1304/958 490/1305/959 489/1306/960
f 486/1307/961 487/1308/962 491/1309/963 490/1305/964
f 487/1310/965 488/1311/966 492/1312/967 491/1309/968
f 488/1313/969 485/1314/970 489/1306/971 492/1312/972
s 0_0_0_0_0_0_1
f 511/1196/973 495/1194/974 512/129/975
s 0_0_0_0_0_0_2
f 493/315/976 504/316/977 505/1210/978 494/1208/979
f 552/1235/980 527/332/981 526/333/982 553/339/983
f 502/1241/984 503/349/985 500/350/986 499/1238/987
s 0_0_0_0_0_0_5
f 498/1251/988 508/1253/989 507/132/990
s 0_0_0_0_0_0_2
f 497/354/991 509/1268/992 508/1269/993 498/1266/994
f 528/1275/995 551/1273/996 550/344/997 529/340/998
f 511/1286/999 510/1284/1000 496/323/1001 495/1285/1002
f 391/258/851 517/319/1003 516/1206/1004 390/1204/852
s 0_0_0_0_0_0_1
f 513/1192/1005 389/1190/858 420/120/857 514/127/1006
s 0_0_0_0_0_0_2
f 389/1281/859 513/1283/1007 524/328/1008 396/271/860
f 530/345/1009 549/352/1010 465/309/865 440/305/864
f 395/314/867 523/356/1011 522/1264/1012 394/1262/868
s 0_0_0_0_0_0_5
f 394/1247/871 522/1249/1013 521/131/1014 413/124/872
s 0_0_0_0_0_0_2
f 393/1233/875 519/1237/1015 518/353/1016 392/308/876
f 554/342/1017 525/338/1018 433/285/881 472/295/880
s 0_0_0_0_0_0_5
f 519/1254/1019 393/1252/886 405/121/885 520/128/1020
f 502/1255/1021 499/1256/1022 501/130/1023
s 0_0_0_0_0_0_1
f 494/1197/1024 505/1198/1025 506/126/1026
f 390/1193/893 516/1195/1027 515/125/1028 412/115/894
s 0_0_0_0_0_0_5
f 520/128/1020 405/121/885 413/124/872 521/131/1014
f 508/1253/989 502/1255/1021 501/130/1023 507/132/990
s 0_0_0_0_0_0_2
f 502/1241/984 508/1242/993 509/1239/992 503/349/985
f 551/1234/996 528/1232/995 527/332/981 552/1235/980
f 511/1212/999 505/1210/978 504/316/977 510/1213/1000
s 0_0_0_0_0_0_1
f 505/1198/1025 511/1196/973 512/129/975 506/126/1026
f 514/127/1006 420/120/857 412/115/894 515/125/1028
f 512/129/975 495/1194/974 513/1192/1005 514/127/1006
f 506/126/1026 512/129/975 514/127/1006 515/125/1028
f 516/1195/1027 494/1197/1024 506/126/1026 515/125/1028
s 0_0_0_0_0_0_2
f 517/319/1003 493/315/976 494/1208/979 516/1206/1004
f 553/339/983 526/333/982 525/338/1018 554/342/1017
f 519/1237/1015 499/1238/987 500/350/986 518/353/1016
s 0_0_0_0_0_0_5
f 501/130/1023 499/1256/1022 519/1254/1019 520/128/1020
f 507/132/990 501/130/1023 520/128/1020 521/131/1014
f 522/1249/1013 498/1251/988 507/132/990 521/131/1014
s 0_0_0_0_0_0_2
f 523/356/1011 497/354/991 498/1266/994 522/1264/1012
f 529/340/998 550/344/997 549/352/1010 530/345/1009
f 513/1283/1007 495/1285/1002 496/323/1001 524/328/1008
f 525/338/1018 531/331/1029 441/286/897 433/285/881
f 526/333/982 532/327/1030 531/331/1029 525/338/1018
f 527/332/981 533/326/1031 532/327/1030 526/333/982
f 528/1232/995 534/1229/1032 533/326/1031 527/332/981
f 534/1278/1032 528/1275/995 529/340/998 535/334/1033
f 535/334/1033 529/340/998 530/345/1009 536/341/1034
f 536/341/1034 530/345/1009 440/305/864 448/297/904
s 0_0_0_0_0_0_26
f 585/304/1035 586/347/1036 587/346/1037 588/293/1038 589/292/1039 590/296/1040
s 0_0_0_0_0_0_2
f 532/327/1030 544/322/1041 543/325/1042 531/331/1029
f 533/326/1031 545/321/1043 544/322/1041 532/327/1030
f 534/1229/1032 546/1223/1044 545/321/1043 533/326/1031
f 546/1280/1044 534/1278/1032 535/334/1033 547/329/1045
f 547/329/1045 535/334/1033 536/341/1034 548/335/1046
f 548/335/1046 536/341/1034 448/297/904 464/288/911
f 537/320/1047 517/319/1003 391/258/851 449/263/913
f 538/318/1048 493/315/976 517/319/1003 537/320/1047
f 539/317/1049 504/316/977 493/315/976 538/318/1048
f 540/1220/1050 510/1213/1000 504/316/977 539/317/1049
f 510/1284/1000 540/1282/1050 541/324/1051 496/323/1001
f 524/328/1008 496/323/1001 541/324/1051 542/330/1052
f 396/271/860 524/328/1008 542/330/1052 456/280/919
f 543/325/1042 537/320/1047 449/263/913 457/269/920
f 544/322/1041 538/318/1048 537/320/1047 543/325/1042
f 545/321/1043 539/317/1049 538/318/1048 544/322/1041
f 546/1223/1044 540/1220/1050 539/317/1049 545/321/1043
f 540/1282/1050 546/1280/1044 547/329/1045 541/324/1051
f 541/324/1051 547/329/1045 548/335/1046 542/330/1052
f 542/330/1052 548/335/1046 464/288/911 456/280/919
f 549/352/1010 555/355/1053 473/312/921 465/309/865
f 550/344/997 556/351/1054 555/355/1053 549/352/1010
f 551/1273/996 557/1271/1055 556/351/1054 550/344/997
s 0_0_0_0_0_0_off
f 561/1323/1056 564/1322/1057 563/1326/1058 562/1331/1059
s 0_0_0_0_0_0_2
f 558/1236/1060 552/1235/980 553/339/983 559/343/1061
f 559/343/1061 553/339/983 554/342/1017 560/348/1062
f 560/348/1062 554/342/1017 472/295/880 480/303/932
f 555/355/1053 523/356/1011 395/314/867 473/312/921
f 556/351/1054 497/354/991 523/356/1011 555/355/1053
f 557/1271/1055 509/1268/992 497/354/991 556/351/1054
f 503/349/985 509/1239/992 557/1240/1055 558/1236/1060
f 503/349/985 558/1236/1060 559/343/1061 500/350/986
f 518/353/1016 500/350/986 559/343/1061 560/348/1062
f 392/308/876 518/353/1016 560/348/1062 480/303/932
s 0_0_0_0_0_0_off
f 557/1330/1063 561/1323/1064 562/1331/1065 558/1332/1066
f 569/1339/1067 572/1338/1068 571/1342/1069 570/1345/1070
f 552/1325/1071 563/1326/1072 564/1322/1073 551/1327/1074
f 551/1321/1075 564/1322/1076 561/1323/1077 557/1324/1078
s 0_0_0_0_0_0_27
f 558/1336/1079 565/1335/1080 566/1333/1081 552/1334/1082
f 552/1334/1082 566/1333/1081 567/1328/1083 563/1326/1084
f 563/1326/1084 567/1328/1083 568/1329/1085 562/1331/1086
f 562/1331/1086 568/1329/1085 565/1335/1080 558/1336/1079
s 0_0_0_0_0_0_off
f 565/1347/1087 569/1339/1088 570/1345/1089 566/1348/1090
f 566/1344/1091 570/1345/1092 571/1342/1093 567/1346/1094
f 567/1341/1095 571/1342/1096 572/1338/1097 568/1343/1098
f 568/1337/1099 572/1338/1100 569/1339/1101 565/1340/1102
f 441/286/1103 531/331/1104 574/337/1105 573/287/1106
f 531/331/1107 543/325/1108 575/336/1109 574/337/1110
f 543/325/1111 457/269/1112 576/277/1113 575/336/1114
f 457/269/1115 458/264/1116 577/276/1117 576/277/1118
f 458/264/1119 442/270/1120 578/279/1121 577/276/1122
f 442/270/1123 441/286/1124 573/287/1125 578/279/1126
f 573/287/1127 574/337/1128 580/1224/1129 579/1222/1130
f 574/337/1131 575/336/1132 581/1221/1133 580/1224/1134
f 575/336/1135 576/277/1136 582/1215/1137 581/1221/1138
f 576/277/1139 577/276/1140 583/1214/1141 582/1215/1142
f 577/276/1143 578/279/1144 584/1216/1145 583/1214/1146
f 578/279/1147 573/287/1148 579/1222/1149 584/1216/1150
s 0_0_0_0_0_0_26
f 579/1315/1151 580/1316/1152 586/347/1036 585/304/1035
f 580/1316/1152 581/1317/1153 587/346/1037 586/347/1036
f 581/1317/1153 582/1318/1154 588/293/1038 587/346/1037
f 582/1318/1154 583/1319/1155 589/292/1039 588/293/1038
f 583/1319/1155 584/1320/1156 590/296/1040 589/292/1039
f 584/1320/1156 579/1315/1151 585/304/1035 590/296/1040
s 0_0_0_0_0_0_off
g 0_0_0_0_0_0_pCube11 0_0_0_0_0_0_SpaceShip3
f 591/1349/1157 592/1350/1158 594/1351/1159 593/1352/1160
f 603/1370/1161 604/1369/1162 605/1373/1163 606/1376/1164
f 595/1357/1165 596/1354/1166 598/1353/1167 597/1358/1168
f 597/1356/1169 598/1359/1170 592/1360/1171 591/1349/1172
f 592/1350/1173 598/1353/1174 596/1354/1175 594/1351/1176
f 597/1356/1177 591/1349/1178 593/1352/1179 595/1355/1180
s 0_0_0_0_0_0_1
f 593/1352/1181 594/1363/1182 600/1364/1183 599/1361/1184
f 594/1363/1182 596/1365/1185 601/1366/1186 600/1364/1183
f 596/1365/1185 595/1355/1187 602/1362/1188 601/1366/1186
f 595/1355/1187 593/1352/1181 599/1361/1184 602/1362/1188
s 0_0_0_0_0_0_off
f 599/1367/1189 600/1368/1190 604/1369/1191 603/1370/1192
f 600/1371/1193 601/1372/1194 605/1373/1195 604/1369/1196
f 601/1374/1197 602/1375/1198 606/1376/1199 605/1373/1200
f 602/1377/1201 599/1378/1202 603/1370/1203 606/1376/1204
s 0_0_0_0_0_0_1
g 0_0_0_0_0_0_pCylinder10 0_0_0_0_0_0_SpaceShip3
f 607/357/1205 608/358/1206 719/1379/1207 706/1380/1208
f 608/358/1206 609/1381/1209 718/1382/1210 719/1379/1207
f 609/1409/1209 610/367/1211 717/1406/1212 718/1408/1210
f 610/367/1211 611/377/1213 716/1404/1214 717/1406/1212
f 611/377/1213 612/387/1215 715/1402/1216 716/1404/1214
f 612/387/1215 613/399/1217 714/1400/1218 715/1402/1216
f 613/399/1217 614/413/1219 713/1398/1220 714/1400/1218
f 614/413/1219 615/421/1221 712/1396/1222 713/1398/1220
f 615/421/1221 616/406/1223 711/1394/1224 712/1396/1222
f 616/406/1223 617/392/1225 710/1391/1226 711/1394/1224
f 617/392/1225 618/381/1227 709/1387/1228 710/1391/1226
f 618/381/1227 619/371/1229 708/1385/1230 709/1387/1228
f 619/371/1229 620/363/1231 707/1383/1232 708/1385/1230
f 620/363/1231 607/357/1205 706/1380/1208 707/1383/1232
s 0_0_0_0_0_0_2
f 692/1418/1233 691/152/1234 693/1417/1235
f 694/155/1236 692/1418/1233 693/1424/1235
f 695/156/1237 694/155/1236 693/1424/1235
f 696/157/1238 695/156/1237 693/1424/1235
f 697/158/1239 696/157/1238 693/1424/1235
f 698/159/1240 697/158/1239 693/1424/1235
f 699/160/1241 698/159/1240 693/1424/1235
f 700/1436/1242 699/160/1241 693/1424/1235
f 701/154/1243 700/1432/1242 693/1417/1235
f 702/153/1244 701/154/1243 693/1417/1235
f 703/151/1245 702/153/1244 693/1417/1235
f 704/149/1246 703/151/1245 693/1417/1235
f 705/150/1247 704/149/1246 693/1417/1235
f 691/152/1234 705/150/1247 693/1417/1235
s 0_0_0_0_0_0_3
f 874/1438/1248 875/164/1249 876/1437/1250
f 875/164/1249 877/162/1251 876/1437/1250
f 877/162/1251 878/161/1252 876/1437/1250
f 878/161/1252 879/163/1253 876/1437/1250
f 879/163/1253 880/165/1254 876/1437/1250
f 880/165/1254 881/166/1255 876/1437/1250
f 881/166/1255 882/1452/1256 876/1437/1250
f 882/1456/1256 883/172/1257 876/1444/1250
f 883/172/1257 884/171/1258 876/1444/1250
f 884/171/1258 885/170/1259 876/1444/1250
f 885/170/1259 886/169/1260 876/1444/1250
f 886/169/1260 887/168/1261 876/1444/1250
f 887/168/1261 888/167/1262 876/1444/1250
f 888/167/1262 874/1438/1248 876/1444/1250
s 0_0_0_0_0_0_4
f 608/358/1263 607/357/1264 635/359/1265 636/360/1266
f 609/1381/1267 608/358/1263 636/360/1266 637/1384/1268
f 610/367/1269 609/1409/1267 637/1410/1268 638/376/1270
f 611/377/1271 610/367/1269 638/376/1270 639/386/1272
f 612/387/1273 611/377/1271 639/386/1272 640/398/1274
f 613/399/1275 612/387/1273 640/398/1274 641/412/1276
f 614/413/1277 613/399/1275 641/412/1276 642/427/1278
f 615/421/1279 614/413/1277 642/427/1278 643/422/1280
f 616/406/1281 615/421/1279 643/422/1280 644/407/1282
f 617/392/1283 616/406/1281 644/407/1282 645/393/1284
f 618/381/1285 617/392/1283 645/393/1284 646/382/1286
f 619/371/1287 618/381/1285 646/382/1286 647/372/1288
f 620/363/1289 619/371/1287 647/372/1288 648/364/1290
f 607/357/1264 620/363/1289 648/364/1290 635/359/1265
s 0_0_0_0_0_0_off
f 636/360/1291 635/359/1292 649/365/1293 650/366/1294
f 637/1384/1295 636/360/1296 650/366/1297 651/1386/1298
f 638/376/1299 637/1410/1300 651/1412/1301 652/385/1302
f 639/386/1303 638/376/1304 652/385/1305 653/397/1306
f 640/398/1307 639/386/1308 653/397/1309 654/411/1310
f 641/412/1311 640/398/1312 654/411/1313 655/426/1314
f 642/427/1315 641/412/1316 655/426/1317 656/438/1318
f 643/422/1319 642/427/1320 656/438/1321 657/435/1322
f 644/407/1323 643/422/1324 657/435/1325 658/423/1326
f 645/393/1327 644/407/1328 658/423/1329 659/408/1330
f 646/382/1331 645/393/1332 659/408/1333 660/394/1334
f 647/372/1335 646/382/1336 660/394/1337 661/383/1338
f 648/364/1339 647/372/1340 661/383/1341 662/373/1342
f 635/359/1343 648/364/1344 662/373/1345 649/365/1346
f 650/366/1347 649/365/1348 663/374/1349 664/375/1350
f 651/1386/1351 650/366/1352 664/375/1353 665/1390/1354
f 652/385/1355 651/1412/1356 665/1414/1357 666/396/1358
f 653/397/1359 652/385/1360 666/396/1361 667/410/1362
f 654/411/1363 653/397/1364 667/410/1365 668/425/1366
f 655/426/1367 654/411/1368 668/425/1369 669/437/1370
f 656/438/1371 655/426/1372 669/437/1373 670/446/1374
f 657/435/1375 656/438/1376 670/446/1377 671/445/1378
f 658/423/1379 657/435/1380 671/445/1381 672/436/1382
f 659/408/1383 658/423/1384 672/436/1385 673/424/1386
f 660/394/1387 659/408/1388 673/424/1389 674/409/1390
f 661/383/1391 660/394/1392 674/409/1393 675/395/1394
f 662/373/1395 661/383/1396 675/395/1397 676/384/1398
f 649/365/1399 662/373/1400 676/384/1401 663/374/1402
f 664/375/1403 663/374/1404 677/1388/1405 678/1389/1406
f 665/1390/1407 664/375/1408 678/1389/1409 679/1393/1410
f 666/396/1411 665/1414/1412 679/1416/1413 680/1415/1414
f 667/410/1415 666/396/1416 680/1415/1417 681/1413/1418
f 668/425/1419 667/410/1420 681/1413/1421 682/1411/1422
f 669/437/1423 668/425/1424 682/1411/1425 683/1407/1426
f 670/446/1427 669/437/1428 683/1407/1429 684/1405/1430
f 671/445/1431 670/446/1432 684/1405/1433 685/1403/1434
f 672/436/1435 671/445/1436 685/1403/1437 686/1401/1438
f 673/424/1439 672/436/1440 686/1401/1441 687/1399/1442
f 674/409/1443 673/424/1444 687/1399/1445 688/1397/1446
f 675/395/1447 674/409/1448 688/1397/1449 689/1395/1450
f 676/384/1451 675/395/1452 689/1395/1453 690/1392/1454
f 663/374/1455 676/384/1456 690/1392/1457 677/1388/1458
f 678/1419/1459 677/1420/1460 691/152/1461 692/1418/1462
f 679/1422/1463 678/1419/1464 692/1418/1465 694/155/1466
f 680/1425/1467 679/1422/1468 694/155/1469 695/156/1470
f 681/1427/1471 680/1425/1472 695/156/1473 696/157/1474
f 682/1429/1475 681/1427/1476 696/157/1477 697/158/1478
f 683/1431/1479 682/1429/1480 697/158/1481 698/159/1482
f 684/1434/1483 683/1431/1484 698/159/1485 699/160/1486
f 685/1435/1487 684/1434/1488 699/160/1489 700/1436/1490
f 686/1430/1491 685/1433/1492 700/1432/1493 701/154/1494
f 687/1428/1495 686/1430/1496 701/154/1497 702/153/1498
f 688/1426/1499 687/1428/1500 702/153/1501 703/151/1502
f 689/1423/1503 688/1426/1504 703/151/1505 704/149/1506
f 690/1421/1507 689/1423/1508 704/149/1509 705/150/1510
f 677/1420/1511 690/1421/1512 705/150/1513 691/152/1514
s 0_0_0_0_0_0_5
f 763/370/1515 762/362/1516 764/369/1517 765/379/1518
f 766/380/1519 763/370/1515 765/379/1518 767/390/1520
f 768/391/1521 766/380/1519 767/390/1520 769/404/1522
f 770/405/1523 768/391/1521 769/404/1522 771/419/1524
f 772/420/1525 770/405/1523 771/419/1524 773/433/1526
f 774/434/1527 772/420/1525 773/433/1526 775/444/1528
f 776/428/1529 774/434/1527 775/444/1528 777/439/1530
f 778/414/1531 776/428/1529 777/439/1530 779/429/1532
f 780/400/1533 778/414/1531 779/429/1532 781/415/1534
f 782/388/1535 780/400/1533 781/415/1534 783/401/1536
f 784/378/1537 782/388/1535 783/401/1536 785/389/1538
f 786/1488/1539 784/378/1537 785/389/1538 787/1487/1540
f 788/361/1541 786/1463/1539 787/1464/1540 789/368/1542
f 762/362/1516 788/361/1541 789/368/1542 764/369/1517
s 0_0_0_0_0_0_6
f 721/1491/1543 720/1492/1544 621/462/1545 634/465/1546
f 722/1494/1547 721/1491/1543 634/465/1546 633/470/1548
f 723/1497/1549 722/1494/1547 633/470/1548 632/477/1550
f 724/1499/1551 723/1497/1549 632/477/1550 631/484/1552
f 725/1503/1553 724/1499/1551 631/484/1552 630/492/1554
f 726/1507/1555 725/1503/1553 630/492/1554 629/500/1556
f 727/1510/1557 726/1507/1555 629/500/1556 628/493/1558
f 728/1512/1559 727/1510/1557 628/493/1558 627/485/1560
f 729/1514/1561 728/1512/1559 627/485/1560 626/478/1562
f 730/1516/1563 729/1514/1561 626/478/1562 625/471/1564
f 731/1518/1565 730/1516/1563 625/471/1564 624/466/1566
f 732/1520/1567 731/1518/1565 624/466/1566 623/1521/1568
f 733/1493/1569 732/1495/1567 623/1496/1568 622/461/1570
f 720/1492/1544 733/1493/1569 622/461/1570 621/462/1545
s 0_0_0_0_0_0_7
f 735/1529/1571 734/1530/1572 889/1531/1573 890/1532/1574
f 736/1535/1575 735/1529/1571 890/1532/1574 891/1536/1576
f 737/1539/1577 736/1535/1575 891/1536/1576 892/1540/1578
f 738/1541/1579 737/1539/1577 892/1540/1578 893/1542/1580
f 739/1543/1581 738/1541/1579 893/1542/1580 894/1544/1582
f 740/1545/1583 739/1543/1581 894/1544/1582 895/1546/1584
f 741/1547/1585 740/1545/1583 895/1546/1584 896/1548/1586
f 742/1549/1587 741/1547/1585 896/1548/1586 897/1550/1588
f 743/1551/1589 742/1549/1587 897/1550/1588 898/1552/1590
f 744/1553/1591 743/1551/1589 898/1552/1590 899/1554/1592
f 745/1555/1593 744/1553/1591 899/1554/1592 900/1556/1594
f 746/1557/1595 745/1555/1593 900/1556/1594 901/1558/1596
f 747/1533/1597 746/1537/1595 901/1538/1596 902/1534/1598
f 734/1530/1572 747/1533/1597 902/1534/1598 889/1531/1573
s 0_0_0_0_0_0_8
f 791/517/1599 790/513/1600 792/516/1601 793/518/1602
f 794/519/1603 791/517/1599 793/518/1602 795/520/1604
f 796/521/1605 794/519/1603 795/520/1604 797/522/1606
f 798/523/1607 796/521/1605 797/522/1606 799/524/1608
f 800/525/1609 798/523/1607 799/524/1608 801/526/1610
f 802/527/1611 800/525/1609 801/526/1610 803/528/1612
f 804/529/1613 802/527/1611 803/528/1612 805/530/1614
f 806/531/1615 804/529/1613 805/530/1614 807/532/1616
f 808/533/1617 806/531/1615 807/532/1616 809/534/1618
f 810/535/1619 808/533/1617 809/534/1618 811/536/1620
f 812/537/1621 810/535/1619 811/536/1620 813/538/1622
f 814/1590/1623 812/537/1621 813/538/1622 815/1589/1624
f 816/514/1625 814/1565/1623 815/1566/1624 817/515/1626
f 790/513/1600 816/514/1625 817/515/1626 792/516/1601
s 0_0_0_0_0_0_9
f 707/1457/1627 706/1458/1628 762/362/1629 763/370/1630
s 0_0_0_0_0_0_10
f 734/1459/1631 735/1460/1632 765/379/1633 764/369/1634
s 0_0_0_0_0_0_9
f 708/1462/1635 707/1457/1627 763/370/1630 766/380/1636
s 0_0_0_0_0_0_10
f 735/1460/1632 736/1466/1637 767/390/1638 765/379/1633
s 0_0_0_0_0_0_9
f 709/1468/1639 708/1462/1635 766/380/1636 768/391/1640
s 0_0_0_0_0_0_10
f 736/1466/1637 737/1470/1641 769/404/1642 767/390/1638
s 0_0_0_0_0_0_9
f 710/1471/1643 709/1468/1639 768/391/1640 770/405/1644
s 0_0_0_0_0_0_10
f 737/1470/1641 738/1472/1645 771/419/1646 769/404/1642
s 0_0_0_0_0_0_9
f 711/1473/1647 710/1471/1643 770/405/1644 772/420/1648
s 0_0_0_0_0_0_10
f 738/1472/1645 739/1474/1649 773/433/1650 771/419/1646
s 0_0_0_0_0_0_9
f 712/1475/1651 711/1473/1647 772/420/1648 774/434/1652
s 0_0_0_0_0_0_10
f 739/1474/1649 740/1476/1653 775/444/1654 773/433/1650
s 0_0_0_0_0_0_9
f 713/1477/1655 712/1475/1651 774/434/1652 776/428/1656
s 0_0_0_0_0_0_10
f 740/1476/1653 741/1478/1657 777/439/1658 775/444/1654
s 0_0_0_0_0_0_9
f 714/1479/1659 713/1477/1655 776/428/1656 778/414/1660
s 0_0_0_0_0_0_10
f 741/1478/1657 742/1480/1661 779/429/1662 777/439/1658
s 0_0_0_0_0_0_9
f 715/1481/1663 714/1479/1659 778/414/1660 780/400/1664
s 0_0_0_0_0_0_10
f 742/1480/1661 743/1482/1665 781/415/1666 779/429/1662
s 0_0_0_0_0_0_9
f 716/1483/1667 715/1481/1663 780/400/1664 782/388/1668
s 0_0_0_0_0_0_10
f 743/1482/1665 744/1484/1669 783/401/1670 781/415/1666
s 0_0_0_0_0_0_9
f 717/1485/1671 716/1483/1667 782/388/1668 784/378/1672
s 0_0_0_0_0_0_10
f 744/1484/1669 745/1486/1673 785/389/1674 783/401/1670
s 0_0_0_0_0_0_9
f 718/1489/1675 717/1485/1671 784/378/1672 786/1488/1676
s 0_0_0_0_0_0_10
f 745/1486/1673 746/1490/1677 787/1487/1678 785/389/1674
s 0_0_0_0_0_0_9
f 719/1461/1679 718/1467/1675 786/1463/1676 788/361/1680
s 0_0_0_0_0_0_10
f 746/1469/1677 747/1465/1681 789/368/1682 787/1464/1678
s 0_0_0_0_0_0_9
f 706/1458/1628 719/1461/1679 788/361/1680 762/362/1629
s 0_0_0_0_0_0_10
f 747/1465/1681 734/1459/1631 764/369/1634 789/368/1682
s 0_0_0_0_0_0_11
f 749/1559/1683 748/1560/1684 790/513/1685 791/517/1686
s 0_0_0_0_0_0_12
f 720/1561/1687 721/1562/1688 793/518/1689 792/516/1690
s 0_0_0_0_0_0_11
f 750/1564/1691 749/1559/1683 791/517/1686 794/519/1692
s 0_0_0_0_0_0_12
f 721/1562/1688 722/1568/1693 795/520/1694 793/518/1689
s 0_0_0_0_0_0_11
f 751/1570/1695 750/1564/1691 794/519/1692 796/521/1696
s 0_0_0_0_0_0_12
f 722/1568/1693 723/1572/1697 797/522/1698 795/520/1694
s 0_0_0_0_0_0_11
f 752/1573/1699 751/1570/1695 796/521/1696 798/523/1700
s 0_0_0_0_0_0_12
f 723/1572/1697 724/1574/1701 799/524/1702 797/522/1698
s 0_0_0_0_0_0_11
f 753/1575/1703 752/1573/1699 798/523/1700 800/525/1704
s 0_0_0_0_0_0_12
f 724/1574/1701 725/1576/1705 801/526/1706 799/524/1702
s 0_0_0_0_0_0_11
f 754/1577/1707 753/1575/1703 800/525/1704 802/527/1708
s 0_0_0_0_0_0_12
f 725/1576/1705 726/1578/1709 803/528/1710 801/526/1706
s 0_0_0_0_0_0_11
f 755/1579/1711 754/1577/1707 802/527/1708 804/529/1712
s 0_0_0_0_0_0_12
f 726/1578/1709 727/1580/1713 805/530/1714 803/528/1710
s 0_0_0_0_0_0_11
f 756/1581/1715 755/1579/1711 804/529/1712 806/531/1716
s 0_0_0_0_0_0_12
f 727/1580/1713 728/1582/1717 807/532/1718 805/530/1714
s 0_0_0_0_0_0_11
f 757/1583/1719 756/1581/1715 806/531/1716 808/533/1720
s 0_0_0_0_0_0_12
f 728/1582/1717 729/1584/1721 809/534/1722 807/532/1718
s 0_0_0_0_0_0_11
f 758/1585/1723 757/1583/1719 808/533/1720 810/535/1724
s 0_0_0_0_0_0_12
f 729/1584/1721 730/1586/1725 811/536/1726 809/534/1722
s 0_0_0_0_0_0_11
f 759/1587/1727 758/1585/1723 810/535/1724 812/537/1728
s 0_0_0_0_0_0_12
f 730/1586/1725 731/1588/1729 813/538/1730 811/536/1726
s 0_0_0_0_0_0_11
f 760/1591/1731 759/1587/1727 812/537/1728 814/1590/1732
s 0_0_0_0_0_0_12
f 731/1588/1729 732/1592/1733 815/1589/1734 813/538/1730
s 0_0_0_0_0_0_11
f 761/1563/1735 760/1569/1731 814/1565/1732 816/514/1736
s 0_0_0_0_0_0_12
f 732/1571/1733 733/1567/1737 817/515/1738 815/1566/1734
s 0_0_0_0_0_0_11
f 748/1560/1684 761/1563/1735 816/514/1736 790/513/1685
s 0_0_0_0_0_0_12
f 733/1567/1737 720/1561/1687 792/516/1690 817/515/1738
s 0_0_0_0_0_0_off
f 621/462/1739 622/461/1740 819/463/1741 818/464/1742
f 622/461/1743 623/1496/1744 820/1498/1745 819/463/1746
f 623/1521/1747 624/466/1748 821/472/1749 820/1523/1750
f 624/466/1751 625/471/1752 822/479/1753 821/472/1754
f 625/471/1755 626/478/1756 823/486/1757 822/479/1758
f 626/478/1759 627/485/1760 824/494/1761 823/486/1762
f 627/485/1763 628/493/1764 825/501/1765 824/494/1766
f 628/493/1767 629/500/1768 826/506/1769 825/501/1770
f 629/500/1771 630/492/1772 827/499/1773 826/506/1774
f 630/492/1775 631/484/1776 828/491/1777 827/499/1778
f 631/484/1779 632/477/1780 829/483/1781 828/491/1782
f 632/477/1783 633/470/1784 830/476/1785 829/483/1786
f 633/470/1787 634/465/1788 831/469/1789 830/476/1790
f 634/465/1791 621/462/1792 818/464/1793 831/469/1794
f 818/464/1795 819/463/1796 833/467/1797 832/468/1798
f 819/463/1799 820/1498/1800 834/1500/1801 833/467/1802
f 820/1523/1803 821/472/1804 835/480/1805 834/1525/1806
f 821/472/1807 822/479/1808 836/487/1809 835/480/1810
f 822/479/1811 823/486/1812 837/495/1813 836/487/1814
f 823/486/1815 824/494/1816 838/502/1817 837/495/1818
f 824/494/1819 825/501/1820 839/507/1821 838/502/1822
f 825/501/1823 826/506/1824 840/510/1825 839/507/1826
f 826/506/1827 827/499/1828 841/505/1829 840/510/1830
f 827/499/1831 828/491/1832 842/498/1833 841/505/1834
f 828/491/1835 829/483/1836 843/490/1837 842/498/1838
f 829/483/1839 830/476/1840 844/482/1841 843/490/1842
f 830/476/1843 831/469/1844 845/475/1845 844/482/1846
f 831/469/1847 818/464/1848 832/468/1849 845/475/1850
f 832/468/1851 833/467/1852 847/473/1853 846/474/1854
f 833/467/1855 834/1500/1856 848/1504/1857 847/473/1858
f 834/1525/1859 835/480/1860 849/488/1861 848/1527/1862
f 835/480/1863 836/487/1864 850/496/1865 849/488/1866
f 836/487/1867 837/495/1868 851/503/1869 850/496/1870
f 837/495/1871 838/502/1872 852/508/1873 851/503/1874
f 838/502/1875 839/507/1876 853/511/1877 852/508/1878
f 839/507/1879 840/510/1880 854/512/1881 853/511/1882
f 840/510/1883 841/505/1884 855/509/1885 854/512/1886
f 841/505/1887 842/498/1888 856/504/1889 855/509/1890
f 842/498/1891 843/490/1892 857/497/1893 856/504/1894
f 843/490/1895 844/482/1896 858/489/1897 857/497/1898
f 844/482/1899 845/475/1900 859/481/1901 858/489/1902
f 845/475/1903 832/468/1904 846/474/1905 859/481/1906
f 846/474/1907 847/473/1908 861/1505/1909 860/1501/1910
f 847/473/1911 848/1504/1912 862/1508/1913 861/1505/1914
f 848/1527/1915 849/488/1916 863/1526/1917 862/1528/1918
f 849/488/1919 850/496/1920 864/1524/1921 863/1526/1922
f 850/496/1923 851/503/1924 865/1522/1925 864/1524/1926
f 851/503/1927 852/508/1928 866/1519/1929 865/1522/1930
f 852/508/1931 853/511/1932 867/1517/1933 866/1519/1934
f 853/511/1935 854/512/1936 868/1515/1937 867/1517/1938
f 854/512/1939 855/509/1940 869/1513/1941 868/1515/1942
f 855/509/1943 856/504/1944 870/1511/1945 869/1513/1946
f 856/504/1947 857/497/1948 871/1509/1949 870/1511/1950
f 857/497/1951 858/489/1952 872/1506/1953 871/1509/1954
f 858/489/1955 859/481/1956 873/1502/1957 872/1506/1958
f 859/481/1959 846/474/1960 860/1501/1961 873/1502/1962
f 860/1439/1963 861/1440/1964 875/164/1965 874/1438/1966
f 861/1440/1967 862/1441/1968 877/162/1969 875/164/1970
f 862/1441/1971 863/1443/1972 878/161/1973 877/162/1974
f 863/1443/1975 864/1446/1976 879/163/1977 878/161/1978
f 864/1446/1979 865/1448/1980 880/165/1981 879/163/1982
f 865/1448/1983 866/1450/1984 881/166/1985 880/165/1986
f 866/1450/1987 867/1453/1988 882/1452/1989 881/166/1990
f 867/1455/1991 868/1454/1992 883/172/1993 882/1456/1994
f 868/1454/1995 869/1451/1996 884/171/1997 883/172/1998
f 869/1451/1999 870/1449/2000 885/170/2001 884/171/2002
f 870/1449/2003 871/1447/2004 886/169/2005 885/170/2006
f 871/1447/2007 872/1445/2008 887/168/2009 886/169/2010
f 872/1445/2011 873/1442/2012 888/167/2013 887/168/2014
f 873/1442/2015 860/1439/2016 874/1438/2017 888/167/2018
s 0_0_0_0_0_0_13
f 946/418/2019 945/403/2020 947/417/2021 948/431/2022
f 949/432/2023 946/418/2019 948/431/2022 950/442/2024
f 951/443/2025 949/432/2023 950/442/2024 952/449/2026
f 953/450/2027 951/443/2025 952/449/2026 954/453/2028
f 955/454/2029 953/450/2027 954/453/2028 956/457/2030
f 957/458/2031 955/454/2029 956/457/2030 958/460/2032
f 959/455/2033 957/458/2031 958/460/2032 960/459/2034
f 961/451/2035 959/455/2033 960/459/2034 962/456/2036
f 963/447/2037 961/451/2035 962/456/2036 964/452/2038
f 965/440/2039 963/447/2037 964/452/2038 966/448/2040
f 967/430/2041 965/440/2039 966/448/2040 968/441/2042
f 969/1624/2043 967/430/2041 968/441/2042 970/1623/2044
f 971/402/2045 969/1599/2043 970/1600/2044 972/416/2046
f 945/403/2020 971/402/2045 972/416/2046 947/417/2021
s 0_0_0_0_0_0_14
f 904/1627/2047 903/1628/2048 917/1629/2049 918/1630/2050
f 905/1633/2051 904/1627/2047 918/1630/2050 919/1634/2052
f 906/1637/2053 905/1633/2051 919/1634/2052 920/1638/2054
f 907/1639/2055 906/1637/2053 920/1638/2054 921/1640/2056
f 908/1641/2057 907/1639/2055 921/1640/2056 922/1642/2058
f 909/1643/2059 908/1641/2057 922/1642/2058 923/1644/2060
f 910/1645/2061 909/1643/2059 923/1644/2060 924/1646/2062
f 911/1647/2063 910/1645/2061 924/1646/2062 925/1648/2064
f 912/1649/2065 911/1647/2063 925/1648/2064 926/1650/2066
f 913/1651/2067 912/1649/2065 926/1650/2066 927/1652/2068
f 914/1653/2069 913/1651/2067 927/1652/2068 928/1654/2070
f 915/1655/2071 914/1653/2069 928/1654/2070 929/1656/2072
f 916/1631/2073 915/1635/2071 929/1636/2072 930/1632/2074
f 903/1628/2048 916/1631/2073 930/1632/2074 917/1629/2049
s 0_0_0_0_0_0_15
f 974/559/2075 973/561/2076 975/562/2077 976/560/2078
f 977/557/2079 974/559/2075 976/560/2078 978/558/2080
f 979/555/2081 977/557/2079 978/558/2080 980/556/2082
f 981/553/2083 979/555/2081 980/556/2082 982/554/2084
f 983/551/2085 981/553/2083 982/554/2084 984/552/2086
f 985/549/2087 983/551/2085 984/552/2086 986/550/2088
f 987/547/2089 985/549/2087 986/550/2088 988/548/2090
f 989/545/2091 987/547/2089 988/548/2090 990/546/2092
f 991/543/2093 989/545/2091 990/546/2092 992/544/2094
f 993/541/2095 991/543/2093 992/544/2094 994/542/2096
f 995/539/2097 993/541/2095 994/542/2096 996/540/2098
f 997/1688/2099 995/539/2097 996/540/2098 998/1687/2100
f 999/563/2101 997/1663/2099 998/1664/2100 1000/564/2102
f 973/561/2076 999/563/2101 1000/564/2102 975/562/2077
s 0_0_0_0_0_0_16
f 932/1691/2103 931/1692/2104 748/1693/2105 749/1694/2106
f 933/1697/2107 932/1691/2103 749/1694/2106 750/1698/2108
f 934/1701/2109 933/1697/2107 750/1698/2108 751/1702/2110
f 935/1703/2111 934/1701/2109 751/1702/2110 752/1704/2112
f 936/1705/2113 935/1703/2111 752/1704/2112 753/1706/2114
f 937/1707/2115 936/1705/2113 753/1706/2114 754/1708/2116
f 938/1709/2117 937/1707/2115 754/1708/2116 755/1710/2118
f 939/1711/2119 938/1709/2117 755/1710/2118 756/1712/2120
f 940/1713/2121 939/1711/2119 756/1712/2120 757/1714/2122
f 941/1715/2123 940/1713/2121 757/1714/2122 758/1716/2124
f 942/1717/2125 941/1715/2123 758/1716/2124 759/1718/2126
f 943/1719/2127 942/1717/2125 759/1718/2126 760/1720/2128
f 944/1695/2129 943/1699/2127 760/1700/2128 761/1696/2130
f 931/1692/2104 944/1695/2129 761/1696/2130 748/1693/2105
s 0_0_0_0_0_0_17
f 890/1593/2131 889/1594/2132 945/403/2133 946/418/2134
s 0_0_0_0_0_0_18
f 903/1595/2135 904/1596/2136 948/431/2137 947/417/2138
s 0_0_0_0_0_0_17
f 891/1598/2139 890/1593/2131 946/418/2134 949/432/2140
s 0_0_0_0_0_0_18
f 904/1596/2136 905/1602/2141 950/442/2142 948/431/2137
s 0_0_0_0_0_0_17
f 892/1604/2143 891/1598/2139 949/432/2140 951/443/2144
s 0_0_0_0_0_0_18
f 905/1602/2141 906/1606/2145 952/449/2146 950/442/2142
s 0_0_0_0_0_0_17
f 893/1607/2147 892/1604/2143 951/443/2144 953/450/2148
s 0_0_0_0_0_0_18
f 906/1606/2145 907/1608/2149 954/453/2150 952/449/2146
s 0_0_0_0_0_0_17
f 894/1609/2151 893/1607/2147 953/450/2148 955/454/2152
s 0_0_0_0_0_0_18
f 907/1608/2149 908/1610/2153 956/457/2154 954/453/2150
s 0_0_0_0_0_0_17
f 895/1611/2155 894/1609/2151 955/454/2152 957/458/2156
s 0_0_0_0_0_0_18
f 908/1610/2153 909/1612/2157 958/460/2158 956/457/2154
s 0_0_0_0_0_0_17
f 896/1613/2159 895/1611/2155 957/458/2156 959/455/2160
s 0_0_0_0_0_0_18
f 909/1612/2157 910/1614/2161 960/459/2162 958/460/2158
s 0_0_0_0_0_0_17
f 897/1615/2163 896/1613/2159 959/455/2160 961/451/2164
s 0_0_0_0_0_0_18
f 910/1614/2161 911/1616/2165 962/456/2166 960/459/2162
s 0_0_0_0_0_0_17
f 898/1617/2167 897/1615/2163 961/451/2164 963/447/2168
s 0_0_0_0_0_0_18
f 911/1616/2165 912/1618/2169 964/452/2170 962/456/2166
s 0_0_0_0_0_0_17
f 899/1619/2171 898/1617/2167 963/447/2168 965/440/2172
s 0_0_0_0_0_0_18
f 912/1618/2169 913/1620/2173 966/448/2174 964/452/2170
s 0_0_0_0_0_0_17
f 900/1621/2175 899/1619/2171 965/440/2172 967/430/2176
s 0_0_0_0_0_0_18
f 913/1620/2173 914/1622/2177 968/441/2178 966/448/2174
s 0_0_0_0_0_0_17
f 901/1625/2179 900/1621/2175 967/430/2176 969/1624/2180
s 0_0_0_0_0_0_18
f 914/1622/2177 915/1626/2181 970/1623/2182 968/441/2178
s 0_0_0_0_0_0_17
f 902/1597/2183 901/1603/2179 969/1599/2180 971/402/2184
s 0_0_0_0_0_0_18
f 915/1605/2181 916/1601/2185 972/416/2186 970/1600/2182
s 0_0_0_0_0_0_17
f 889/1594/2132 902/1597/2183 971/402/2184 945/403/2133
s 0_0_0_0_0_0_18
f 916/1601/2185 903/1595/2135 947/417/2138 972/416/2186
s 0_0_0_0_0_0_19
f 918/1657/2187 917/1658/2188 973/561/2189 974/559/2190
s 0_0_0_0_0_0_20
f 931/1659/2191 932/1660/2192 976/560/2193 975/562/2194
s 0_0_0_0_0_0_19
f 919/1662/2195 918/1657/2187 974/559/2190 977/557/2196
s 0_0_0_0_0_0_20
f 932/1660/2192 933/1666/2197 978/558/2198 976/560/2193
s 0_0_0_0_0_0_19
f 920/1668/2199 919/1662/2195 977/557/2196 979/555/2200
s 0_0_0_0_0_0_20
f 933/1666/2197 934/1670/2201 980/556/2202 978/558/2198
s 0_0_0_0_0_0_19
f 921/1671/2203 920/1668/2199 979/555/2200 981/553/2204
s 0_0_0_0_0_0_20
f 934/1670/2201 935/1672/2205 982/554/2206 980/556/2202
s 0_0_0_0_0_0_19
f 922/1673/2207 921/1671/2203 981/553/2204 983/551/2208
s 0_0_0_0_0_0_20
f 935/1672/2205 936/1674/2209 984/552/2210 982/554/2206
s 0_0_0_0_0_0_19
f 923/1675/2211 922/1673/2207 983/551/2208 985/549/2212
s 0_0_0_0_0_0_20
f 936/1674/2209 937/1676/2213 986/550/2214 984/552/2210
s 0_0_0_0_0_0_19
f 924/1677/2215 923/1675/2211 985/549/2212 987/547/2216
s 0_0_0_0_0_0_20
f 937/1676/2213 938/1678/2217 988/548/2218 986/550/2214
s 0_0_0_0_0_0_19
f 925/1679/2219 924/1677/2215 987/547/2216 989/545/2220
s 0_0_0_0_0_0_20
f 938/1678/2217 939/1680/2221 990/546/2222 988/548/2218
s 0_0_0_0_0_0_19
f 926/1681/2223 925/1679/2219 989/545/2220 991/543/2224
s 0_0_0_0_0_0_20
f 939/1680/2221 940/1682/2225 992/544/2226 990/546/2222
s 0_0_0_0_0_0_19
f 927/1683/2227 926/1681/2223 991/543/2224 993/541/2228
s 0_0_0_0_0_0_20
f 940/1682/2225 941/1684/2229 994/542/2230 992/544/2226
s 0_0_0_0_0_0_19
f 928/1685/2231 927/1683/2227 993/541/2228 995/539/2232
s 0_0_0_0_0_0_20
f 941/1684/2229 942/1686/2233 996/540/2234 994/542/2230
s 0_0_0_0_0_0_19
f 929/1689/2235 928/1685/2231 995/539/2232 997/1688/2236
s 0_0_0_0_0_0_20
f 942/1686/2233 943/1690/2237 998/1687/2238 996/540/2234
s 0_0_0_0_0_0_19
f 930/1661/2239 929/1667/2235 997/1663/2236 999/563/2240
s 0_0_0_0_0_0_20
f 943/1669/2237 944/1665/2241 1000/564/2242 998/1664/2238
s 0_0_0_0_0_0_19
f 917/1658/2188 930/1661/2239 999/563/2240 973/561/2189
s 0_0_0_0_0_0_20
f 944/1665/2241 931/1659/2191 975/562/2194 1000/564/2242
s 0_0_0_0_0_0_21
f 1001/758/2243 1100/1721/2244 1113/1722/2245 1002/762/2246
f 1002/762/2246 1113/1722/2245 1112/1724/2247 1003/766/2248
f 1003/766/2248 1112/1724/2247 1111/1726/2249 1004/1727/2250
f 1004/1749/2250 1111/1750/2249 1110/1747/2251 1005/721/2252
f 1005/721/2252 1110/1747/2251 1109/1745/2253 1006/723/2254
f 1006/723/2254 1109/1745/2253 1108/1743/2255 1007/726/2256
f 1007/726/2256 1108/1743/2255 1107/1741/2257 1008/730/2258
f 1008/730/2258 1107/1741/2257 1106/1738/2259 1009/734/2260
f 1009/734/2260 1106/1738/2259 1105/1734/2261 1010/738/2262
f 1010/738/2262 1105/1734/2261 1104/1730/2263 1011/742/2264
f 1011/742/2264 1104/1730/2263 1103/1728/2265 1012/746/2266
f 1012/746/2266 1103/1728/2265 1102/1725/2267 1013/750/2268
f 1013/750/2268 1102/1725/2267 1101/1723/2269 1014/754/2270
f 1014/754/2270 1101/1723/2269 1100/1721/2244 1001/758/2243
s 0_0_0_0_0_0_22
f 1086/90/2271 1087/1760/2272 1085/89/2273
f 1088/1759/2274 1087/1760/2272 1086/90/2271
f 1089/91/2275 1087/1768/2272 1088/1759/2274
f 1090/92/2276 1087/1768/2272 1089/91/2275
f 1091/93/2277 1087/1768/2272 1090/92/2276
f 1092/94/2278 1087/1768/2272 1091/93/2277
f 1093/95/2279 1087/1768/2272 1092/94/2278
f 1094/96/2280 1087/1768/2272 1093/95/2279
f 1095/1778/2281 1087/1768/2272 1094/96/2280
f 1096/97/2282 1087/1760/2272 1095/1771/2281
f 1097/98/2283 1087/1760/2272 1096/97/2282
f 1098/99/2284 1087/1760/2272 1097/98/2283
f 1099/100/2285 1087/1760/2272 1098/99/2284
f 1085/89/2273 1087/1760/2272 1099/100/2285
s 0_0_0_0_0_0_23
f 1268/101/2286 1270/1782/2287 1269/102/2288
f 1269/102/2288 1270/1782/2287 1271/103/2289
f 1271/103/2289 1270/1782/2287 1272/1783/2290
f 1272/1783/2290 1270/1791/2287 1273/104/2291
f 1273/104/2291 1270/1791/2287 1274/105/2292
f 1274/105/2292 1270/1791/2287 1275/106/2293
f 1275/106/2293 1270/1791/2287 1276/107/2294
f 1276/107/2294 1270/1791/2287 1277/108/2295
f 1277/108/2295 1270/1791/2287 1278/109/2296
f 1278/109/2296 1270/1791/2287 1279/1797/2297
f 1279/1787/2297 1270/1782/2287 1280/110/2298
f 1280/110/2298 1270/1782/2287 1281/111/2299
f 1281/111/2299 1270/1782/2287 1282/112/2300
f 1282/112/2300 1270/1782/2287 1268/101/2286
s 0_0_0_0_0_0_24
f 1002/762/2301 1030/763/2302 1029/759/2303 1001/758/2304
f 1003/766/2305 1031/767/2306 1030/763/2302 1002/762/2301
f 1004/1727/2307 1032/1729/2308 1031/767/2306 1003/766/2305
f 1005/721/2309 1033/722/2310 1032/1752/2308 1004/1749/2307
f 1006/723/2311 1034/724/2312 1033/722/2310 1005/721/2309
f 1007/726/2313 1035/727/2314 1034/724/2312 1006/723/2311
f 1008/730/2315 1036/731/2316 1035/727/2314 1007/726/2313
f 1009/734/2317 1037/735/2318 1036/731/2316 1008/730/2315
f 1010/738/2319 1038/739/2320 1037/735/2318 1009/734/2317
f 1011/742/2321 1039/743/2322 1038/739/2320 1010/738/2319
f 1012/746/2323 1040/747/2324 1039/743/2322 1011/742/2321
f 1013/750/2325 1041/751/2326 1040/747/2324 1012/746/2323
f 1014/754/2327 1042/755/2328 1041/751/2326 1013/750/2325
f 1001/758/2304 1029/759/2303 1042/755/2328 1014/754/2327
s 0_0_0_0_0_0_off
f 1030/763/2329 1044/768/2330 1043/764/2331 1029/759/2332
f 1031/767/2333 1045/770/2334 1044/768/2335 1030/763/2336
f 1032/1729/2337 1046/1731/2338 1045/770/2339 1031/767/2340
f 1033/722/2341 1047/725/2342 1046/1754/2343 1032/1752/2344
f 1034/724/2345 1048/728/2346 1047/725/2347 1033/722/2348
f 1035/727/2349 1049/732/2350 1048/728/2351 1034/724/2352
f 1036/731/2353 1050/736/2354 1049/732/2355 1035/727/2356
f 1037/735/2357 1051/740/2358 1050/736/2359 1036/731/2360
f 1038/739/2361 1052/744/2362 1051/740/2363 1037/735/2364
f 1039/743/2365 1053/748/2366 1052/744/2367 1038/739/2368
f 1040/747/2369 1054/752/2370 1053/748/2371 1039/743/2372
f 1041/751/2373 1055/756/2374 1054/752/2375 1040/747/2376
f 1042/755/2377 1056/760/2378 1055/756/2379 1041/751/2380
f 1029/759/2381 1043/764/2382 1056/760/2383 1042/755/2384
f 1044/768/2385 1058/771/2386 1057/769/2387 1043/764/2388
f 1045/770/2389 1059/772/2390 1058/771/2391 1044/768/2392
f 1046/1731/2393 1060/1736/2394 1059/772/2395 1045/770/2396
f 1047/725/2397 1061/729/2398 1060/1756/2399 1046/1754/2400
f 1048/728/2401 1062/733/2402 1061/729/2403 1047/725/2404
f 1049/732/2405 1063/737/2406 1062/733/2407 1048/728/2408
f 1050/736/2409 1064/741/2410 1063/737/2411 1049/732/2412
f 1051/740/2413 1065/745/2414 1064/741/2415 1050/736/2416
f 1052/744/2417 1066/749/2418 1065/745/2419 1051/740/2420
f 1053/748/2421 1067/753/2422 1066/749/2423 1052/744/2424
f 1054/752/2425 1068/757/2426 1067/753/2427 1053/748/2428
f 1055/756/2429 1069/761/2430 1068/757/2431 1054/752/2432
f 1056/760/2433 1070/765/2434 1069/761/2435 1055/756/2436
f 1043/764/2437 1057/769/2438 1070/765/2439 1056/760/2440
f 1058/771/2441 1072/1732/2442 1071/1733/2443 1057/769/2444
f 1059/772/2445 1073/1737/2446 1072/1732/2447 1058/771/2448
f 1060/1736/2449 1074/1740/2450 1073/1737/2451 1059/772/2452
f 1061/729/2453 1075/1757/2454 1074/1758/2455 1060/1756/2456
f 1062/733/2457 1076/1755/2458 1075/1757/2459 1061/729/2460
f 1063/737/2461 1077/1753/2462 1076/1755/2463 1062/733/2464
f 1064/741/2465 1078/1751/2466 1077/1753/2467 1063/737/2468
f 1065/745/2469 1079/1748/2470 1078/1751/2471 1064/741/2472
f 1066/749/2473 1080/1746/2474 1079/1748/2475 1065/745/2476
f 1067/753/2477 1081/1744/2478 1080/1746/2479 1066/749/2480
f 1068/757/2481 1082/1742/2482 1081/1744/2483 1067/753/2484
f 1069/761/2485 1083/1739/2486 1082/1742/2487 1068/757/2488
f 1070/765/2489 1084/1735/2490 1083/1739/2491 1069/761/2492
f 1057/769/2493 1071/1733/2494 1084/1735/2495 1070/765/2496
f 1072/1762/2497 1086/90/2498 1085/89/2499 1071/1761/2500
f 1073/1763/2501 1088/1759/2502 1086/90/2503 1072/1762/2504
f 1074/1765/2505 1089/91/2506 1088/1759/2507 1073/1763/2508
f 1075/1767/2509 1090/92/2510 1089/91/2511 1074/1765/2512
f 1076/1770/2513 1091/93/2514 1090/92/2515 1075/1767/2516
f 1077/1773/2517 1092/94/2518 1091/93/2519 1076/1770/2520
f 1078/1775/2521 1093/95/2522 1092/94/2523 1077/1773/2524
f 1079/1776/2525 1094/96/2526 1093/95/2527 1078/1775/2528
f 1080/1777/2529 1095/1778/2530 1094/96/2531 1079/1776/2532
f 1081/1772/2533 1096/97/2534 1095/1771/2535 1080/1774/2536
f 1082/1769/2537 1097/98/2538 1096/97/2539 1081/1772/2540
f 1083/1766/2541 1098/99/2542 1097/98/2543 1082/1769/2544
f 1084/1764/2545 1099/100/2546 1098/99/2547 1083/1766/2548
f 1071/1761/2549 1085/89/2550 1099/100/2551 1084/1764/2552
s 0_0_0_0_0_0_25
f 1157/616/2553 1159/615/2554 1158/611/2555 1156/612/2556
f 1160/614/2557 1161/613/2558 1159/615/2554 1157/616/2553
f 1162/610/2559 1163/609/2560 1161/613/2558 1160/614/2557
f 1164/606/2561 1165/605/2562 1163/609/2560 1162/610/2559
f 1166/602/2563 1167/601/2564 1165/605/2562 1164/606/2561
f 1168/598/2565 1169/597/2566 1167/601/2564 1166/602/2563
f 1170/1819/2567 1171/1820/2568 1169/597/2566 1168/598/2565
f 1172/593/2569 1173/592/2570 1171/1828/2568 1170/1829/2567
f 1174/594/2571 1175/591/2572 1173/592/2570 1172/593/2569
f 1176/596/2573 1177/595/2574 1175/591/2572 1174/594/2571
f 1178/600/2575 1179/599/2576 1177/595/2574 1176/596/2573
f 1180/604/2577 1181/603/2578 1179/599/2576 1178/600/2575
f 1182/608/2579 1183/607/2580 1181/603/2578 1180/604/2577
f 1156/612/2556 1158/611/2555 1183/607/2580 1182/608/2579
s 0_0_0_0_0_0_26
f 1115/1834/2581 1028/702/2582 1015/706/2583 1114/1833/2584
f 1116/1835/2585 1027/698/2586 1028/702/2582 1115/1834/2581
f 1117/1837/2587 1026/694/2588 1027/698/2586 1116/1835/2585
f 1118/1839/2589 1025/690/2590 1026/694/2588 1117/1837/2587
f 1119/1842/2591 1024/686/2592 1025/690/2590 1118/1839/2589
f 1120/1846/2593 1023/682/2594 1024/686/2592 1119/1842/2591
f 1121/1850/2595 1022/678/2596 1023/682/2594 1120/1846/2593
f 1122/1854/2597 1021/674/2598 1022/678/2596 1121/1850/2595
f 1123/1857/2599 1020/671/2600 1021/674/2598 1122/1854/2597
f 1124/1859/2601 1019/669/2602 1020/671/2600 1123/1857/2599
f 1125/1861/2603 1018/1862/2604 1019/669/2602 1124/1859/2601
f 1126/1838/2605 1017/714/2606 1018/1840/2604 1125/1841/2603
f 1127/1836/2607 1016/710/2608 1017/714/2606 1126/1838/2605
f 1114/1833/2584 1015/706/2583 1016/710/2608 1127/1836/2607
s 0_0_0_0_0_0_27
f 1129/1874/2609 1284/1871/2610 1283/1872/2611 1128/1873/2612
f 1130/1876/2613 1285/1875/2614 1284/1871/2610 1129/1874/2609
f 1131/1880/2615 1286/1879/2616 1285/1875/2614 1130/1876/2613
f 1132/1884/2617 1287/1883/2618 1286/1879/2616 1131/1880/2615
f 1133/1888/2619 1288/1887/2620 1287/1883/2618 1132/1884/2617
f 1134/1890/2621 1289/1889/2622 1288/1887/2620 1133/1888/2619
f 1135/1892/2623 1290/1891/2624 1289/1889/2622 1134/1890/2621
f 1136/1894/2625 1291/1893/2626 1290/1891/2624 1135/1892/2623
f 1137/1896/2627 1292/1895/2628 1291/1893/2626 1136/1894/2625
f 1138/1898/2629 1293/1897/2630 1292/1895/2628 1137/1896/2627
f 1139/1899/2631 1294/1900/2632 1293/1897/2630 1138/1898/2629
f 1140/1882/2633 1295/1881/2634 1294/1885/2632 1139/1886/2631
f 1141/1878/2635 1296/1877/2636 1295/1881/2634 1140/1882/2633
f 1128/1873/2612 1283/1872/2611 1296/1877/2636 1141/1878/2635
s 0_0_0_0_0_0_28
f 1185/590/2637 1187/589/2638 1186/585/2639 1184/586/2640
f 1188/588/2641 1189/587/2642 1187/589/2638 1185/590/2637
f 1190/584/2643 1191/583/2644 1189/587/2642 1188/588/2641
f 1192/580/2645 1193/579/2646 1191/583/2644 1190/584/2643
f 1194/576/2647 1195/575/2648 1193/579/2646 1192/580/2645
f 1196/572/2649 1197/571/2650 1195/575/2648 1194/576/2647
f 1198/1921/2651 1199/1922/2652 1197/571/2650 1196/572/2649
f 1200/567/2653 1201/566/2654 1199/1930/2652 1198/1931/2651
f 1202/568/2655 1203/565/2656 1201/566/2654 1200/567/2653
f 1204/570/2657 1205/569/2658 1203/565/2656 1202/568/2655
f 1206/574/2659 1207/573/2660 1205/569/2658 1204/570/2657
f 1208/578/2661 1209/577/2662 1207/573/2660 1206/574/2659
f 1210/582/2663 1211/581/2664 1209/577/2662 1208/578/2661
f 1184/586/2640 1186/585/2639 1211/581/2664 1210/582/2663
s 0_0_0_0_0_0_29
f 1101/1802/2665 1157/616/2666 1156/612/2667 1100/1801/2668
s 0_0_0_0_0_0_30
f 1128/1800/2669 1158/611/2670 1159/615/2671 1129/1799/2672
s 0_0_0_0_0_0_29
f 1102/1804/2673 1160/614/2674 1157/616/2666 1101/1802/2665
s 0_0_0_0_0_0_30
f 1129/1799/2672 1159/615/2671 1161/613/2675 1130/1803/2676
s 0_0_0_0_0_0_29
f 1103/1808/2677 1162/610/2678 1160/614/2674 1102/1804/2673
s 0_0_0_0_0_0_30
f 1130/1803/2676 1161/613/2675 1163/609/2679 1131/1807/2680
s 0_0_0_0_0_0_29
f 1104/1812/2681 1164/606/2682 1162/610/2678 1103/1808/2677
s 0_0_0_0_0_0_30
f 1131/1807/2680 1163/609/2679 1165/605/2683 1132/1811/2684
s 0_0_0_0_0_0_29
f 1105/1816/2685 1166/602/2686 1164/606/2682 1104/1812/2681
s 0_0_0_0_0_0_30
f 1132/1811/2684 1165/605/2683 1167/601/2687 1133/1815/2688
s 0_0_0_0_0_0_29
f 1106/1822/2689 1168/598/2690 1166/602/2686 1105/1816/2685
s 0_0_0_0_0_0_30
f 1133/1815/2688 1167/601/2687 1169/597/2691 1134/1821/2692
s 0_0_0_0_0_0_29
f 1107/1826/2693 1170/1819/2694 1168/598/2690 1106/1822/2689
s 0_0_0_0_0_0_30
f 1134/1821/2692 1169/597/2691 1171/1820/2695 1135/1825/2696
s 0_0_0_0_0_0_29
f 1108/1830/2697 1172/593/2698 1170/1829/2694 1107/1832/2693
s 0_0_0_0_0_0_30
f 1135/1831/2696 1171/1828/2695 1173/592/2699 1136/1827/2700
s 0_0_0_0_0_0_29
f 1109/1824/2701 1174/594/2702 1172/593/2698 1108/1830/2697
s 0_0_0_0_0_0_30
f 1136/1827/2700 1173/592/2699 1175/591/2703 1137/1823/2704
s 0_0_0_0_0_0_29
f 1110/1818/2705 1176/596/2706 1174/594/2702 1109/1824/2701
s 0_0_0_0_0_0_30
f 1137/1823/2704 1175/591/2703 1177/595/2707 1138/1817/2708
s 0_0_0_0_0_0_29
f 1111/1814/2709 1178/600/2710 1176/596/2706 1110/1818/2705
s 0_0_0_0_0_0_30
f 1138/1817/2708 1177/595/2707 1179/599/2711 1139/1813/2712
s 0_0_0_0_0_0_29
f 1112/1810/2713 1180/604/2714 1178/600/2710 1111/1814/2709
s 0_0_0_0_0_0_30
f 1139/1813/2712 1179/599/2711 1181/603/2715 1140/1809/2716
s 0_0_0_0_0_0_29
f 1113/1806/2717 1182/608/2718 1180/604/2714 1112/1810/2713
s 0_0_0_0_0_0_30
f 1140/1809/2716 1181/603/2715 1183/607/2719 1141/1805/2720
s 0_0_0_0_0_0_29
f 1100/1801/2668 1156/612/2667 1182/608/2718 1113/1806/2717
s 0_0_0_0_0_0_30
f 1141/1805/2720 1183/607/2719 1158/611/2670 1128/1800/2669
s 0_0_0_0_0_0_31
f 1143/1904/2721 1185/590/2722 1184/586/2723 1142/1903/2724
s 0_0_0_0_0_0_32
f 1114/1902/2725 1186/585/2726 1187/589/2727 1115/1901/2728
s 0_0_0_0_0_0_31
f 1144/1906/2729 1188/588/2730 1185/590/2722 1143/1904/2721
s 0_0_0_0_0_0_32
f 1115/1901/2728 1187/589/2727 1189/587/2731 1116/1905/2732
s 0_0_0_0_0_0_31
f 1145/1910/2733 1190/584/2734 1188/588/2730 1144/1906/2729
s 0_0_0_0_0_0_32
f 1116/1905/2732 1189/587/2731 1191/583/2735 1117/1909/2736
s 0_0_0_0_0_0_31
f 1146/1914/2737 1192/580/2738 1190/584/2734 1145/1910/2733
s 0_0_0_0_0_0_32
f 1117/1909/2736 1191/583/2735 1193/579/2739 1118/1913/2740
s 0_0_0_0_0_0_31
f 1147/1918/2741 1194/576/2742 1192/580/2738 1146/1914/2737
s 0_0_0_0_0_0_32
f 1118/1913/2740 1193/579/2739 1195/575/2743 1119/1917/2744
s 0_0_0_0_0_0_31
f 1148/1924/2745 1196/572/2746 1194/576/2742 1147/1918/2741
s 0_0_0_0_0_0_32
f 1119/1917/2744 1195/575/2743 1197/571/2747 1120/1923/2748
s 0_0_0_0_0_0_31
f 1149/1928/2749 1198/1921/2750 1196/572/2746 1148/1924/2745
s 0_0_0_0_0_0_32
f 1120/1923/2748 1197/571/2747 1199/1922/2751 1121/1927/2752
s 0_0_0_0_0_0_31
f 1150/1932/2753 1200/567/2754 1198/1931/2750 1149/1934/2749
s 0_0_0_0_0_0_32
f 1121/1933/2752 1199/1930/2751 1201/566/2755 1122/1929/2756
s 0_0_0_0_0_0_31
f 1151/1926/2757 1202/568/2758 1200/567/2754 1150/1932/2753
s 0_0_0_0_0_0_32
f 1122/1929/2756 1201/566/2755 1203/565/2759 1123/1925/2760
s 0_0_0_0_0_0_31
f 1152/1920/2761 1204/570/2762 1202/568/2758 1151/1926/2757
s 0_0_0_0_0_0_32
f 1123/1925/2760 1203/565/2759 1205/569/2763 1124/1919/2764
s 0_0_0_0_0_0_31
f 1153/1916/2765 1206/574/2766 1204/570/2762 1152/1920/2761
s 0_0_0_0_0_0_32
f 1124/1919/2764 1205/569/2763 1207/573/2767 1125/1915/2768
s 0_0_0_0_0_0_31
f 1154/1912/2769 1208/578/2770 1206/574/2766 1153/1916/2765
s 0_0_0_0_0_0_32
f 1125/1915/2768 1207/573/2767 1209/577/2771 1126/1911/2772
s 0_0_0_0_0_0_31
f 1155/1908/2773 1210/582/2774 1208/578/2770 1154/1912/2769
s 0_0_0_0_0_0_32
f 1126/1911/2772 1209/577/2771 1211/581/2775 1127/1907/2776
s 0_0_0_0_0_0_31
f 1142/1903/2724 1184/586/2723 1210/582/2774 1155/1908/2773
s 0_0_0_0_0_0_32
f 1127/1907/2776 1211/581/2775 1186/585/2726 1114/1902/2725
s 0_0_0_0_0_0_off
f 1015/706/2777 1212/709/2778 1213/713/2779 1016/710/2780
f 1016/710/2781 1213/713/2782 1214/717/2783 1017/714/2784
f 1017/714/2785 1214/717/2786 1215/1845/2787 1018/1840/2788
f 1018/1862/2789 1215/1864/2790 1216/670/2791 1019/669/2792
f 1019/669/2793 1216/670/2794 1217/673/2795 1020/671/2796
f 1020/671/2797 1217/673/2798 1218/677/2799 1021/674/2800
f 1021/674/2801 1218/677/2802 1219/681/2803 1022/678/2804
f 1022/678/2805 1219/681/2806 1220/685/2807 1023/682/2808
f 1023/682/2809 1220/685/2810 1221/689/2811 1024/686/2812
f 1024/686/2813 1221/689/2814 1222/693/2815 1025/690/2816
f 1025/690/2817 1222/693/2818 1223/697/2819 1026/694/2820
f 1026/694/2821 1223/697/2822 1224/701/2823 1027/698/2824
f 1027/698/2825 1224/701/2826 1225/705/2827 1028/702/2828
f 1028/702/2829 1225/705/2830 1212/709/2831 1015/706/2832
f 1212/709/2833 1226/712/2834 1227/716/2835 1213/713/2836
f 1213/713/2837 1227/716/2838 1228/719/2839 1214/717/2840
f 1214/717/2841 1228/719/2842 1229/1849/2843 1215/1845/2844
f 1215/1864/2845 1229/1866/2846 1230/672/2847 1216/670/2848
f 1216/670/2849 1230/672/2850 1231/676/2851 1217/673/2852
f 1217/673/2853 1231/676/2854 1232/680/2855 1218/677/2856
f 1218/677/2857 1232/680/2858 1233/684/2859 1219/681/2860
f 1219/681/2861 1233/684/2862 1234/688/2863 1220/685/2864
f 1220/685/2865 1234/688/2866 1235/692/2867 1221/689/2868
f 1221/689/2869 1235/692/2870 1236/696/2871 1222/693/2872
f 1222/693/2873 1236/696/2874 1237/700/2875 1223/697/2876
f 1223/697/2877 1237/700/2878 1238/704/2879 1224/701/2880
f 1224/701/2881 1238/704/2882 1239/708/2883 1225/705/2884
f 1225/705/2885 1239/708/2886 1226/712/2887 1212/709/2888
f 1226/712/2889 1240/715/2890 1241/718/2891 1227/716/2892
f 1227/716/2893 1241/718/2894 1242/720/2895 1228/719/2896
f 1228/719/2897 1242/720/2898 1243/1853/2899 1229/1849/2900
f 1229/1866/2901 1243/1868/2902 1244/675/2903 1230/672/2904
f 1230/672/2905 1244/675/2906 1245/679/2907 1231/676/2908
f 1231/676/2909 1245/679/2910 1246/683/2911 1232/680/2912
f 1232/680/2913 1246/683/2914 1247/687/2915 1233/684/2916
f 1233/684/2917 1247/687/2918 1248/691/2919 1234/688/2920
f 1234/688/2921 1248/691/2922 1249/695/2923 1235/692/2924
f 1235/692/2925 1249/695/2926 1250/699/2927 1236/696/2928
f 1236/696/2929 1250/699/2930 1251/703/2931 1237/700/2932
f 1237/700/2933 1251/703/2934 1252/707/2935 1238/704/2936
f 1238/704/2937 1252/707/2938 1253/711/2939 1239/708/2940
f 1239/708/2941 1253/711/2942 1240/715/2943 1226/712/2944
f 1240/715/2945 1254/1844/2946 1255/1848/2947 1241/718/2948
f 1241/718/2949 1255/1848/2950 1256/1852/2951 1242/720/2952
f 1242/720/2953 1256/1852/2954 1257/1856/2955 1243/1853/2956
f 1243/1868/2957 1257/1870/2958 1258/1869/2959 1244/675/2960
f 1244/675/2961 1258/1869/2962 1259/1867/2963 1245/679/2964
f 1245/679/2965 1259/1867/2966 1260/1865/2967 1246/683/2968
f 1246/683/2969 1260/1865/2970 1261/1863/2971 1247/687/2972
f 1247/687/2973 1261/1863/2974 1262/1860/2975 1248/691/2976
f 1248/691/2977 1262/1860/2978 1263/1858/2979 1249/695/2980
f 1249/695/2981 1263/1858/2982 1264/1855/2983 1250/699/2984
f 1250/699/2985 1264/1855/2986 1265/1851/2987 1251/703/2988
f 1251/703/2989 1265/1851/2990 1266/1847/2991 1252/707/2992
f 1252/707/2993 1266/1847/2994 1267/1843/2995 1253/711/2996
f 1253/711/2997 1267/1843/2998 1254/1844/2999 1240/715/3000
f 1254/1780/3001 1268/101/3002 1269/102/3003 1255/1779/3004
f 1255/1779/3005 1269/102/3006 1271/103/3007 1256/1784/3008
f 1256/1784/3009 1271/103/3010 1272/1783/3011 1257/1786/3012
f 1257/1786/3013 1272/1783/3014 1273/104/3015 1258/1789/3016
f 1258/1789/3017 1273/104/3018 1274/105/3019 1259/1792/3020
f 1259/1792/3021 1274/105/3022 1275/106/3023 1260/1793/3024
f 1260/1793/3025 1275/106/3026 1276/107/3027 1261/1794/3028
f 1261/1794/3029 1276/107/3030 1277/108/3031 1262/1795/3032
f 1262/1795/3033 1277/108/3034 1278/109/3035 1263/1796/3036
f 1263/1796/3037 1278/109/3038 1279/1797/3039 1264/1798/3040
f 1264/1790/3041 1279/1787/3042 1280/110/3043 1265/1788/3044
f 1265/1788/3045 1280/110/3046 1281/111/3047 1266/1785/3048
f 1266/1785/3049 1281/111/3050 1282/112/3051 1267/1781/3052
f 1267/1781/3053 1282/112/3054 1268/101/3055 1254/1780/3056
s 0_0_0_0_0_0_33
f 1340/623/3057 1342/624/3058 1341/622/3059 1339/621/3060
f 1343/625/3061 1344/626/3062 1342/624/3058 1340/623/3057
f 1345/627/3063 1346/628/3064 1344/626/3062 1343/625/3061
f 1347/629/3065 1348/630/3066 1346/628/3064 1345/627/3063
f 1349/631/3067 1350/632/3068 1348/630/3066 1347/629/3065
f 1351/633/3069 1352/634/3070 1350/632/3068 1349/631/3067
f 1353/635/3071 1354/636/3072 1352/634/3070 1351/633/3069
f 1355/637/3073 1356/638/3074 1354/636/3072 1353/635/3071
f 1357/639/3075 1358/640/3076 1356/638/3074 1355/637/3073
f 1359/641/3077 1360/642/3078 1358/640/3076 1357/639/3075
f 1361/1963/3079 1362/1964/3080 1360/642/3078 1359/641/3077
f 1363/617/3081 1364/618/3082 1362/1946/3080 1361/1947/3079
f 1365/619/3083 1366/620/3084 1364/618/3082 1363/617/3081
f 1339/621/3060 1341/622/3059 1366/620/3084 1365/619/3083
s 0_0_0_0_0_0_34
f 1298/1972/3085 1312/1969/3086 1311/1970/3087 1297/1971/3088
f 1299/1974/3089 1313/1973/3090 1312/1969/3086 1298/1972/3085
f 1300/1978/3091 1314/1977/3092 1313/1973/3090 1299/1974/3089
f 1301/1982/3093 1315/1981/3094 1314/1977/3092 1300/1978/3091
f 1302/1985/3095 1316/1986/3096 1315/1981/3094 1301/1982/3093
f 1303/1996/3097 1317/1995/3098 1316/1997/3096 1302/1998/3095
f 1304/1994/3099 1318/1993/3100 1317/1995/3098 1303/1996/3097
f 1305/1992/3101 1319/1991/3102 1318/1993/3100 1304/1994/3099
f 1306/1990/3103 1320/1989/3104 1319/1991/3102 1305/1992/3101
f 1307/1988/3105 1321/1987/3106 1320/1989/3104 1306/1990/3103
f 1308/1984/3107 1322/1983/3108 1321/1987/3106 1307/1988/3105
f 1309/1980/3109 1323/1979/3110 1322/1983/3108 1308/1984/3107
f 1310/1976/3111 1324/1975/3112 1323/1979/3110 1309/1980/3109
f 1297/1971/3088 1311/1970/3087 1324/1975/3112 1310/1976/3111
s 0_0_0_0_0_0_35
f 1368/649/3113 1370/650/3114 1369/648/3115 1367/647/3116
f 1371/651/3117 1372/652/3118 1370/650/3114 1368/649/3113
f 1373/653/3119 1374/654/3120 1372/652/3118 1371/651/3117
f 1375/655/3121 1376/656/3122 1374/654/3120 1373/653/3119
f 1377/657/3123 1378/658/3124 1376/656/3122 1375/655/3121
f 1379/659/3125 1380/660/3126 1378/658/3124 1377/657/3123
f 1381/661/3127 1382/662/3128 1380/660/3126 1379/659/3125
f 1383/663/3129 1384/664/3130 1382/662/3128 1381/661/3127
f 1385/665/3131 1386/666/3132 1384/664/3130 1383/663/3129
f 1387/667/3133 1388/668/3134 1386/666/3132 1385/665/3131
f 1389/2027/3135 1390/2028/3136 1388/668/3134 1387/667/3133
f 1391/643/3137 1392/644/3138 1390/2010/3136 1389/2011/3135
f 1393/645/3139 1394/646/3140 1392/644/3138 1391/643/3137
f 1367/647/3116 1369/648/3115 1394/646/3140 1393/645/3139
s 0_0_0_0_0_0_36
f 1326/2036/3141 1143/2033/3142 1142/2034/3143 1325/2035/3144
f 1327/2038/3145 1144/2037/3146 1143/2033/3142 1326/2036/3141
f 1328/2042/3147 1145/2041/3148 1144/2037/3146 1327/2038/3145
f 1329/2046/3149 1146/2045/3150 1145/2041/3148 1328/2042/3147
f 1330/2050/3151 1147/2049/3152 1146/2045/3150 1329/2046/3149
f 1331/2052/3153 1148/2051/3154 1147/2049/3152 1330/2050/3151
f 1332/2054/3155 1149/2053/3156 1148/2051/3154 1331/2052/3153
f 1333/2056/3157 1150/2055/3158 1149/2053/3156 1332/2054/3155
f 1334/2058/3159 1151/2057/3160 1150/2055/3158 1333/2056/3157
f 1335/2060/3161 1152/2059/3162 1151/2057/3160 1334/2058/3159
f 1336/2061/3163 1153/2062/3164 1152/2059/3162 1335/2060/3161
f 1337/2044/3165 1154/2043/3166 1153/2047/3164 1336/2048/3163
f 1338/2040/3167 1155/2039/3168 1154/2043/3166 1337/2044/3165
f 1325/2035/3144 1142/2034/3143 1155/2039/3168 1338/2040/3167
s 0_0_0_0_0_0_37
f 1284/1938/3169 1340/623/3170 1339/621/3171 1283/1937/3172
s 0_0_0_0_0_0_38
f 1297/1936/3173 1341/622/3174 1342/624/3175 1298/1935/3176
s 0_0_0_0_0_0_37
f 1285/1940/3177 1343/625/3178 1340/623/3170 1284/1938/3169
s 0_0_0_0_0_0_38
f 1298/1935/3176 1342/624/3175 1344/626/3179 1299/1939/3180
s 0_0_0_0_0_0_37
f 1286/1944/3181 1345/627/3182 1343/625/3178 1285/1940/3177
s 0_0_0_0_0_0_38
f 1299/1939/3180 1344/626/3179 1346/628/3183 1300/1943/3184
s 0_0_0_0_0_0_37
f 1287/1950/3185 1347/629/3186 1345/627/3182 1286/1944/3181
s 0_0_0_0_0_0_38
f 1300/1943/3184 1346/628/3183 1348/630/3187 1301/1949/3188
s 0_0_0_0_0_0_37
f 1288/1954/3189 1349/631/3190 1347/629/3186 1287/1950/3185
s 0_0_0_0_0_0_38
f 1301/1949/3188 1348/630/3187 1350/632/3191 1302/1953/3192
s 0_0_0_0_0_0_37
f 1289/1956/3193 1351/633/3194 1349/631/3190 1288/1954/3189
s 0_0_0_0_0_0_38
f 1302/1953/3192 1350/632/3191 1352/634/3195 1303/1955/3196
s 0_0_0_0_0_0_37
f 1290/1958/3197 1353/635/3198 1351/633/3194 1289/1956/3193
s 0_0_0_0_0_0_38
f 1303/1955/3196 1352/634/3195 1354/636/3199 1304/1957/3200
s 0_0_0_0_0_0_37
f 1291/1960/3201 1355/637/3202 1353/635/3198 1290/1958/3197
s 0_0_0_0_0_0_38
f 1304/1957/3200 1354/636/3199 1356/638/3203 1305/1959/3204
s 0_0_0_0_0_0_37
f 1292/1962/3205 1357/639/3206 1355/637/3202 1291/1960/3201
s 0_0_0_0_0_0_38
f 1305/1959/3204 1356/638/3203 1358/640/3207 1306/1961/3208
s 0_0_0_0_0_0_37
f 1293/1966/3209 1359/641/3210 1357/639/3206 1292/1962/3205
s 0_0_0_0_0_0_38
f 1306/1961/3208 1358/640/3207 1360/642/3211 1307/1965/3212
s 0_0_0_0_0_0_37
f 1294/1968/3213 1361/1963/3214 1359/641/3210 1293/1966/3209
s 0_0_0_0_0_0_38
f 1307/1965/3212 1360/642/3211 1362/1964/3215 1308/1967/3216
s 0_0_0_0_0_0_37
f 1295/1948/3217 1363/617/3218 1361/1947/3214 1294/1952/3213
s 0_0_0_0_0_0_38
f 1308/1951/3216 1362/1946/3215 1364/618/3219 1309/1945/3220
s 0_0_0_0_0_0_37
f 1296/1942/3221 1365/619/3222 1363/617/3218 1295/1948/3217
s 0_0_0_0_0_0_38
f 1309/1945/3220 1364/618/3219 1366/620/3223 1310/1941/3224
s 0_0_0_0_0_0_37
f 1283/1937/3172 1339/621/3171 1365/619/3222 1296/1942/3221
s 0_0_0_0_0_0_38
f 1310/1941/3224 1366/620/3223 1341/622/3174 1297/1936/3173
s 0_0_0_0_0_0_39
f 1312/2002/3225 1368/649/3226 1367/647/3227 1311/2001/3228
s 0_0_0_0_0_0_40
f 1325/2000/3229 1369/648/3230 1370/650/3231 1326/1999/3232
s 0_0_0_0_0_0_39
f 1313/2004/3233 1371/651/3234 1368/649/3226 1312/2002/3225
s 0_0_0_0_0_0_40
f 1326/1999/3232 1370/650/3231 1372/652/3235 1327/2003/3236
s 0_0_0_0_0_0_39
f 1314/2008/3237 1373/653/3238 1371/651/3234 1313/2004/3233
s 0_0_0_0_0_0_40
f 1327/2003/3236 1372/652/3235 1374/654/3239 1328/2007/3240
s 0_0_0_0_0_0_39
f 1315/2014/3241 1375/655/3242 1373/653/3238 1314/2008/3237
s 0_0_0_0_0_0_40
f 1328/2007/3240 1374/654/3239 1376/656/3243 1329/2013/3244
s 0_0_0_0_0_0_39
f 1316/2018/3245 1377/657/3246 1375/655/3242 1315/2014/3241
s 0_0_0_0_0_0_40
f 1329/2013/3244 1376/656/3243 1378/658/3247 1330/2017/3248
s 0_0_0_0_0_0_39
f 1317/2020/3249 1379/659/3250 1377/657/3246 1316/2018/3245
s 0_0_0_0_0_0_40
f 1330/2017/3248 1378/658/3247 1380/660/3251 1331/2019/3252
s 0_0_0_0_0_0_39
f 1318/2022/3253 1381/661/3254 1379/659/3250 1317/2020/3249
s 0_0_0_0_0_0_40
f 1331/2019/3252 1380/660/3251 1382/662/3255 1332/2021/3256
s 0_0_0_0_0_0_39
f 1319/2024/3257 1383/663/3258 1381/661/3254 1318/2022/3253
s 0_0_0_0_0_0_40
f 1332/2021/3256 1382/662/3255 1384/664/3259 1333/2023/3260
s 0_0_0_0_0_0_39
f 1320/2026/3261 1385/665/3262 1383/663/3258 1319/2024/3257
s 0_0_0_0_0_0_40
f 1333/2023/3260 1384/664/3259 1386/666/3263 1334/2025/3264
s 0_0_0_0_0_0_39
f 1321/2030/3265 1387/667/3266 1385/665/3262 1320/2026/3261
s 0_0_0_0_0_0_40
f 1334/2025/3264 1386/666/3263 1388/668/3267 1335/2029/3268
s 0_0_0_0_0_0_39
f 1322/2032/3269 1389/2027/3270 1387/667/3266 1321/2030/3265
s 0_0_0_0_0_0_40
f 1335/2029/3268 1388/668/3267 1390/2028/3271 1336/2031/3272
s 0_0_0_0_0_0_39
f 1323/2012/3273 1391/643/3274 1389/2011/3270 1322/2016/3269
s 0_0_0_0_0_0_40
f 1336/2015/3272 1390/2010/3271 1392/644/3275 1337/2009/3276
s 0_0_0_0_0_0_39
f 1324/2006/3277 1393/645/3278 1391/643/3274 1323/2012/3273
s 0_0_0_0_0_0_40
f 1337/2009/3276 1392/644/3275 1394/646/3279 1338/2005/3280
s 0_0_0_0_0_0_39
f 1311/2001/3228 1367/647/3227 1393/645/3278 1324/2006/3277
s 0_0_0_0_0_0_40
f 1338/2005/3280 1394/646/3279 1369/648/3230 1325/2000/3229
# totals: 1394 2062 3280 1457
